dlga_1164|Dummy first line
dlga_id:dwarf_event_choose|多 谢 你，{reg33?女 士 :先 生 }。你 救 了 我 的 命，这 份 恩 情 不 能 不 报。父 亲 留 给 我 一 张 古 老 的 藏 宝 图，如 今 便 赠 予 你。图 上 还 有 几 处 以 卡 扎 利 德 语—— 旧 世 界 矮 人 的 语 言—— 写 成 的 注 记。^^此 外，你 还 可 以 从 我 的 货 物 中 任 选 一 笔 金 币，或 一 件 随 机 武 器。你 想 要 哪 一 样？
dlga_id:close_window|我 选 择 黄 金。
dlga_id:close_window.1|我 选 择 武 器。
dlga_id:evil_robbed_intro|愿 纳 垢 赐 福 于 你，{playername}。新 时 代 的 曙 光 即 将 降 临。我 们 的 事 业 虽 日 益 强 盛，敌 人 却 也 同 样 强 大；眼 下，我 们 需 要 你 的 帮 助。
dlga_id:evil_robbed_main|你 们 所 图 为 何？又 为 何 需 要 我？
dlga_id:evil_robbed_main2|我 们 的 事 业，便 是 让 纳 垢 的 意 志 得 以 实 现：将 慈 父 的 爱 洒 遍 大 地，并 使 一 切 不 信 者 皈 依。
dlga_id:evil_robbed_possessed|最 近，马 尔 德 雷 克 斯 领 主 的 到 来 令 信 徒 们 群 情 激 昂。他 是 纳 垢 的 冠 军，也 是 我 们 所 见 之 人 中 最 接 近 伟 大 慈 父 的 一 位。
dlga_id:evil_robbed_possessed2|他 能 直 接 与 我 们 的 慈 父 沟 通；有 些 人 甚 至 声 称，纳 垢 会 借 马 尔 德 雷 克 斯 之 口 降 下 谕 旨。近 日，马 尔 德 雷 克 斯 不 断 预 言 一 场 大 瘟 疫—— 它 将 席 卷 并 感 染 人 类 的 大 半 疆 土。
dlga_id:evil_robbed_possessed3|可 惜，巴 托 尼 亚 人 察 觉 了 这 场 谋 划，派 出 他 们 的 英 雄 爵 士 及 麾 下 骑 士 大 军 将 他 擒 获。我 们 猝 不 及 防。如 今，他 被 囚 禁 在 巴 托 尼 亚 海 岸 附 近，正 等 待 处 决。
dlga_id:evil_robbed_answer|他 们 会 先 设 法 摧 垮 他 的 意 志—— 当 然，他 们 绝 不 可 能 成 功。因 此 我 们 尚 有 一 点 时 间，但 已 所 剩 无 几。你 愿 意 助 我 一 臂 之 力 吗？若 能 成 功，我 必 有 重 赏。
dlga_id:evil_robbed_agree|只 要 能 让 巴 托 尼 亚 人 血 流 成 河，这 桩 差 事 便 值 得 一 接。我 会 救 出 你 们 的 冠 军。
dlga_id:evil_robbed_options|你 所 说 的 重 赏，究 竟 是 什 么？
dlga_id:close_window_2|这 是 纳 垢 的 麻 烦，与 我 无 关。或 许 你 该 去 求 永 世 神 选 出 手。
dlga_id:evil_robbed_ask|只 要 你 替 我 办 成 此 事，我 便 赏 你 一 件 随 机 特 殊 物 品，或 7500枚 金 币。对 任 何 战 士 而 言，这 都 是 一 笔 厚 赏。现 在，你 意 下 如 何？
dlga_id:evil_robbed_agree_2|很 好，我 会 助 你 救 出 你 们 的 冠 军。
dlga_id:close_window_3|这 是 纳 垢 的 麻 烦，与 我 无 关。或 许 你 该 去 求 永 世 神 选 出 手。
dlga_id:close_window_4|多 谢 你，{playername}。我 的 间 谍 会 盯 紧 那 座 营 地，若 他 们 转 移 囚 犯，我 会 立 刻 得 知。救 出 马 尔 德 雷 克 斯，事 成 之 后 我 自 会 来 找 你。
dlga_id:chevalier_intro_1|你 好 大 的 胆 子，竟 敢 靠 近 这 支 贵 族 军 队！这 里 没 有 你 的 事。快 滚，否 则 我 就 像 宰 掉 一 条 瘸 腿 猎 犬 那 样 宰 了 你。
dlga_id:chevalier_final|放 了 你 的 囚 犯，否 则 你 今 日 就 要 死 在 我 手 上。
dlga_id:close_window_5|我 这 就 离 开。
dlga_id:close_window_6|愚 昧 是 一 个 人 最 可 悲 的 缺 陷。很 好，让 你 的 部 队 准 备 受 死 吧—— 他 们 撑 不 了 多 久。
dlga_id:chevalier_bargain|等 等！等 等！求 你 别 杀 我！不，不 要……我 求 你 了，饶 我 一 命！
dlga_id:chevalier_choice|金 子……对，我 会 给 你 金 子！饶 我 一 命，我 能 让 你 发 大 财。你 意 下 如 何？
dlga_id:close_window_7|哈 哈 哈，省 省 你 的 话 吧，可 悲 的 懦 夫。现 在 就 去 死，迎 接 你 应 得 的 下 场……
dlga_id:close_window.1_2|很 好，蛆 虫。把 金 子 拿 出 来，我 便 放 你 一 条 生 路。
dlga_id:close_window_8|你 败 了。诸 位，立 刻 杀 掉 囚 犯，再 把 这 块 无 用 的 烂 肉 扔 进 灌 木 丛。{reg33?她:他} 不 值 得 我 们 再 浪 费 一 刻。
dlga_id:chevalier_intro_1.1|我 的 耐 心 就 要 耗 尽 了。滚！
dlga_id:close_window_9|我 觉 得 他 不 会 来 了……
dlga_id:maldrex_the_harbinger_liberated_map|我 们 可 以 动 身 了 吗？
dlga_id:close_window.1_3|我 们 必 须 继 续 赶 路。
dlga_id:maldrex_the_harbinger_liberated_battle_2a|我 们 得 走 了。克 拉 斯 就 在 附 近，很 快 便 会 找 到 我 们。
dlga_id:close_window_10|那 就 一 刻 也 别 耽 搁。
dlga_id:maldrex_the_harbinger_liberated_battle_2b|在 这 里 稍 候，我 很 快 就 回 来 接 你。
dlga_id:close_window_11|别 耽 搁 太 久，我 们 很 快 就 得 开 拔。
dlga_id:maldrex_the_harbinger_liberated_map_2a|是 的，我 们 立 刻 离 开。
dlga_id:close_window_12|我 们 动 身 吧。
dlga_id:maldrex_the_harbinger_liberated_map_2b|再 在 这 里 等 上 一 阵。
dlga_id:close_window_13|不 要 无 谓 拖 延，我 们 已 深 入 敌 境。
dlga_id:maldrex_the_harbinger_liberated_battle|多 谢 你 救 我 脱 困。我 就 知 道 克 拉 斯 会 派 人 来。看 着 那 些 出 身 高 贵 的 渣 滓 死 去，实 在 令 人 畅 快；用 不 了 多 久，还 会 有 成 千 上 万 人 遭 受 同 样 的 命 运。
dlga_id:close_window.2|该 死 的 {playername}！你 的 失 败 令 我 们 错 失 了 荣 耀。此 事 我 们 不 会 忘 记，更 不 会 原 谅。
dlga_id:evil_robbed_choice|你 当 受 重 赏，{playername}。我 会 让 你 的 威 名 传 遍 北 方 诸 地。说 吧，你 要 7500枚 金 币，还 是 一 件 随 机 特 殊 物 品？
dlga_id:evil_robbed_gold|我 要 7500枚 金 币。
dlga_id:evil_robbed_random|我 要 一 件 随 机 特 殊 物 品。
dlga_id:close_window_14|乐 意 之 至，{playername}。愿 你 的 宏 图 终 得 实 现；我 的 庄 园 随 时 欢 迎 你。{reg33?:}
dlga_id:close_window_15|乐 意 之 至，{playername}。愿 你 的 宏 图 终 得 实 现；我 的 庄 园 随 时 欢 迎 你。{reg33?:}
dlga_id:close_window.3|看 来，我 只 信 对 了 你 一 半，{playername}。我 兄 弟 得 救 了，为 此 我 感 谢 你；但 你 的 任 务 本 是 杀 死 塔 格 里 姆，使 他 再 也 无 法 觊 觎 我 家 的 传 家 宝。既 然 你 放 他 逃 走，便 只 能 得 到 一 半 金 币，也 不 能 选 择 武 器。
dlga_id:good_robbed_intro|多 谢 你 前 来 相 见，{playername}。我 知 道 你 的 时 间 宝 贵，就 开 门 见 山 吧。我 的 兄 弟 阿 纳 尔 德 斯 已 经 神 志 尽 失，整 日 卧 床 喃 喃 自 语。这 一 切，都 是 扎 尔 邪 术 所 致。
dlga_id:good_robbed_main|他 怎 么 会 惹 上 混 沌 矮 人 的 邪 术？
dlga_id:good_robbed_main2|他 什 么 也 没 做，我 们 更 不 曾 招 惹 他 们。一 名 混 沌 矮 人 术 士 为 了 我 家 的 古 老 传 家 宝 盯 上 了 我 们。那 是 一 块 黑 曜 石；若 落 入 他 们 手 中，便 会 赋 予 他 们 可 怕 的 力 量。
dlga_id:good_robbed_possessed|一 位 法 师 大 师 曾 警 告 我 们，他 们 甚 至 可 能 借 助 那 块 石 头 的 力 量 发 动 全 面 入 侵。我 们 一 直 将 它 藏 在 安 全 之 处，他 们 从 未 找 到；如 今，他 们 却 拿 我 的 兄 弟 作 筹 码。
dlga_id:good_robbed_possessed2|那 名 术 士 似 乎 已 经 控 制 了 我 兄 弟 的 心 智。他 如 今 几 乎 不 成 人 形；除 非 我 交 出 黑 曜 石，否 则 他 们 就 会 让 他 永 远 维 持 这 副 模 样。这 种 命 运 比 死 亡 更 可 怕，而 亲 眼 看 着 他 受 此 折 磨，几 乎 摧 毁 了 我 的 家 族。
dlga_id:good_robbed_possessed3|无 论 如 何，我 们 绝 不 能 把 石 头 交 给 他 们。但 有 人 向 我 保 证，只 要 杀 死 那 名 术 士，法 术 便 会 解 除。我 希 望 你 能 助 我 一 臂 之 力。
dlga_id:good_robbed_answer|他 正 在 奥 比 恩—— 北 方 诸 地 之 间 的 孤 岛—— 等 我 带 着 石 头 赴 约。我 要 你 前 往 那 里，替 我 杀 了 他。若 你 能 解 除 我 兄 弟 身 上 的 可 怕 咒 术，我 必 有 重 赏。
dlga_id:good_robbed_agree|很 好，我 会 帮 你 救 回 兄 弟。
dlga_id:good_robbed_options|你 所 说 的 重 赏，究 竟 是 什 么？
dlga_id:close_window_16|我 无 意 插 手 你 的 困 境。你 最 好 向 自 己 的 领 主 求 援。
dlga_id:good_robbed_ask|只 要 你 替 我 办 成 此 事，我 便 赏 你 一 件 随 机 特 殊 物 品，或 7500枚 金 币。对 任 何 冒 险 者 而 言，这 都 是 一 笔 厚 赏。现 在，你 意 下 如 何？
dlga_id:good_robbed_agree_2|很 好，我 会 帮 你 救 回 兄 弟。
dlga_id:close_window_17|我 无 意 插 手 你 的 困 境。你 最 好 向 自 己 的 领 主 求 援。
dlga_id:close_window_18|多 谢 你，{playername}。我 的 家 人 听 到 这 个 消 息，定 会 如 释 重 负。带 上 你 的 军 队 前 往 奥 比 恩，消 灭 那 个 邪 恶 生 物。我 的 斥 候 会 留 意 你 的 行 踪；事 成 之 后，我 会 在 几 天 内 来 找 你。
dlga_id:close_window.4|这 是 一 场 灾 难，{playername}。我 的 兄 弟 死 了，家 人 也 陷 入 绝 望。你 辜 负 了 我，而 我 也 错 在 高 估 了 你 的 本 事。我 为 你 的 损 失 感 到 遗 憾，但 既 然 事 情 没 办 成，自 然 也 不 会 有 报 酬。
dlga_id:good_robbed_choice|你 终 于 来 了，亲 爱 的 {playername}。你 拯 救 了 我 的 家 人，也 彻 底 消 灭 了 塔 格 里 姆。我 的 兄 弟 已 经 恢 复 如 常，混 沌 矮 人 的 威 胁 也 终 于 结 束。我 们 永 远 感 激 你 的 恩 情。现 在，请 选 择 你 的 报 酬 吧。
dlga_id:good_robbed_gold|我 要 7500枚 金 币。
dlga_id:good_robbed_random|我 要 一 件 随 机 特 殊 物 品。
dlga_id:close_window_19|乐 意 之 至，{playername}。愿 你 的 宏 图 终 得 实 现；我 的 庄 园 随 时 欢 迎 你。{reg33?:}
dlga_id:close_window_20|乐 意 之 至，{playername}。愿 你 的 宏 图 终 得 实 现；我 的 庄 园 随 时 欢 迎 你。{reg33?:}
dlga_id:chaos_dwarf_intro_1|你 离 故 土 很 远，而 这 里 并 不 欢 迎 你。
dlga_id:chaos_dwarf_intro_1.1|我 的 耐 心 就 要 耗 尽 了。别 逼 我 把 你 碾 成 灰 烬。
dlga_id:chaos_dwarf_challenge|准 备 受 死 吧，塔 格 里 姆 术 士！你 的 邪 恶 再 也 无 法 荼 毒 这 个 世 界。
dlga_id:close_window_21|我 这 就 离 开。
dlga_id:chaos_dwarf_reason|蠢 货 总 是 死 得 很 快，追 随 他 们 的 人 也 一 样。你 把 自 己 的 部 队 领 进 了 坟 墓—— 究 竟 为 什 么？
dlga_id:chaos_dwarf_final|你 以 亵 渎 自 然 的 邪 术 操 纵 无 辜 者 的 心 智。若 让 你 得 到 那 块 黑 曜 石，只 会 给 这 片 土 地 带 来 痛 苦 与 灾 难。仅 凭 这 一 点，便 足 以 让 我 将 你 和 你 的 军 队 彻 底 铲 除。
dlga_id:close_window_22|哈 哈，原 来 约 瑟 夫 选 择 这 样 回 应 我 的 最 后 通 牒。看 来 他 是 个 蠢 货，你 也 一 样。能 活 下 来 的 话，就 尽 管 自 卫 吧！
dlga_id:targrim_bargain|等 等！求 你 别 杀 我！我 会 解 除 阿 纳 尔 德 斯 身 上 的 咒 术，并 发 誓 永 远 不 再 踏 上 这 片 土 地。只 要 你 放 我 走，我 一 定 照 做。
dlga_id:close_window_23|只 要 杀 了 你，这 些 事 自 然 都 能 得 到 保 证。你 太 危 险 了，绝 不 能 留 你 活 命。还 有 什 么 遗 言，现 在 就 说 吧……
dlga_id:close_window.1_4|很 好，立 刻 解 除 他 的 咒 术。记 住，若 我 们 再 度 相 逢，我 绝 不 会 再 手 下 留 情。
dlga_id:close_window.5|方 才 还 那 般 自 信，如 今 却 跪 倒 在 我 面 前，麾 下 军 队 也 已 化 作 废 墟。你 失 败 了，约 瑟 夫 也 失 败 了。他 的 兄 弟 将 为 此 付 出 生 命。{reg33?:}
dlga_id:potion_introduce_1|日 安，旅 人。
dlga_id:potion_introduce_2|日 安。能 谈 谈 你 经 营 的 买 卖 吗？
dlga_id:potion_choice|日 安，旅 人。今 天 需 要 些 什 么？{reg33?:}
dlga_id:potion_introduce_3|如 今 药 水 已 十 分 难 得。不 过，我 在 魔 法 行 会 里 有 几 位 朋 友，他 们 偶 尔 会 给 我 送 来 一 些，我 再 转 卖 给 你 这 样 的 冒 险 者。
dlga_id:potion_introduce_4|这 些 药 水 该 如 何 使 用？
dlga_id:potion_sell|我 想 看 看 你 的 存 货。
dlga_id:potion_introduce_5|当 然 是 喝 下 去，而 且 味 道 其 实 不 坏。（当 你 的 物 品 栏 中 有 药 水 时，营 地 菜 单 会 出 现 饮 用 药 水 的 选 项。选 择 想 喝 的 药 水，它 便 会 生 效。）
dlga_id:potion_introduce_3_2|有 些 药 水 会 立 刻 产 生 一 次 性 效 果，另 一 些 则 会 在 短 时 间 内 持 续 生 效。
dlga_id:potion_decide|你 可 以 直 接 查 看 我 的 存 货。有 时 我 也 会 推 出 随 机 药 水 组 合，价 格 比 单 独 购 买 更 便 宜。
dlga_id:potion_choice_2|这 些 就 是 我 目 前 能 提 供 的 货 物。
dlga_id:potion_inventory|我 想 看 看 你 的 存 货。
dlga_id:potion_random|我 想 买 一 份 随 机 药 水 组 合。
dlga_id:close_window_24|就 这 些，多 谢。
dlga_id:potion_complete|当 然。
dlga_id:potion_choice_3|还 需 要 别 的 吗？
dlga_id:potion_options|好，这 些 就 是 我 能 提 供 的 优 惠。看 中 哪 一 份，尽 管 告 诉 我。
dlga_id:potion_one_sell|我 要 1瓶 随 机 药 水，价 格 是 150枚 金 币。
dlga_id:potion_two_sell|我 要 2瓶 随 机 药 水，价 格 是 275枚 金 币。
dlga_id:potion_three_sell|我 要 3瓶 随 机 药 水，价 格 是 425枚 金 币。
dlga_id:potion_complete_2|暂 时 不 用。
dlga_id:potion_complete_3|很 好，愿 这 些 药 水 合 你 心 意。
dlga_id:potion_complete_4|很 好，愿 这 些 药 水 合 你 心 意。
dlga_id:potion_complete_5|很 好，愿 这 些 药 水 合 你 心 意。
dlga_id:lco_conversation_end|给 你。
dlga_id:award_fief_to_vassal_defer|我 想 暂 缓 任 命 新 领 主，先 听 听 臣 属 们 的 意 见。
dlga_id:close_window_26|如 你 所 愿，{reg33?女 士:大 人}。此 事 可 以 日 后 再 作 决 定。
dlga_id:close_window_27|如 你 所 愿，{reg33?女 士:大 人}。{reg6?我:{reg7?你:{s11}}}将 成 为 {s1} 的 新 任 {reg33?女 领 主:领 主}。
dlga_id:center_captured_rebellion|{s1} 尚 无 人 治 理。该 由 谁 来 掌 管？
dlga_id:center_captured_rebellion_2|{s1} 尚 无 人 治 理。我 该 将 它 交 给 谁？
dlga_id:center_captured_rebellion_2.1|{reg0?{s65}:请 将 {s65}}，我 想 将 {s1} 留 给 自 己。（封 地：{s0}）
dlga_id:center_captured_rebellion_2.2|{s66}，你 应 当 将 {s1} 留 给 自 己。（封 地：{s0}）
dlga_id:center_captured_rebellion_2_defer|暂 且 不 要 任 命 任 何 人，日 后 再 作 决 定。
dlga_id:close_window_28|嗯……好 吧，{playername}。我 十 分 看 重 你 的 建 议。{s1} 的 领 主 任 命 便 暂 且 搁 置。
dlga_id:close_window_29|嗯……好 吧，{playername}。我 十 分 看 重 你 的 建 议。{reg6?我 :{reg7?你 :{s11}}}将 成 为 {s1} 的 新 任 {reg3?女 领 主 :领 主 }。
dlga_id:fighter_talk|你 好。我 们 正 在 以 对 练 磨 砺 身 手。看 起 来 你 也 需 要 练 上 几 招，不 妨 加 入 我 们。若 有 任 何 战 斗 方 面 的 疑 问，尽 管 开 口，我 会 尽 力 为 你 讲 解。
dlga_id:fighter_talk.1|你 想 练 习 哪 一 项？
dlga_id:fighter_talk_2|说 吧，你 想 进 行 哪 种 练 习？
dlga_id:fighter_talk_train_attack|我 想 练 习 进 攻。
dlga_id:fighter_talk_train_parry|我 想 练 习 用 武 器 格 挡。
dlga_id:fighter_talk_train_combat|来 一 场 实 战 对 练 吧。
dlga_id:close_window_30|[离 开]
dlga_id:fighter_talk_train_attack_2|好。进 攻 共 有 四 个 基 本 方 向：从 上 方 劈 砍、向 右 挥 击、向 左 挥 击，以 及 正 面 突 刺。接 下 来 我 会 喊 出 进 攻 方 向，你 必 须 尽 快 使 出 正 确 的 攻 击 动 作。^^（按 下 鼠 标 左 键 时 移 动 鼠 标，即 可 指 定 攻 击 方 向。例 如，要 使 出 上 劈 攻 击，就 在 按 下 鼠 标 左 键 的 瞬 间 向 上 移 动 鼠 标。屏 幕 上 的 图 标 会 提 示 你 做 出 正 确 动 作。）
dlga_id:close_window_31|那 就 开 始 吧，我 准 备 好 了。{reg33?:}
dlga_id:fighter_pretalk|其 实，我 想 练 点 别 的。
dlga_id:fighter_talk_train_parry_2|盾 牌 可 以 挡 住 多 个 方 向 的 攻 击，而 用 武 器 格 挡 时，只 能 防 住 来 自 一 个 方 向 的 攻 击。例 如，向 上 格 挡 可 以 架 开 上 劈，却 仍 会 被 侧 击 或 突 刺 命 中。^^（按 住 鼠 标 右 键 即 可 格 挡。）
dlga_id:fighter_talk_train_parry_3|接 下 来，我 会 从 不 同 方 向 向 你 出 招，并 在 每 次 攻 击 前 等 你 摆 出 正 确 的 格 挡 姿 势。尽 量 以 最 快 速 度 作 出 反 应。^^（默 认 的“自 动 格 挡 方 向”会 让 这 项 练 习 十 分 简 单。若 在“选 项”菜 单 中 将 防 御 方 向 控 制 改 为“鼠 标 移 动”或“键 盘”，你 就 必 须 手 动 选 择 格 挡 方 向。这 样 更 具 挑 战，也 会 让 战 斗 更 有 趣。若 你 采 用 手 动 格 挡，这 项 练 习 会 很 有 帮 助。）
dlga_id:close_window_33|那 就 开 始 吧，我 准 备 好 了。{reg33?:}
dlga_id:fighter_pretalk_2|其 实，我 想 练 点 别 的。
dlga_id:fighter_talk_train_combat_2|对 练 是 为 真 正 战 斗 作 准 备 的 绝 佳 方 式。现 在，我 们 会 使 用 不 会 致 命 的 武 器 交 手，直 到 一 方 倒 地 为 止。你 难 免 会 挨 上 几 下，但 总 好 过 在 真 正 的 战 场 上 被 人 砍 倒。
dlga_id:close_window_36|那 就 开 始 吧，我 准 备 好 了。{reg33?:}
dlga_id:fighter_pretalk_3|其 实，我 想 练 点 别 的。
dlga_id:fighter_parry_try_again|很 好，你 已 经 成 功 挡 住 了 我 的 攻 击。你 可 以 反 复 练 习，争 取 每 次 都 比 上 一 次 更 快，直 到 对 自 己 的 防 守 有 十 足 把 握。还 要 再 来 一 次 吗？
dlga_id:fighter_parry_try_again.1|这 次 不 太 顺 利，对 吧？（记 住，必 须 按 住 鼠 标 右 键，格 挡 才 会 持 续 生 效。）还 要 再 试 一 次 吗？
dlga_id:fighter_talk_leave_parry|不 了，今 天 就 练 到 这 里。
dlga_id:fighter_parry_warn|嘿！我 们 练 的 是 格 挡，伙 计！你 应 该 挡 住 我 的 攻 击，而 不 是 还 手。{reg33?:}{reg33?:}
dlga_id:fighter_talk_leave_parry_2|抱 歉，我 得 结 束 这 项 练 习 了。
dlga_id:close_window_38|好 吧，如 你 所 愿。
dlga_id:fighter_combat_try_again|这 次 不 太 顺 利，对 吧？别 灰 心，下 次 别 再 犯 同 样 的 错 误。还 要 再 来 一 场 吗？
dlga_id:fighter_talk_leave_combat|不 了，对 我 来 说 已 经 够 了。
dlga_id:close_window_39|好 吧。若 你 改 变 主 意，再 来 找 我。
dlga_id:fighter_combat_try_again.1|嘿，这 场 对 练 打 得 不 错。你 击 败 了 我，不 过 下 次 我 可 会 更 加 小 心。还 要 再 来 一 场 吗？
dlga_id:fighter_talk.2|很 好。你 已 经 学 会 从 任 意 方 向 发 动 攻 击 了。愿 意 的 话，我 们 可 以 再 练 一 次，也 可 以 换 一 项 练 习。
dlga_id:archer_challenge_2|不 错，着 实 不 错！看 来 你 已 经 掌 握 了 箭 术 的 基 础。现 在 试 试 弩 吧。拿 起 那 边 的 弩 和 弩 矢，射 中 那 三 个 靶 子。弩 比 弓 更 容 易 掌 握，但 每 射 一 发 都 必 须 重 新 装 填。
dlga_id:archer_challenge_2.1|很 好，看 来 弩 也 难 不 住 你。接 下 来 学 习 投 掷 武 器。拿 起 那 边 的 标 枪，设 法 命 中 那 三 个 靶 子。
dlga_id:ranged_end|很 好。至 此，你 已 经 掌 握 了 三 类 远 程 武 器 的 基 础。余 下 的 全 靠 练 习。日 复 一 日 地 磨 炼，终 有 一 天，你 会 跻 身 新 世 界 最 出 色 的 神 射 手 之 列。
dlga_id:close_window_41|现 在，若 你 还 没 有 拜 访 近 战 教 官 或 骑 术 教 官，就 去 和 他 们 谈 谈 吧。他 们 也 能 教 你 重 要 的 本 领。
dlga_id:archer_talk|日 安，年 轻 人。我 终 日 在 此 向 愿 意 学 习 的 人 传 授 远 程 武 器 的 用 法。若 需 要 指 点，尽 管 来 找 我；我 会 教 你 使 用 弓、弩 和 标 枪。{reg33?:}
dlga_id:archer_challenge|好，请 教 我 使 用 远 程 武 器。
dlga_id:close_window_42|不 了，暂 时 不 用。
dlga_id:archer_challenge_2_2|好。你 的 第 一 项 训 练 是 弓 术。弓 是 一 种 难 以 精 通 的 武 器，但 只 要 技 艺 足 够 纯 熟，便 能 以 惊 人 的 速 度 和 力 量 连 续 放 箭。去 拿 起 那 边 的 弓 箭，射 击 那 些 靶 子。
dlga_id:close_window_43|好，我 准 备 好 了。
dlga_id:close_window.1_7|稍 等，我 想 先 做 点 别 的 事。
dlga_id:horseman_melee_challenge_2|希 望 刚 才 的 骑 行 让 你 尽 兴。现 在 来 点 更 难 的。拿 起 那 边 的 骑 枪，沿 跑 道 策 马 前 进，并 至 少 命 中 每 个 目 标 一 次。
dlga_id:horseman_melee_challenge_2.1|很 好！你 已 经 能 在 马 背 上 命 中 所 有 目 标 了，这 对 新 手 而 言 绝 非 易 事。下 一 项 挑 战 是 骑 射。拿 起 弓 箭，射 击 道 路 旁 的 靶 子；每 个 靶 上 都 必 须 留 下 一 支 箭，才 算 成 功。
dlga_id:horsemanship_end|很 好，你 已 经 能 在 马 背 上 射 中 所 有 目 标。坚 持 每 天 骑 乘 和 练 习，终 有 一 日，你 会 成 为 技 艺 精 湛 的 骑 手。{reg33?:}
dlga_id:close_window_44|现 在，若 你 还 没 有 拜 访 近 战 教 官 或 箭 术 教 官，就 去 和 他 们 谈 谈 吧。你 必 须 尽 可 能 多 学 本 领，才 能 在 不 得 不 自 卫 时 做 好 准 备。
dlga_id:horseman_talk|日 安！我 本 想 到 这 里 练 练 骑 术，可 这 把 老 骨 头 疼 得 厉 害，只 好 歇 上 一 天。若 你 想 练 习 骑 术，可 以 骑 我 的 马；让 她 活 动 活 动 也 有 好 处。
dlga_id:horseman_challenge|好，我 想 练 习 骑 术。
dlga_id:close_window_45|嗯……或 许 晚 些 时 候。
dlga_id:horseman_melee_challenge_2_2|很 好。现 在 我 会 安 排 几 项 练 习，教 你 骑 乘 和 使 用 马 上 武 器。第 一 项 很 简 单：骑 着 马 绕 跑 道 走 一 圈，快 慢 随 你。等 你 对 自 己 的 骑 术 有 了 信 心，再 回 来 接 受 更 艰 难 的 训 练。
dlga_id:close_window_46|好，我 准 备 好 了。
dlga_id:close_window.1_8|稍 等，我 得 先 做 点 别 的 事。
dlga_id:close_window_47|嘿，我 正 在 练 习！若 想 请 教 远 程 武 器，就 去 找 箭 术 教 官。
dlga_id:lord_prison_break_confirm_3|计 划 有 变 吗？
dlga_id:lord_prison_break|发 生 什 么 事 了？
dlga_id:drunk_response|你 瞅 什 么？
dlga_id:drunk_response.1|你 是 在 瞅 我 吗？
dlga_id:close_window_48|真 是 浪 费……
dlga_id:close_window.1_9|死 他 总 好 过 死 我。
dlga_id:drunk_fight_start|说 不 好……显 然 是 某 种 畜 生。
dlga_id:drunk_fight_start.1|失 礼 了，请 接 受 我 的 歉 意。
dlga_id:close_window_49|我 会 把 你 脸 上 那 副 傻 笑 打 掉！
dlga_id:drunk_player_high_renown|你 知 道 我 是 谁 吗？
dlga_id:drunk_fight_start_2|我 在 乎 吗？
dlga_id:drunk_player_high_renown_2|呃……其 实……对，对，我 知 道 你 是 谁，{reg33?女 士:陛 下}。请 宽 恕 我，大 人—— 一 定 是 酒 喝 多 了。我 这 就 走……
dlga_id:drunk_fight_start.1_2|怎 么？你 既 然 想 打，我 就 奉 陪 到 底！
dlga_id:close_window_50|果 然 如 此。现 在，从 我 眼 前 滚 开。
dlga_id:fistfight_response|你 看 起 来 既 挨 得 住 重 拳，也 打 得 出 重 拳。我 有 一 桩 买 卖 想 和 你 谈 谈。
dlga_id:fistfight_response_2|什 么 买 卖？
dlga_id:fistfight_response_2a|很 好，很 高 兴 你 有 兴 趣。计 划 是 这 样 的……有 些 复 杂，听 仔 细 了。
dlga_id:fistfight_response_3|你 和 那 边 的 家 伙 就 在 这 里 打 一 场。不 能 用 武 器，也 不 能 穿 甲。我 坐 在 旁 边 收 注，最 后 与 胜 者 平 分 利 润；若 赔 了 钱，由 我 承 担。你 什 么 也 不 会 损 失—— 当 然，除 了 一 点 血。
dlga_id:fistfight_response_4|不 过，这 可 不 能 像 竞 技 场 里 的 正 式 比 赛 那 样，让 所 有 人 事 先 下 注。酒 客 们 会 被 动 静 吸 引 过 来，再 往 你 们 中 看 似 占 上 风 的 那 一 个 身 上 押 一 两 枚 金 币。我 会 给 出 一 赔 一 的 赔 率—— 喝 到 第 三 大 杯 麦 酒 的 人，可 算 不 明 白 更 复 杂 的 东 西。
dlga_id:fistfight_response_4a|所 以，诀 窍 就 是 尽 量 把 局 面 拖 成 你 看 似 将 败 的 样 子，让 所 有 人 都 把 钱 押 在 对 手 身 上；随 后 迅 速 反 击，在 赌 注 来 得 及 转 向 前 赢 下 比 赛。最 能 赚 钱 的 做 法，是 先 挨 打 挨 到 几 乎 倒 地，再 突 然 站 稳，将 对 手 放 倒。但 无 论 如 何，你 最 后 必 须 获 胜，我 俩 才 能 赚 到 钱。
dlga_id:fistfight_response_5|另 外，比 赛 也 不 能 拖 得 太 久，否 则 观 众 会 怀 疑 我 们 做 局。所 以 你 们 必 须 不 时 真 挨 上 一 记 重 拳。我 不 在 乎 流 的 是 谁 的 血，但 总 得 见 血。
dlga_id:fistfight_response_5a|还 有 一 件 事—— 你 的 对 手 是 我 的 伙 计，可 他 对 复 杂 安 排 一 窍 不 通，只 会 直 冲 上 来 和 你 硬 拼。至 于 如 何 把 戏 演 得 漂 亮，就 全 看 你 的 本 事 了。
dlga_id:fistfight_response_confirm|那 么，你 意 下 如 何？
dlga_id:close_window.1_10|我 还 有 更 要 紧 的 事。
dlga_id:ramun_introduce_1|日 安，{reg33?姑 娘:年 轻 人}。
dlga_id:ramun_introduce_2|恕 我 冒 昧。你 看 起 来 像 个 商 人，可 我 没 见 到 你 的 货 物。
dlga_id:close_window_52|算 了。
dlga_id:ramun_introduce_3|商 人？没 错，我 当 然 是。不 过 我 的 货 物 与 众 不 同：每 天 得 喂 食 饮 水 两 次，而 且 只 要 我 一 转 身，它 们 就 会 试 着 逃 跑。
dlga_id:ramun_introduce_4|牲 口？
dlga_id:ramun_introduce_5|差 不 多。我 喜 欢 称 自 己 为“让 海 上 每 一 艘 船 继 续 前 进 的 人”。你 看，船 要 靠 桨，桨 要 靠 人 拉；没 人 拉 桨，船 就 走 不 了。这 便 是 我 的 买 卖。
dlga_id:ramun_introduce_6|桨 帆 奴 隶。
dlga_id:ramun_introduce_7|这 回 你 明 白 了！这 样 的 贸 易 港 离 不 开 他 们。每 次 航 行 总 会 折 损 几 个 桨 手，所 以 需 求 永 远 旺 盛。船 长 们 都 会 来 找 我，而 且 出 手 阔 绰。
dlga_id:ramun_introduce_8|这 些 奴 隶 从 哪 里 来？
dlga_id:ramun_introduce_9|大 多 是 我 从 官 府 手 中 买 来 的 服 刑 囚 犯，也 有 各 国 的 战 俘 被 送 到 这 里—— 因 为 我 的 价 钱 最 高。偶 尔，我 也 会 从 私 掠 船 长 和 其 他……“个 人”手 中 收 货。干 这 一 行，没 法 对 货 源 挑 三 拣 四。你 身 边 该 不 会 正 好 带 着 俘 虏 吧？
dlga_id:ramun_introduce_10|我？
dlga_id:ramun_introduce_11|为 什 么 不 呢？只 要 你 走 出 城 门，迟 早 会 和 人 刀 剑 相 向；若 诸 神 眷 顾，你 自 然 会 胜 出。既 然 如 此，何 不 顺 便 多 赚 一 笔？活 捉 敌 人，把 他 们 带 给 我，每 个 我 付 50枚 金 币。不 论 他 们 是 谁、来 自 哪 里，我 都 不 在 乎。
dlga_id:ramun_introduce_12|嗯，我 会 考 虑。
dlga_id:close_window_53|好 好 考 虑！这 买 卖 有 的 是 钱 赚，绝 不 会 错；赚 到 的 银 子 足 够 你 我 分 了。
dlga_id:ramun_talk|你 好，{playername}。
dlga_id:ramun_talk_2|还 有 别 的 事 吗？
dlga_id:ramun_sell_prisoners|拉 蒙，我 带 来 了 一 些 俘 虏。想 看 看 吗？
dlga_id:ramun_sell_prisoners_all|我 想 卖 掉 身 边 所 有 俘 虏。
dlga_id:ramun_sell_prisoners_all_2|这 {reg0}名 {reg2?囚 犯:囚 犯} 我 全 收 了，出 价 {reg1}枚 金 币。成 交 吗？
dlga_id:ramun_sell_prisoners_2|成 交。
dlga_id:ramun_pre_talk|让 我 再 想 想。
dlga_id:ramun_sell_prisoners_2_2|让 我 看 看 你 带 来 了 什 么……
dlga_id:close_window_54|与 你 做 生 意 真 是 痛 快。
dlga_id:ramun_ask_about_capturing|该 如 何 活 捉 敌 人？
dlga_id:ramun_ask_about_capturing.1|能 再 讲 一 遍 如 何 俘 虏 敌 人 吗？
dlga_id:ramun_have_blunt_weapon|你 是 头 一 回 干 这 个，对 吧？我 说 简 单 些。想 抓 活 口，就 得 用 战 锤 或 棍 棒 之 类 的 钝 器 把 人 打 昏，而 不 是 用 剑 把 他 开 膛。这 样，他 只 会 昏 睡 一 阵，而 不 会 流 血 而 死。懂 了 吗？我 猜 你 身 上 带 着 钝 器 吧……{reg33?:}
dlga_id:ramun_have_blunt_weapon_yes|当 然。
dlga_id:ramun_have_blunt_weapon_no|说 实 话，我 没 有。
dlga_id:ramun_ask_about_capturing_2|很 好。接 下 来 只 要 用 钝 器 把 那 倒 霉 鬼 打 倒，战 斗 结 束 后 再 给 他 戴 上 镣 铐。贵 族 之 类 的 人 通 常 护 甲 厚 实，用 什 么 武 器 区 别 不 大；但 普 通 暴 徒 若 挨 上 利 刃，很 快 就 会 像 被 宰 的 猪 一 样 血 流 不 止。我 对 货 物 没 多 少 要 求，不 过 买 下 他 们 时，他 们 必 须 还 喘 着 气。
dlga_id:ramun_have_blunt_weapon_no_2|没 有？嘿，那 你 今 天 走 运 了。我 这 里 正 好 有 根 准 备 扔 掉 的 旧 棍 棒。虽 然 有 些 破 损，但 把 人 砸 到 动 弹 不 得 还 是 绰 绰 有 余。来，拿 去 吧。
dlga_id:ramun_have_blunt_weapon_yes_2|多 谢，拉 蒙。或 许 我 可 以 试 试。
dlga_id:ramun_ask_about_capturing_2_2|好 吧，我 再 说 简 单 些。想 抓 活 口，就 用 战 锤、棍 棒 之 类 的 钝 器 把 人 击 昏，别 拿 刀 剑 把 他 放 血 放 死，明 白 了 吗？^贵 族 之 类 的 大 人 物 通 常 护 甲 厚 实，用 什 么 武 器 区 别 不 大；但 普 通 暴 徒 可 没 有 那 样 的 防 护。用 利 刃 砍 中 他，他 很 可 能 像 被 宰 的 猪 一 样 迅 速 流 血 而 死。
dlga_id:ramun_ask_about_capturing_3|好，我 想 我 明 白 了。还 有 别 的 吗？
dlga_id:ramun_ask_about_capturing_4|当 然，事 情 没 有 听 起 来 那 么 简 单。钝 器 不 如 利 刃 致 命，也 就 不 能 那 么 快 击 倒 敌 人。相 信 我，荒 野 上 的 那 些 渣 滓 只 要 有 机 会，恨 不 得 当 场 宰 了 你；别 指 望 他 们 看 见 你 拿 棍 棒 而 非 长 剑，就 会 对 你 手 下 留 情。^再 者，押 送 俘 虏 会 拖 慢 整 支 队 伍。因 此，有 些 人 战 斗 结 束 后 干 脆 把 俘 虏 放 了。简 直 疯 了—— 谁 会 把 到 手 的 银 子 白 白 扔 掉？
dlga_id:ramun_ask_about_capturing_5|就 这 些 吗？
dlga_id:ramun_ask_about_capturing_7|还 有 最 后 一 件 事。安 全 看 管 俘 虏 并 不 容 易，本 身 便 是 一 门 本 领。若 想 俘 虏 大 批 敌 人，就 得 亲 自 学 会 其 中 门 道；否 则，你 连 一 个 抓 来 的 家 伙 都 未 必 看 得 住。
dlga_id:ramun_pre_talk_2|多 谢，我 会 记 住。
dlga_id:ramun_buy|（作 弊）你 也 出 售 这 些“牲 口”吗？
dlga_id:ramun_leave|我 该 上 路 了。
dlga_id:close_window_55|记 住，只 要 有 俘 虏，就 带 来 给 我。每 一 个 我 都 会 出 个 好 价 钱。
dlga_id:ramun_buy_2|（作 弊）我 听 说 你 手 里 有 兵。
dlga_id:ramun_faction|当 然。你 想 要 哪 一 种？
dlga_id:ramun_select|请 给 我 一 些 {s1}。
dlga_id:close_window_56|算 了。
dlga_id:ramun_troops|这 么 说，你 想 要 一 些 {s1} 的 部 队？
dlga_id:ramun_select_2|{s2}
dlga_id:ramun_buy_3|换 一 种 兵 种 试 试。
dlga_id:close_window_57|记 住，只 要 有 俘 虏，就 带 来 给 我。每 一 个 我 都 会 出 个 好 价 钱。
dlga_id:markas_introduce_1|日 安，旅 人。
dlga_id:markas_introduce_2|日 安，法 师。在 新 世 界 的 酒 馆 里 见 到 你 这 样 的 人，倒 真 稀 奇。
dlga_id:close_window_58|算 了。
dlga_id:markas_introduce_3|确 实 少 见，不 过 我 从 来 不 是 循 规 蹈 矩 的 人。况 且，既 然 做 的 是 商 人 生 意，除 去 领 主 们 的 宴 会，酒 馆 与 市 场 便 是 最 适 合 待 的 地 方—— 可 惜 我 从 未 收 到 过 宴 会 邀 请。
dlga_id:markas_introduce_4|商 人？
dlga_id:markas_introduce_5|没 错，商 人。有 些 国 王 与 领 主 总 爱 炫 耀 自 己 拥 有 的 魔 法 武 器 和 盔 甲，仿 佛 这 些 珍 宝 全 被 他 们 垄 断，世 间 再 无 不 为 人 知 的 勇 士 持 有 此 等 物 品。而 我，朋 友，正 是 让 他 们 的 谎 言 不 攻 自 破 的 人。
dlga_id:markas_introduce_6|魔 法 物 品？我 还 以 为 每 一 件 都 已 有 明 确 下 落。
dlga_id:markas_introduce_7|不，那 只 是 领 主 们 编 造 的 谎 言，目 的 是 阻 止 普 通 人 寻 找 这 些 宝 物。当 芸 芸 众 生 对 它 们 一 无 所 知 时，领 主 们 仍 在 四 处 搜 寻 余 下 的 魔 法 物 品—— 可 惜，我 抢 在 他 们 之 前 找 到 了。
dlga_id:markas_introduce_8|你 就 这 样 在 他 们 眼 皮 底 下 出 售 这 些 东 西？
dlga_id:markas_introduce_9|领 主 们 从 不 把 酒 馆 里 的 平 民 放 在 眼 里，所 以 我 在 这 里 很 安 全，也 会 谨 慎 挑 选 买 家。即 便 事 情 败 露，我 也 完 全 有 能 力 自 保。说 实 话，若 只 图 钱 财，直 接 卖 给 领 主 反 而 赚 得 更 多。可 除 了 少 数 令 我 由 衷 敬 佩 的 人，我 早 已 厌 倦 这 个 世 界 的 大 多 数 领 主：他 们 自 私 自 利，又 与 自 己 的 同 胞 相 隔 太 远。我 更 愿 意 把 珍 宝 卖 给 名 声 不 显、却 同 样 勇 敢 的 战 士，也 许 还 能 帮 助 一 个 真 正 值 得 的 人 登 上 巅 峰。
dlga_id:markas_introduce_10|你 会 选 择 怎 样 的 买 家？
dlga_id:markas_introduce_11|勇 敢 者、强 者，以 及 已 经 证 明 自 己 配 得 上 这 些 物 品 的 人。我 最 不 愿 见 到 的，就 是 把 宝 物 卖 给 一 个 徒 有 胆 气 的 弱 者，看 他 很 快 丧 命，又 让 珍 宝 落 入 我 不 愿 见 到 的 人 手 中。我 一 向 善 于 识 人，通 常 看 得 出 谁 将 来 能 成 就 大 事。有 些 物 品 古 老 而 强 大，绝 不 能 随 意 买 卖。
dlga_id:markas_introduce_12|这 些 物 品 会 在 旅 途 中 助 我 良 多。
dlga_id:markas_talk|你 对 我 的 收 藏 有 兴 趣？
dlga_id:markas_talk_2|日 安，{playername}。有 兴 趣 看 看 我 的 魔 法 物 品 吗？
dlga_id:markas_buy|好，让 我 看 看 你 出 售 的 货 物。
dlga_id:markas_trade_completed|当 然，{playername}。
dlga_id:markas_talk_3|还 有 别 的 事 吗？
dlga_id:close_window_59|没 事 了，多 谢。
dlga_id:markas_medals|依 我 看，你 目 前 的 本 领 还 不 足 以 拥 有 我 的 珍 藏。等 学 到 更 多 东 西 后 再 来，或 者 用 赢 得 10场 竞 技 大 会 来 证 明 自 己。你 已 经 赢 过 10场 竞 技 大 会 了 吗？
dlga_id:markas_medals_2|当 然。
dlga_id:markas_medals_3|你 是 一 位 伟 大 的 战 士，配 得 上 这 些 强 大 的 物 品。
dlga_id:markas_trade_completed_2|它 们 会 引 领 我 走 向 胜 利。
dlga_id:close_window_60|不，我 还 没 有 赢 过 那 么 多 场 竞 技 大 会。
dlga_id:cyrus_introduce_1|日 安，旅 人。
dlga_id:cyrus_introduce_2|日 安，法 师。在 新 世 界 的 酒 馆 里 见 到 你 这 样 的 人，倒 真 稀 奇。
dlga_id:close_window_61|算 了。
dlga_id:cyrus_introduce_3|确 实 稀 奇。不 过 我 们 活 在 一 个 非 同 寻 常 的 时 代，你 会 遇 到 比 我 更 加 古 怪、也 更 加 危 险 的 人。况 且 我 是 个 商 人，酒 馆 和 市 场 本 就 是 我 最 该 出 现 的 地 方。
dlga_id:cyrus_introduce_4|商 人？
dlga_id:cyrus_introduce_5|没 错，商 人。我 的 兄 弟 马 卡 斯 和 我 赶 在 那 些 本 就 权 势 滔 天 的 国 王 与 领 主 之 前，找 到 了 余 下 的 魔 法 武 器 和 盔 甲。我 们 并 非 出 于 贪 欲—— 无 论 财 富 还 是 精 神，我 们 都 已 足 够 富 有。我 们 只 想 给 更 值 得 的 勇 士 一 次 机 会，让 他 们 把 这 个 世 界 变 得 更 好。
dlga_id:cyrus_introduce_6|这 么 说，你 完 全 不 信 任 这 个 世 界 的 领 主？
dlga_id:cyrus_introduce_7|倒 也 不 至 于。有 些 国 王 与 领 主 值 得 我 尊 敬，能 够 与 他 们 相 识 也 是 我 的 荣 幸。可 即 便 是 这 些 人，身 边 往 往 也 围 着 几 个 我 绝 不 信 任 的 近 臣。因 此，我 更 愿 意 让 诸 王 国 对 这 桩 小 买 卖 一 无 所 知。
dlga_id:cyrus_introduce_8|若 被 人 发 现，你 不 担 心 后 果 吗？
dlga_id:cyrus_introduce_9|哈 哈 哈，我 和 兄 弟 可 不 是 任 人 拿 捏 的 小 角 色。即 便 他 们 发 现 了，贸 然 动 武 也 只 是 自 取 其 辱。何 况 我 们 行 事 谨 慎、朋 友 众 多，眼 线 与 耳 目 比 他 们 还 多；藏 身 普 通 人 之 中 最 是 安 全，哪 怕 其 中 也 有 你 这 样 不 太 普 通 的 人。我 们 也 不 会 卖 给 任 何 人：我 的 盔 甲 与 守 护 只 属 于 配 得 上 保 护 的 人，马 卡 斯 的 武 器 也 绝 不 会 落 入 无 能 者 手 中。我 们 掌 握 着 足 以 带 来 毁 灭 的 力 量，绝 不 会 轻 视 这 份 责 任。
dlga_id:cyrus_introduce_10|你 为 什 么 说 我 不 普 通？
dlga_id:cyrus_introduce_11|别 在 我 面 前 装 傻。我 看 到 的 比 你 以 为 的 更 多。你 来 到 这 个 世 界，绝 不 是 为 了 过 平 庸 的 一 生！你 渴 望 力 量、领 土 与 财 富。我 还 不 能 确 定 你 是 否 会 让 这 个 世 界 变 得 更 好，但 直 觉 告 诉 我，你 或 许 会。已 经 很 久 没 有 人 配 得 上 我 的 货 物 了；如 今 你 出 现，我 觉 得 自 己 终 于 找 到 了 一 个 顾 客。我 的 货 物 和 力 量 代 价 高 昂，但 像 你 这 样 志 向 高 远 的 人，会 明 白 它 们 物 有 所 值。
dlga_id:cyrus_introduce_12|这 些 物 品 会 在 旅 途 中 助 我 良 多。
dlga_id:cyrus_talk|当 然 会。你 想 看 看 吗？
dlga_id:cyrus_talk_2|日 安，{playername}。有 兴 趣 看 看 我 的 魔 法 物 品 与 守 护 吗？
dlga_id:cyrus_buy_items|有。让 我 看 看 你 出 售 的 物 品。
dlga_id:cyrus_buy_wards|有。我 想 购 买 一 项 能 在 战 斗 中 保 护 我 的 魔 法 守 护。
dlga_id:cyrus_trade_wards|当 然，{playername}。让 我 看 看 能 为 你 做 些 什 么。
dlga_id:cyrus_wardmedals|依 我 看，你 目 前 的 本 领 还 不 足 以 承 受 我 的 守 护。等 学 到 更 多 东 西 后 再 来，或 者 用 赢 得 10场 竞 技 大 会 来 证 明 自 己。你 已 经 赢 过 10场 竞 技 大 会 了 吗？
dlga_id:cyrus_wardmedals_2|当 然。
dlga_id:cyrus_trade_wards_2|让 我 看 看 能 为 你 做 些 什 么。
dlga_id:close_window_62|不，我 还 没 有 赢 过 10场 竞 技 大 会。
dlga_id:cyrus_consider_ward6|我 可 以 为 你 施 加 6+守 护 豁 免，价 格 是 20000枚 金 币。
dlga_id:close_window_63|恐 怕 我 现 在 付 不 起。
dlga_id:cyrus_sell_ward6|当 然，金 币 给 你。
dlga_id:close_window_64|很 好。愿 魔 法 之 风 庇 佑 你。
dlga_id:close_window.1_11|眼 下 这 笔 花 费 太 大 了。
dlga_id:cyrus_consider_ward5|我 可 以 为 你 施 加 5+守 护 豁 免，价 格 是 50000枚 金 币。
dlga_id:close_window_65|恐 怕 我 现 在 付 不 起。
dlga_id:cyrus_sell_ward5|当 然，金 币 给 你。
dlga_id:close_window_66|很 好。愿 魔 法 之 风 庇 佑 你。
dlga_id:close_window.1_12|眼 下 这 笔 花 费 太 大 了。
dlga_id:cyrus_consider_ward4|我 可 以 为 你 施 加 4+守 护 豁 免，价 格 是 80000枚 金 币。
dlga_id:close_window_67|恐 怕 我 现 在 付 不 起。
dlga_id:cyrus_sell_ward4|当 然，金 币 给 你。
dlga_id:close_window_68|很 好。愿 魔 法 之 风 庇 佑 你。
dlga_id:close_window.1_13|眼 下 这 笔 花 费 太 大 了。
dlga_id:close_window_69|恐 怕 我 已 经 没 有 更 多 能 为 你 提 供 的 守 护 了。
dlga_id:cyrus_trade_completed|当 然，{playername}。
dlga_id:cyrus_talk_3|还 有 别 的 事 吗？
dlga_id:close_window_70|没 事 了，多 谢。
dlga_id:cyrus_medals|依 我 看，你 目 前 的 本 领 还 不 足 以 拥 有 我 的 物 品。等 学 到 更 多 东 西 后 再 来，或 者 用 赢 得 10场 竞 技 大 会 来 证 明 自 己。你 已 经 赢 过 10场 竞 技 大 会 了 吗？
dlga_id:cyrus_medals_2|当 然。
dlga_id:cyrus_medals_3|我 就 知 道 你 不 会 让 我 失 望。
dlga_id:cyrus_trade_completed_2|从 今 往 后，我 的 力 量 只 会 愈 发 强 盛。
dlga_id:close_window_71|不，我 还 没 有 赢 过 10场 竞 技 大 会。
dlga_id:close_window.9|恳 请 大 人 把 双 手 放 在 我 看 得 见 的 地 方。
dlga_id:manhunter_talk_b|嘿，那 边 的！最 近 见 过 什 么 不 法 之 徒 吗？
dlga_id:manhunter_talk_b1|见 过，他 们 大 约 一 小 时 前 朝 那 个 方 向 去 了。
dlga_id:close_window_72|我 就 知 道！弟 兄 们，走，宰 了 那 群 杂 种！多 谢 你，朋 友。
dlga_id:manhunter_talk_b2|没 有，最 近 一 个 也 没 见 过。
dlga_id:close_window_73|呸。他 们 像 老 鼠 一 样 躲 在 这 片 土 地 上，但 我 们 迟 早 会 把 他 们 熏 出 来。
dlga_id:looters_2|{s4}
dlga_id:close_window_74|我 可 不 怕 你 们。有 胆 就 来 战！
dlga_id:close_window.1_14|你 只 能 从 我 这 里 得 到 冰 冷 的 钢 铁，渣 滓。
dlga_id:village_farmer_talk|我 的 {reg33?女 士 :领 主 }，我 们 只 是 来 自 {s11} 村 的 穷 苦 农 民。{reg1?我 们 正 把 产 品 运 到 {s12} 的 市 场 去。 :我 们 正 从 {s12} 的 市 场 返 回 我 们 村 庄。 }
dlga_id:farmer_bandit_information|我 正 在 追 捕 一 群 符 合 以 下 特 征 的 山 贼……你 们 见 过 吗？
dlga_id:village_farmer_talk_2|{s15}
dlga_id:close_window_75|等 我 把 你 们 所 有 东 西 都 抢 走，再 看 看 你 们 能 穷 到 什 么 地 步！
dlga_id:close_window.1_15|那 就 继 续 赶 路 吧。告 辞。
dlga_id:minister_issues|我 听 候 您 的 吩 咐，{reg33?我 的 女 士 :陛 下 }。
dlga_id:close_window.10|能 为 您 效 力 是 我 的 荣 幸，{reg33?女 士 :先 生 }。
dlga_id:member_castellan_talk|怎 么 了，{playername}？需 要 我 做 什 么？
dlga_id:member_castellan_talk_2|还 有 别 的 事 吗？
dlga_id:member_review_castle_garrison|我 想 检 阅 城 堡 驻 军。
dlga_id:close_window.11|{s0}
dlga_id:player_camp_choice|日 安，{s5}。有 什 么 吩 咐？
dlga_id:player_camp_start_2|让 我 们 查 看 部 队 名 册。
dlga_id:player_camp_items|我 想 在 这 里 寄 存 一 些 物 品。
dlga_id:player_camp_start_3|我 会 替 你 保 管，{s5}。不 过 请 务 必 留 下 足 够 兵 力，以 免 引 来 匪 徒。
dlga_id:player_camp_ransom_on|只 要 {s0} 出 现 赎 金 经 纪 人，就 把 这 里 的 俘 虏 全 都 卖 给 他。
dlga_id:player_camp_start_4|遵 命。只 要 城 里 来 了 赎 金 经 纪 人，我 就 照 办。
dlga_id:player_camp_ransom_off|不 要 再 自 行 出 售 这 里 的 俘 虏。
dlga_id:player_camp_start_5|遵 命。我 会 把 他 们 安 全 关 在 营 地 里。
dlga_id:player_camp_replace_cmd|我 想 任 命 另 一 名 指 挥 官。
dlga_id:player_camp_disband_test_items|我 想 解 散 营 地。
dlga_id:close_window_76|就 这 些。
dlga_id:player_camp_replace_sel|明 白。您 打 算 任 命 谁？
dlga_id:player_camp_replace_confirm|{s4}
dlga_id:player_camp_start_6|其 实，算 了。
dlga_id:close_window_77|遵 命，{s5}。我 会 立 刻 把 指 挥 权 移 交 给 {s4}。
dlga_id:player_camp_disband_has_items|您 还 记 得 吗？这 里 存 放 着 {reg0}件 物 品，总 价 值 约 为 {reg1}枚 金 币。
dlga_id:player_camp_disband_test_join_2|让 我 看 看 都 是 些 什 么。
dlga_id:player_camp_disband_test_join.1|我 确 定 没 有 什 么 要 紧 的 东 西。
dlga_id:player_camp_start_7|看 来 现 在 拔 营 还 太 早。
dlga_id:player_camp_disband_full|您 的 队 伍 足 以 容 纳 营 地 里 的 所 有 成 员，{s5}。现 在 可 以 立 即 解 散 营 地。
dlga_id:player_camp_disband_finish|好，立 刻 拔 营。
dlga_id:player_camp_start_8|不，我 改 变 主 意 了。
dlga_id:player_camp_disband_recheck|让 我 们 再 核 对 一 次 部 队 名 册。
dlga_id:player_camp_disband_test_join_3|让 我 再 斟 酌 一 下 这 些 调 整……
dlga_id:player_camp_disband_finish_2|好 的，{s0}。
dlga_id:player_camp_start_9|不，我 改 变 主 意 了。
dlga_id:close_window_78|遵 命，我 会 立 刻 向 部 队 传 达 您 的 命 令。
dlga_id:member_castellan_pretalk|当 然。这 是 名 册，需 要 如 何 调 整，尽 管 吩 咐。
dlga_id:member_review_castellan_equipment|让 我 看 看 你 的 装 备。
dlga_id:member_castellan_pretalk_2|好，都 在 这 里 了。
dlga_id:member_castellan_join|我 想 让 你 放 弃 驻 守 城 堡，重 新 加 入 我 的 队 伍。
dlga_id:close_window_79|我 已 经 有 些 喜 欢 这 里 了……不 过 既 然 这 是 你 的 意 愿，{playername}，我 会 跟 你 走。
dlga_id:member_castellan_pretalk_3|可 我 们 睡 在 哪 里？你 身 边 已 经 带 着 整 整 一 支 军 队，{playername}，根 本 没 有 地 方 再 容 下 我 们。
dlga_id:close_window_80|[离 开]
dlga_id:member_talk|是，{s0}？
dlga_id:kidnapped_girl_chat_1|我 们 到 家 了 吗？
dlga_id:kidnapped_girl_chat_2|还 没 有。
dlga_id:close_window_81|我 已 经 等 不 及 回 家 了。我 太 想 念 家 人，只 要 能 再 见 到 他 们，我 愿 意 付 出 任 何 代 价。
dlga_id:member_lady_1|{playername}，你 觉 得 我 们 还 要 多 久 才 能 抵 达 目 的 地？
dlga_id:member_lady_2a|前 面 还 有 很 长 一 段 路。
dlga_id:member_lady_2b|很 快，我 们 就 要 到 了。
dlga_id:close_window_82|啊，那 我 便 再 享 受 一 阵 旅 途 吧，我 不 会 抱 怨。比 起 整 日 坐 在 城 堡 里，我 更 喜 欢 骑 马 驰 骋 在 开 阔 原 野 上。你 知 道 吗，我 真 羡 慕 你—— 你 可 以 一 直 过 这 样 的 生 活。
dlga_id:close_window_83|这 真 是 个 好 消 息。并 不 是 说 我 不 喜 欢 与 你 相 处，只 是 我 的 确 怀 念 那 些 小 小 的 奢 华。可 一 想 到 很 快 便 要 离 开 你，我 又 有 些 难 过。答 应 我，有 空 时 一 定 要 来 看 我。
dlga_id:supported_pretender_talk|向 你 致 意，{playername}，我 最 倚 重 的 封 臣。我 正 等 待 你 的 谏 言。
dlga_id:supported_pretender_talk_2|还 有 别 的 事 吗？
dlga_id:pretender_progress|你 认 为 我 们 目 前 进 展 如 何？
dlga_id:pretender_progress_2|{reg11?我 们 有 {reg11}位 {s11} 与 我 们 并 肩 作 战:目 前 没 有 任 何 {s11} 与 我 们 并 肩 作 战}；而 {reg21?{s9} 仍 有 {reg21}位 {s10} 支 持:{s9} 身 边 已 无 忠 诚 的 {s10}}。{reg19?我 们 控 制 着 {reg13?{reg13}座 城 镇:}{reg14?{reg14}座 城 堡:}{reg15?以 及 {reg15}座 村 庄:}:我 们 尚 未 控 制 任 何 领 土}；^而 {reg29?敌 方 控 制 着 {reg23?{reg23}座 城 镇:}{reg24?{reg24}座 城 堡:}{reg25?以 及 {reg25}座 村 庄:}:敌 方 已 经 没 有 任 何 领 土}。总 而 言 之，{s30}。
dlga_id:supported_pretender_pretalk|那 么，我 们 必 须 继 续 战 斗，并 召 集 所 有 支 持 者！
dlga_id:pretender_quit_rebel_confirm|看 来 这 场 叛 乱 已 经 毫 无 进 展。我 们 必 须 放 弃。
dlga_id:pretender_quit_rebel_confirm_2|{playername}，你 不 能 在 此 刻 背 弃 我。你 是 认 真 的 吗？
dlga_id:pretender_quit_rebel_confirm_3|我 很 认 真。我 无 法 再 支 持 你 了。
dlga_id:supported_pretender_pretalk_2|我 只 是 说 笑。我 会 为 你 战 斗，直 到 大 业 告 成。
dlga_id:pretender_quit_rebel_confirm_4|你 当 真 已 经 决 定 了 吗？若 你 现 在 背 弃 我 的 大 业，我 永 远 不 会 原 谅 你。
dlga_id:pretender_quit_rebel|我 确 定。
dlga_id:supported_pretender_pretalk_3|让 我 再 想 想。
dlga_id:close_window_84|那 便 如 此 吧。我 的 大 业 已 经 破 灭，如 今 只 有 一 条 路 可 走：离 开 这 片 土 地，永 不 归 来。等 我 走 后，你 或 许 可 以 设 法 与 {s4} 讲 和。
dlga_id:supported_pretender_equip|{reg65?尊 敬 的 女 士 :我 的 大 人 }，能 否 让 我 看 看 您 的 装 备？
dlga_id:supported_pretender_pretalk_4|好，都 在 这 里 了。
dlga_id:pretender_view_char_requested|若 您 不 介 意，能 否 向 我 介 绍 一 下 您 的 本 领？
dlga_id:supported_pretender_pretalk_5|好 吧。
dlga_id:supported_pretender_grant_fief|我 建 议 由 您 决 定 该 将 尚 无 领 主 的 封 地 授 予 何 人。
dlga_id:supported_pretender_grant_fief_select|你 指 的 是 哪 块 封 地？
dlga_id:supported_pretender_grant_fief_choose_recipient|{s4}
dlga_id:center_captured_rebellion_3|那 么，应 当 将 它 授 予 谁？
dlga_id:supported_pretender_pretalk_6|算 了。
dlga_id:close_window_85|我 们 继 续 赶 路 吧，{reg65?女 士:先 生}。
dlga_id:member_talk_2|还 有 别 的 事 吗？
dlga_id:member_talk_3|还 有 别 的 事 吗？
dlga_id:member_talk.1|是，{s5}？
dlga_id:member_direct_campaign|我 以 元 帅 身 份 命 你 向 王 国 诸 封 臣 传 信。
dlga_id:member_trade|让 我 看 看 你 的 装 备。
dlga_id:do_member_equip_trade|好，都 在 这 里 了。
dlga_id:member_champ|成 为 我 的 冠 军，为 我 而 战。{reg33?:}
dlga_id:member_talk_4|我 将 为 你 而 战！
dlga_id:member_nochamp|我 不 再 需 要 你 担 任 我 的 冠 军。{reg33?:}
dlga_id:member_talk_5|我 仍 会 与 你 并 肩 作 战！
dlga_id:member_talk_6|我 的 衣 服 怎 么 了？
dlga_id:member_talk.1_2|还 有 别 的 事 吗？
dlga_id:view_member_char_requested|和 我 说 说 你 掌 握 的 本 领。
dlga_id:do_member_view_char|好 吧，让 我 告 诉 你……
dlga_id:member_skillboost|你 正 在 为 哪 项 能 力 攒 钱？
dlga_id:member_talk_7|我 正 在 为 {s2} 攒 钱。我 已 经 有 足 够 的 金 币 和 经 验，下 次 有 机 会 就 会 提 升。
dlga_id:member_talk.1_3|我 正 在 为 {s2} 攒 钱。经 验 已 经 足 够，但 还 需 要 {reg3}枚 金 币。
dlga_id:member_talk.2|我 正 在 为 {s2} 攒 钱。金 币 已 经 足 够，但 还 需 要 更 多 经 验。
dlga_id:member_talk.3|我 正 在 为 {s2} 攒 钱。我 既 需 要 更 多 经 验，也 还 要 再 攒 {reg3}枚 金 币。
dlga_id:member_talk.4|我 对 目 前 的 本 领 很 满 意，正 在 为 退 休 生 活 攒 钱。
dlga_id:member_talk_8|还 有 别 的 事 吗？
dlga_id:member_talk_9|还 有 别 的 事 吗？
dlga_id:member_skill_auto_upgrade|让 我 们 设 置 你 自 动 提 升 的 方 向。
dlga_id:member_skill_auto_upgrade_2|{s7}
dlga_id:member_skill_attribute_choose|先 决 定 优 先 提 升 哪 项 属 性。
dlga_id:member_skill_attribute_choose_2|{s7}
dlga_id:member_skill_attribute_choose_3|{s5}.
dlga_id:member_skill_auto_upgrade_3|{s6} 已 设 为 优 先 提 升 属 性
dlga_id:member_skill_slot_1_choose|决 定 第 一 项 优 先 提 升 的 技 能。
dlga_id:member_skill_slot_1_choose_2|{s7}
dlga_id:member_skill_slot_1_choose_3|{s5}.
dlga_id:member_skill_auto_upgrade_4|暂 未 设 置
dlga_id:member_skill_auto_upgrade_5|{s6} 已 设 为 第 1项 优 先 技 能
dlga_id:member_skill_slot_2_choose|决 定 第 二 项 优 先 提 升 的 技 能。
dlga_id:member_skill_slot_2_choose_2|{s7}
dlga_id:member_skill_slot_2_choose_3|{s5}.
dlga_id:member_skill_auto_upgrade_6|暂 未 设 置
dlga_id:member_skill_auto_upgrade_7|{s6} 已 设 为 第 2项 优 先 技 能
dlga_id:member_skill_slot_3_choose|决 定 第 三 项 优 先 提 升 的 技 能。
dlga_id:member_skill_slot_3_choose_2|{s7}
dlga_id:member_skill_slot_3_choose_3|{s5}.
dlga_id:member_skill_auto_upgrade_8|暂 未 设 置
dlga_id:member_skill_auto_upgrade_9|{s6} 已 设 为 第 3项 优 先 技 能
dlga_id:member_skill_slot_4_choose|最 后 决 定 第 四 项 优 先 提 升 的 技 能。
dlga_id:member_skill_slot_4_choose_2|{s7}
dlga_id:member_skill_slot_4_choose_3|{s5}.
dlga_id:member_skill_auto_upgrade_10|暂 未 设 置
dlga_id:member_skill_auto_upgrade_11|{s6} 已 设 为 第 4项 优 先 技 能
dlga_id:member_skill_auto_upgrade_12|清 除 设 置。
dlga_id:member_skill_auto_upgrade.1|提 升 属 性。
dlga_id:do_member_trade|算 了。
dlga_id:member_talk.2_2|是，{s5}？
dlga_id:member_direct_campaign_2|我 以 元 帅 身 份 命 你 向 王 国 诸 封 臣 传 信。
dlga_id:spouse_leave|这 里 对 你 来 说 并 不 安 全。你 应 该 回 到 我 们 位 于 {s5} 的 {reg5?庭 院:家} 中。
dlga_id:spouse_leave_confirm|你 是 想 把 我 送 去 死 吗，{playername}？我 们 都 知 道 家 园 正 在 遭 受 攻 击。
dlga_id:spouse_leave_confirm.1|你 确 定 吗，{s0}？
dlga_id:close_window_86|是 的。
dlga_id:do_member_trade_2|不，我 宁 愿 你 留 在 我 身 边。
dlga_id:member_separate|我 们 需 要 暂 时 分 开。
dlga_id:close_window_87|很 好，我 会 回 去 打 理 自 己 的 产 业。
dlga_id:member_separate_confirm|真 的？那 我 可 不 会 一 直 待 在 这 里 干 等。我 会 去 各 座 城 镇 另 谋 差 事。你 真 希 望 如 此 吗？
dlga_id:companion_quitting|其 实……我 正 有 件 事 需 要 告 诉 你。
dlga_id:member_separate_yes|没 错，我 们 该 分 道 扬 镳 了。
dlga_id:do_member_trade_3|不，我 还 是 希 望 你 留 在 我 身 边。
dlga_id:close_window_88|好 吧，那 我 就 走 了。若 还 需 要 我，便 来 找 我。
dlga_id:member_question|我 想 问 你 一 些 事 情。
dlga_id:close_window_89|算 了。
dlga_id:member_question_2|好。你 想 问 什 么？
dlga_id:view_regular_char_requested|把 你 的 情 况 全 都 告 诉 我。
dlga_id:close_window_90|好 啊，{s0}。我 会 把 自 己 的 一 切 都 告 诉 你。
dlga_id:member_morale|你 觉 得 这 支 队 伍 目 前 的 状 况 如 何？
dlga_id:member_background_recap|再 给 我 讲 一 遍 你 的 故 事。
dlga_id:member_kingsupport_1|想 必 你 知 道，我 渴 望 成 为 这 片 土 地 的 统 治 者。
dlga_id:member_intelgathering_1|你 是 否 有 什 么 人 脉，可 以 为 我 们 所 用？
dlga_id:member_fief_grant_1|你 有 兴 趣 受 封 一 块 领 地 吗？
dlga_id:member_dwarf_treasure_map|你 能 替 我 翻 译 这 个 吗？
dlga_id:member_talk_10|你 拿 的 是 什 么，小 子？一 张 用 卡 扎 利 德 语 写 的 地 图？！我 现 在 醉 得 太 厉 害，根 本 没 法 翻 译……不 过 你 可 以 拿 走 这 本 字 典，这 是 我 当 年 学 习 你 们 语 言 时 用 的。^^[你 将 这 些 注 记 抄 入 了 日 志。]
dlga_id:do_member_trade_4|算 了。
dlga_id:do_member_trade_5|{s21}
dlga_id:member_background_recap_2|{s5}
dlga_id:member_background_recap_3|{s5}
dlga_id:do_member_trade_6|不 久 之 后，我 便 加 入 了 你 的 队 伍。
dlga_id:member_talk_11|还 有 别 的 事 吗？
dlga_id:do_member_trade_7|嗯……是 的，我 听 说 过。
dlga_id:member_kingsupport_1a|{s21}
dlga_id:member_kingsupport_2|那 么，你 愿 意 支 持 我 的 大 业 吗？
dlga_id:do_member_trade_8|很 好，我 会 记 住。
dlga_id:do_member_trade_9|我 愿 意，{s21}。而 且，我 有 一 个 计 划，可 以 帮 助 你 夺 得 王 位。不 过 你 最 近 刚 派 {s22} 执 行 了 类 似 的 使 命。为 免 引 来 太 多 注 意，我 们 或 许 应 该 等 上 几 周。
dlga_id:member_kingsupport_2a|{s21}
dlga_id:member_kingsupport_3|{s21}
dlga_id:do_member_trade_10|{s21}
dlga_id:member_kingsupport_3a|{s21}
dlga_id:member_kingsupport_4|很 好，就 这 么 办。
dlga_id:do_member_trade_11|转 念 一 想，先 留 在 我 身 边 一 阵。
dlga_id:close_window_91|那 么 暂 且 告 别，{s21}。我 们 很 快 会 再 见。
dlga_id:do_member_trade_12|是 的，{s0}，我 在 {s17} 确 实 还 有 一 些 朋 友……不 过，我 认 为{reg18?{s18} 不 会 容 忍 这 种 阴 谋 诡 计:如 今 政 治 局 势 变 化 得 太 快}。众 所 周 知，{s19}
dlga_id:member_intelgathering_3|{s21}
dlga_id:member_intelgathering_3_2|当 然，这 件 事 知 道 的 人 越 少 越 好。若 要 来 收 取 情 报，或 把 我 撤 出 来，千 万 不 要 派 信 使。你 必 须 亲 自 来 找 我—— 哪 怕 这 意 味 着 要 偷 偷 潜 入 城 门。
dlga_id:member_intelgathering_4|好 主 意，就 这 么 办！
dlga_id:member_intelgathering_rescue|很 好。你 到 那 里 以 后，也 留 意 一 下 我 们 那 位 身 陷 囹 圄 的 朋 友 {s10}，务 必 确 认 {reg4?她:他} 仍 安 然 无 恙。
dlga_id:member_intelgathering_rescue.1|我 听 说 有 一 位 {s10} 贵 族 被 囚 禁 在 那 里。
dlga_id:do_member_trade_13|其 实，暂 时 先 不 要 行 动。
dlga_id:close_window_92|是 的，我 们 可 以 借 此 机 会 赢 得 {s20} 的 好 感。我 会 尽 力 拟 定 一 份 营 救 计 划，{s21}。大 约 一 周 后，你 会 收 到 我 的 消 息。
dlga_id:close_window_93|很 好。大 约 5天 后，我 应 该 就 能 回 来 禀 报。暂 且 告 别，{s21}。
dlga_id:rescue_prisoner_succeed_2|{playername}，你 救 出 了 {reg4?她:他}！我 真 不 知 该 如 何 感 谢 你。请 收 下 这 份 薄 礼，权 当 对 你 高 尚 义 举 的 小 小 报 答。
dlga_id:lord_pretalk|能 为 您 效 力，永 远 是 我 的 荣 幸，{s65}。
dlga_id:member_intel_liaison_results|你 查 到 了 什 么？
dlga_id:member_intel_liaison|向 你 致 意，陌 生 人。
dlga_id:close_window_94|该 把 你 撤 出 来 了。我 们 分 头 离 城，之 后 尽 快 与 我 会 合。
dlga_id:close_window.1_16|你 干 得 不 错。再 留 在 这 里 一 阵。
dlga_id:member_intel_liaison_2|{s11} 我 注 意 到 你 一 直 在 记 录 各 位 领 主 的 情 况。我 已 经 根 据 自 己 的 发 现，为 那 些 笔 记 补 上 了 注 解。
dlga_id:member_fief_grant_2|你 指 的 是 哪 块 封 地？
dlga_id:member_fief_grant_3|{s11}
dlga_id:do_member_trade_14|算 了，我 现 在 没 有 可 以 授 予 你 的 封 地。
dlga_id:close_window_95|{s5}
dlga_id:close_window.14|你 拿 的 是 什 么，小 子？一 张 用 卡 扎 利 德 语 写 的 地 图？！我 现 在 醉 得 太 厉 害，根 本 没 法 翻 译……不 过 你 可 以 拿 走 这 本 我 在 茅 房 里 捡 到 的 字 典。^^[你 将 这 些 注 记 抄 入 了 日 志。]
dlga_id:close_window.15|你 准 备 好 时，我 们 便 动 身……
dlga_id:close_window.16|今 天 请 不 要 再 浪 费 我 的 时 间 了，{reg33?女 士:先 生}。或 许 我 们 还 会 在 旅 途 中 相 遇。
dlga_id:companion_recruit_intro_response|{s5}
dlga_id:close_window_96|我 自 己 尚 在 服 役，不 能 招 募 任 何 人！
dlga_id:companion_recruit_backstory_a|{s6}
dlga_id:close_window.1_17|{s7}
dlga_id:companion_recruit_backstory_b|{s5}
dlga_id:companion_recruit_backstory_c|{s5}
dlga_id:companion_recruit_backstory_response|{s5}
dlga_id:companion_recruit_signup|{s6}
dlga_id:close_window_97|{s7}
dlga_id:companion_recruit_signup_b|{s5}
dlga_id:companion_recruit_signup_response|{s5}
dlga_id:close_window_98|很 遗 憾，我 的 队 伍 目 前 已 经 容 不 下 更 多 人 了。
dlga_id:companion_recruit_payment|{s6}
dlga_id:close_window.1_18|{s7}
dlga_id:companion_recruit_signup_confirm|.
dlga_id:companion_recruit_payment_response|{s5}
dlga_id:companion_recruit_signup_confirm_2|{s6}
dlga_id:close_window_99|抱 歉，我 现 在 付 不 起 这 么 多 钱。{reg33?:}
dlga_id:companion_recruit_meet_again|我 们 又 见 面 了。
dlga_id:companion_recruit_backstory_delayed|那 么……自 从 上 次 分 别，你 都 做 了 些 什 么？
dlga_id:close_window_100|日 安。
dlga_id:companion_recruit_secondchance|什 么 事？
dlga_id:companion_recruit_backstory_b_2|若 我 上 次 有 失 礼 之 处，还 请 原 谅。能 再 给 我 讲 讲 你 的 故 事 吗？
dlga_id:close_window_101|算 了。
dlga_id:companion_recruit_backstory_delayed_response|{s5}
dlga_id:companion_recruit_signup_b_2|也 许 我 的 队 伍 里 正 有 你 的 用 武 之 地。
dlga_id:close_window_102|若 我 听 到 什 么 消 息，会 告 诉 你。
dlga_id:close_window_103|好！给 我 片 刻 准 备，我 马 上 就 能 出 发。
dlga_id:companion_rehire|我 重 新 加 入 你 的 提 议 依 然 有 效—— 只 要 你 还 愿 意 接 纳 我。
dlga_id:companion_rehire.1|真 高 兴 你 还 活 着，{s5}！{s6}，我 根 本 不 知 道 你 究 竟 是 被 俘、战 死，还 是 成 功 逃 脱。自 那 以 后，我 一 直 四 处 寻 找 你。要 我 收 拾 好 装 备，重 新 加 入 你 的 队 伍 吗？{reg33?:}
dlga_id:companion_prison_break_chains|我 是 来 救 你 出 去 的。{reg33?:}
dlga_id:companion_prison_break_chains_2|谢 天 谢 地，你 终 于 来 了！不 过 腿 上 还 锁 着 这 些 铁 链，我 哪 儿 也 去 不 了。你 得 想 办 法 打 开 锁。
dlga_id:companion_prison_break_chains_3|让 我 试 试 撬 开 这 把 锁……（掠 夺 技 能）
dlga_id:close_window_104|看 来 我 得 从 看 门 守 卫 身 上 弄 到 钥 匙。
dlga_id:lord_prison_break_confirm|...
dlga_id:close_window_105|我 恐 怕 办 不 到。
dlga_id:companion_rehire.2|{s5}
dlga_id:companion_was_dismissed|真 高 兴 见 到 你，{s21}！说 实 话，我 一 直 盼 着 能 再 碰 见 你。
dlga_id:companion_rehire_2|{s5}。你 希 望 我 重 新 加 入 你 的 队 伍 吗？
dlga_id:companion_recruit_signup_confirm_3|欢 迎 回 来，我 的 朋 友！
dlga_id:companion_rehire_refused|抱 歉，我 的 队 伍 目 前 已 经 容 不 下 更 多 人 了。
dlga_id:close_window_106|好 吧……若 你 改 变 主 意，就 来 找 我，如 何？
dlga_id:companion_rehire.3|那 么……你 现 在 想 让 我 回 来 了 吗？
dlga_id:minister_pretalk|有 件 事 需 要 您 裁 决。{s11} 与 {s12} 的 争 执 已 经 发 展 到 有 失 体 面 的 地 步。若 您 介 入，可 能 会 得 罪 其 中 一 位 领 主；若 您 置 之 不 理，又 可 能 显 得 软 弱。这 便 是 王 冠 的 重 担，{reg33?我 的 女 士 :陛 下 }。
dlga_id:minister_talk|{s1} 目 前 尚 无 领 主。您 或 许 愿 意 暂 时 维 持 现 状，因 为 有 土 地 可 供 分 封 的 君 主 更 容 易 吸 引 领 主 投 效；但 在 此 期 间，也 无 人 替 您 收 取 那 里 的 租 税。
dlga_id:minister_talk.1|目 前 没 有 特 别 紧 急 的 事 务 需 要 您 处 理。不 过 容 我 直 言，大 人：我 并 不 精 通 政 略，也 渴 望 回 归 自 己 的 生 活。若 您 想 颁 布 最 基 本 命 令 以 外 的 政 令，最 好 任 命 一 位 值 得 信 任 的 同 伴 接 替 我。现 在 还 有 什 么 吩 咐？
dlga_id:minister_talk.2|请 容 我 进 一 言，我 的 {reg33?女 士:大 人}。你 作 为 独 立 君 主 的 统 治 权 似 乎 尚 未 得 到 充 分 承 认，这 日 后 可 能 带 来 麻 烦。或 许 应 寻 找 一 个 与 你 利 益 相 近 的 王 国，请 求 其 承 认，从 而 以 平 等 身 份 与 其 他 统 治 者 相 处。
dlga_id:minister_talk.3|现 在 没 有 什 么 特 别 紧 急 的 事 情 需 要 你 去 注 意。你 还 有 什 么 吩 咐 吗？
dlga_id:minister_talk_2|你 还 有 什 么 吩 咐 吗？
dlga_id:combined_political_quests|你 对 加 强 王 国 的 团 结 有 什 么 建 议？
dlga_id:minister_cancel_political_quest|放 弃 我 们 关 于 {s10} 的 计 划。
dlga_id:minister_cancel_political_quest_confirm|您 确 定 要 放 弃 那 个 计 划 吗？
dlga_id:minister_pretalk_2|是 的，我 确 定。放 弃 那 个 计 划。
dlga_id:minister_pretalk.1|其 实，算 了。
dlga_id:minister_diplomatic_kingdoms|我 想 派 遣 一 名 使 者。
dlga_id:minister_indict|我 想 以 叛 国 罪 起 诉 一 名 不 忠 的 封 臣。
dlga_id:minister_change_marshal|我 想 撤 换 元 帅 {s4}。
dlga_id:minister_change_marshal.1|我 想 任 命 一 位 新 元 帅。
dlga_id:minister_pretalk_3|您 才 刚 作 出 这 项 任 命，{reg33?女 士:陛 下}。若 如 此 迅 速 地 推 翻 自 己 的 命 令，必 会 造 成 严 重 混 乱。我 们 需 要 再 等 几 天。
dlga_id:minister_rename_court|我 想 为 首 都 改 名。
dlga_id:minister_pretalk_4|我 们 已 经 在 您 的 主 持 下 重 新 命 名 过 旧 都。城 中 居 民 这 次 不 会 再 接 受 改 名。
dlga_id:minister_pretalk.1_2|很 遗 憾，我 们 的 王 国 尚 不 够 集 权，无 法 替 所 有 臣 民 作 出 这 种 决 定。他 们 不 会 承 认 {s1} 是 首 都。
dlga_id:minister_rename_confirm|您 确 定 吗，陛 下？{s1} 的 市 民 未 必 欢 迎 这 般 突 如 其 来 的 改 名。招 牌 需 要 拆 换，档 案 也 要 重 新 誊 写，国 库 至 少 要 支 出 10000枚 金 币，才 能 使 决 定 正 式 生 效。^另 一 种 办 法，是 为 市 民 和 到 场 贵 族 举 办 一 场 宴 会，让 新 名 称 更 快 传 扬 开 来。^还 有，我 的 侄 女 才 为 您 的 主 桌 缝 好 这 块 蕾 丝 桌 巾；若 要 换 上 新 纹 样，还 需 要 一 匹 亚 麻 布。
dlga_id:minister_pretalk_5|新 时 代 将 在 此 破 晓—— 派 出 传 令 官 和 招 牌 画 匠！
dlga_id:minister_pretalk.1_3|很 好—— 让 所 有 在 场 的 贵 族 与 市 民 知 晓 我 们 的 决 定。
dlga_id:minister_pretalk.2|我 们 现 在 还 负 担 不 起。
dlga_id:spouse_organize_feast|我 们 最 好 开 始 筹 备 宴 会。
dlga_id:minister_pretalk.3|那 我 最 好 去 采 购 所 需 物 资。
dlga_id:minister_replace|我 希 望 你 卸 下 首 相 之 职。
dlga_id:minister_replace.1|我 希 望 你 重 新 加 入 我 的 队 伍。
dlga_id:minister_grant_fief|我 希 望 你 将 一 块 封 地 授 予 我 的 某 位 封 臣。
dlga_id:minister_grant_self_fief|我 想 亲 自 领 有 {s4}。
dlga_id:minister_pretalk_6|如 您 所 愿。您 将 成 为 {s4} 的 领 主。
dlga_id:close_window.17|多 谢 你 把 {s1} 借 给 我 们，{s0}。幸 好 你 当 时 就 在 附 近。
dlga_id:close_window.18|幸 好 你 在 这 里，{s0}。若 没 有 你，真 不 知 道 {reg1?我 们:我} 该 怎 么 办。
dlga_id:dplmc_recruiter_talk|您 好，{s0}。若 您 同 意，我 想 继 续 执 行 任 务。
dlga_id:close_window_107|好，继 续。
dlga_id:dplmc_recruiter_enough_talk|我 们 目 前 已 经 拥 有 所 需 的 全 部 兵 力。
dlga_id:dplmc_recruiter_enough_option|很 好。等 我 把 这 {reg1}名 新 兵 送 到 {s1}，便 会 离 开。您 想 先 带 走 一 些 吗？
dlga_id:close_window_108|看 来 我 在 这 里 的 差 事 已 经 办 完。请 代 我 向 治 安 官 问 好。
dlga_id:close_window_109|不，尽 快 赶 路。
dlga_id:dplmc_recruiter_enough_recruits|是 的，我 需 要 补 充 兵 力。
dlga_id:dplmc_recruiter_talk_2|希 望 这 批 新 兵 令 您 满 意。
dlga_id:dplmc_recruiter_talk_3|我 目 前 的 任 务 是 为 您 招 募 {reg1}名 {s1}。从 现 在 起，需 要 改 招 其 他 兵 种 吗？
dlga_id:close_window_110|不，继 续。
dlga_id:dplmc_recruiter_talk_4|{s11}.
dlga_id:dplmc_recruiter_talk_4.1|招 募 任 何 兵 种。
dlga_id:dplmc_messenger_talk|向 您 致 意。抱 歉，我 现 在 无 暇 交 谈，正 要 把 一 封 十 分 重 要 的 消 息 送 往 {s6}。
dlga_id:dplmc_messenger_talk_farewell|明 白，我 不 耽 搁 你。愿 你 一 路 顺 风！
dlga_id:close_window_111|多 谢。告 辞！
dlga_id:dplmc_patrol_talk|您 好，{s0}。我 们 仍 在 巡 逻 {s6}。有 新 的 命 令 吗？
dlga_id:dplmc_patrol_talk_2|您 好，{s0}。有 新 的 命 令 吗？
dlga_id:dplmc_patrol_talk_bandit_information|我 正 在 追 捕 一 群 符 合 以 下 特 征 的 山 贼……你 们 见 过 吗？
dlga_id:dplmc_patrol_talk_3|{s15}
dlga_id:dplmc_patrol_orders_area_ask|请 前 往 新 的 区 域 巡 逻。
dlga_id:dplmc_patrol_orders_area|我 们 该 去 哪 里？
dlga_id:dplmc_patrol_confirm_ask|{s11}.
dlga_id:dplmc_patrol_pretalk|算 了。
dlga_id:dplmc_patrol_confirm|遵 命，我 们 会 巡 逻 {s5}。
dlga_id:close_window_112|谢 谢。
dlga_id:dplmc_patrol_pretalk_2|等 等，我 改 变 主 意 了。
dlga_id:dplmc_patrol_orders_garrison_ask|我 需 要 你 们 增 援 一 处 驻 军。
dlga_id:dplmc_patrol_garrison_target|我 们 该 去 哪 里？
dlga_id:dplmc_patrol_pretalk_3|算 了。
dlga_id:dplmc_patrol_garrison_confirm|遵 命，我 们 会 增 援 {s5}。
dlga_id:close_window_113|谢 谢。
dlga_id:dplmc_patrol_pretalk_4|等 等，我 改 变 主 意 了。
dlga_id:dplmc_patrol_give_troops|我 想 交 给 你 一 些 士 兵。
dlga_id:dplmc_patrol_pretalk_5|我 确 实 用 得 上 一 些 精 兵。多 谢。
dlga_id:close_window_114|我 不 再 需 要 你 们 了。解 散 吧。
dlga_id:close_window.1_19|请 继 续。
dlga_id:dplmc_gift_talk|向 您 致 意。我 正 在 把 {s12} 运 往 {s13}。
dlga_id:dplmc_gift_talk_farewell|很 好！祝 你 一 路 顺 风。
dlga_id:close_window_115|多 谢。告 辞！
dlga_id:dplmc_scout_talk|陛 下，我 的 任 务 尚 未 完 成。
dlga_id:close_window_116|好，请 继 续。
dlga_id:dplmc_chancellor_talk|{reg33?夫 人 :陛 下 }？
dlga_id:dplmc_chancellor_talk_2|您 还 需 要 什 么 吗，{s0}？
dlga_id:dplmc_chancellor_domestic_policy_options_ask|谈 谈 我 们 的 内 政 方 针。
dlga_id:dplmc_chancellor_domestic_policy_options|如 您 所 愿，{s0}。
dlga_id:dplmc_chancellor_domestic_policy_info_ask|我 想 了 解 某 个 王 国 的 内 政 方 针。
dlga_id:dplmc_chancellor_domestic_policy_info_select|您 想 了 解 哪 个 王 国？
dlga_id:dplmc_chancellor_domestic_policy_info|{s10}.
dlga_id:dplmc_chancellor_pretalk|没 有。
dlga_id:dplmc_chancellor_domestic_policy_info_ask_2|{s20}
dlga_id:dplmc_chancellor_domestic_policy_ask|调 整 我 们 的 内 政 方 针。
dlga_id:dplmc_chancellor_pretalk_2|算 了。
dlga_id:close_window_117|作 弊
dlga_id:dplmc_chancellor_domestic_policy|{s20} 您 想 调 整 哪 一 项？
dlga_id:dplmc_chancellor_pretalk_3|{s20} 政 策 每 隔 {reg1}天 才 能 调 整 一 次，臣 民 需 要 时 间 适 应。我 们 还 必 须 等 待 {reg0}天。
dlga_id:dplmc_chancellor_domestic_policy_confirm|让 更 多 人 沦 为 农 奴。
dlga_id:dplmc_chancellor_domestic_policy_confirm.1|给 予 人 民 更 多 自 由。
dlga_id:dplmc_chancellor_domestic_policy_confirm.2|将 决 策 权 集 中 于 王 廷。
dlga_id:dplmc_chancellor_domestic_policy_confirm.3|给 予 地 方 当 局 更 多 自 治 权。
dlga_id:dplmc_chancellor_domestic_policy_confirm.4|军 队 宁 求 精 锐，不 求 数 量。
dlga_id:dplmc_chancellor_domestic_policy_confirm.5|数 量 本 身 就 是 一 种 优 势。军 队 宁 多 勿 精。
dlga_id:dplmc_chancellor_domestic_policy_confirm.6|赋 予 贵 族 更 多 权 力。
dlga_id:dplmc_chancellor_domestic_policy_confirm.7|赋 予 商 人 和 贸 易 行 会 更 多 权 力。
dlga_id:dplmc_chancellor_domestic_policy_confirm.8|更 积 极 地 干 预 经 济，提 高 产 量 并 扩 大 出 口。
dlga_id:dplmc_chancellor_domestic_policy_confirm.9|减 少 王 权 对 工 商 业 的 干 预。
dlga_id:dplmc_chancellor_pretalk_4|算 了。
dlga_id:dplmc_chancellor_pretalk_5|我 会 着 手 采 取 一 切 必 要 措 施。
dlga_id:dplmc_chancellor_info_kingdom_ask|我 想 了 解 一 位 领 主。
dlga_id:dplmc_chancellor_info_kingdom_select|您 得 说 得 更 具 体 些。我 需 要 查 阅 名 册，才 能 记 清 这 些 争 吵 不 休 的 领 主 分 别 属 于 哪 个 阵 营……
dlga_id:dplmc_chancellor_info_person_ask|{s11}.
dlga_id:dplmc_chancellor_pretalk_6|算 了。
dlga_id:dplmc_chancellor_info_person_select|您 想 了 解 哪 位 领 主？
dlga_id:dplmc_chancellor_info_person|{s1}.
dlga_id:dplmc_chancellor_pretalk_7|谁 也 不 问。
dlga_id:dplmc_chancellor_pretalk_8|{s47}
dlga_id:dplmc_chancellor_cur_stance|诸 位 领 主 对 {s4} 的 分 封 有 何 看 法？
dlga_id:dplmc_chancellor_pretalk_9|{s10}
dlga_id:dplmc_chancellor_message_ask_type|替 我 向 另 一 位 领 主 传 信。
dlga_id:dplmc_chancellor_message_lord_select|您 想 把 消 息 送 给 谁？
dlga_id:dplmc_chancellor_message_ask|{s1}.
dlga_id:dplmc_chancellor_pretalk_10|算 了。
dlga_id:dplmc_chancellor_pretalk_11|我 想 不 到 合 适 的 人。
dlga_id:dplmc_chancellor_message_select|您 想 对 {s6} 说 些 什 么？
dlga_id:dplmc_chancellor_message_lord_ask|询 问 {reg4?她 :他 } 是 否 愿 意 随 我 出 征。
dlga_id:dplmc_chancellor_message_goto_lord_ask|询 问 {reg4?她:他} 是 否 愿 意 前 往 某 个 地 点 {reg4?:}。
dlga_id:dplmc_chancellor_message_goto_lord_ask.1|询 问 {reg4?她:他} 是 否 愿 意 巡 逻 某 个 地 点 {reg4?:}。
dlga_id:dplmc_chancellor_message_goto_lord_ask.2|询 问 {reg4?她:他} 是 否 愿 意 撤 退 到 某 个 地 点 {reg4?:}。
dlga_id:dplmc_chancellor_message_goto_lord_ask.3|询 问 {reg4?她:他} 是 否 愿 意 围 攻 某 个 地 点 {reg4?:}。
dlga_id:dplmc_chancellor_message_goto_lord_ask.4|询 问 {reg4?她:他} 是 否 愿 意 劫 掠 某 地 周 边 {reg4?:}。
dlga_id:dplmc_chancellor_pretalk_12|算 了。
dlga_id:dplmc_chancellor_message_order_details|您 想 命 令 {reg4?她 :他 } 前 往 哪 里？
dlga_id:dplmc_chancellor_message_lord_ask_2|{s1}
dlga_id:dplmc_chancellor_pretalk_13|哪 里 也 不 去。
dlga_id:dplmc_message_send_confirm|当 然。我 会 派 信 使 前 往 {s11}，询 问 {reg4?她:他} 是 否 愿 意 随 您 出 征。
dlga_id:dplmc_message_send_confirm.1|当 然。我 会 派 信 使 前 往 {s11}，询 问 {reg4?她:他} 是 否 愿 意 前 往 {s12}{reg4?:}。
dlga_id:dplmc_message_send_confirm.2|当 然。我 会 派 信 使 前 往 {s11}，询 问 {reg4?她:他} 是 否 愿 意 在 {s12} 周 边 巡 逻 {reg4?:}。
dlga_id:dplmc_message_send_confirm.3|当 然。我 会 派 信 使 前 往 {s11}，询 问 {reg4?她:他} 是 否 愿 意 撤 退 到 {s12}{reg4?:}。
dlga_id:dplmc_message_send_confirm.4|当 然。我 会 派 信 使 前 往 {s11}，询 问 {reg4?她:他} 是 否 愿 意 围 攻 {s12}{reg4?:}。
dlga_id:dplmc_message_send_confirm.5|当 然。我 会 派 信 使 前 往{s11}，询 问{reg4?如 果 她 准 备 好 了:如 果 准 备 好}是 否 愿 意 在{s12}周 边 劫 掠。
dlga_id:dplmc_chancellor_pretalk_14|多 谢。
dlga_id:dplmc_chancellor_pretalk.1|我 改 变 主 意 了。
dlga_id:dplmc_chancellor_gift_ask_where|我 想 送 出 一 份 礼 物。
dlga_id:dplmc_chancellor_pretalk_15|国 库 里 没 有 足 够 资 金 送 礼！送 出 一 份 礼 物 需 要 花 费 50枚 金 币。
dlga_id:dplmc_chancellor_gift_where|送 出 一 份 礼 物 需 要 花 费 50枚 金 币，我 会 从 国 库 中 支 取。您 想 把 礼 物 送 给 某 个 人，还 是 某 处 定 居 点？
dlga_id:dplmc_chancellor_gift_ask_person|送 给 一 个 人。
dlga_id:dplmc_chancellor_center_gift_ask_type|送 给 一 处 定 居 点。
dlga_id:dplmc_chancellor_pretalk_16|哪 里 也 不 送。
dlga_id:dplmc_chancellor_center_gift_select|我 建 议 送 出 300份 熏 鱼、奶 酪 或 蜂 蜜。若 府 库 中 存 量 足 够，我 会 命 仆 人 送 去。
dlga_id:dplmc_chancellor_center_gift_kingdom_ask|送 些 熏 鱼。
dlga_id:dplmc_chancellor_center_gift_kingdom_ask.1|送 些 奶 酪。
dlga_id:dplmc_chancellor_center_gift_kingdom_ask.2|送 些 蜂 蜜。
dlga_id:dplmc_chancellor_pretalk_17|算 了。
dlga_id:dplmc_chancellor_center_gift_kingdom_select|礼 物 要 送 往 哪 处 定 居 点？
dlga_id:dplmc_chancellor_center_gift_lord_ask|送 往 {s11}。
dlga_id:dplmc_chancellor_pretalk_18|算 了。
dlga_id:dplmc_chancellor_pretalk_19|鉴 于 我 们 正 与 {s11} 交 战，而 且 他 们 尚 未 正 式 承 认 您 的 合 法 地 位，任 何 派 出 的 信 使 都 有 可 能 被 当 作 强 盗 绞 死。
dlga_id:dplmc_chancellor_center_gift_lord_select|您 想 把 礼 物 送 给 哪 处 定 居 点？
dlga_id:dplmc_chancellor_center_gift_send_ask|{s11}.
dlga_id:dplmc_chancellor_pretalk_20|我 改 变 主 意 了。
dlga_id:dplmc_chancellor_center_gift_send_confirm|我 会 派 一 名 仆 人，把 {s6} 送 往 {s11}。
dlga_id:dplmc_chancellor_pretalk_21|多 谢。
dlga_id:dplmc_chancellor_pretalk.1_2|算 了。
dlga_id:dplmc_chancellor_gift_lady_or_lord|您 想 把 礼 物 送 给 一 位 贵 妇，还 是 一 位 领 主？
dlga_id:dplmc_chancellor_gift_ask_type|请 替 我 给 一 位 领 主 送 份 礼 物。
dlga_id:dplmc_chancellor_gift_select|我 建 议 送 上 150份 麦 芽 酒、葡 萄 酒 或 油。若 府 库 中 存 量 足 够，我 会 命 脚 夫 送 去。
dlga_id:dplmc_chancellor_gift_kingdom_ask|送 些 麦 芽 酒。
dlga_id:dplmc_chancellor_gift_kingdom_ask.1|送 些 葡 萄 酒。
dlga_id:dplmc_chancellor_gift_kingdom_ask.2|送 些 油。
dlga_id:dplmc_chancellor_pretalk_22|算 了。
dlga_id:dplmc_chancellor_gift_kingdom_select|您 想 送 礼 的 领 主 居 于 何 处？
dlga_id:dplmc_chancellor_gift_lord_ask|在 {s11}。
dlga_id:dplmc_chancellor_pretalk_23|算 了。
dlga_id:dplmc_chancellor_pretalk_24|鉴 于 我 们 正 与 {s11} 交 战，而 且 他 们 尚 未 正 式 承 认 您 的 合 法 地 位，任 何 派 出 的 信 使 都 有 可 能 被 当 作 强 盗 绞 死。
dlga_id:dplmc_chancellor_gift_lord_select|您 想 把 礼 物 送 给 谁？
dlga_id:dplmc_chancellor_gift_send_ask|{s11}.
dlga_id:dplmc_chancellor_pretalk_25|我 想 不 到 合 适 的 人。
dlga_id:dplmc_chancellor_gift_send_confirm|我 会 派 一 名 仆 人，把 {s6} 送 往 {s11}。
dlga_id:dplmc_chancellor_pretalk_26|多 谢。
dlga_id:dplmc_chancellor_pretalk.1_3|算 了。
dlga_id:dplmc_chancellor_lady_gift_ask_type|请 替 我 给 一 位 贵 妇 送 份 礼 物。
dlga_id:dplmc_chancellor_pretalk_27|算 了。
dlga_id:dplmc_chancellor_lady_gift_select|我 建 议 送 上 染 料、丝 绸 或 天 鹅 绒。若 府 库 中 存 量 足 够，我 会 命 仆 人 送 去。
dlga_id:dplmc_chancellor_lady_gift_kingdom_ask|送 些 染 料。
dlga_id:dplmc_chancellor_lady_gift_kingdom_ask.1|送 些 丝 绸。
dlga_id:dplmc_chancellor_lady_gift_kingdom_ask.2|送 些 天 鹅 绒。
dlga_id:dplmc_chancellor_pretalk_28|算 了。
dlga_id:dplmc_chancellor_lady_gift_kingdom_select|那 位 贵 妇 居 于 何 处？
dlga_id:dplmc_chancellor_lady_gift_lady_ask|在 {s11}。
dlga_id:dplmc_chancellor_pretalk_29|算 了。
dlga_id:dplmc_chancellor_pretalk_30|鉴 于 我 们 正 与 {s11} 交 战，而 且 他 们 尚 未 正 式 承 认 您 的 合 法 地 位，任 何 派 出 的 信 使 都 有 可 能 被 当 作 强 盗 绞 死。
dlga_id:dplmc_chancellor_lady_gift_lady_select|您 想 把 礼 物 送 给 哪 位 贵 妇？
dlga_id:dplmc_chancellor_lady_gift_send_ask|{s11}.
dlga_id:dplmc_chancellor_pretalk_31|我 想 不 到 合 适 的 人。
dlga_id:dplmc_chancellor_lady_gift_send_confirm|我 会 派 一 名 仆 人，把 {s6} 送 往 {s11}。
dlga_id:dplmc_chancellor_pretalk_32|多 谢。
dlga_id:dplmc_chancellor_pretalk.1_4|算 了。
dlga_id:dplmc_chancellor_talk_household|查 看 府 库 中 的 物 品。
dlga_id:spouse_equip|亲 爱 的，把 头 饰 摘 下 来，让 我 看 看 你 的 头 发。
dlga_id:spouse_pretalk|当 然，亲 爱 的。如 你 所 愿……
dlga_id:dplmc_chancellor_pretalk_33|贵 重 之 物 最 好 都 存 放 在 府 库 中。
dlga_id:dplmc_chancellor_pretalk_34|我 想 看 看 各 处 备 用 仓 库 中 存 放 的 物 品。
dlga_id:dplmc_chancellor_dismiss_confirm_ask|我 不 再 需 要 你 的 效 劳 了。
dlga_id:dplmc_chancellor_dismiss_confirm|您 确 定 不 再 需 要 我 效 劳 了 吗？
dlga_id:dplmc_chancellor_dismiss_confirm_yes|是 的，我 意 已 决。{reg33?:}
dlga_id:close_window_118|如 您 所 愿。
dlga_id:dplmc_chancellor_pretalk_35|不，我 还 没 有 决 定。
dlga_id:close_window_119|再 会。
dlga_id:close_window.19|我 很 快 便 会 离 开 这 座 宫 廷。愿 我 多 少 曾 为 您 尽 过 一 份 力，{playername}。
dlga_id:dplmc_constable_talk|随 时 听 候 您 的 吩 咐！
dlga_id:dplmc_constable_talk_2|您 还 有 别 的 吩 咐 吗，{s0}？
dlga_id:dplmc_constable_talk_ask_war|战 事 进 展 如 何？
dlga_id:dplmc_constable_talk_ask_war_2|{s12}
dlga_id:dplmc_constable_talk_ask_war_details|详 细 说 说 我 们 与 {s1} 的 战 事。
dlga_id:dplmc_constable_pretalk|我 想 知 道 的 就 这 些。多 谢。
dlga_id:dplmc_constable_scout_ask|我 需 要 一 处 定 居 点 的 情 报。
dlga_id:dplmc_constable_scout_location|我 们 可 以 派 出 一 名 探 子，费 用 为 300枚 金 币。您 想 让 他 去 哪 里？
dlga_id:dplmc_constable_pretalk_2|我 改 变 主 意 了。
dlga_id:dplmc_constable_scout_location2|您 想 监 视 哪 处 定 居 点？
dlga_id:dplmc_constable_pretalk_3|我 改 变 主 意 了。
dlga_id:dplmc_constable_scout_location_confirm|遵 命。我 会 派 一 名 探 子 前 往 {s11}，并 从 国 库 中 支 取 300枚 金 币。
dlga_id:dplmc_constable_pretalk_4|很 好。
dlga_id:dplmc_constable_pretalk.1|等 等！
dlga_id:dplmc_constable_talk_ask_prisoner|我 想 释 放 一 名 俘 虏。
dlga_id:dplmc_constable_talk_prisoner_select|好 的，您 想 释 放 哪 名 俘 虏？
dlga_id:dplmc_constable_exchange_prisoner_ask_confirm|{s11} 的 {s10}
dlga_id:dplmc_constable_pretalk_5|谁 也 不 放。
dlga_id:dplmc_constable_exchange_prisoner_confirm|遵 命。我 会 通 知 狱 卒，释 放 {s11} 的 {s10}。
dlga_id:dplmc_constable_pretalk_6|很 好，就 这 么 办。
dlga_id:dplmc_constable_pretalk.1_2|不，我 改 变 主 意 了。
dlga_id:dplmc_constable_reports_ask|向 我 呈 交 一 份 报 告。
dlga_id:dplmc_constable_reports|您 想 听 取 哪 方 面 的 报 告？
dlga_id:dplmc_constable_kingdom_overview|呈 报 王 国 军 队 的 状 况。
dlga_id:dplmc_constable_overview|呈 报 我 麾 下 军 队 的 状 况。
dlga_id:dplmc_constable_lord|呈 报 一 位 领 主 战 团 的 状 况。
dlga_id:dplmc_constable_status_lord_select|好 的，您 想 了 解 哪 位 领 主 的 部 队？
dlga_id:dplmc_constable_reports_ask_4|算 了。
dlga_id:dplmc_constable_status|呈 报 一 处 封 地 的 驻 军 状 况。
dlga_id:dplmc_constable_status_select_fief|您 想 了 解 哪 处 封 地？
dlga_id:dplmc_constable_status_2|那 里 没 有 驻 军。所 幸 我 们 的 旗 帜 足 以 把 寻 常 匪 徒 吓 退。
dlga_id:dplmc_constable_reports_ask_5|算 了。
dlga_id:dplmc_constable_pretalk_7|多 谢，暂 时 就 这 些。
dlga_id:dplmc_constable_pretalk_8|我 想 查 看 军 械 库。
dlga_id:dplmc_constable_recruits_and_training_ask|谈 谈 征 募 与 训 练 新 兵 的 事。
dlga_id:dplmc_constable_recruits_and_training|当 然。
dlga_id:dplmc_constable_train_ask|请 替 我 训 练 一 批 新 兵。
dlga_id:dplmc_constable_train_select|当 然。您 想 让 我 们 在 哪 里 训 练 他 们？
dlga_id:dplmc_constable_train_type|您 希 望 我 在 {s11} 训 练 哪 一 类 部 队？
dlga_id:dplmc_constable_pretalk_9|算 了。
dlga_id:dplmc_constable_train_improved_ask|{s1}.
dlga_id:dplmc_constable_train_center|若 您 愿 意，我 可 以 增 聘 教 官，让 新 兵 受 训 得 更 快、更 好。此 举 每 天 需 额 外 花 费 {reg10}枚 金 币。
dlga_id:dplmc_constable_train_improved|若 您 愿 意，我 可 以 增 聘 教 官，提 高 新 兵 的 训 练 成 效。每 提 升 一 级 训 练，每 天 需 额 外 花 费 {reg10}枚 金 币。
dlga_id:dplmc_constable_train_center_2|{s1} 级 教 官 就 够 用 了。
dlga_id:dplmc_constable_train_center.1|好，请 雇 用 {s1} 级 教 官。
dlga_id:dplmc_constable_train_center.2|我 认 为 值 得 雇 用 {s1} 级 教 官。
dlga_id:dplmc_constable_train_center.3|不 惜 代 价，雇 用 {s1} 级 教 官。
dlga_id:dplmc_constable_train_center.4|不，你 得 独 自 训 练 他 们。
dlga_id:dplmc_constable_pretalk_10|明 白。我 会 在 {s11}{s12} 训 练 遇 到 的 第 一 批 新 兵。请 确 保 国 库 中 有 足 够 的 资 金 为 他 们 置 办 装 备 {s13}。若 附 近 建 有 训 练 场，我 们 还 能 训 练 更 多 部 队。
dlga_id:dplmc_constable_pretalk_11|我 改 变 主 意 了，也 许 你 不 该 训 练 他 们。
dlga_id:dplmc_constable_train_stop|停 止 在 {s11} 训 练 新 兵。
dlga_id:dplmc_constable_pretalk_12|如 您 所 愿。
dlga_id:dplmc_constable_recruit|我 想 征 募 一 批 新 兵。
dlga_id:dplmc_constable_pretalk_13|征 募 新 兵 需 要 国 库 拨 款。您 得 先 任 命 一 位 掌 玺 大 臣。
dlga_id:dplmc_constable_pretalk.1_3|你 在 此 地 雇 用 的 征 募 官 已 经 达 到 上 限。
dlga_id:dplmc_constable_recruit_select|若 您 同 意，我 会 派 征 募 官 前 往 附 近 村 庄 征 召 新 兵。招 满 指 定 人 数 后，他 会 返 回 这 座 {reg0?城 镇:城 堡}，把 新 兵 编 入 守 军。城 堡 最 多 可 同 时 派 出 2名 征 募 官，城 镇 最 多 4名。此 外，孤 身 携 带 一 大 袋 金 币 赶 路，往 往 会 招 来 麻 烦。您 想 征 募 哪 一 类 新 兵？
dlga_id:dplmc_constable_recruit_amount|{s11}.
dlga_id:dplmc_constable_recruit_amount_select|每 名 新 兵 需 花 费 {reg10}枚 金 币，另 需 支 付 征 募 官 {reg11}枚 金 币。我 会 从 国 库 中 支 取。您 愿 意 出 钱 征 募 多 少 人？
dlga_id:dplmc_constable_pretalk_14|我 可 以 亲 自 去 征 募。
dlga_id:dplmc_constable_recruit_confirm_ask|{reg12}.
dlga_id:dplmc_constable_recruit_confirm|您 确 定 要 征 募 {reg11}名 {s11} 农 民 吗？
dlga_id:dplmc_constable_pretalk_15|是。
dlga_id:dplmc_constable_pretalk.1_4|否。
dlga_id:dplmc_constable_pretalk_16|我 改 变 主 意 了。
dlga_id:dplmc_constable_security_ask|谈 谈 巡 逻 与 调 兵 之 事。
dlga_id:dplmc_constable_security|当 然。
dlga_id:dplmc_constable_move_troops|我 想 把 一 批 军 队 调 往 别 处。
dlga_id:dplmc_constable_move_troops_location|您 想 把 军 队 调 往 何 处？
dlga_id:dplmc_constable_pretalk_17|哪 里 也 不 去。
dlga_id:dplmc_constable_pretalk_18|您 没 有 选 中 任 何 士 兵。看 来 您 改 变 主 意 了。
dlga_id:dplmc_constable_move_troops_location_confirm|您 确 定 要 把 这 些 军 队 调 往 {s9} 吗？此 举 将 花 费 {reg5}枚 金 币。
dlga_id:dplmc_constable_pretalk_19|是。
dlga_id:dplmc_constable_pretalk.1_5|不。让 我 先 看 看 国 库 是 否 负 担 得 起。
dlga_id:dplmc_constable_patrol_size_ask|我 想 组 建 一 支 巡 逻 队。
dlga_id:dplmc_constable_patrol_size|您 可 以 从 驻 军 中 抽 调 人 手，也 可 以 征 募 新 兵。若 选 择 征 募，小 型 巡 逻 队 需 1000枚 金 币，中 型 需 2000枚，大 型 需 4000枚；还 可 花 费 6000枚 金 币 组 建 一 支 小 型 精 锐 巡 逻 队。士 兵 每 周 都 要 领 取 军 饷，请 确 保 国 库 中 有 足 够 的 钱。
dlga_id:dplmc_constable_patrol_size.1|眼 下 没 有 可 供 征 募 的 新 兵，还 需 等 待 {reg0}天。{reg1?但 你 可 以 从 你 的 驻 军 中 调 遣 :我 们 的 驻 守 部 队 也 没 有 任 何 准 备 }。
dlga_id:dplmc_constable_patrol_garrison|从 驻 军 中 抽 调 人 手。
dlga_id:dplmc_constable_patrol_garrison_2|{reg33?夫 人 :大 人 }，请 挑 选 巡 逻 队 的 人 手。
dlga_id:dplmc_constable_pretalk_20|您 没 有 选 中 任 何 士 兵。看 来 您 改 变 主 意 了。
dlga_id:dplmc_constable_patrol_garrison_location|您 想 把 巡 逻 队 派 往 何 处？
dlga_id:dplmc_constable_pretalk_21|您 没 有 选 中 任 何 士 兵。看 来 您 改 变 主 意 了。
dlga_id:dplmc_constable_patrol_garrison_confirm|您 确 定 要 派 这 支 巡 逻 队 前 往 {s9} 吗？
dlga_id:dplmc_constable_pretalk_22|是。
dlga_id:dplmc_constable_pretalk.1_6|否。
dlga_id:dplmc_constable_patrol_location_ask|组 建 一 支 小 型 巡 逻 队。
dlga_id:dplmc_constable_patrol_location_ask.1|组 建 一 支 中 型 巡 逻 队。
dlga_id:dplmc_constable_patrol_location_ask.2|组 建 一 支 大 型 巡 逻 队。
dlga_id:dplmc_constable_patrol_location_ask.3|挑 选 本 地 最 精 锐 的 士 兵。
dlga_id:dplmc_constable_pretalk_23|都 不 要。
dlga_id:dplmc_constable_patrol_location|您 想 把 巡 逻 队 派 往 何 处？
dlga_id:dplmc_constable_pretalk_24|哪 里 也 不 去。
dlga_id:dplmc_constable_patrol_confirm|您 确 定 要 派 一 支 {s8} 前 往 {s9} 巡 逻 吗？
dlga_id:dplmc_constable_pretalk_25|是。
dlga_id:dplmc_constable_pretalk.1_7|否。
dlga_id:dplmc_constable_patrol_change_ask|我 想 更 改 一 支 巡 逻 队 的 巡 逻 目 标。
dlga_id:dplmc_constable_patrol_change|您 想 让 哪 支 巡 逻 队 改 换 目 标？
dlga_id:dplmc_constable_security_ask_2|哪 一 支 也 不 改。
dlga_id:dplmc_constable_patrol_change_target|您 想 把 它 派 往 何 处？
dlga_id:dplmc_constable_security_ask_3|哪 里 也 不 去。
dlga_id:dplmc_constable_patrol_change_target_confirm|遵 命。我 会 把 巡 逻 {s6} 的 命 令 交 给 信 使，送 往 {s5}。
dlga_id:dplmc_constable_security_ask_4|多 谢。
dlga_id:dplmc_constable_security_ask.1|等 等，还 是 算 了。
dlga_id:dplmc_constable_patrol_to_center_ask|我 想 命 令 一 支 巡 逻 队 返 回 驻 地。
dlga_id:dplmc_constable_patrol_to_center|您 想 让 哪 支 巡 逻 队 返 回 驻 地？
dlga_id:dplmc_constable_security_ask_5|哪 一 支 也 不 调。
dlga_id:dplmc_constable_patrol_to_center_target|您 想 让 它 前 往 哪 处 驻 地？
dlga_id:dplmc_constable_security_ask_6|哪 里 也 不 去。
dlga_id:dplmc_constable_patrol_to_center_confirm|遵 命。我 会 把 前 往 {s6} 的 命 令 交 给 信 使，送 往 {s5}。
dlga_id:dplmc_constable_security_ask_7|多 谢。
dlga_id:dplmc_constable_security_ask.1_2|等 等，还 是 算 了。
dlga_id:dplmc_constable_patrol_disband_ask|我 想 解 散 一 支 巡 逻 队。
dlga_id:dplmc_constable_patrol_disband|您 想 解 散 哪 支 巡 逻 队？
dlga_id:dplmc_constable_pretalk_26|哪 一 支 也 不 解 散。
dlga_id:dplmc_constable_patrol_disband_confirm|遵 命。我 会 派 信 使 前 往 {s5}，传 达 解 散 巡 逻 队 的 命 令。
dlga_id:dplmc_constable_security_ask_8|多 谢。
dlga_id:dplmc_constable_security_ask.1_3|否。
dlga_id:dplmc_constable_pretalk_27|算 了。
dlga_id:dplmc_constable_prisoner|我 手 里 有 些 俘 虏，你 能 替 我 把 他 们 卖 掉 吗？
dlga_id:dplmc_constable_pretalk.1_8|卖 掉 地 牢 中 的 全 部 {reg28}名 俘 虏。
dlga_id:dplmc_constable_garrison_prisoner_sell|当 然，{s0}。地 牢 里 还 剩 {reg0}名 俘 虏 {reg1?以 及 {reg1}个 贵 族 被 监 禁 :}。
dlga_id:dplmc_constable_garrison_prisoner_manage|继 续 出 售。
dlga_id:dplmc_constable_garrison_prisoner_done|到 此 为 止。
dlga_id:dplmc_constable_pretalk_28|但 愿 他 们 能 去 干 些 正 经 营 生，而 不 是 继 续 烂 在 地 牢 里。
dlga_id:dplmc_constable_pretalk_29|马 上 去 办，{s0}。
dlga_id:dplmc_constable_dismiss_confirm_ask|我 不 再 需 要 你 的 效 劳 了。
dlga_id:dplmc_constable_dismiss_inventory|若 这 是 您 的 决 定，{s0}。不 过 我 手 中 还 有 些 您 托 付 给 我 的 装 备；在 离 任 之 前，理 应 先 将 它 们 妥 善 交 还。
dlga_id:dplmc_constable_dismiss_confirm|您 确 定 不 再 需 要 我 效 劳 了 吗？{reg33?:}
dlga_id:dplmc_constable_dismiss_confirm_ask_2|好，让 我 先 看 看……
dlga_id:dplmc_constable_pretalk_30|仔 细 想 想，我 仍 然 需 要 你 留 在 任 上。
dlga_id:dplmc_constable_dismiss_confirm_yes|是 的，我 意 已 决。{reg33?:}
dlga_id:dplmc_constable_pretalk_31|不，我 还 没 有 决 定。
dlga_id:close_window_120|如 您 所 愿。
dlga_id:close_window.20|我 会 怀 念 侍 奉 在 您 身 侧 的 日 子，{playername}。愿 您 的 刀 刃 永 远 锋 利，箭 矢 永 不 偏 离。
dlga_id:close_window_121|多 谢。我 稍 后 再 来。
dlga_id:banker_associate_talk|日 安，{s0}。
dlga_id:bank_associate_explain|金 印 银 行 是 什 么？
dlga_id:bank_associate_response|我 想 开 设 一 个 账 户。
dlga_id:bank_talk|我 想 处 理 账 户 事 务。
dlga_id:close_window_122|日 安。
dlga_id:bank_associate_explain2|看 来 您 还 不 曾 听 说 过 我 们，{s0}，{s3}。
dlga_id:bank_associate_explain3|金 印 银 行 为 世 界 各 族 的 权 贵 与 显 要 保 管 财 富。战 火 蔓 延、堡 垒 陷 落 时，任 何 体 面 的 客 户 都 需 要 一 个 可 以 安 全 取 用 国 库 资 金 的 地 方。我 们 始 终 保 持 中 立，让 商 贸 不 受 征 服 野 心 与 全 面 战 争 的 残 酷 所 阻。
dlga_id:bank_associate_explain4|存 入 本 行 金 库 的 黄 金 绝 对 安 全。数 百 年 来，我 们 一 直 是 保 管 世 间 巨 额 财 富 时 公 认 的 安 全 与 效 率 典 范。
dlga_id:banker_associate_talk_2|您 一 获 封 领 地，掌 玺 大 臣 便 替 您 在 本 行 开 设 了 账 户—— 明 智 之 举。今 后 若 需 迅 速 而 安 全 地 存 取 国 库 资 金，只 需 寻 找 任 何 一 位 金 印 银 行 职 员。
dlga_id:bank_associate_question|金 印 银 行 力 求 在 各 地 显 赫 宫 廷 中 都 设 有 代 表，因 此 大 多 数 领 主 大 厅 里 都 能 见 到 我 们 的 职 员。
dlga_id:bank_associate_response_2|我 的 财 力 与 日 俱 增。我 能 在 贵 行 开 设 账 户 吗？
dlga_id:banker_pretalk|有 意 思。只 希 望 终 焉 之 时 别 来 得 太 快，坏 了 这 场 好 戏。
dlga_id:close_window_123|恐 怕 不 行，{s0}。本 行 只 接 待 我 们 熟 悉 且 足 以 信 任 其 名 誉 与 财 力 的 显 贵。或 许 您 可 以 去 试 试 穆 特 银 行。
dlga_id:bank_associate_response2|可 以 考 虑，{s0}。在 本 行 开 户 需 要 先 存 入 10000枚 金 币。若 您 带 够 了 钱，我 现 在 便 可 替 您 办 理。
dlga_id:bank_associate_response3|{s3}。您 要 现 在 开 户 吗？^^（账 户 会 收 取 每 周 费 用，且 一 经 开 立 便 无 法 注 销。）
dlga_id:banker_pretalk_2|我 暂 时 拿 不 出 这 么 大 一 笔 钱。
dlga_id:bank_associate_invest|好，我 要 开 户。这 是 所 需 的 起 始 存 款。
dlga_id:banker_pretalk.1|这 笔 钱 我 拿 得 出，但 眼 下 另 有 更 要 紧 的 用 处。以 后 再 说 吧。
dlga_id:banker_associate_talk_3|很 好，{s0}。今 后 若 要 存 款 或 取 款，找 任 何 一 位 本 行 职 员 即 可。感 谢 您 成 为 金 印 银 行 的 贵 客。
dlga_id:bank_talk_2|还 有 别 的 事 吗，{s0}？
dlga_id:banker_associate_talk_4|还 有 别 的 事 吗，{s0}？
dlga_id:dplmc_bank_overview|呈 交 一 份 我 的 财 务 报 告。
dlga_id:bank_treasury|我 想 查 问 账 户 资 金。
dlga_id:bank_treasury_action|您 的 账 户 中 现 有 {s4} 金 币，另 有 {s6} 债 务。您 想 如 何 处 理？
dlga_id:bank_treasury_action_pay|我 想 存 入 资 金。
dlga_id:bank_treasury_action_pay_select|账 户 中 现 有 {s4} 金 币。您 想 再 存 入 多 少，{s0}？
dlga_id:bank_treasury_action_pay_2|存 入 100枚 金 币。
dlga_id:bank_treasury_action_pay.1|存 入 200枚 金 币。
dlga_id:bank_treasury_action_pay.2|存 入 500枚 金 币。
dlga_id:bank_treasury_action_pay.3|存 入 1000枚 金 币。
dlga_id:bank_treasury_action_pay.4|存 入 2000枚 金 币。
dlga_id:bank_treasury_action_pay.5|存 入 5000枚 金 币。
dlga_id:bank_treasury_action_pay.6|存 入 10000枚 金 币。
dlga_id:bank_pretalk_2|算 了。
dlga_id:bank_treasury_action_withdraw|我 想 取 出 资 金。
dlga_id:bank_treasury_action_withdraw_select|账 户 中 现 有 {s4} 金 币。您 想 取 出 多 少，{s0}？
dlga_id:bank_treasury_action_withdraw_2|取 出 100枚 金 币。
dlga_id:bank_treasury_action_withdraw.1|取 出 200枚 金 币。
dlga_id:bank_treasury_action_withdraw.2|取 出 500枚 金 币。
dlga_id:bank_treasury_action_withdraw.3|取 出 1000枚 金 币。
dlga_id:bank_treasury_action_withdraw.4|取 出 2000枚 金 币。
dlga_id:bank_treasury_action_withdraw.5|取 出 5000枚 金 币。
dlga_id:bank_treasury_action_withdraw.6|取 出 10000枚 金 币。
dlga_id:bank_pretalk_3|算 了。
dlga_id:bank_pretalk_4|多 谢，暂 时 就 这 些。
dlga_id:close_window_124|不 必 客 气。日 安。
dlga_id:dplmc_chamberlain_talk|是 的，{s0}？
dlga_id:dplmc_chamberlain_talk_2|还 有 别 的 事 吗，{s0}？
dlga_id:dplmc_chamberlain_overview|呈 交 一 份 财 务 报 告。
dlga_id:dplmc_chamberlain_treasury|查 看 国 库。
dlga_id:dplmc_chamberlain_treasury_action|国 库 中 现 有 {s4} 金 币，另 有 {s6} 债 务。您 想 如 何 处 理？
dlga_id:dplmc_chamberlain_treasury_action_pay|我 想 向 国 库 存 入 资 金。
dlga_id:dplmc_chamberlain_treasury_action_pay_select|国 库 中 现 有 {s4} 金 币。陛 下，您 想 存 入 多 少？
dlga_id:dplmc_chamberlain_treasury_action_pay_2|存 入 100枚 金 币。
dlga_id:dplmc_chamberlain_treasury_action_pay.1|存 入 200枚 金 币。
dlga_id:dplmc_chamberlain_treasury_action_pay.2|存 入 500枚 金 币。
dlga_id:dplmc_chamberlain_treasury_action_pay.3|存 入 1000枚 金 币。
dlga_id:dplmc_chamberlain_treasury_action_pay.4|存 入 2000枚 金 币。
dlga_id:dplmc_chamberlain_treasury_action_pay.5|存 入 5000枚 金 币。
dlga_id:dplmc_chamberlain_treasury_action_pay.6|存 入 10000枚 金 币。
dlga_id:dplmc_chamberlain_pretalk_2|算 了。
dlga_id:dplmc_chamberlain_treasury_action_withdraw|我 想 从 国 库 中 取 出 资 金。
dlga_id:dplmc_chamberlain_treasury_action_withdraw_select|国 库 中 现 有 {s4} 金 币。陛 下，您 想 取 出 多 少？
dlga_id:dplmc_chamberlain_treasury_action_withdraw_2|取 出 100枚 金 币。
dlga_id:dplmc_chamberlain_treasury_action_withdraw.1|取 出 200枚 金 币。
dlga_id:dplmc_chamberlain_treasury_action_withdraw.2|取 出 500枚 金 币。
dlga_id:dplmc_chamberlain_treasury_action_withdraw.3|取 出 1000枚 金 币。
dlga_id:dplmc_chamberlain_treasury_action_withdraw.4|取 出 2000枚 金 币。
dlga_id:dplmc_chamberlain_treasury_action_withdraw.5|取 出 5000枚 金 币。
dlga_id:dplmc_chamberlain_treasury_action_withdraw.6|取 出 10000枚 金 币。
dlga_id:dplmc_chamberlain_pretalk_3|算 了。
dlga_id:dplmc_chamberlain_pretalk_4|多 谢。谈 些 别 的 吧。
dlga_id:dplmc_chamberlain_status|呈 交 一 份 某 处 封 地 的 财 务 报 告。
dlga_id:dplmc_chamberlain_status_select_fief|您 想 听 取 哪 处 封 地 的 报 告？
dlga_id:dplmc_chamberlain_pretalk_5|算 了。
dlga_id:dplmc_chamberlain_tax|我 想 调 整 一 处 封 地 的 税 率。
dlga_id:dplmc_chamberlain_tax_select_center|哪 处 封 地？
dlga_id:dplmc_chamberlain_pretalk_6|算 了。
dlga_id:dplmc_chamberlain_tax_select_rate|您 想 把 {s6} 的 税 率 定 在 什 么 水 平？
dlga_id:dplmc_chamberlain_tax_ask_confirm|极 低。
dlga_id:dplmc_chamberlain_tax_ask_confirm.1|较 低。
dlga_id:dplmc_chamberlain_tax_ask_confirm.2|正 常。
dlga_id:dplmc_chamberlain_tax_ask_confirm.3|较 高。
dlga_id:dplmc_chamberlain_tax_ask_confirm.4|极 高。
dlga_id:dplmc_chamberlain_pretalk_7|算 了。
dlga_id:dplmc_chamberlain_tax_confirm|您 确 定 要 把 {s6} 的 税 率 定 为 {s11} 吗？
dlga_id:dplmc_chamberlain_pretalk_8|是。
dlga_id:dplmc_chamberlain_pretalk.1|不，我 改 变 主 意 了。
dlga_id:dplmc_chamberlain_manage_fiefs|我 想 在 封 地 内 兴 建 设 施。
dlga_id:dplmc_chamberlain_manage_fiefs_options|您 的 {reg2}处 封 地 中，目 前 已 有 {reg1}处 共 建 成 {reg0}项 设 施。您 想 再 兴 建 一 项 吗？
dlga_id:dplmc_chamberlain_manage_fiefs_build|是，我 想 兴 建 一 项 设 施。
dlga_id:dplmc_chamberlain_pretalk_9|否。
dlga_id:dplmc_chamberlain_manage_fiefs_build_location|您 想 在 哪 里 兴 建？
dlga_id:dplmc_chamberlain_manage_fiefs_build_ask|{s2}.
dlga_id:dplmc_chamberlain_pretalk_10|哪 里 也 不 建。
dlga_id:dplmc_chamberlain_pretalk_11|{s19} 您 正 在 修 建 {s7}。工 程 还 需 {reg8}天 {reg9?:} 才 能 完 工，在 此 之 前 无 法 开 始 新 的 建 设。
dlga_id:dplmc_chamberlain_manage_fiefs_build_ask2|{s19}，您 想 兴 建 什 么？
dlga_id:dplmc_chamberlain_manage_fiefs_build_confirm_ask|修 建 一 座 庄 园。
dlga_id:dplmc_chamberlain_manage_fiefs_build_confirm_ask.1|修 建 一 座 磨 坊。
dlga_id:dplmc_chamberlain_manage_fiefs_build_confirm_ask.2|修 建 一 座 瞭 望 塔。
dlga_id:dplmc_chamberlain_manage_fiefs_build_confirm_ask.3|修 建 一 所 学 校。
dlga_id:dplmc_chamberlain_manage_fiefs_build_confirm_ask.4|组 建 一 支 村 庄 守 望 队。
dlga_id:dplmc_chamberlain_manage_fiefs_build_confirm_ask.5|开 凿 一 座 矿 井。
dlga_id:dplmc_chamberlain_manage_fiefs_build_confirm_ask.6|修 缮 通 往 此 地 的 道 路 与 小 径。
dlga_id:dplmc_chamberlain_manage_fiefs_build_confirm_ask.7|修 建 一 座 圣 祠。
dlga_id:dplmc_chamberlain_manage_fiefs_build_confirm_ask.8|修 建 一 座 信 使 驿 站。
dlga_id:dplmc_chamberlain_manage_fiefs_build_confirm_ask.9|修 建 一 座 监 狱 塔 楼。
dlga_id:dplmc_chamberlain_manage_fiefs_build_confirm_ask.10|修 建 一 所 战 争 学 院。
dlga_id:dplmc_chamberlain_manage_fiefs_build_confirm_ask.11|修 建 一 座 神 殿。
dlga_id:dplmc_chamberlain_manage_fiefs_build_confirm_ask.12|开 设 一 处 集 市。
dlga_id:dplmc_chamberlain_manage_fiefs_build_confirm_ask.13|修 建 一 座 医 师 公 会。
dlga_id:dplmc_chamberlain_manage_fiefs_build_confirm_ask.14|修 建 一 座 血 碗 竞 技 场。
dlga_id:dplmc_chamberlain_manage_fiefs_build_confirm_ask.15|修 建 一 座 兵 营（目 前 无 法 生 效）。
dlga_id:dplmc_chamberlain_pretalk_12|什 么 也 不 建。
dlga_id:dplmc_chamberlain_manage_fiefs_confirm|您 确 定 要 在 {s2} 花 费 {reg5}枚 金 币 修 建 {s4} 吗？工 程 需 要 {reg6}天。国 库 目 前 有 {reg7}枚 金 币。
dlga_id:dplmc_chamberlain_pretalk_13|是。
dlga_id:dplmc_chamberlain_pretalk.1_2|不，我 拿 不 出 这 笔 钱。
dlga_id:dplmc_chamberlain_pools_ask|我 想 管 理 {reg0?国 库 和 军 械 库 :国 库 }。
dlga_id:dplmc_chamberlain_pools|您 想 如 何 处 置？
dlga_id:dplmc_chamberlain_pretalk_14|我 想 查 看 备 用 仓 库 中 的 物 品。
dlga_id:dplmc_chamberlain_item_pool|让 同 伴 取 走 物 品 池 中 的 物 品。
dlga_id:dplmc_chamberlain_item_pool_confirm|您 确 定 要 这 样 做 吗？
dlga_id:dplmc_chamberlain_pretalk_15|是。
dlga_id:dplmc_chamberlain_pretalk.1_3|不，我 改 变 主 意 了。
dlga_id:dplmc_chamberlain_pretalk.1_4|我 想 管 理 府 库。
dlga_id:dplmc_chamberlain_pretalk.2|算 了。
dlga_id:dplmc_chamberlain_dismiss_confirm_ask|我 不 再 需 要 你 的 效 劳 了。
dlga_id:dplmc_chamberlain_dismiss_inventory|您 曾 把 一 些 物 品 交 由 我 保 管。若 您 意 已 决，请 先 查 看 一 遍，取 走 想 要 留 下 的 东 西。
dlga_id:dplmc_chamberlain_dismiss_confirm_ask_2|让 我 看 看……
dlga_id:dplmc_chamberlain_pretalk_16|我 还 有 更 重 要 的 事 要 做。你 继 续 留 任 吧。
dlga_id:dplmc_chamberlain_dismiss_confirm|您 确 定 要 亲 自 处 理 所 有 财 务 事 务 吗？
dlga_id:dplmc_chamberlain_dismiss_confirm_yes|是 的，我 意 已 决。{reg33?:}
dlga_id:dplmc_chamberlain_pretalk_17|不，我 还 没 有 决 定。
dlga_id:close_window_125|如 您 所 愿。我 们 来 核 对 文 书，交 接 您 的 产 业。
dlga_id:close_window_126|没 什 么，我 只 是 想 查 看 一 下 文 书。
dlga_id:close_window.21|告 辞 了，{playername}。愿 您 能 料 理 好 王 国 的 财 政—— 还 有，宴 席 上 的 黄 油 还 是 少 买 些 吧。
dlga_id:dplmc_spouse_staff_talk_ask|我 想 任 命 一 名 新 的 宫 廷 属 员。
dlga_id:dplmc_talk_staff|您 想 任 命 哪 一 类 属 员？
dlga_id:dplmc_talk_appoint_constable|我 想 任 命 一 名 军 务 官。
dlga_id:dplmc_talk_appoint_constable_confirm|我 想 您 会 愿 意 重 新 任 用 前 任 军 务 官。他 的 薪 俸 仍 是 每 周 {reg10}枚 金 币，任 命 还 需 花 费 {reg11}枚 金 币。
dlga_id:dplmc_talk_appoint_constable_confirm.1|我 听 闻 本 地 有 一 位 颇 受 称 道 的 贵 族，相 信 他 很 适 合 此 职。不 过 他 索 要 每 周 {reg10}枚 金 币 的 薪 俸，任 命 还 需 花 费 {reg11}枚 金 币。
dlga_id:dplmc_talk_appoint_constable_confirm.2|明 智 之 举。我 可 以 推 荐 一 位 才 干 出 众、又 与 我 家 族 交 好 的 贵 族。不 过 他 索 要 每 周 {reg10}枚 金 币 的 薪 俸，任 命 还 需 花 费 {reg11}枚 金 币。
dlga_id:dplmc_talk_appoint_confirm_yes|就 这 么 办。
dlga_id:spouse_pretalk_2|以 后 再 说 吧。
dlga_id:minister_pretalk_7|以 后 再 说 吧。
dlga_id:spouse_pretalk_3|很 好，我 会 给 他 写 信。他 很 快 便 会 抵 达 我 们 的 宫 廷。
dlga_id:minister_pretalk_8|我 会 给 他 写 信。他 很 快 便 会 抵 达 宫 廷。
dlga_id:dplmc_talk_appoint_chamberlain|我 想 任 命 一 位 掌 玺 大 臣 处 理 财 务。
dlga_id:dplmc_talk_appoint_chamberlain_confirm|我 想 您 会 愿 意 重 新 任 用 前 任 掌 玺 大 臣。他 的 薪 俸 仍 是 每 周 {reg10}枚 金 币，任 命 还 需 花 费 {reg11}枚 金 币。
dlga_id:dplmc_talk_appoint_chamberlain_confirm.1|我 听 闻 本 地 有 一 位 颇 受 称 道 的 贵 族，相 信 他 很 适 合 此 职。不 过 他 索 要 每 周 {reg10}枚 金 币 的 薪 俸，任 命 还 需 花 费 {reg11}枚 金 币。
dlga_id:dplmc_talk_appoint_chamberlain_confirm.2|明 智 之 举。我 可 以 推 荐 一 位 才 干 出 众、又 与 我 家 族 交 好 的 贵 族。不 过 他 索 要 每 周 {reg10}枚 金 币 的 薪 俸，任 命 还 需 花 费 {reg11}枚 金 币。
dlga_id:dplmc_talk_appoint_confirm_yes_2|就 这 么 办。
dlga_id:spouse_pretalk_4|以 后 再 说 吧。
dlga_id:minister_pretalk_9|以 后 再 说 吧。
dlga_id:dplmc_talk_appoint_chancellor|我 想 任 命 一 位 宰 相。
dlga_id:dplmc_talk_appoint_chancellor_confirm|我 想 您 会 愿 意 重 新 任 用 前 任 宰 相。他 的 薪 俸 仍 是 每 周 {reg11}枚 金 币，任 命 还 需 花 费 {reg10}枚 金 币。
dlga_id:dplmc_talk_appoint_chancellor_confirm.1|我 听 闻 本 地 有 一 位 颇 受 称 道 的 贵 族，相 信 他 很 适 合 此 职。不 过 他 索 要 每 周 {reg10}枚 金 币 的 薪 俸，任 命 还 需 花 费 {reg11}枚 金 币。
dlga_id:dplmc_talk_appoint_chancellor_confirm.2|明 智 之 举。我 可 以 推 荐 一 位 才 干 出 众、又 与 我 家 族 交 好 的 贵 族。不 过 他 索 要 每 周 {reg10}枚 金 币 的 薪 俸，任 命 还 需 花 费 {reg11}枚 金 币。
dlga_id:dplmc_talk_appoint_confirm_yes_3|就 这 么 办。
dlga_id:spouse_pretalk_5|以 后 再 说 吧。
dlga_id:minister_pretalk_10|以 后 再 说 吧。
dlga_id:minister_pretalk_11|谁 也 不 任 命。
dlga_id:spouse_pretalk_6|谁 也 不 任 命。
dlga_id:dplmc_spouse_talk_buy_food_amount_ask|请 替 我 买 些 面 包。
dlga_id:dplmc_spouse_talk_buy_food_amount|你 想 买 多 少 面 包？
dlga_id:spouse_pretalk_7|什 么 也 不 买。
dlga_id:dplmc_spouse_talk_buy_food_confirm|当 然。我 会 去 {s6} 找 商 人 购 买 面 包，共 需 花 费 {reg0}枚 金 币。
dlga_id:spouse_pretalk_8|眼 下 没 有 商 人 能 拿 出 足 够 的 面 包，我 们 只 能 再 等 一 阵。
dlga_id:close_window_127|好，我 们 负 担 得 起。请 去 办 吧，多 谢。
dlga_id:close_window.1_20|还 是 以 后 再 说 吧。
dlga_id:dplmc_minister_staff_talk_ask|我 想 任 命 一 名 新 的 宫 廷 属 员。
dlga_id:dplmc_talk_staff_2|您 想 任 命 哪 一 类 属 员？
dlga_id:dplmc_lord_give_back_fief|{s66}，我 想 交 还 一 处 您 册 封 给 我 的 封 地。
dlga_id:dplmc_lord_give_back_fief_select|哦，你 无 力 治 理 它 了 吗？那 么，你 想 交 还 哪 处 封 地？
dlga_id:lord_pretalk_2|算 了。
dlga_id:dplmc_lord_give_back_fief_confirm|这 么 说，你 认 为 自 己 无 法 履 行 誓 约、继 续 治 理 {s11}？
dlga_id:lord_pretalk_3|是 的，我 要 交 还 {s11}。
dlga_id:lord_pretalk.1|不，我 会 恪 守 自 己 的 誓 言。
dlga_id:dplmc_lord_declare_peace|{s66}，您 应 当 设 法 结 束 这 场 战 争。
dlga_id:close_window_128|你 以 为 自 己 是 谁，也 敢 对 我 的 战 略 指 手 画 脚？我 不 想 再 听 你 多 说 一 个 字！
dlga_id:close_window.1_21|你 以 为 我 是 白 痴 吗？{playername} 我 的 间 谍 给 我 带 来 了 你 在 这 次 竞 选 中 犯 错 的 故 事，不 相 信 你 的 温 柔 的 话 会 补 偿 你 的 严 重 错 误。{reg10?} 我 知 道 你 和 我 们 的 敌 人 在 一 起 {s10}……。
dlga_id:dplmc_lord_declare_pax_why|你 认 为 我 们 应 该 停 止 与 {s1} 交 战？
dlga_id:dplmc_lord_declare_peace_kingdoms_select|我 姑 且 听 听 你 的 请 求。你 认 为 我 们 应 当 同 哪 个 敌 国 议 和？
dlga_id:lord_pretalk_4|算 了。
dlga_id:dplmc_lord_declare_peace_2|{s11} 的 {s10}
dlga_id:dplmc_lord_declare_peace_anything_else|他 们 的 领 土 远 多 于 我 们，而 我 们 并 未 取 得 足 够 进 展。
dlga_id:dplmc_lord_declare_peace_anything_else.1|我 们 已 经 夺 回 了 这 场 战 争 的 目 标。
dlga_id:dplmc_lord_declare_peace_anything_else.2|流 血 已 经 持 续 得 够 久 了，百 姓 正 在 受 苦。
dlga_id:dplmc_lord_declare_peace_anything_else.3|我 们 同 时 陷 在 太 多 条 战 线 上。
dlga_id:dplmc_lord_declare_pax_decision|我 已 经 陈 明 促 成 我 国 与 {s11} 和 平 的 全 部 理 由。我 确 实 相 信，议 和 势 在 必 行。
dlga_id:lord_pretalk_5|我 会 带 着 更 多 理 由 再 来。
dlga_id:dplmc_lord_declare_pax_why_2|有 意 思。你 还 有 别 的 理 由 吗？
dlga_id:close_window_129|你 的 话 说 服 了 我。我 会 派 出 传 令 官，我 们 将 停 止 与 {s11} 交 战。
dlga_id:close_window.1_22|不，你 远 未 说 服 我。我 们 必 须 继 续 与 {s11} 作 战。
dlga_id:dplmc_lord_declare_war|{s66}，您 应 当 向 另 一 个 王 国 宣 战。
dlga_id:close_window_130|你 好 大 的 胆 子！你 以 为 自 己 是 谁？滚 出 我 的 视 线！
dlga_id:dplmc_lord_declare_war_kingdoms_select|向 谁 宣 战？
dlga_id:dplmc_lord_declare_war_ask_why|{s11}
dlga_id:lord_pretalk_6|算 了。
dlga_id:dplmc_lord_declare_war_why|我 为 何 要 向 {s11} 宣 战？
dlga_id:dplmc_lord_declare_war_anything_else|他 们 较 为 虚 弱，我 们 可 以 轻 易 击 败 他 们。
dlga_id:dplmc_lord_declare_war_anything_else.1|我 们 再 也 不 能 容 忍 他 们 的 挑 衅。
dlga_id:dplmc_lord_declare_war_anything_else.2|他 们 已 经 身 陷 战 事，无 暇 防 备 我 们。
dlga_id:dplmc_lord_declare_war_anything_else.3|眼 下 正 是 进 攻 的 良 机。
dlga_id:dplmc_lord_declare_war_anything_else.4|我 们 应 当 夺 回 失 去 的 领 土。
dlga_id:dplmc_lord_declare_war_decision|我 已 经 陈 明 开 战 的 全 部 理 由。请 您 仔 细 考 虑！
dlga_id:lord_pretalk_7|我 需 要 独 自 静 一 静，好 好 考 虑 此 事。
dlga_id:dplmc_lord_declare_war_why_2|嗯，还 有 别 的 理 由 吗？
dlga_id:close_window_131|系 紧 你 的 {s0}，我 们 要 向 {s11} 开 战 了。
dlga_id:close_window.1_23|不，你 没 有 说 服 我。我 们 不 会 进 攻 {s11}。
dlga_id:dplmc_lord_family_affiliate_end|我 为 您 的 家 族 尽 过 自 己 的 本 分，如 今 想 请 您 解 除 我 的 誓 约。
dlga_id:script_dplmc_affiliate_confirm|你 说 什 么？
dlga_id:dplmc_lord_family_affiliate_leave|我 不 愿 再 与 您 的 家 族 有 所 牵 连。
dlga_id:lord_pretalk_8|没 什 么。
dlga_id:close_window_132|你 竟 敢 当 面 宣 告 背 弃 自 己 的 誓 言！坦 白 无 从 洗 清 背 叛。^你 辜 负 了 我 家 族 对 你 的 信 任，{playername}，任 何 尚 有 良 知 之 人 都 会 鄙 弃 你。既 然 当 初 是 我 为 你 的 虚 假 效 忠 作 保，我 也 会 亲 自 向 诸 位 贵 族 揭 露 这 场 卑 劣 闹 剧。
dlga_id:dplmc_lord_family_affiliate|我 十 分 敬 重 您 的 血 脉，希 望 能 归 附 您 的 家 族。
dlga_id:lord_pretalk_9|我 {reg0?对 你 印 象 不 错 :对 你 并 无 不 满 }，但 我 觉 得 这 事 成 不 了，所 以 我 不 会 支 持 你。
dlga_id:lord_pretalk.1_2|休 想。既 然 我 厌 恶 你，自 然 不 会 替 你 作 保。
dlga_id:dplmc_lord_family_affiliate_persuasion|请 容 我 侍 奉 您 的 家 族。
dlga_id:lord_pretalk_10|仔 细 一 想，我 得 重 新 考 虑 这 个 决 定。
dlga_id:lord_pretalk_11|也 许 家 族 中 有 人 对 你 评 价 不 高，也 许 只 是 我 还 需 要 时 间 接 受 这 个 念 头。无 论 如 何，下 周 再 谈 吧。
dlga_id:dplmc_lord_family_affiliate_conclusion|能 够 归 附 您 的 家 族，是 我 的 荣 幸。
dlga_id:lord_pretalk_12|你 已 经 向 我 们 的 家 族 宣 誓 效 忠，从 今 往 后，我 的 手 足 也 将 视 你 为 手 足。骑 士 之 道 维 系 着 这 份 情 谊：永 不 背 叛 家 族，永 远 守 护 家 族。
dlga_id:dplmc_spouse_move_residence_ask|我 想 迁 移 我 们 的 居 所。
dlga_id:dplmc_spouse_move_residence_tools|迁 居 前 得 稍 加 整 修。我 们 至 少 需 要 一 套 工 具 与 两 匹 布 料—— 羊 毛、亚 麻 布 或 奢 华 的 天 鹅 绒 皆 可。
dlga_id:dplmc_spouse_move_residence_select_ask|很 好，我 想 所 需 物 资 已 经 备 齐，可 以 安 置 新 居 了。
dlga_id:spouse_pretalk_9|好 吧，我 想 得 先 取 得 {reg10?一 套 工 具:}{reg11?以 及:}{reg12?装 饰 材 料:}。
dlga_id:dplmc_spouse_move_residence_select|你 想 把 居 所 迁 往 哪 里？
dlga_id:dplmc_spouse_move_residence_ask_confirm|{s6}.
dlga_id:spouse_pretalk_10|我 改 变 主 意 了。
dlga_id:dplmc_spouse_move_residence_confirm|你 确 定 要 把 我 们 的 居 所 迁 往 {s6} 吗？
dlga_id:dplmc_spouse_move_residence_moved|是，请 把 一 切 安 排 妥 当。
dlga_id:spouse_pretalk_11|否。
dlga_id:spouse_pretalk_12|如 你 所 愿，我 会 把 居 所 迁 往 {s6}。
dlga_id:minister_diplomatic_emissary|以 战 争 相 威 胁，看 看 能 从 他 们 身 上 榨 出 什 么。
dlga_id:dplmc_companion_threaten_request_response|{s21}，总 算 找 到 你 了。我 已 完 成 前 往 {s31} 的 使 命。
dlga_id:companion_rejoin_response|他 们 支 付 了 {s1}，希 望 您 就 此 罢 手。我 答 应 与 他 们 休 战 40天。
dlga_id:companion_rejoin_response.1|他 们 向 您 递 交 了 宣 战 书。
dlga_id:companion_rejoin_response.2|他 们 不 肯 在 您 的 威 胁 面 前 低 头。
dlga_id:dplmc_minister_gift_type|我 想 送 出 一 份 礼 物。
dlga_id:dplmc_minister_gift_type_select|我 们 可 以 把 王 国 最 优 秀 马 场 培 育 的 良 驹 送 给 他 们，也 可 以 割 让 一 处 封 地。
dlga_id:dplmc_minister_gift_type_select.1|由 于 我 们 尚 未 任 命 掌 玺 大 臣，目 前 只 能 选 择 割 让 一 处 封 地。
dlga_id:minister_diplomatic_emissary_2|送 去 价 值 3000枚 金 币 的 良 驹。
dlga_id:minister_diplomatic_emissary.1|送 去 价 值 6000枚 金 币 的 良 驹。
dlga_id:dplmc_minister_gift_fief|割 让 一 处 封 地。
dlga_id:minister_pretalk_12|算 了。
dlga_id:dplmc_minister_gift_fief_select|您 想 割 让 哪 处 封 地？
dlga_id:minister_pretalk_13|仔 细 想 想，我 还 是 留 下 这 些 封 地 吧。
dlga_id:minister_diplomatic_emissary_3|{s1}
dlga_id:minister_diplomatic_dispatch_confirm|很 好。我 会 派 {s11} 前 往 {s12}，执 行 {s14}。
dlga_id:companion_rejoin_response_2|{s21}，总 算 找 到 你 了。我 已 完 成 前 往 {s31} 的 使 命，他 们 对 这 份 礼 物 颇 感 惊 喜。
dlga_id:dplmc_minister_exchange_prisoner_ask|我 想 交 换 一 名 俘 虏。
dlga_id:dplmc_minister_exchange_prisoner_select|您 想 用 哪 名 俘 虏 交 换？
dlga_id:minister_pretalk_14|可 惜 眼 下 没 有 合 适 的 人 可 以 派 去。
dlga_id:dplmc_minister_exchange_prisoner_lord_ask|{s11} 的 {s10}
dlga_id:minister_pretalk_15|谁 也 不 换。
dlga_id:dplmc_minister_exchange_prisoner_lord_select|您 想 换 回 我 方 哪 位 领 主？
dlga_id:dplmc_minister_prisoner_emissary|{s10}.
dlga_id:minister_pretalk_16|谁 也 不 换。
dlga_id:minister_emissary_select|派 谁 去 商 议 交 换？
dlga_id:minister_diplomatic_dispatch_confirm_2|很 好。我 会 派 {s11} 前 往 {s12}，执 行 {s14}。
dlga_id:dplmc_companion_prisoner_exchange_confirm|{s21}，总 算 找 到 你 了。他 们 同 意 以 {s32} 交 换 {s33}，而 {s33} 已 随 我 返 回。您 要 释 放 {s32} 吗？
dlga_id:companion_rejoin_response_3|是，立 刻 放 {reg4?她:他} 走。
dlga_id:companion_rejoin_response.1_2|不。把 {reg4?她:他} 送 回 地 牢！
dlga_id:companion_rejoin_response.1_3|{s21}，总 算 找 到 你 了。他 们 不 同 意 以 {s32} 交 换 {s33}。
dlga_id:dplmc_minister_persuasion_fief_ask|我 想 劝 说 一 位 领 主 加 入 我 们 的 王 国。
dlga_id:dplmc_minister_persuasion_fief|使 者 不 能 空 手 而 去，我 们 必 须 许 诺 一 处 封 地。您 想 拿 出 哪 一 处？
dlga_id:minister_pretalk_17|可 惜 眼 下 没 有 合 适 的 人 可 以 派 去。
dlga_id:dplmc_minister_persuade_lord_faction_ask|{s11}
dlga_id:minister_pretalk_18|算 了，我 没 有 可 供 许 诺 的 封 地。
dlga_id:dplmc_minister_persuade_lord_faction|您 想 劝 说 的 领 主 目 前 身 在 何 处？
dlga_id:dplmc_minister_persuade_lord_ask|{s11}
dlga_id:minister_pretalk_19|哪 里 也 不 去。
dlga_id:dplmc_minister_persuade_lord|您 想 劝 说 哪 位 领 主？
dlga_id:dplmc_minister_persuasion_emissary|{s11}
dlga_id:minister_pretalk_20|我 想 不 到 合 适 的 人。
dlga_id:minister_emissary_select_2|该 派 谁 去？最 好 选 择 一 位 精 于 说 服 的 人。
dlga_id:minister_diplomatic_dispatch_confirm.1|很 好。我 会 派 {s11} 前 往 {s12}，劝 说 {s13}，并 许 诺 {s14}。
dlga_id:companion_rejoin_response.2_2|{s21}，总 算 找 到 你 了。我 已 完 成 前 往 {s30} 的 劝 说 使 命。{s14} 不 愿 归 附 您；{reg0?她:他} 是 这 样 说 的：{s40}
dlga_id:companion_rejoin_response.3|{s21}，总 算 找 到 你 了。我 已 完 成 前 往 {s31} 的 劝 说 使 命，{s14} 同 意 归 附 您。
dlga_id:dplmc_minister_spy_kingdoms|我 想 刺 探 另 一 个 王 国。
dlga_id:dplmc_minister_spy_kingdoms_select|您 想 刺 探 哪 一 方？
dlga_id:minister_pretalk_21|可 惜 眼 下 没 有 合 适 的 人 可 以 派 去。
dlga_id:dplmc_minister_spy_emissary|{s11}{s14}
dlga_id:minister_emissary_select_3|谁 来 担 任 探 子？您 应 当 选 择 一 位 值 得 信 赖、又 精 于 侦 察 的 人。
dlga_id:minister_diplomatic_dispatch_confirm_3|很 好。我 会 派 {s11} 前 往 {s12}，执 行 {s14}。
dlga_id:dplmc_companion_spy_request_select_center|{s21}，总 算 找 到 你 了。我 已 完 成 前 往 {s31} 的 侦 察 使 命。您 需 要 哪 处 地 点 的 情 报？
dlga_id:close_window.1_24|请 恕 罪，{reg33?女 士 :领 主 }。我 已 从 {s31} 的 侦 察 使 命 归 来。我 们 一 时 不 慎 遭 人 突 袭，{s11} 被 他 们 擒 住，我 也 只 是 勉 强 逃 脱。
dlga_id:dplmc_companion_spy_request_center_selected|{s60}
dlga_id:dplmc_companion_spy_request_select_newcenter|{s4}{s3}，周 边 共 有 {s31} 名 士 兵。
dlga_id:dplmc_companion_spy_request_select_center_2|您 还 需 要 其 他 地 点 的 情 报 吗？
dlga_id:companion_rejoin_response_4|不 必 了。
dlga_id:minister_diplomatic_emissary.1_2|告 诉 {s10}，我 希 望 与 他 缔 结 同 盟。
dlga_id:dplmc_companion_alliance_request_response|{s21}，总 算 找 到 你 了。我 已 完 成 前 往 {s31} 的 使 命。
dlga_id:dplmc_companion_alliance_confirm|{s4} 愿 意 与 您 缔 结 同 盟。
dlga_id:companion_rejoin_response_5|很 好，就 此 缔 结 我 们 与 {s4} 的 同 盟。
dlga_id:companion_rejoin_response.1_4|仔 细 想 想，此 事 眼 下 或 许 不 合 我 们 的 利 益。
dlga_id:companion_rejoin_response_6|{s4} 不 愿 与 您 缔 结 同 盟。
dlga_id:minister_diplomatic_emissary.2|告 诉 {s10}，我 希 望 与 {reg0?她 :他 } 缔 结 防 御 协 定。
dlga_id:dplmc_companion_defensive_request_response|{s21}，总 算 找 到 你 了。我 已 完 成 前 往 {s31} 的 使 命。
dlga_id:dplmc_companion_defensive_confirm|{s4} 愿 意 与 您 缔 结 防 御 协 定。
dlga_id:companion_rejoin_response_7|很 好，就 此 缔 结 我 们 与 {s4} 的 防 御 协 定。
dlga_id:companion_rejoin_response.1_5|仔 细 想 想，此 事 眼 下 或 许 不 合 我 们 的 利 益。
dlga_id:companion_rejoin_response_8|{s4} 不 愿 与 您 缔 结 防 御 协 定。
dlga_id:minister_diplomatic_emissary.3|告 诉 {s10}，我 希 望 与 {reg0?她 :他 } 签 订 贸 易 协 定。
dlga_id:dplmc_companion_trade_request_response|{s21}，总 算 找 到 你 了。我 已 完 成 前 往 {s31} 的 使 命。
dlga_id:dplmc_companion_trade_confirm|{s4} 愿 意 与 您 签 订 贸 易 协 定。
dlga_id:companion_rejoin_response_9|很 好，就 此 签 订 我 们 与 {s4} 的 贸 易 协 定。
dlga_id:companion_rejoin_response.1_6|仔 细 想 想，此 事 眼 下 或 许 不 合 我 们 的 利 益。
dlga_id:companion_rejoin_response_10|{s4} 不 愿 与 您 签 订 贸 易 协 定。
dlga_id:minister_diplomatic_emissary.4|告 诉 {s10}，我 希 望 与 {reg0?她 :他 } 缔 结 互 不 侵 犯 条 约。
dlga_id:dplmc_companion_nonaggression_request_response|{s21}，总 算 找 到 你 了。我 已 完 成 前 往 {s31} 的 使 命。
dlga_id:dplmc_companion_nonaggression_confirm|{s4} 愿 意 与 您 缔 结 互 不 侵 犯 条 约。
dlga_id:companion_rejoin_response_11|很 好，就 此 缔 结 我 们 与 {s4} 的 互 不 侵 犯 条 约。
dlga_id:companion_rejoin_response.1_7|仔 细 想 想，此 事 眼 下 或 许 不 合 我 们 的 利 益。
dlga_id:companion_rejoin_response_12|{s4} 不 愿 与 您 缔 结 互 不 侵 犯 条 约。
dlga_id:minister_diplomatic_emissary.5|告 诉 对 方，我 要 他 协 助 我 进 攻 {s11}{s14}。
dlga_id:dplmc_companion_war_request_response|{s21}，总 算 找 到 你 了。我 已 完 成 前 往 {s31} 的 使 命。
dlga_id:companion_rejoin_response_13|{s4} 愿 意 向 {s31} 开 战。
dlga_id:dplmc_companion_war_pay|{s4} 愿 意 向 {s31} 开 战，但 需 要 {reg1}枚 金 币 整 备 军 队。
dlga_id:companion_rejoin_response_14|从 国 库 支 付 {reg1}枚 金 币，命 其 发 动 战 争。
dlga_id:companion_rejoin_response.1_8|仔 细 想 想，国 库 恐 怕 拿 不 出 这 么 大 一 笔 钱。
dlga_id:companion_rejoin_response.1_9|{s4} 不 愿 向 {s31} 开 战。
dlga_id:dplmc_companion_truce_pay|若 你 支 付 {reg4?她 :他 } {reg0}枚 金 币，{s12} 表 示 {reg4?她 :他 } 愿 意 考 虑 休 战 20天。
dlga_id:dplmc_companion_truce_pay.1|{s12} 表 示，如 果 你 支 付 {reg0}枚 金 币，{reg4?她:他} 愿 意 {reg4?:} 考 虑 休 战 20天。你 可 以 支 付 {reg0}枚 金 币，或 支 付 {reg1}枚 金 币 并 交 出 {s18}。
dlga_id:dplmc_companion_truce_pay.2|{s12} 表 示，如 果 你 交 出 {s18}，{reg4?她:他} 愿 意 考 虑 休 战 20天。
dlga_id:dplmc_companion_truce_pay.3|{s12} 表 示，如 果 你 支 付 {reg0}枚 金 币 并 交 出 {s18}，{reg4?她:他} 愿 意 {reg4?:} 考 虑 休 战 20天。
dlga_id:dplmc_companion_truce_pay.4|{s12} 表 示，如 果 你 支 付 {reg0}枚 金 币 或 交 出 {s18}，{reg4?她:他} 愿 意 {reg4?:} 考 虑 休 战 20天。
dlga_id:companion_rejoin_response_15|支 付 {reg0}枚 金 币，与 {s4} 缔 结 休 战 协 议。
dlga_id:companion_rejoin_response.1_10|支 付 {reg1}枚 金 币 并 交 出 {s18}，与 {s4} 缔 结 休 战 协 议。
dlga_id:companion_rejoin_response.2_3|交 出 {s18}，就 此 缔 结 休 战 协 议。
dlga_id:companion_rejoin_response.3_2|仔 细 想 想，此 事 眼 下 或 许 不 合 我 们 的 利 益。
dlga_id:close_window_133|暂 时 就 这 些。
dlga_id:minister_change_marshal_choose|您 想 任 命 谁 为 新 任 元 帅？
dlga_id:minister_pretalk_22|由 我 亲 自 担 任 元 帅。
dlga_id:minister_pretalk.1_4|暂 时 不 任 命 元 帅。
dlga_id:minister_pretalk.2_2|{s4}
dlga_id:minister_pretalk.3_2|算 了。
dlga_id:minister_diplomatic_kingdoms_select|您 想 把 使 者 派 往 何 方？
dlga_id:minister_pretalk_23|可 惜 眼 下 没 有 合 适 的 人 可 以 派 去。
dlga_id:minister_diplomatic_kingdoms_select_2|您 想 把 使 者 派 往 何 方？
dlga_id:minister_diplomatic_initiative_type|{s11}{s14} 的 {s10}
dlga_id:minister_pretalk_24|算 了。
dlga_id:minister_diplomatic_initiative_type_select|您 想 让 使 者 转 达 什 么？
dlga_id:minister_diplomatic_emissary.6|提 议 两 国 缔 结 休 战 协 议。
dlga_id:minister_diplomatic_emissary.7|告 诉 对 方，我 愿 以 封 臣 身 份 接 受 其 庇 护。
dlga_id:minister_diplomatic_emissary.8|向 对 方 表 达 善 意，以 君 主 之 礼 相 待。
dlga_id:minister_declare_war|向 对 方 正 式 宣 战。
dlga_id:close_window_134|算 了。
dlga_id:dplmc_minister_nevermind|此 事 您 得 先 同 {s0} 商 议。
dlga_id:close_window_135|我 会 去 找 他 谈 谈。
dlga_id:minister_pretalk_25|算 了。
dlga_id:minister_declare_war_confirm|{s12}
dlga_id:minister_declare_war_confirm_yes|是，我 要 向 {s12} 宣 战。
dlga_id:minister_pretalk_26|嗯，还 是 算 了。
dlga_id:minister_pretalk_27|遵 命。我 们 如 今 已 与 {s12} 交 战，愿 诸 神 赐 予 我 们 胜 利。
dlga_id:minister_emissary_select_4|由 谁 担 任 使 者？最 好 选 择 一 位 值 得 信 赖、能 言 善 辩，又 懂 得 如 何 在 谈 判 中 不 失 礼 数 的 人。
dlga_id:minister_emissary_dispatch|{s11}
dlga_id:minister_pretalk_28|我 实 在 想 不 到 合 适 的 人。
dlga_id:minister_diplomatic_dispatch_confirm_4|很 好。我 会 派 {s11} 前 往 {s12}，执 行 {s14}。
dlga_id:minister_pretalk_29|是，就 这 么 办。
dlga_id:minister_pretalk.1_5|等 等，暂 时 不 要 行 动。
dlga_id:minister_replace_select|很 好。您 打 算 任 命 谁 接 替 我？
dlga_id:minister_replace_confirm|{s4}
dlga_id:minister_replace_confirm.1|我 的 {reg0?妻 子:丈 夫}，{s4}。
dlga_id:minister_replace_confirm.2|{s4}.
dlga_id:minister_pretalk_30|等 等，暂 时 不 要 行 动。
dlga_id:close_window_136|很 好，{s9} 将 成 为 您 的 新 任 首 相。我 会 做 好 准 备，重 新 回 到 您 麾 下。
dlga_id:close_window.1_25|很 好，{s9} 将 成 为 您 的 新 任 首 相。能 够 为 您 效 劳，是 我 的 荣 幸。
dlga_id:minister_grant_fief_select|您 想 把 哪 处 封 地 授 予 他 人？{s12}
dlga_id:minister_grant_fief_select_recipient|{s1}{s12}
dlga_id:minister_pretalk_31|算 了。
dlga_id:minister_grant_fief_select_recipient_choice|您 想 把 这 处 封 地 授 予 谁？{s12}
dlga_id:minister_pretalk_32|算 了。
dlga_id:minister_pretalk_33|很 好——{s2} 将 获 封 {s1}。
dlga_id:minister_indict_select|有 个 不 祥 的 消 息，{reg33?女 士:大 人}。您 认 为 谁 正 谋 划 背 叛 您？
dlga_id:minister_indict_confirm|{s11}
dlga_id:minister_pretalk_34|算 了。
dlga_id:minister_indict_confirm_answer|请 慎 重 考 虑，{reg33?女 士:陛 下}。若 无 端 以 叛 国 罪 起 诉 {s4}，其 他 人 或 许 会 对 继 续 效 忠 于 您 感 到 不 安。但 若 您 确 信 {reg4?她:他} 即 将 背 叛，那 么 先 发 制 人、夺 取 {reg4?她:他} 的 堡 垒 也 许 才 是 上 策。
dlga_id:minister_indict_conclude|我 已 经 考 虑 得 够 久 了。发 出 叛 国 罪 状！
dlga_id:minister_pretalk_35|也 许 我 该 再 等 一 阵……
dlga_id:minister_pretalk_36|已 经 送 出 了，{reg33?女 士:陛 下}。
dlga_id:center_captured_lord_advice_2|{s11}. {s1}
dlga_id:center_captured_lord_advice_2.1|{s12} 我 想 把 {s1} 留 给 自 己。（封 地：{s0}）
dlga_id:center_captured_lord_advice_2.2|{s66}，您 应 当 把 {s1} 留 给 自 己。（封 地：{s0}）
dlga_id:minister_issues_2|既 然 这 是 你 的 意 愿，{reg33?女 士:大 人}。{reg6?我 将 成 为:{reg7?你 将 成 为:{s11} 将 成 为}}{s1} 的 {reg3?女 领 主:领 主}。
dlga_id:close_window_137|嗯……很 好，{playername}。我 非 常 重 视 你 的 建 议。{reg6?我 将 成 为:{reg7?你 将 成 为:{s11}}}{s1} 的 {reg3?女 领 主:领 主}。
dlga_id:companion_quitting_2|打 扰 一 下，{s5}—— 我 有 些 话 必 须 告 诉 你。
dlga_id:dplmc_companion_quitting_lord_1|与 你 同 行 的 日 子 很 愉 快，但 我 必 须 回 去 处 理 自 己 的 事 务 了。
dlga_id:dplmc_companion_quitting_lord_2|那 么，告 辞。
dlga_id:dplmc_companion_quitting_lord_persuasion|也 许 我 能 说 服 你 改 变 主 意。
dlga_id:close_window_138|嗯……我 想 我 还 能 再 推 迟 一 阵。
dlga_id:dplmc_companion_quitting_lord_1_2|抱 歉，我 不 能 再 拖 下 去 了。
dlga_id:lord_leave|那 么，就 此 别 过。
dlga_id:companion_quitting_response|说 实 话，{s21}……
dlga_id:companion_quitting_yes|很 好，那 么 你 走 吧。
dlga_id:dplmc_companion_quitting_persuasion_start|也 许 我 能 说 服 你 改 变 主 意。
dlga_id:dplmc_companion_quitting_persuasion_1|很 好，我 听 你 说。
dlga_id:dplmc_companion_quitting_persuasion_1.1|我 听 着。
dlga_id:companion_quitting_persuasion|我 们 共 同 度 过 了 不 少 好 时 光。眼 下 的 处 境 或 许 不 合 你 意，但 再 陪 我 一 阵，局 势 一 定 会 有 所 转 机。
dlga_id:dplmc_companion_quitting_persuasion_bribe|{reg0}枚 金 币 能 否 说 服 你 再 留 下 些 时 日？
dlga_id:companion_quitting_response_2|算 了，我 原 本 想 说 的 是 另 一 件 事。
dlga_id:close_window_139|嗯……既 然 你 这 么 说，我 就 再 留 一 阵，看 看 局 势 是 否 好 转。
dlga_id:close_window_140|嗯……既 然 你 这 么 说，我 就 再 留 一 阵，看 看 局 势 是 否 好 转。
dlga_id:companion_quitting_response_3|抱 歉，我 不 认 同 你 的 说 法。无 论 你 是 否 情 愿，我 都 要 离 开。
dlga_id:companion_quitting_no|作 弊—— 我 们 会 绞 死 队 伍 中 的 逃 兵。
dlga_id:companion_quitting_no_confirm|我 想 自 己 一 定 听 错 了。你 不 可 能 是 在 威 胁 我。
dlga_id:companion_quitting_no_confirm.1|哦……原 来 你 是 认 真 的？
dlga_id:companion_quitting_no_confirmed|没 错。你 要 么 奉 我 的 命 令 离 开 队 伍，要 么 躺 在 盾 牌 上 被 人 抬 出 去。
dlga_id:companion_quitting_yes_2|不，我 不 是 那 个 意 思。你 可 以 自 由 离 开。
dlga_id:close_window_141|那 么，就 此 告 别 吧。也 许 以 后 还 会 遇 见 你，{playername}……
dlga_id:close_window_142|嗯……看 来 我 得 留 下 来 了。
dlga_id:companion_objection_response|{s5}
dlga_id:close_window_143|多 谢，我 很 感 激 你 的 支 持。
dlga_id:close_window.1_26|但 愿 这 种 事 不 会 再 发 生。
dlga_id:close_window.2_2|我 已 经 听 到 了 你 的 异 议。现 在 回 到 队 列 中 去。
dlga_id:companion_personalityclash2_b|{s5}
dlga_id:companion_personalityclash2_response|{s5}
dlga_id:close_window_144|{s11} 是 队 伍 中 不 可 或 缺 的 一 员。我 不 希 望 你 再 同 {reg11?她 :他 } 争 斗。
dlga_id:close_window.1_27|告 诉 {s11}，此 事 我 站 在 你 这 边；{reg11?她:他} 最 好 管 住 自 己 的 嘴。
dlga_id:close_window.2_3|我 没 空 处 理 你 们 这 些 琐 碎 争 执。别 再 拿 这 种 事 来 烦 我。
dlga_id:companion_personalityclash_b|{s5}
dlga_id:companion_personalityclash_response|{s5}
dlga_id:close_window_145|{s11} 是 队 伍 中 颇 有 能 力 的 一 员。我 不 希 望 你 再 同 {reg11?她 :他 } 争 斗。
dlga_id:close_window.1_28|告 诉 {s11}，此 事 我 站 在 你 这 边；{reg11?她:他} 最 好 管 住 自 己 的 嘴。
dlga_id:close_window.2_4|我 没 空 处 理 你 们 这 些 琐 碎 争 执。别 再 拿 这 种 事 来 烦 我。
dlga_id:companion_personalitymatch_b|{s5}
dlga_id:companion_personalitymatch_response|{s5}
dlga_id:close_window_146|很 好。
dlga_id:companion_sisterly_advice|{s5}
dlga_id:close_window_147|谢 谢。
dlga_id:close_window.1_29|我 不 想 再 讨 论 这 种 事 情。
dlga_id:companion_home_description|{s5}
dlga_id:companion_home_description_2|再 多 说 一 些。
dlga_id:close_window_148|眼 下 没 空 闲 谈。
dlga_id:close_window.1_30|我 不 希 望 同 伴 总 拿 这 种 琐 事 来 烦 我。
dlga_id:companion_home_description_3|{s5}
dlga_id:close_window_149|{s5}
dlga_id:rebel_thanks_answer|{playername}，当 我 们 踏 上 这 段 漫 长 征 程 时，敢 于 支 持 我 的 人 寥 寥 无 几，愿 为 我 的 事 业 冒 生 命 危 险 者 更 少。可 你 没 有 丝 毫 迟 疑，毅 然 迎 战 我 的 敌 人。我 们 共 同 熬 过 了 无 数 艰 难 时 刻，我 也 曾 几 乎 丧 失 全 部 希 望；但 在 诸 神 眷 顾 下，我 们 终 于 获 胜。如 今 我 该 离 开 你 的 队 伍，取 回 本 就 属 于 我 的 一 切 了。^从 今 往 后，我 将 肩 负 统 治 {s3} 的 重 任。前 路 仍 有 许 多 挑 战，而 我 仍 要 仰 仗 你 的 帮 助。当 然，你 永 远 都 会 是 我 最 重 要 的 封 臣。
dlga_id:rebel_thanks_answer_2|能 为 您 的 事 业 而 战，是 我 的 荣 幸，{reg65?夫 人 :我 的 大 人 }。
dlga_id:rebel_thanks_answer_2.1|您 永 远 可 以 得 到 我 的 忠 诚 支 持，{reg65?尊 敬 的 女 士 :先 生 }。
dlga_id:close_window_150|我 会 怀 念 与 你 一 同 冒 险 的 日 子，但 自 己 的 职 责 正 在 召 唤 我。那 么……暂 且 告 别 了，{playername}。愿 我 们 很 快 再 见。
dlga_id:companion_political_grievance_response|{s21}
dlga_id:close_window_151|你 的 意 见 我 记 下 了。
dlga_id:companion_rejoin_response.4|向 你 致 意，{s21}。你 准 备 好 让 我 归 队 了 吗？
dlga_id:companion_rejoin_response.5|{s21}，总 算 找 到 你 了。我 一 直 在 外 宣 扬 您 的 王 位 主 张，如 今 已 经 准 备 好 归 队。
dlga_id:companion_rejoin_response.6|{s21}，总 算 找 到 你 了。{s11}。其 余 情 况 我 会 写 成 报 告 呈 交 给 您。
dlga_id:companion_rejoin_response.7|{s21}，我 竭 尽 全 力 想 从 {s12} 手 中 救 出 {s11}，可 一 发 流 矢 击 倒 了 {reg4?她 :他 }。狱 卒 紧 追 不 舍，我 和 手 下 无 法 折 返。想 来 一 段 时 间 内 我 们 不 会 再 受 那 里 欢 迎 了—— 毕 竟 我 们 还 放 了 好 几 把 火……
dlga_id:companion_rejoin_response.8|{s21}，这 一 路 并 不 轻 松，但 我 总 算 把 {s11} 安 然 带 了 回 来。{s12} 的 守 卫 日 后 大 概 会 把 我 们 这 场 大 胆 越 狱 讲 成 传 奇，不 过 他 们 至 今 恐 怕 都 没 弄 明 白 自 己 是 怎 么 倒 下 的。
dlga_id:close_window.2_5|万 分 抱 歉，{s0}。我 们 未 能 救 出 {s32}——{s31} 在 行 动 中 被 俘，如 今 也 被 关 在 {s33}。
dlga_id:companion_embassy_results|{s21}，总 算 找 到 你 了。我 已 完 成 前 往 {s31} 的 使 命。总 的 来 说，情 况 可 以 概 括 为：{s14}。尽 管 如 此，我 还 是 尽 力 劝 说 了 {reg0?她:他}。
dlga_id:companion_rejoin_response_16|信 中，{s12} 称 您 为 {s4} 的 {reg33?女 领 主:领 主}，这 等 于 在 一 定 程 度 上 承 认 您 是 独 立 而 拥 有 主 权 的 君 主。
dlga_id:companion_rejoin_response.1_11|信 中，{s12} 只 称 您 为 {playername}，没 有 使 用 任 何 头 衔。这 并 不 构 成 对 您 统 治 权 的 承 认。信 中 表 示，{reg0?她:他} 因 您 尚 无 宫 廷，而 不 愿 {reg0?:} 给 予 承 认。
dlga_id:companion_rejoin_response.2_4|信 中，{s12} 只 称 您 为 {playername}，没 有 使 用 任 何 头 衔。这 并 不 构 成 对 您 统 治 权 的 承 认。信 中 表 示，{reg0?她:他} 不 愿 {reg0?:} 因 您 占 据 {s0} 而 给 予 承 认。
dlga_id:companion_rejoin_response_17|信 中，{s12} 称 您 为 {s4} 的 {reg33?女 领 主:领 主}，这 等 于 在 一 定 程 度 上 承 认 您 是 独 立 而 拥 有 主 权 的 君 主。
dlga_id:companion_rejoin_response.3_3|信 中，{s12} 将 {reg0?她:他} 的 答 复 写 给 {s0}，只 称 您 为 {s0} 的 忠 诚 封 臣。这 并 不 构 成 对 您 统 治 权 的 承 认。
dlga_id:companion_rejoin_response.4_2|信 中，{s12} 只 称 您 为 {playername}，没 有 使 用 任 何 头 衔。这 并 不 构 成 对 您 统 治 权 的 承 认。
dlga_id:companion_rejoin_response.5_2|{s12} 表 示，目 前 的 休 战 协 议 已 经 足 够。
dlga_id:companion_truce_confirm|{s12} 表 示，{reg0?她:他} 愿 意 考 虑 休 战 20天。
dlga_id:companion_rejoin_response.6_2|{s12} 表 示，{reg0?她:他} 不 愿 议 和。
dlga_id:companion_rejoin_response_18|很 好，就 此 缔 结 我 们 与 {s4} 的 休 战 协 议。
dlga_id:companion_rejoin_response.1_12|仔 细 想 想，此 事 眼 下 或 许 不 合 我 们 的 利 益。
dlga_id:companion_rejoin_response.7_2|{s12} 表 示，您 已 经 向 另 一 位 君 主 宣 誓 效 忠。
dlga_id:companion_rejoin_response.8_2|{s12} 表 示，对 方 不 相 信 您 会 履 行 封 臣 义 务，并 怀 疑 这 项 提 议 只 是 一 场 骗 局。
dlga_id:vassalage_offer_confirm|{s12} 表 示，{reg0?她:他} 接 受 了 您 的 效 忠 提 议。{reg0?她:他} 给 您 20天 时 间 前 去 觐 见；在 此 期 间，{reg0?她:他} 不 会 向 您 开 战。
dlga_id:companion_rejoin_response_19|告 诉 对 方，我 接 受 这 些 条 件。
dlga_id:close_window_152|欢 迎 回 来，朋 友！
dlga_id:companion_rejoin_refused|可 惜 我 暂 时 还 不 能 让 你 归 队。
dlga_id:close_window_153|如 你 所 愿。我 先 去 处 理 些 事 务，几 天 后 再 试。
dlga_id:companion_rejoin_response.9|你 愿 意 让 我 重 新 归 队 吗？
dlga_id:close_window.3_2|看！远 处 已 经 能 望 见 {s3} 的 城 墙，我 们 总 算 平 安 抵 达 了。拿 着 这 袋 {reg3}枚 金 币，这 是 先 前 答 应 你 的 报 酬。希 望 有 朝 一 日，我 们 还 能 再 次 同 行。
dlga_id:lord_start|我 的 {reg33?女 士 :领 主 }，我 期 待 着 我 们 的 婚 礼。等 有 机 会 举 办 一 场 体 面 的 宴 会，我 们 便 成 婚。{s12}
dlga_id:lord_start.1|我 的 {reg33?女 士 :大 人 }，若 您 愿 意 成 婚，我 们 可 以 前 往 {s4} 的 宴 会，在 王 国 诸 位 领 主 面 前 交 换 誓 言。
dlga_id:lord_start.2|{reg33?女 士:大 人}，我 已 经 厌 倦 等 待 这 个 王 国 的 领 主 们 齐 聚。跟 我 来，让 我 们 交 换 誓 言。
dlga_id:lord_start.3|我 的{reg33?:}，我 已 厌 倦 等 待 这 个 王 国 的 领 主 们 聚 齐。或 许 我 们 应 当 抓 住 第 一 个 机 会，在 任 何 愿 意 向 我 们 开 放 的 大 厅 中 完 婚。
dlga_id:lord_groom_vows|我 的{reg33?:}，我 已 经 等 得 太 久。让 我 们 立 即 交 换 婚 誓。
dlga_id:lord_groom_vows.1|我 的{reg33?:}，再 次 见 到 你，令 我 满 心 欢 喜。让 我 们 交 换 婚 誓 吧。
dlga_id:female_pc_marriage_vow|我 的{reg33?:}，在 众 人 见 证 之 下，我 誓 愿 娶 你 为{reg33?:}，尊 重 你、珍 爱 你，并{reg33?:}你。愿 诸 神 赐 我 们 健 康、繁 荣 与 子 嗣。
dlga_id:lord_groom_wedding_complete|我 发 誓 娶 你 为 我 的 {reg65?妻 子:丈 夫}。
dlga_id:close_window_154|等 等，我 还 需 要 再 想 想。
dlga_id:close_window_155|从 此 我 们 便 是 夫 妻 了。让 庆 典 开 始 吧！
dlga_id:close_window.22|很 好，你 已 经 说 清 楚 了。我 无 话 可 说。
dlga_id:close_window.23|好 了，{reg33?女 士:大 人}！不 必 费 力 从 地 上 爬 起 来，因 为 我 只 会 再 次 把 你 击 倒。我 就 把 你 的 沉 默 当 作 道 歉。日 安。
dlga_id:close_window.24|很 好，你 已 经 表 明 了 立 场。我 收 回 先 前 的 话，愿 你 已 经 得 到 满 意 的 答 复。
dlga_id:close_window.25|哈！这 会 儿 可 没 那 么 英 勇 了，是 吗？别 再 来 烦 我。
dlga_id:close_window.26|很 好，你 赢 了。愿 今 日 在 场 众 人 见 证 我 败 于 你 手；我 会 放 弃 对 {s10} 的 追 求。现 在 你 满 意 了 吗，你 这 冷 酷 无 情 的 混 账？
dlga_id:close_window.27|起 来。愿 今 日 在 场 众 人 见 证：我 已 经 击 败 你，而 你 必 须 放 弃 对 {s10} 的 追 求。我 准 许 你 最 后 探 望 一 次，向 {reg0?她:他} 道 别。此 后 若 仍 执 意 相 见，世 人 都 会 知 道 你 是 个 毫 无 荣 誉 的 {reg33?女 人:男 人}。
dlga_id:player_siege_castle_commander_1|你 想 干 什 么？
dlga_id:player_siege_ask_surrender|投 降 吧！你 们 已 毫 无 希 望！
dlga_id:close_window_156|没 什 么。我 这 就 离 开。
dlga_id:player_siege_ask_surrender_treatment|也 许……你 能 以 荣 誉 担 保，善 待 我 们 吗？
dlga_id:player_siege_ask_leave_unmolested|若 你 以 荣 誉 担 保 让 我 们 平 安 离 去，我 们 愿 把 城 堡 交 给 你，率 军 撤 离。
dlga_id:player_siege_ask_leave_unmolested_2|若 你 以 荣 誉 担 保 让 我 们 平 安 离 去，我 们 愿 把 城 堡 交 给 你，率 军 撤 离。
dlga_id:close_window_157|{s0} 永 远 不 会 抛 弃 {s1}！
dlga_id:close_window.1_31|投 降？哈！这 些 城 墙 足 够 我 们 守 到 老 死。
dlga_id:player_siege_ask_surrender_treatment_reject|我 什 么 条 件 也 不 会 给。立 刻 投 降，否 则 准 备 受 死！
dlga_id:close_window_158|{reg33?贱 人 :杂 种 }！我 们 会 战 至 最 后 一 人！
dlga_id:player_siege_ask_surrender_treatment_accept|你 会 被 扣 作 赎 金，而 你 的 士 兵 都 能 活 命。我 以 荣 誉 担 保。
dlga_id:close_window_159|很 好。既 然 条 件 如 此，我 向 你 投 降。
dlga_id:player_siege_ask_leave_unmolested_accept|我 以 荣 誉 担 保。只 要 你 们 离 开 城 堡，便 不 会 遭 到 袭 击。
dlga_id:close_window_160|很 好，这 座 城 堡 归 你 了。今 日 是 你 胜 了，但 我 们 还 会 再 见。
dlga_id:player_siege_ask_leave_unmolested_reject|不 能 接 受。我 要 的 是 俘 虏。
dlga_id:close_window_161|那 么 我 们 会 死 守 这 座 城 堡。谈 判 到 此 为 止，告 辞！
dlga_id:lord_prison_break_confirm_2|我 是 来 救 你 出 去 的。{reg33?:}
dlga_id:close_window_162|算 了—— 安 静 些。
dlga_id:lord_prison_break_confirm_3_2|等 等—— 我 们 怎 么 逃 出 去？一 踏 出 这 扇 门，整 支 驻 军 都 会 扑 上 来。我 可 以 帮 你 挡 住 他 们，但 先 说 清 楚：他 们 只 给 我 稀 粥 和 几 口 残 羹，我 现 在 远 不 在 最 佳 状 态。
dlga_id:lord_prison_break_confirm_4|紧 跟 在 我 身 后，尽 量 避 开 战 斗。
dlga_id:lord_prison_break_confirm_4.1|尽 管 你 很 虚 弱，我 仍 需 要 你 拿 起 武 器 助 我 一 臂 之 力。
dlga_id:close_window_163|算 了，你 别 插 手。
dlga_id:close_window_164|走 吧！{s14}
dlga_id:freed_lord_answer|朋 友，你 救 我 脱 困，我 欠 你 一 份 人 情。
dlga_id:freed_lord_answer_1|你 哪 里 也 去 不 了，“朋 友”。现 在 你 是 我 的 俘 虏！
dlga_id:close_window_165|我 迟 早 会 把 你 的 脑 袋 插 在 长 矛 上，你 这 杂 种！{reg33?:}
dlga_id:freed_lord_answer_2|大 人，你 现 在 可 以 自 行 离 去 了。
dlga_id:close_window_166|多 谢，仁 慈 的 {reg33?女 士:大 人}。我 从 不 会 忘 记 别 人 施 予 的 恩 惠。
dlga_id:defeat_lord_answer|{s43}
dlga_id:defeat_lord_answer_1|你 是 我 的 俘 虏 了。
dlga_id:close_window_167|我 任 你 处 置。
dlga_id:defeat_lord_answer_2|你 奋 战 得 不 错。你 可 以 走 了。
dlga_id:defeat_lord_answer_2.1|你 败 了。滚 回 你 的 族 人 那 里，告 诉 他 们 与 {playername} 为 敌 会 有 何 下 场。
dlga_id:close_window_168|{s43}
dlga_id:party_encounter_lord_hostile_attacker|{playername}！
dlga_id:party_encounter_lord_hostile_attacker.1|站 住！
dlga_id:party_encounter_lord_hostile_attacker_2|{s42}
dlga_id:close_window_169|我 们 会 死 拼 到 底！
dlga_id:lord_recruit_1_relation|住 手！我 有 些 话 必 须 私 下 告 诉 你。
dlga_id:party_encounter_offer_dont_fight|非 得 开 战 不 可 吗？我 不 想 与 你 交 手。
dlga_id:close_window.1_32|别 攻 击！我 们 投 降。
dlga_id:close_window_170|我 欠 你 一 份 人 情，不 是 吗？嗯……好 吧。这 一 次，我 放 你 走。
dlga_id:party_encounter_offer_money|交 出 {reg0}枚 金 币，我 就 放 你 走，懦 夫。
dlga_id:close_window_171|别 动 手！我 付 钱。
dlga_id:party_encounter_offer_money_no|那 就 开 战 吧！
dlga_id:close_window_172|{s43}
dlga_id:close_window.1_33|{s43}
dlga_id:lord_requests_recruitment|{s9}
dlga_id:close_window_173|{s9}
dlga_id:lord_requests_recruitment_refuse|{s9}
dlga_id:close_window_174|{s9}
dlga_id:supported_pretender_talk_3|我 等 着 你 的 建 议，{playername}。
dlga_id:pretender_intro_1|我 们 见 过 吗？
dlga_id:pretender_intro_2|我 叫 {playername}，愿 为 您 效 劳。
dlga_id:pretender_intro_2.1|我 叫 {playername}。也 许 你 听 说 过 我 的 事 迹。
dlga_id:pretender_intro_3|{s48}
dlga_id:pretender_rebellion_cause_1|我 还 以 为 {s12} 是 由 {s11} 统 治 的？
dlga_id:pretender_start|向 你 致 意，{playername}。
dlga_id:pretender_rebellion_cause_prelim|请 再 讲 一 遍 你 的 身 世，{reg65?尊 敬 的 女 士 :先 生 }。
dlga_id:pretender_rebellion_cause_1_2|我 会 告 诉 你。
dlga_id:pretender_rebellion_cause_2|{s48}
dlga_id:pretender_rebellion_cause_3|{s48}
dlga_id:pretender_start_2|{s48}
dlga_id:pretender_discuss_rebellion_1|俺 跟 你 干！WAAAGH！
dlga_id:pretender_end|我 该 告 辞 了。
dlga_id:pretender_discuss_rebellion_2a|你 真 的 准 备 好 承 担 这 项 重 任 了 吗，{playername}？夺 回 我 的 王 位 绝 非 易 事。王 国 的 {s0} 都 已 向 {s11} 宣 誓 效 忠。^向 篡 位 者 立 下 的 誓 言 当 然 不 具 正 当 性，我 们 可 以 期 待 部 分 {s0} 转 而 支 持 我 们；但 等 待 我 们 的，仍 会 是 一 场 极 其 艰 苦 的 战 争。
dlga_id:pretender_discuss_rebellion_2|{s11}
dlga_id:pretender_discuss_rebellion_3|我 已 准 备 好 迎 接 这 场 斗 争。
dlga_id:pretender_end_2|你 说 得 对。也 许 我 该 再 仔 细 考 虑 一 番。
dlga_id:close_window_175|我 相 信 你 是 真 心 支 持 我 的 事 业，{playername}，也 很 感 激。但 眼 下 我 们 的 胜 算 太 小。你 若 能 在 战 场 上 扬 名，成 为 令 人 敬 畏 的 统 帅，朋 友 们 便 会 愿 意 加 入 我 们，敌 人 也 会 在 拔 剑 前 再 三 思 量。到 了 那 一 天，我 会 欣 然 与 你 同 行。在 此 之 前，最 好 不 要 贸 然 挑 战 篡 位 者 {s11}。
dlga_id:close_window.1_34|你 不 是 已 经 投 身 {s17} 的 事 业 了 吗？看 来 你 的 正 义 感 确 实 异 乎 寻 常。不 过 不 必 了，多 谢。我 不 愿 成 为 你 这 场 游 戏 的 一 枚 棋 子。
dlga_id:close_window.2_6|{playername}，你 已 经 宣 誓 效 忠 于 {s15}。我 若 接 受 你 的 帮 助，敌 人 便 会 声 称 我 不 过 是 {s16} 的 傀 儡。不，若 我 要 登 上 {s17} 的 王 位，就 必 须 凭 借 我 事 业 的 正 当 性 与 臣 民 的 拥 戴。你 若 真 想 助 我，必 须 先 解 除 对 {s15} 的 誓 约。
dlga_id:close_window.3_3|你 本 身 便 是 一 位 君 主，{reg33?女 士:先 生}。若 由 你 扶 持，我 不 过 会 成 为 你 的 傀 儡。
dlga_id:pretender_rebellion_ready|你 是 一 位 出 色 的 战 士，{playername}。凭 借 你 的 声 望 和 我 事 业 的 正 当 性，{s12} 的 贵 族 与 人 民 必 会 纷 纷 加 入 我 们。^行 动 的 时 刻 到 了！我 会 与 你 同 行，一 同 推 翻 篡 位 者 {s11}，夺 走 他 的 王 冠；必 要 时，也 夺 走 他 的 脑 袋。^但 在 此 之 前，你 必 须 向 我 宣 誓 效 忠，从 今 以 后 奉 我 为 你 的 宗 主。
dlga_id:lord_give_oath_2|我 已 准 备 好 投 身 您 的 事 业，{reg3?我 的 女 士 :先 生 }。
dlga_id:pretender_end_3|让 我 们 再 静 候 一 段 时 日。
dlga_id:close_window_176|出 发！我 们 的 首 要 任 务，是 夺 取 一 座 要 塞，并 说 服 其 他 领 主 加 入 我 们 的 事 业。由 你 带 路！
dlga_id:close_window_177|那 么，暂 且 告 别。
dlga_id:lord_event_choose_friend|我 听 说 你 与 那 个 名 叫 {s6} 的 {s43} 交 情 不 错。相 信 我，那 家 伙 绝 不 可 信。你 最 好 断 绝 与 他 的 往 来。
dlga_id:lord_event_choose_friend_renounce|我 向 你 保 证，{s65}，我 和 {s6} 没 有 交 情。
dlga_id:lord_pretalk_13|好 消 息，{playername}。否 则 我 还 真 会 担 心 你 的 安 危。若 你 遇 到 {s6}，务 必 提 高 警 惕，别 信 那 家 伙 的 任 何 一 句 话。
dlga_id:lord_event_choose_friend_defend|{s6} 是 个 正 直 的 {reg4?女 人:男 人}，你 无 权 这 样 谈 论 {reg4?她:他}。
dlga_id:lord_pretalk_14|随 你 的 便，{playername}。你 也 许 是 个 笨 蛋，不 过 你 至 少 是 个 忠 心 的 笨 蛋。不 过，{s6} 的 忠 诚 可 能 就 没 那 么 坚 定 了……
dlga_id:lord_event_choose_friend_neutral|我 不 想 卷 入 你 与 {s6} 的 争 执。{reg33?:}
dlga_id:lord_pretalk_15|哼。如 你 所 愿，{playername}。但 你 要 记 住，{reg33?女 人 :男 人 } 活 在 世 上 总 需 要 朋 友；若 你 从 不 肯 为 任 何 人 挺 身 而 出，也 永 远 交 不 到 真 正 的 朋 友。
dlga_id:lord_start.4|有 何 事，{s0}？
dlga_id:lord_start.5|很 高 兴 再 次 见 到 你，老 朋 友。{reg33?:}
dlga_id:lord_start.6|有 何 吩 咐，{reg33?:}？
dlga_id:lord_invite_player_monarch_1|好 吧，{playername}。我 愿 原 谅 你 自 立 为 {reg33?女 王:国 王} 的 狂 妄，也 愿 以 应 有 的 礼 遇 接 纳 你 成 为 我 的 封 臣。现 在，是 否 该 举 行 效 忠 仪 式 了？
dlga_id:lord_invite_2|是 的……我 的 领 主。
dlga_id:lord_enter_service_reject|不。这 誓 言 堵 在 我 的 喉 咙 里，我 说 不 出 口。
dlga_id:lord_invite_1|{playername}，我 一 直 在 等 你。你 的 事 迹 早 已 传 入 我 的 耳 中。那 些 关 于 勇 武 与 胆 识 的 传 闻 令 我 很 快 便 下 定 决 心：我 找 到 了 一 位 配 得 上 成 为 我 封 臣 的 人。
dlga_id:lord_invite_2_2|多 谢，{s65}。您 的 邀 请 令 我 深 感 荣 幸。
dlga_id:lord_invite_2.1|我 的 真 正 价 值 终 于 得 到 认 可，实 在 令 人 欣 慰。
dlga_id:lord_invite_3|很 好。形 式 上 的 客 套 就 免 了，{playername}。你 准 备 好 向 我 宣 誓 效 忠 了 吗？{reg33?:}
dlga_id:lord_give_oath_2_2|是 的，{s65}。
dlga_id:lord_enter_service_reject_2|不，{s65}。我 现 在 还 不 能 为 您 效 力。
dlga_id:lord_female_pc_marriage_proposal|我 认 真 思 量 了 我 们 最 近 的 谈 话。如 今 该 由 我 开 口 了：您 愿 赐 予 我 这 份 荣 幸，成 为 我 的 伴 侣 吗？{reg33?:}{reg33?:}
dlga_id:lord_marriage_proposal_female_pc_next_step|是 的，我 愿 意。
dlga_id:lord_female_pc_marriage_proposal_postponed|让 我 再 想 想。
dlga_id:lord_female_pc_marriage_proposal_rejected|不。我 已 经 认 定，这 桩 婚 事 并 不 合 适。
dlga_id:lord_start_2|当 然，我 的 {reg33?女 士 :领 主 }。你 尽 管 慢 慢 考 虑。
dlga_id:lord_female_pc_marriage_proposal_rejected_confirm|我 的 {reg33?:}，您 是 要 断 然 拒 绝 我 的 求 婚 吗？
dlga_id:lord_female_pc_marriage_proposal_rejected_confirm_yes|是 的，我 拒 绝。
dlga_id:lord_female_pc_marriage_proposal_postponed_2|不，你 误 会 了，我 只 是 需 要 一 些 时 间 来 考 虑 一 下。
dlga_id:close_window_178|好 吧，既 然 如 此，我 也 不 妨 直 说：你 这 番 刻 薄 之 言 让 我 彻 底 看 清 了 你。我 同 意，与 像 你 这 样 的 人 结 婚 的 确 不 合 适。日 安，我 的 {reg33?女 士:大 人}。
dlga_id:close_window.1_35|这 是 您 的 权 利，我 的 {reg33?女 士:大 人}。若 您 有 朝 一 日 愿 意 重 新 考 虑，我 定 会 欣 喜 若 狂。
dlga_id:lord_start.7|我 的 {reg33?:}，再 次 见 到 您，令 我 满 心 欢 喜……
dlga_id:lord_start.8|我 的 {reg33?:}，我 永 远 是 您 谦 卑 的 仆 人。
dlga_id:lord_start.9|这 不 是 我 英 勇 的 捍 卫 者 {playername} 吗……{reg33?:}
dlga_id:lord_start.10|很 高 兴 再 次 见 到 你，{playername}
dlga_id:lord_start.11|我 们 又 见 面 了，{playername}……
dlga_id:lord_meet_neutral|我 们 见 过 吗？
dlga_id:lord_intro|我 是 {playername}。
dlga_id:lord_intro.1|我 叫 {playername}。愿 为 您 效 劳，{reg65?女 士 :先 生 }。
dlga_id:lord_start_3|{s11}
dlga_id:lord_meet_enemy|{s43}
dlga_id:lord_intro_2|我 是 {playername}，{s65}。
dlga_id:lord_intro.1_2|人 们 称 我 为 {playername}。记 住 这 个 名 字—— 今 后 你 会 经 常 听 到 它。
dlga_id:lord_start.12|{s8}
dlga_id:lord_start_4|{s42}
dlga_id:lord_pretalk_16|干 得 漂 亮，{playername}—— 你 那 场 大 胆 的 突 袭 已 传 遍 整 个 王 国。毫 无 疑 问，他 们 或 同 类 匪 徒 迟 早 还 会 卷 土 重 来，但 你 至 少 为 这 片 土 地 赢 得 了 片 刻 喘 息。我 们 对 此 感 激 不 尽。
dlga_id:lord_pretalk_17|唉，{playername}，看 来 仍 有 一 些 强 盗 从 你 手 中 逃 脱 了—— 而 为 此 付 出 代 价 的，自 然 是 这 片 土 地 上 的 无 辜 旅 人。不 过，你 肯 出 力 相 助，总 归 值 得 感 谢。
dlga_id:lord_generic_mission_completed|你 的 外 科 医 师 说 服 了 我 的 朋 友，并 完 成 了 手 术。如 今 一 切 只 能 听 凭 诸 神 裁 决，我 们 所 能 做 的 唯 有 祈 祷 他 康 复。无 论 如 何，多 谢 你 将 外 科 医 师 借 给 我，{reg33?女 士 :先 生 }。你 有 一 颗 高 尚 的 心，我 不 会 忘 记 这 份 恩 情。
dlga_id:wedding_ceremony_bride_vow|愿 诸 天 见 证，我 愿 将 我 的 {s11}{s4} 交 付 于 你，与 你 结 为 夫 妻……
dlga_id:lord_wedding_reschedule|很 高 兴 见 到 你，{playername}。我 们 同 样 期 待 这 场 婚 礼；只 要 众 人 能 齐 聚 宴 会，婚 礼 便 会 举 行。{s12}
dlga_id:lord_start_5|没 问 题。我 可 以 等 着。
dlga_id:lord_return_dower|我 已 不 再 相 信 这 场 婚 礼 能 够 举 行。请 归 还 我 的 嫁 资。
dlga_id:close_window_179|好 吧。若 你 确 实 不 再 相 信 我 们 家 族 会 履 行 承 诺，这 也 是 你 的 权 利。拿 回 你 的 钱 吧。
dlga_id:lord_generic_mission_completed.1|哈！我 们 针 对 {s3} 的 小 小 谋 划 进 行 得 十 分 顺 利，{playername}。那 个 蠢 货 失 去 了 一 名 最 有 价 值 的 扈 从，我 们 离 让 他 屈 膝 又 近 了 一 步。拿 着，这 只 钱 袋 里 有 {reg5}枚 金 币，是 你 应 得 的 每 一 枚 铜 板。若 你 还 愿 意 继 续 替 我 办 事，往 后 能 赚 到 的 可 远 不 止 这 些……
dlga_id:close_window_180|你 连 这 点 简 单 差 事 都 办 不 成。我 已 把 一 切 安 排 妥 当，你 只 须 牺 牲 一 名 信 使，我 们 此 刻 本 该 举 杯 庆 祝。可 你 偏 要 抱 着 那 该 死 的 荣 誉 不 放，是 吗？{reg33?:}
dlga_id:quest_meet_spy_in_enemy_town_completed|我 交 给 你 的 那 件 差 事，有 消 息 了 吗？你 知 道 我 说 的 是 哪 一 件……
dlga_id:quest_meet_spy_in_enemy_town_completed_2|你 要 的 报 告 都 在 这 里。
dlga_id:lord_pretalk_18|啊，干 得 好。身 边 有 能 干 的 {reg33?人 :人 } 果 然 令 人 放 心。这 是 我 答 应 你 的 报 酬。
dlga_id:lord_pretalk_19|干 得 漂 亮，{playername}！无 论 你 做 了 什 么，{s13} 的 贵 族 如 今 都 在 叫 嚣 着 开 战！很 快，我 们 便 能 收 割 辛 劳 谋 划 的 果 实，从 那 些 任 由 我 们 劫 掠 的 沃 土 上 攫 取 财 富。记 住 我 的 话—— 这 场 战 争 会 让 我 们 大 发 横 财！
dlga_id:lord_collect_debt_completed|我 听 说 你 已 经 从 {s7} 那 里 收 回 了 欠 款。很 好，这 笔 钱 早 该 回 到 我 手 里。我 曾 答 应 给 你 五 分 之 一，对 吧？那 就 是 {reg3}枚 金 币。把 属 于 我 的 {reg4}枚 金 币 交 来，剩 下 的 你 可 以 留 下。
dlga_id:lord_collect_debt_pay|当 然，{s65}。这 是 您 的 {reg4}枚 金 币，一 枚 不 少。
dlga_id:lord_pretalk_20|我 必 须 承 认 我 很 佩 服，{playername}。我 已 经 不 抱 希 望 能 拿 回 这 笔 钱 了。请 接 受 我 诚 挚 的 谢 意。
dlga_id:lord_collect_debt_no_pay|恐 怕 我 眼 下 没 有 带 着 那 笔 钱，先 生。
dlga_id:close_window_181|你 是 在 说 笑 吗？我 很 清 楚 {s7} 已 经 把 钱 交 给 了 你，{reg33?女 士 :先 生 }。属 于 我 的 每 一 枚 金 币，我 都 要 拿 到。在 见 到 那 笔 银 钱 之 前，我 会 把 这 笔 债 记 在 你 本 人 头 上。
dlga_id:close_window.1_36|我 听 说 你 已 经 除 掉 那 个 给 我 惹 来 无 数 麻 烦 的 卑 贱 商 人。看 来 你 不 怕 弄 脏 自 己 的 手，嗯？我 欣 赏 这 样 的 {reg33?女 人 :男 人 }。这 是 你 的 报 酬。记 住，{playername}，跟 着 我，我 们 能 一 同 走 得 很 远。
dlga_id:close_window.2_7|哦，是 你。告 诉 我，一 个 人 究 竟 要 多 无 能，才 会 输 给 那 种 卑 贱 的 商 人？若 我 哪 天 想 教 卫 兵 如 何 躺 下 等 死，一 定 会 来 请 教 你。退 下 吧，{playername}，我 还 有 正 事 要 办。{reg33?:}
dlga_id:lord_kill_local_merchant_let_go|你！脑 袋 里 塞 的 是 锯 木 屑 吗？我 命 你 杀 掉 那 个 商 人，你 却 以 为 我 是 让 你 同 他 好 好 聊 上 一 场，再 把 他 放 走？！你 究 竟 中 了 什 么 邪？
dlga_id:lord_kill_local_merchant_let_go_2|大 人，我 已 经 确 保 他 今 后 不 会 再 与 您 作 对。
dlga_id:lord_pretalk_21|胡 说 八 道。我 要 你 除 掉 他，不 是 给 他 讲 一 通 大 道 理 再 放 他 回 家。他 最 好 照 你 的 话 去 做，否 则 你 们 两 人 都 会 后 悔。拿 着，这 是 我 答 应 给 你 的 报 酬 的 一 半。别 开 口，{playername}，你 能 拿 到 这 些 就 该 庆 幸 了。我 用 不 着 不 懂 得 服 从 命 令 的 人。
dlga_id:lord_follow_spy_completed|干 得 漂 亮，{playername}！你 如 我 所 愿，将 间 谍 和 接 头 人 一 并 生 擒。两 人 如 今 都 被 牢 牢 关 在 我 的 地 牢 里，等 候 审 问。我 的 拷 问 官 今 晚 可 有 得 忙 了！无 论 如 何，我 对 你 的 表 现 十 分 满 意，{playername}。这 只 钱 袋 便 是 我 的 谢 意。
dlga_id:lord_follow_spy_half_completed|该 死！我 要 的 是 两 个 活 口，{playername}—— 你 带 回 来 的 这 个 几 乎 毫 无 用 处！间 谍 知 道 的 事 我 早 已 清 楚，我 要 抓 的 是 接 头 人。只 完 成 一 半 差 事，就 只 配 拿 一 半 酬 劳。收 下 钱，滚 吧。
dlga_id:lord_follow_spy_half_completed.1|我 要 的 是 两 个 俘 虏，{playername}，不 是 一 个。两 个。不 过 你 至 少 抓 住 了 间 谍 的 接 头 人—— 两 者 中 更 重 要 的 那 个。那 名 间 谍 不 敢 再 回 来，对 其 主 人 也 已 毫 无 用 处，总 比 一 无 所 获 强。既 然 只 成 功 了 一 半，你 也 该 理 解，我 只 会 支 付 一 半 酬 劳。
dlga_id:lord_follow_spy_failed|{playername}，你 的 无 能 实 在 令 人 叹 为 观 止。间 谍 和 接 头 人 竟 一 个 都 没 抓 到—— 我 还 从 未 见 过 如 此 彻 底 的 失 败。忘 了 我 许 诺 的 酬 劳 吧；你 什 么 都 没 做 成。{reg33?:}{reg33?:}
dlga_id:lord_pretalk_22|我 尽 力 了，{s65}。
dlga_id:lord_pretalk_23|谢 谢，{s65}。
dlga_id:lord_pretalk_24|嗯。随 你 便，{s65}。
dlga_id:lord_generic_mission_completed.2|干 得 漂 亮，{playername}。所 有 农 奴 都 已 回 来，也 被 好 好 震 慑 了 一 番，正 在 忙 着 准 备 收 割。你 确 实 挣 得 了 这 份 酬 劳。拿 着 吧，这 是 你 应 得 的。
dlga_id:lord_bring_back_runaway_serfs_failed|{playername}，我 耐 心 等 了 这 么 久，却 连 一 个 农 奴 都 没 回 来。你 作 何 解 释？^是 被 几 个 庄 稼 汉 耍 得 团 团 转，抑 或 你 根 本 无 能？还 是 说，你 正 与 我 的 敌 人 合 谋，想 让 我 倾 家 荡 产？{reg33?:}{reg33?:}
dlga_id:lord_bring_back_runaway_serfs_failed_1a|原 谅 我 吧，{s65}。那 些 农 奴 像 鳗 鱼 一 样 狡 猾。
dlga_id:lord_bring_back_runaway_serfs_failed_1b|也 许 你 应 该 对 他 们 好 一 点……
dlga_id:lord_pretalk_25|哼，这 根 本 算 不 上 失 败 的 借 口，{playername}。现 在 请 你 退 下，我 得 赶 在 大 家 饿 死 之 前，另 募 人 手 耕 种 这 些 田 地。
dlga_id:close_window_182|哈，现 在 你 露 出 真 面 目 了，叛 徒！你 的 言 行 倒 是 很 一 致。我 就 不 该 信 任 你。
dlga_id:lord_runaway_serf_half_completed|你 让 我 失 望 了，{playername}。我 命 你 带 回 三 群 农 奴。三 群，不 是 {reg17}群。看 来 已 经 回 来 的 那 些 人 得 加 倍 劳 作，填 补 逃 亡 者 留 下 的 空 缺。^至 于 酬 劳，{playername}，我 只 会 按 你 真 正 带 回 来 的 人 数 支 付。拿 着 这 些 钱，此 事 到 此 为 止。
dlga_id:lord_pretalk_26|谢 谢 你，{s65}。你 真 是 宽 宏 大 量。
dlga_id:lord_pretalk.1_3|呸，听 你 解 释 是 浪 费 我 的 时 间。
dlga_id:lord_deal_with_bandits_completed|{playername}，我 听 说 你 已 经 荡 平 了 盘 踞 在 我 {s5} 村 庄 附 近 的 强 盗。请 相 信，我 对 此 感 激 不 尽。让 我 补 偿 你 此 次 出 征 的 花 费 吧—— 希 望 这 {reg14}枚 金 币 足 够。
dlga_id:lord_pretalk_27|没 问 题，{s65}。
dlga_id:lord_pretalk.1_4|很 高 兴 能 帮 上 忙。
dlga_id:lord_pretalk.2|不 过 是 孩 童 把 戏。
dlga_id:lord_pretalk.1_5|该 死，{playername}。我 听 说 你 没 能 从 我 的 村 庄 {s5} 赶 走 那 些 强 盗。拜 你 所 赐，村 子 如 今 已 化 为 废 墟。人 人 都 说 你 是 个 能 干 的 战 士，看 来 他 们 全 都 错 了。
dlga_id:lord_deliver_cattle_to_army_thank|啊，{playername}。军 需 官 已 经 向 我 报 告，你 送 来 了 我 所 要 求 的 {reg13}头 牛。你 的 表 现 令 我 刮 目 相 看。
dlga_id:lord_pretalk_28|没 问 题，{s65}。
dlga_id:lord_pretalk.1_6|很 高 兴 能 帮 上 忙。
dlga_id:lord_pretalk.2_2|不 过 是 孩 童 把 戏。
dlga_id:lord_scout_waypoints_thank|你 是 个 出 色 的 斥 候，{playername}。传 令 兵 刚 刚 送 来 了 你 对 {s13}、{s14} 和 {s15} 的 侦 察 报 告。干 得 好。
dlga_id:lord_pretalk_29|小 事 一 桩，{s65}。
dlga_id:lord_pretalk.1_7|没 有 我 做 不 到 的。
dlga_id:lord_pretalk.2_3|我 很 乐 意，{s65}。
dlga_id:lord_mission_told_deliver_cattle_to_army|军 队 的 补 给 消 耗 得 太 快 了，{playername}。你 必 须 给 我 带 来 {reg3}头 牛，好 让 士 兵 们 有 肉 可 吃。至 于 牛 从 哪 里 来，我 毫 不 在 意—— 尽 快 带 来 便 是。
dlga_id:lord_mission_told_deliver_cattle_to_army_accepted|很 好，我 可 以 帮 你 找 到 一 些 牛。
dlga_id:lord_mission_told_deliver_cattle_to_army_rejected|抱 歉，我 另 有 打 算。{reg33?:}
dlga_id:close_window_183|很 好！你 知 道 该 做 什 么，{playername}，立 刻 去 办。我 越 早 见 到 那 些 牛 越 好。
dlga_id:close_window_184|这……实 在 令 人 遗 憾，{playername}。我 只 能 另 找 一 位 能 胜 任 此 事 的 人。退 下 吧，我 还 有 工 作 要 做。
dlga_id:lord_pretalk.2_4|多 谢 你 响 应 召 集，{playername}。不 过 我 们 如 今 已 经 恢 复 和 平，不 再 需 要 你 效 力。去 处 理 自 己 的 事 务 吧。
dlga_id:lord_report_to_army_asked|啊，你 总 算 到 了，{playername}。我 们 一 直 在 等 你。希 望 你 带 来 的 士 兵 人 数 充 足，也 都 久 经 战 阵。
dlga_id:lord_report_to_army_completed|我 带 来 了 一 队 精 锐 老 兵。我 们 已 经 准 备 好 加 入 您 的 军 队。
dlga_id:lord_report_to_army_continue|我 还 没 有 召 集 到 足 够 的 兵 力，需 要 再 给 我 一 些 时 间。
dlga_id:close_window_185|很 好。我 们 很 快 就 会 开 拔。听 着—— 你 是 一 位 {reg33?战 士 :有 } 明 智 判 断 力 的 人，我 相 信 你 会 采 取 一 切 必 要 行 动 支 援 这 场 战 役。我 不 要 求 你 始 终 随 侍 左 右；若 你 认 为 自 己 的 部 队 在 别 处 更 有 用，我 也 不 会 怪 罪 你。但 若 你 愿 留 下 与 我 并 肩 作 战，我 会 十 分 感 激。我 或 许 还 会 另 有 任 务 交 给 你。
dlga_id:close_window_186|那 你 最 好 快 些。我 们 很 快 便 要 向 敌 人 开 拔，需 要 召 集 一 切 能 够 作 战 的 人 手。
dlga_id:lord_mission_told_scout_waypoints|{playername}，我 需 要 一 名 志 愿 者 侦 察 周 边。我 们 掌 握 的 情 报 严 重 不 足，在 继 续 行 动 前，我 必 须 先 弄 清 局 势。前 往 {s13}、{s14} 和 {s15}，把 你 发 现 的 一 切 带 回 来。
dlga_id:lord_mission_told_scout_waypoints_accepted|您 已 经 找 到 志 愿 者 了，大 人。
dlga_id:lord_mission_told_scout_waypoints_rejected|我 恐 怕 我 得 拒 绝 了。
dlga_id:close_window_187|好 样 的，{reg33?姑 娘 :家 伙 }！只 需 经 过 {s13}、{s14} 和 {s15} 附 近，查 清 那 里 有 什 么。记 下 所 有 发 现，然 后 尽 快 回 来 复 命。
dlga_id:lord_pretalk_30|嗯，我 很 失 望，{playername}。非 常 失 望。稍 后 再 谈，我 得 去 另 找 一 名 斥 候。
dlga_id:lord_generic_mission_completed_2|你 帮 了 大 忙，{playername}。多 谢。
dlga_id:lord_pretalk_31|能 为 您 效 劳，是 我 的 荣 幸。
dlga_id:lord_pay_debt_2|我 记 得 你 还 欠 我 {reg1}枚 金 币，{playername}。你 打 算 什 么 时 候 还 清？
dlga_id:lord_pay_debt_2.1|啊，{playername}。我 们 上 次 谈 话 时，你 借 了 {reg1}枚 金 币 去 支 付 赎 金，对 吧？既 然 事 情 已 经 了 结，是 否 该 把 钱 还 给 我 了？
dlga_id:lord_pay_debt_3_1|我 正 是 为 此 而 来，{s65}。这 里 是 我 所 欠 的 每 一 枚 金 币。
dlga_id:lord_pay_debt_3_2|哎 呀，我 没 有 足 够 的 现 钱，{s65}。但 是 我 会 尽 快 还 给 你 的。
dlga_id:lord_pretalk_32|啊，很 好。你 是 一 位 有 荣 誉 的 {reg33?有 荣 誉 感 的 女 人 :有 荣 誉 感 的 人 }，{playername}。我 很 满 意，这 笔 债 已 经 全 数 还 清。
dlga_id:lord_pretalk_33|可 以，但 别 再 让 我 久 等。
dlga_id:lord_start.1_2|顺 便 说 一 句，希 望 你 有 机 会 见 见 我 的 {s11}，{s14}。{reg33?:}
dlga_id:lord_start.2_2|顺 便 说 一 句，我 相 信 我 的 {s11}——{s14}—— 会 很 高 兴 见 到 你。{reg0?她:他} 正 在 自 己 的 住 处 等 候。
dlga_id:lord_buy_prisoner|我 听 说 你 俘 获 了 我 们 的 敌 人 {s3}，{reg0?她:他} 目 前 就 在 你 手 中。若 你 想 脱 手，我 愿 为 {reg0?她:他} 支 付 {reg6}枚 金 币。当 然，你 也 可 以 等 其 家 人 来 赎，只 是 谁 也 不 知 道 那 要 等 多 久，对 吧？
dlga_id:lord_buy_prisoner_accept|我 接 受 你 的 报 价。{s3} 归 你，换 取 {reg6}枚 金 币。
dlga_id:lord_buy_prisoner_deny|我 恐 怕 不 能 接 受 你 的 提 议。
dlga_id:lord_pretalk_34|很 好！这 是 你 的 {reg6}枚 金 币。我 马 上 派 人 将 他 押 往 我 们 的 监 牢。
dlga_id:lord_pretalk_35|嗯，随 你 吧，{playername}。不 过 你 绝 不 会 得 到 更 好 的 报 价，相 信 我。
dlga_id:lord_talk|我 举 起 一 杯 {s5}，为 你 的 健 康 而 饮，{playername}！承 蒙 你 盛 情 款 待。现 在，有 何 事？{reg33?:}
dlga_id:lord_talk.1|为 您 的 健 康 干 杯，大 人。愿 您 长 久 统 治。您 有 何 吩 咐？
dlga_id:lord_talk.2|有 何 吩 咐？
dlga_id:lord_talk.3|值 此 吉 日，欢 迎 你 来 到 我 的 大 厅。现 在，有 何 事？
dlga_id:lord_talk.4|让 我 们 举 杯，为 东 道 主 {s4} 的 健 康 干 杯。现 在，有 何 事？
dlga_id:offer_gift_quest_complete|我 已 经 备 齐 了 送 给 {s4} 的 礼 物 材 料。
dlga_id:close_window_188|啊，交 给 我 吧。希 望 这 些 礼 物 足 以 弥 合 你 们 之 间 的 裂 痕。你 可 以 去 同 对 方 谈 谈，看 看 我 是 否 成 功 了。
dlga_id:intrigue_quest_state_complaint|我 的 {reg65?女 士:大 人}—— 关 于 您 的 一 位 封 臣，我 有 件 机 密 之 事 必 须 禀 报。
dlga_id:lord_pretalk_36|无 论 你 想 说 什 么，都 等 到 我 们 独 处 时 再 说。
dlga_id:intrigue_quest_state_complaint_plyr|说 吧。我 很 重 视 你 的 意 见，但 愿 你 不 是 想 在 我 的 封 臣 之 间 播 下 不 和。
dlga_id:lord_intrigue_quest_complaint_stated|陛 下，您 的 封 臣 普 遍 认 为 {s4} 为 人 {s5}，已 经 成 为 王 国 的 负 担。
dlga_id:lord_pretalk_37|其 实……算 了，陛 下。
dlga_id:lord_pretalk_38|嗯……这 消 息 令 人 不 安。我 虽 不 鼓 励 封 臣 彼 此 诋 毁，但 也 重 视 你 的 判 断。也 许 今 后 再 授 予 {s4} 封 地 或 官 职 之 前，我 该 三 思……
dlga_id:intrigue_quest_state_complaint_failed|想 在 我 的 封 臣 之 间 挑 拨 离 间，是 吗？眼 下 乱 事 已 经 够 多 了，你 以 为 我 愿 意 看 见 麾 下 贵 族 像 恶 犬 一 样 彼 此 撕 咬？现 在 回 答 我—— 是 不 是 有 人 指 使 你 这 么 做？
dlga_id:intrigue_quest_state_accept_blame|我 坚 持 自 己 的 话，陛 下。
dlga_id:intrigue_quest_state_deflect_blame|是 的，陛 下—— 是 {s4} 指 使 我 来 告 发 {s5}！
dlga_id:lord_pretalk_39|是 吗。你 尽 可 以 坚 持 自 己 的 话，但 最 好 把 它 们 咽 回 肚 子 里。我 不 容 你 中 伤 我 忠 诚 的 追 随 者 {s4}。
dlga_id:lord_pretalk_40|我 就 知 道。听 我 一 句 忠 告，{reg33?小 姑 娘 :小 伙 子 }—— 别 插 手 旁 人 的 争 端。此 事 到 此 为 止。
dlga_id:lord_denounce_1|我 有 句 话 要 告 诉 你—— 我 们 已 经 受 够 了 你 那 套 {s4} 作 派。
dlga_id:lord_denounce_2|抱 歉……你 刚 才 说 什 么？
dlga_id:lord_denounce_3|你 听 得 很 清 楚。你 将 会 {s4}。
dlga_id:lord_pretalk_41|没 什 么。你 一 定 听 错 了。
dlga_id:close_window_189|你 为 何 要 说 出 这 种 话？枉 顾 我 们 的 友 谊，竟 如 此 羞 辱 我—— 昔 日 朋 友 从 背 后 刺 来 的 匕 首，远 比 宿 敌 迎 面 劈 来 的 利 剑 更 加 残 酷。我 不 知 道 你 在 玩 什 么 把 戏，也 不 愿 参 与。滚 吧，我 不 想 再 看 见 你。
dlga_id:close_window.1_37|哼，真 的 吗？这 是 你 自 己 的 看 法，还 是 某 个 对 手 把 这 些 话 塞 进 你 嘴 里 的？罢 了，我 不 会 陪 你 玩 这 种 把 戏。滚 开，把 你 的 阴 谋 也 一 并 带 走。{reg33?:}
dlga_id:lord_denounce_4|我 绝 不 容 你 当 众 羞 辱 我，{reg33?女 士:先 生}。收 回 你 的 话，否 则 决 斗 场 上 见。
dlga_id:lord_denounce_4.1|是 吗？那 你 听 好 了—— 你 是 一 条 毒 蛇，一 个 无 赖；若 不 敢 到 决 斗 场 上 见 我，还 是 个 懦 夫。怎 么 样？你 是 收 回 方 才 的 话，还 是 与 我 拔 剑 相 向？
dlga_id:lord_respond_to_insult_challenge_duel_confirm|能 与 你 一 战，正 合 我 意。
dlga_id:lord_denounce_retract|我 一 时 失 言。方 才 的 话，我 收 回。
dlga_id:lord_pretalk_42|我 想 也 是 这 样。现 在，滚 吧。
dlga_id:lord_respond_to_insult|{s9}
dlga_id:party_encounter_lord_hostile_attacker_2_2|废 话 够 了！要 么 投 降，要 么 开 战！
dlga_id:lord_talk_2|还 有 什 么 事 吗？
dlga_id:lord_talk_3|还 有 什 么 事 吗？
dlga_id:lord_quarrel_intervention_1|我 想 谈 谈 你 与 {s11} 之 间 的 争 端。
dlga_id:lord_recruit_1_relation_2|住 手！我 有 些 话 必 须 私 下 告 诉 你。
dlga_id:lord_bandit_information|我 正 在 追 捕 一 群 符 合 以 下 描 述 的 强 盗……你 见 过 他 们 吗？
dlga_id:lord_pretalk_43|{s15}
dlga_id:lord_internal_politics_cur_stance|你 认 为 谁 该 出 任 我 们 王 国 的 元 帅？
dlga_id:lord_internal_politics_cur_stance.1|你 认 为 {s4} 该 封 给 谁？
dlga_id:lord_husband_auto_recruit|我 需 要 你 立 刻 解 除 对 {s4} 的 效 忠，转 而 加 入 {s5}，我 的 夫 君。
dlga_id:lord_pretalk_44|等 我 们 出 了 这 些 城 墙 再 问 我，{s0}。
dlga_id:lord_pretalk_45|等 我 们 出 了 这 些 城 墙 再 问 我，{s0}。
dlga_id:lord_pretalk.1_8|我 必 须 继 续 效 忠 于 {s14}。很 抱 歉。{reg33?:}
dlga_id:close_window_190|如 你 所 愿，{s0}。
dlga_id:lord_recruit_1_relation.1|有 件 事，我 想 同 你 私 下 谈 谈。
dlga_id:lord_recruit_1_relation.2|我 有 些 话 想 私 下 同 你 说。
dlga_id:lord_talk_4|作 弊—— 重 置 领 主 决 策 种 子 和 阴 谋 耐 心 值
dlga_id:lord_respond_to_insult_challenge_duel|作 弊—— 发 起 决 斗（受 辱）
dlga_id:lord_pretalk_46|哈！我 欣 赏 伶 牙 俐 齿 的 人。也 许 哪 天 我 会 用 钳 子 把 你 的 舌 头 拔 下 来，好 慢 慢 欣 赏；但 至 少 今 日，我 愿 向 你 的 机 智 与 胆 量 致 敬。
dlga_id:lord_pretalk.1_9|我 无 意 冒 犯，{reg33?夫 人 :先 生 }。
dlga_id:lord_respond_to_insult_challenge_battle|你 想 激 怒 我？我 可 没 有 义 务 与 女 人、平 民、叛 徒 或 强 盗 决 斗。不 过，我 完 全 可 以 命 手 下 把 你 抓 起 来，狠 狠 抽 上 一 顿 马 鞭。你 想 试 试 吗？
dlga_id:lord_respond_to_insult_challenge_duel_2|你 想 激 怒 我？我 本 没 有 义 务 与 女 人、平 民、叛 徒 或 强 盗 决 斗。不 过 对 你，我 很 乐 意 破 一 次 例。准 备 好 领 教 该 如 何 敬 畏 尊 长 了 吗，你 这 下 贱 胚 子？
dlga_id:close_window_191|你 想 激 怒 我？我 没 有 义 务 与 女 人、平 民、叛 徒 或 强 盗 决 斗。算 你 走 运，我 今 日 心 情 不 错；否 则 我 完 全 有 权 命 人 将 你 拿 下，狠 狠 抽 上 一 顿 马 鞭。现 在 滚 吧—— 我 已 经 受 够 你 了。
dlga_id:lord_respond_to_insult_challenge_battle_confirm|尽 管 让 他 们 试 试。
dlga_id:close_window_192|不 值 得 为 此 流 血。
dlga_id:close_window_193|够 了，你 这 无 礼 之 徒！弟 兄 们，拿 下 {reg33?她 :他 }！
dlga_id:lord_respond_to_insult_challenge_duel_confirm_2|我 已 经 准 备 好 给 你 上 一 课 了。
dlga_id:close_window_194|不 值 得 为 此 流 血。
dlga_id:close_window_195|那 就 来 吧！拔 剑 自 卫！
dlga_id:lord_quarrel_intervention_2|{s14}
dlga_id:lord_quarrel_intervention_3a|啊，好 吧。听 起 来 你 确 实 占 理。
dlga_id:lord_quarrel_intervention_3b|无 论 你 们 之 间 有 什 么 过 节，我 都 要 你 们 解 决 它。
dlga_id:lord_quarrel_intervention_3b.1|难 道 不 能 说 服 你 们 放 下 分 歧 吗？
dlga_id:lord_pretalk_47|再 想 想，我 还 是 不 愿 掺 和 此 事。
dlga_id:lord_pretalk_48|我 很 高 兴 你 这 么 想。
dlga_id:lord_quarrel_intervention_4|看 在 我 们 交 情 的 份 上，我 接 受 你 的 判 断。我 会 设 法 同 {s11} 和 解。
dlga_id:lord_pretalk_49|我 不 会 同 {s11} 和 解。这 是 我 的 权 利。
dlga_id:lord_pretalk_50|就 当 我 们 之 间 的 争 执 从 未 发 生 过。
dlga_id:lord_pretalk.1_10|你 还 得 去 同 {s11} 谈 谈，看 看 {reg0?她 :他 } 是 否 也 愿 意 为 我 作 出 同 样 的 让 步。
dlga_id:lord_internal_politics_cur_stance_plyr_response|我 早 已 决 定 支 持 你。
dlga_id:lord_internal_politics_cur_stance_plyr_response.1|我 早 已 决 定 支 持 {s4}。
dlga_id:lord_internal_politics_cur_stance_plyr_response.2|我 眼 下 还 无 法 作 出 决 定。
dlga_id:lord_internal_politics_cur_stance_plyr_response.3|我 支 持 {s15}。{s10}
dlga_id:lord_internal_politics_plyr_choose_candidate|让 我 告 诉 你，我 支 持 的 是 谁……
dlga_id:lord_internal_politics_cur_stance_plyr_response_2|（作 弊）重 置 支 持 立 场。
dlga_id:lord_internal_politics_plyr_choose_candidate_select|你 支 持 谁？
dlga_id:lord_internal_politics_pretalk|我 愿 毛 遂 自 荐，争 取 这 份 荣 誉。
dlga_id:lord_internal_politics_pretalk.1|我 支 持 我 的 {reg0?我 老 婆，我 爱 她:我 的 丈 夫，我 亲 爱 的 丈 夫}，{s4}。
dlga_id:lord_internal_politics_support_acknowledge|我 愿 支 持 你，{s4}。
dlga_id:lord_internal_politics_support_same_acknowledge|我 愿 支 持 你 的 人 选，{s4}。
dlga_id:lord_pretalk_51|算 了。
dlga_id:lord_pretalk_52|承 蒙 美 意，但 我 无 意 争 取 这 份 荣 誉，因 此 不 能 接 受 你 的 支 持。
dlga_id:lord_pretalk.1_11|我 不 信 任 你，也 不 需 要 你 的 支 持。
dlga_id:lord_pretalk.2_5|承 蒙 美 意。
dlga_id:lord_pretalk_53|你 可 以 亲 自 告 诉 对 方。我 不 信 任 你，也 不 愿 参 与 你 正 在 玩 的 任 何 把 戏。
dlga_id:lord_pretalk.1_12|鉴 于 你 与 {s4} 的 关 系，我 不 认 为 你 的 支 持 会 受 到 欢 迎。
dlga_id:lord_pretalk.2_6|我 会 转 告 {s4}。{reg3?她 :他 } 无 疑 会 感 激 你 的 支 持。{reg3?:}
dlga_id:lord_internal_politics_pretalk.2|我 支 持 {s4}
dlga_id:lord_internal_politics_cur_stance_plyr_response_3|啊，确 实 有 趣。
dlga_id:lord_internal_politics_plyr_request_support|我 能 否 说 服 你 转 而 支 持 我？
dlga_id:dplmc_lord_internal_politics_plyr_request_support_1|我 能 否 说 服 你 改 为 支 持 别 人？
dlga_id:dplmc_lord_internal_politics_plyr_request_support_2|我 能 否 说 服 你 支 持 {s4}？
dlga_id:dplmc_lord_internal_politics_plyr_request_support_1_2|你 心 中 有 谁？
dlga_id:lord_pretalk_54|没 什 么
dlga_id:dplmc_lord_internal_politics_plyr_request_support_2_2|{s4}
dlga_id:lord_pretalk_55|没 什 么
dlga_id:lord_pretalk_56|考 虑 到 我 们 之 间 的 关 系，这 件 事 我 宁 愿 保 留 自 己 的 判 断。
dlga_id:lord_pretalk.3|鉴 于 你 与 {s4} 的 关 系，我 不 认 为 你 的 支 持 会 受 到 欢 迎。
dlga_id:lord_pretalk.1_13|{s4} 眼 下 招 致 的 争 议 太 多，不 适 合 成 为 候 选 人。我 建 议 {reg3?她:他} 再 等 一 阵，日 后 再 谋 求 更 多 荣 誉。
dlga_id:lord_pretalk.2_7|依 我 看，{s4} 已 经 按 照 自 身 功 绩 得 到 了 相 称 的 封 地 与 赏 赐。
dlga_id:lord_pretalk.3_2|我 认 为 {s4} 还 得 进 一 步 证 明 自 己，才 有 资 格 担 任 那 个 职 位。
dlga_id:lord_pretalk.4|依 我 看，{s3} 比 {s0} 更 有 资 格 获 得 {s4}。
dlga_id:lord_pretalk.5|我 认 为 {s4} 还 得 进 一 步 证 明 自 己，才 有 资 格 担 任 那 个 职 位。
dlga_id:lord_pretalk.6|{s1}
dlga_id:lord_pretalk.7|嗯……以 我 同 你 们 二 人 的 关 系，这 个 要 求 实 在 太 过 分 了。
dlga_id:lord_pretalk.8|抱 歉，我 不 愿 因 此 损 害 自 己 同 {s4} 的 关 系。
dlga_id:lord_pretalk.9|我 很 乐 意 支 持 {s4}。
dlga_id:lord_pretalk_57|好 了，政 治 暂 且 谈 到 这 里。
dlga_id:lord_pretalk_58|你 目 前 引 发 的 争 议 太 大，还 不 适 合 成 为 候 选 人。我 建 议 先 等 一 段 时 间，再 为 自 己 谋 求 更 多 荣 誉。
dlga_id:lord_pretalk.1_14|抱 歉，我 不 愿 因 此 损 害 自 己 同 {s4} 的 关 系。
dlga_id:lord_pretalk.2_8|依 我 看，你 已 经 按 照 自 身 功 绩 得 到 了 相 称 的 封 地 与 赏 赐。
dlga_id:lord_pretalk.3_3|我 认 为 你 还 得 进 一 步 证 明 自 己，才 有 资 格 担 任 那 个 职 位。
dlga_id:lord_pretalk.4_2|嗯……以 我 们 现 在 的 关 系，这 个 要 求 太 过 分 了。
dlga_id:lord_pretalk.5_2|我 很 乐 意 支 持 你。
dlga_id:lord_pretalk_59|谈 政 治 让 我 有 些 厌 倦 了。改 日 再 说 吧。
dlga_id:lord_pretalk.1_15|{s12}
dlga_id:lord_recruit_pretender|你 已 经 为 {s16} 举 起 叛 旗。你 是 来 替 对 方 陈 说 主 张 的 吗？
dlga_id:lord_recruit_3_dilemma_1|正 是。
dlga_id:lord_recruit_1_relation_3|不，并 非 如 此。我 来 是 想 谈 另 一 件 事。
dlga_id:lord_pretalk.2_9|{s12}
dlga_id:lord_recruit_2|{s12}
dlga_id:lord_recruit_2_philosophy|总 的 来 说，你 如 何 看 待 国 王、领 主 与 政 治？
dlga_id:lord_recruit_assessment|***评 估 这 位 领 主 是 否 值 得 招 揽***
dlga_id:lord_recruit_1_relation_4|***{s10}^^***
dlga_id:lord_convince_recruit_good|你 是 一 位 强 大 的 战 士，也 是 我 珍 视 的 朋 友。我 请 你 向 我 宣 誓 效 忠，让 我 们 携 手 为 这 个 世 界 带 来 秩 序。
dlga_id:lord_convince_recruit_evil|你 是 一 位 令 敌 人 胆 寒 的 强 大 战 士。我 请 你 向 我 宣 誓 效 忠，让 我 们 按 照 自 己 的 意 志 重 塑 这 个 世 界。
dlga_id:lord_spouse_leave_faction|我 的 爱 人，我 认 为 你 该 重 新 考 虑 对 {s11} 的 效 忠。
dlga_id:lord_spouse_leave_faction_2|{s9} 一 直 是 位 善 待 我 的 宗 主，但 我 愿 听 你 把 话 说 完。你 认 为 我 们 该 怎 么 做？
dlga_id:lord_spouse_leave_faction_2.1|我 看 不 出 有 什 么 理 由 背 弃 {s9}，不 过 我 会 听 取 你 的 建 议。你 认 为 我 们 该 怎 么 做？
dlga_id:lord_spouse_leave_faction_2.2|是 的—— 作 为 宗 主，{s9} 的 确 令 人 失 望。你 认 为 我 们 该 怎 么 做？
dlga_id:lord_spouse_leave_faction_husband_king|我 认 为 你 应 当 成 为 {s1}，{reg65?我 老 婆，我 爱 她:我 的 丈 夫，我 亲 爱 的 丈 夫}！
dlga_id:lord_spouse_leave_faction_proclaim_queen|我 是 这 个 世 界 合 法 的 {s0}。
dlga_id:lord_pretalk_60|算 了。
dlga_id:lord_pretalk_61|我 已 经 宣 誓 效 忠 于 {s11}，而 {reg0?她:他} 也 履 行 了 自 己 的 承 诺。此 事 不 必 再 谈。
dlga_id:lord_pretalk.1_16|我 看 不 出 现 在 有 什 么 理 由 要 背 弃 {s11}。
dlga_id:lord_pretalk_62|也 许 有 朝 一 日 吧，{s0}—— 但 在 公 开 自 立 为 {s1} 之 前，我 希 望 我 们 至 少 拥 有 一 座 可 以 设 立 宫 廷 的 堡 垒。
dlga_id:lord_pretalk.2_10|我 并 不 反 对 你 的 主 张，{s0}；但 在 公 开 宣 布 之 前，我 们 至 少 应 当 拥 有 一 座 可 供 设 立 宫 廷 的 堡 垒。
dlga_id:lord_spouse_leave_faction_proclaim_queen_confirm|{s11}
dlga_id:lord_pretalk.3_4|{s11}
dlga_id:close_window_196|我 已 经 准 备 好 了，我 的 {reg4?妻 子 :丈 夫 }。让 我 们 出 发，去 夺 取 属 于 我 们 的 王 座。
dlga_id:lord_pretalk_63|也 许 我 还 没 准 备 好。
dlga_id:lord_pretalk.1_17|也 许 可 以，但 要 争 取 那 个 王 位，我 需 要 你 的 全 力 支 持。在 继 续 推 进 此 事 之 前，你 最 好 先 平 定 {s4} 的 叛 乱。
dlga_id:lord_spouse_leave_faction_husband_king_2|这 片 土 地 上 的 大 多 数 名 门 都 有 资 格 声 索 王 位……鉴 于 最 近 的 继 承 纷 争，我 作 为 {s0} 的 正 统 性 并 不 逊 于 {s4}。
dlga_id:lord_spouse_leave_faction_husband_king_3|在 我 担 任 {s0} 期 间，任 命 大 臣、处 理 外 交 以 及 其 他 此 类 事 务，我 都 会 尊 重 你 的 判 断。
dlga_id:close_window_197|很 好，我 的 {reg33?丈 夫:妻 子}。让 我 们 策 马 出 征，为 你 的 王 位 主 张 而 战！
dlga_id:lord_pretalk_64|实 际 上，我 们 还 得 再 忍 耐 一 阵 子。
dlga_id:lord_recruit_2_2|{s43} 你 还 想 谈 些 别 的 吗？
dlga_id:lord_recruit_2_discontent|你 觉 得 {s15} 怎 么 样？
dlga_id:lord_recruit_3_a|你 还 记 得 我 先 前 对 你 说 过 的 话 吗？
dlga_id:lord_recruit_quarrel_describe|我 听 说 你 与 {s16} 闹 得 很 不 愉 快。
dlga_id:lord_recruit_2_3|这 不 是 什 么 秘 密。{s14}
dlga_id:lord_pretalk_65|没 什 么
dlga_id:lord_recruit_2_discontent_b|{s12}
dlga_id:lord_recruit_hesitant|{s12}
dlga_id:lord_recruit_3|有 时，我 确 实 会 为 王 国 的 现 状 感 到 忧 虑。
dlga_id:lord_recruit_hesitant_persuade|我 就 不 能 说 服 你 再 多 讲 一 点 吗？
dlga_id:lord_pretalk_66|哈。很 好。
dlga_id:lord_recruit_3_2|既 然 你 这 样 说，我 得 承 认，自 己 有 时 确 实 会 为 王 国 的 现 状 忧 心。
dlga_id:lord_pretalk_67|你 正 在 考 验 我 的 耐 心。我 说 过，自 己 无 话 可 说。
dlga_id:lord_recruit_3_a_2|好 吧，我 确 实 有 些 话 要 告 诉 你。
dlga_id:lord_pretalk_68|嗯，知 道 这 些 确 实 有 趣。不 过 政 治 就 谈 到 这 里 吧。
dlga_id:lord_recruit_3_reset_claim|{s12}
dlga_id:lord_recruit_3_claim|对，就 是 这 样。
dlga_id:lord_recruit_3_a_reset|我 换 一 种 说 法 吧。
dlga_id:lord_recruit_3_b|嗯？
dlga_id:lord_recruit_3_b_2|是 吗?
dlga_id:lord_recruit_3_why|我 请 求 你 支 持 我 征 服 旧 世 界。
dlga_id:lord_recruit_3_why.1|我 请 求 你 向 我 的 宗 主 {s45} 宣 誓 效 忠，承 认 其 为 这 片 土 地 的 君 主。
dlga_id:lord_pretalk_69|算 了。
dlga_id:lord_recruit_3_dilemma_2|{s43}
dlga_id:lord_recruit_3_why_2|{s43}
dlga_id:lord_pretalk_70|我 们 两 人 名 下 甚 至 连 一 座 堡 垒 都 没 有。难 道 你 想 从 林 中 的 匪 穴 里 统 治 自 己 的 王 国 吗？
dlga_id:lord_recruit_3_d|我 为 什 么 要 支 持 {s44}？
dlga_id:lord_recruit_3_claim_2|{s43}
dlga_id:lord_recruit_3_claim.1|若 {s45} 成 为 {s47}，{s45} 必 会 公 平 对 待 所 有 人，并 维 护 平 民 的 权 利。
dlga_id:lord_recruit_3_claim.2|若 {s45} 成 为 {s47}，{s45} 必 会 维 护 你 作 为 这 片 土 地 贵 族 的 古 老 权 利。
dlga_id:lord_recruit_3_claim.3|因 为 {s45} 能 够 统 一 这 片 土 地，终 结 纷 争。
dlga_id:lord_recruit_3_claim.4|因 为 {s45} 将 会 赏 赐 你 土 地。
dlga_id:lord_pretalk_71|算 了。
dlga_id:lord_recruit_3_claim_3|你 是 不 是 总 对 每 个 人 说 他 们 最 想 听 的 话？{s12}
dlga_id:lord_recruit_4|{s12}
dlga_id:lord_pretalk_72|{s12}
dlga_id:lord_recruit_4_objective_conditions|我 要 你 宣 誓 效 忠 于 {s16}。
dlga_id:lord_pretalk_73|算 了。
dlga_id:lord_recruit_5_security|让 我 想 想……
dlga_id:lord_recruit_5_political|{s32}
dlga_id:lord_recruit_5_ideological|{s31}
dlga_id:lord_recruit_5_change_sides|{s33}
dlga_id:lord_recruit_6|{s34}
dlga_id:lord_recruit_6_reaction|现 在 该 由 你 作 出 决 定 了。
dlga_id:lord_pretalk_74|不 必 急 着 决 定—— 我 们 改 日 再 谈。
dlga_id:lord_recruit_7_decision|很 好……
dlga_id:lord_pretalk_75|{s12}
dlga_id:lord_recruit_pledge|{s43}
dlga_id:lord_recruit_pledge_2|记 住，你 答 应 过 给 我 一 处 封 地。我 会 要 求 你 兑 现 承 诺。
dlga_id:lord_recruit_pledge_conclude|那 就 这 样 吧—— 我 宣 誓 效 忠 于 你，成 为 你 的 忠 诚 封 臣。若 有 需 要，我 会 与 你 并 肩 对 抗 敌 人，并 维 护 你 与 合 法 继 承 人 的 权 利。作 为 回 报，我 也 期 待 你 庇 护 我，承 认 我 身 为 封 臣 应 有 的 权 利。
dlga_id:lord_recruit_pledge_conclude.1|那 就 这 样 吧—— 你 可 以 转 告 {s4}：从 今 往 后，我 是 其 忠 诚 的 封 臣，直 至 最 后 一 息；必 要 时，我 会 并 肩 对 抗 敌 人，维 护 其 本 人 及 合 法 继 承 人 的 正 当 权 利。作 为 回 报，我 也 期 待 得 到 庇 护，并 获 得 作 为 封 臣 应 有 的 权 利。
dlga_id:close_window_198|如 今……我 已 经 迈 出 了 意 义 重 大 的 一 步。我 先 告 辞 了，必 须 花 些 时 间 为 接 下 来 的 一 切 做 好 准 备。
dlga_id:close_window.3_4|我 已 经 收 到 由 {s11}{s10} 转 交 的 礼 物。这 是 一 份 高 尚 的 善 意，我 也 为 我 们 曾 经 发 生 争 执 而 感 到 遗 憾。
dlga_id:close_window.4_3|我 已 经 收 到 由 {reg4?我 的:我 的}{s11}{s10} 转 交 的 礼 物。看 在 {reg4?她:他} 的 份 上，我 愿 让 过 去 的 事 就 此 过 去。
dlga_id:close_window.5_2|我 已 经 收 到 由 {reg4?我 的:我 的}{s11}{s10} 转 交 的 礼 物。哼！你 以 为 我 的 友 谊 可 以 用 礼 物 买 来 吗？
dlga_id:close_window.6_2|我 已 经 收 到 由 我 的 {s11}{s10} 转 交 的 礼 物。然 而，即 便 {reg4?她 :他 } 对 我 十 分 重 要，我 也 无 法 忘 记 我 们 之 间 的 分 歧。
dlga_id:denounce_lord_results|我 按 照 你 的 建 议，公 开 告 发 了 {s4}。
dlga_id:lord_pretalk_76|很 好。希 望 这 能 让 {s4} 今 后 在 授 予 对 方 更 多 封 地、荣 誉 或 官 职 之 前 三 思。我 们 感 激 你 的 帮 助。
dlga_id:close_window_199|你 确 实 照 做 了—— 但 我 们 听 说，{reg0?她:他} 迫 使 你 收 回 前 言，反 倒 在 此 事 之 后 显 得 比 从 前 更 强。{reg33?女 士:先 生}，请 原 谅 我 对 你 的 感 激 因 此 打 了 些 折 扣。
dlga_id:lord_quest_intrigue_result|我 按 你 的 要 求，将 {s5} 所 构 成 的 威 胁 告 诉 了 {s4}。
dlga_id:lord_pretalk_77|我 知 道 了。希 望 这 一 次 能 让 {s5} 有 所 警 醒，今 后 别 再 轻 易 授 予 此 人 更 多 封 地、荣 誉 或 职 务。我 们 感 激 你 的 帮 助。
dlga_id:close_window_200|我 们 听 说 了—— 但 唉，{s5} 似 乎 没 有 听 进 去。尽 管 如 此，我 们 仍 感 激 你 为 此 做 出 的 努 力。{reg33?:}
dlga_id:lord_lend_companion_end|若 你 已 经 不 再 需 要 {s14} 效 力，我 希 望 你 让 其 回 到 我 们 身 边，{s65}。
dlga_id:lord_pretalk_78|你 的 队 伍 已 经 人 满 为 患 了，{playername}。眼 下 你 无 法 再 率 领 更 多 人。
dlga_id:lord_pretalk.1_18|当 然，{playername}。{reg3?她:他} 是 个 聪 明 的 {reg3?姑 娘:家 伙}；能 有 如 此 出 色 的 同 伴，你 真 是 个 幸 运 的 {reg33?女 人:男 人}。
dlga_id:lord_ask_to_collect_debt|我 是 来 收 取 你 欠 {s1} 的 债 款。
dlga_id:lord_ask_to_collect_debt_2|哦，{s1} 的 确 在 一 段 时 间 前 借 给 我 一 些 银 钱；但 我 过 去 也 替 对 方 办 过 不 少 事，因 此 认 为 这 笔 钱 正 好 抵 作 应 得 的 报 酬。
dlga_id:convince_begin|{s1} 可 不 这 么 认 为。{reg0?她 :他 } 委 托 我 代 表 自 己 同 你 谈 谈。
dlga_id:lord_pretalk_79|既 然 如 此，我 就 不 再 追 究 此 事。
dlga_id:close_window_201|我 拖 欠 {s8} 的 钱 已 经 太 久，这 件 事 一 直 令 我 坐 立 不 安。多 谢 你 答 应 替 我 送 去 银 钱。请 将 这 {reg10}枚 金 币 交 给 {reg0?她:他}，并 代 我 致 谢。
dlga_id:lord_ask_to_make_peace|拜 托 了，{s64}。是 时 候 结 束 {s12} 与 {s13} 之 间 的 战 争 了。
dlga_id:lord_ask_to_make_peace_2|什 么？我 没 听 错 吧，{playername}？交 战 双 方 都 不 会 轻 易 忘 记 战 争，而 我 的 记 性 尤 其 好。凭 什 么 要 我 费 心 同 那 些 恶 犬 斡 旋 求 和？
dlga_id:convince_begin_2|也 许 我 能 说 服 你 改 变 主 意……
dlga_id:lord_pretalk_80|算 了，和 平 之 事 暂 且 搁 置。
dlga_id:close_window.1_38|你……说 服 我 了，{playername}。很 好，你 可 以 向 {s14} 提 出 和 议。我 不 能 保 证 对 方 会 接 受，但 若 真 能 谈 成，我 会 遵 守 协 议。
dlga_id:lord_challenge_duel_for_lady|我 要 你 收 回 对 {s1} 的 污 蔑。
dlga_id:lord_challenge_duel_for_lady_2|什 么 污 蔑？人 人 都 知 道，她 丈 夫 不 在 时 便 同 马 夫 以 及 任 何 能 勾 搭 上 的 人 上 床。我 不 过 是 在 复 述 众 人 都 说 的 话。
dlga_id:lord_challenge_duel|你 必 须 收 回 这 些 谎 言，{reg33?小 姐 :先 生 }，否 则 就 用 我 的 {s0} 来 检 验 你 的 说 法！
dlga_id:lord_pretalk_81|如 果 你 这 样 说……
dlga_id:close_window_202|{s15}
dlga_id:lord_challenge_courtship_rival|放 弃 对 {s5} 的 追 求！
dlga_id:lord_challenge_courtship_rival_2|否 则 怎 样？你 打 算 为 一 位 女 士 决 斗 吗？我 可 提 醒 你—— 眼 下 人 人 都 该 团 结 对 抗 外 敌，我 们 的 宗 主 对 这 种 头 脑 发 热 的 挑 衅 极 为 不 满。
dlga_id:lord_challenge_duel_2|你 不 敢 同 我 一 战 吗？
dlga_id:lord_pretalk_82|原 谅 我，我 刚 才 说 话 没 过 脑 子……
dlga_id:lord_message_delivered|我 带 来 了 {s9} 的 口 信。
dlga_id:lord_pretalk_83|哦？让 我 看 看……好，好，好！多 谢 你 把 它 送 来，{playername}。拿 着 我 的 印 章，作 为 信 件 已 经 送 达 的 凭 证。下 次 见 到 {s9} 时，代 我 向 {reg4?她 :他 } 致 意。
dlga_id:lord_message_delivered_enemy|我 带 来 了 {s9} 的 口 信。
dlga_id:close_window_203|哦？让 我 看 看……嗯。多 谢 你 把 它 送 来，{playername}。拿 着 我 的 印 章，作 为 信 件 已 经 送 达 的 凭 证，也 请 收 下 我 的 谢 意。
dlga_id:lord_deliver_message_prisoner|我 带 来 了 {s11} 的 口 信。
dlga_id:lord_deliver_message_prisoner_2|这 是 真 的 吗？哦，万 分 感 谢，{playername}！你 给 这 阴 冷 的 牢 墙 带 来 了 希 望 和 一 线 光 明。也 许 有 朝 一 日，我 能 报 答 你。
dlga_id:lord_deliver_message_prisoner_2a|这 点 小 事，不 值 一 提，{s65}。
dlga_id:close_window_204|你 无 法 想 象 我 有 多 么 感 激，{playername}。千 言 万 语 也 不 足 以 致 谢。
dlga_id:lord_deliver_message_prisoner_2b|不 必 在 意，{s65}。等 您 重 获 自 由，自 会 有 许 多 机 会 报 答。
dlga_id:close_window_205|哈，当 然，{playername}。我 将 一 辈 子 都 感 谢 你。
dlga_id:lord_rescue_by_replace_offer|不 要 怕，我 是 来 营 救 你 的。
dlga_id:lord_rescue_by_replace_offer_2|诸 神 在 上，你 是 认 真 的 吗？你 有 什 么 计 划？
dlga_id:lord_rescue_by_replace_offer_3|一 个 简 单 的 计 策，{s65}。我 们 交 换 衣 服，我 留 在 牢 里 顶 替 你，你 则 装 扮 成 我 的 模 样 逃 出 去。我 给 了 守 卫 一 大 笔 贿 赂，想 必 他 们 已 经 拿 去 买 空 了 附 近 酒 馆 一 半 的 酒。运 气 好 的 话，他 们 很 快 便 会 醉 得 连 亲 娘 都 认 不 出 来，更 别 说 分 清 你 我。至 少 在 他 们 发 现 之 前，你 早 已 安 全 脱 身。
dlga_id:lord_rescue_by_replace_offer_4|嗯，这 计 策 或 许 可 行……但 你 怎 么 办，我 的 {reg33?女 士:朋 友}？守 卫 绝 不 会 容 忍 这 种 欺 骗，你 自 己 恐 怕 也 得 在 这 牢 房 里 待 上 一 阵。
dlga_id:lord_rescue_by_replace_offer_5a|不 必 担 心 我，{s65}。我 已 经 开 始 喜 欢 上 这 个 地 方 了。
dlga_id:lord_rescue_by_replace_offer_5b|只 要 最 后 有 一 份 丰 厚 报 酬 等 着 我，我 自 然 能 撑 下 去。
dlga_id:lord_rescue_by_replace_offer_6|你 当 真 胆 识 过 人。这 份 恩 情 我 不 会 忘 记。
dlga_id:lord_rescue_by_replace_offer_6_2|当 然，我 的 {reg33?女 士:朋 友}，当 然！待 你 重 获 自 由 后 再 来 找 我，也 许 那 时 我 便 能 偿 还 欠 你 的 恩 情。
dlga_id:close_window_206|快 些，{s65}，让 我 们 换 上 彼 此 的 衣 服。你 早 该 离 开 这 鬼 地 方 了。
dlga_id:lord_ask_pardon_after_oath_renounced|{s66}，我 希 望 恢 复 过 去 对 {s4} 的 效 忠 誓 言。
dlga_id:lord_pretalk_84|此 事 太 过 重 大，不 是 我 能 决 定 的，{playername}。你 该 去 找 {s4}。是 否 赐 予 这 份 宽 恕，只 有 对 方 能 够 定 夺。
dlga_id:lord_ask_pardon_terms|{s11}.
dlga_id:lord_pretalk_85|如 你 所 愿，{s65}。我 接 受 你 的 判 断。
dlga_id:lord_pretalk.1_19|真 遗 憾，{s65}。实 在 遗 憾。
dlga_id:lord_pretalk.2_11|很 好，那 就 别 拉 着 我 一 起 送 死。
dlga_id:lord_ask_pardon_after_renounce_peace|嗯，我 准 备 好 了。
dlga_id:lord_ask_pardon_terms_rejected|我 又 仔 细 想 了 想。不，我 不 愿 再 次 为 你 效 力。
dlga_id:lord_ask_pardon_after_renounce_peace.1|啊，我 同 意 这 些 条 件。
dlga_id:lord_ask_pardon_terms_rejected.1|那 个 代 价 太 大，{s65}。我 想 我 无 法 接 受。
dlga_id:lord_pretalk_86|很 好。{playername}，你 虽 曾 背 离 我 们，但 如 今 终 于 重 归 正 道，众 人 都 由 衷 欣 慰。我 在 此 恢 复 你 对 我 的 效 忠 誓 言。起 来 吧，重 新 成 为 我 麾 下 一 名 受 人 敬 重 的 {reg33?战 士 :人 }。
dlga_id:close_window_207|那 就 滚 出 我 的 视 线，叛 徒！立 刻 滚，再 也 别 回 来！
dlga_id:lord_ask_about_ransom|我 想 为 被 关 押 在 {s12} 的 {s11} 支 付 赎 金。
dlga_id:lord_ask_to_ransom_prisoner|这 么 说，{s10} 跑 去 哭 诉 我 对 其 {s11} 的 款 待？真 没 想 到 {s12} 还 会 为 此 费 心。既 然 {reg3?她:他} 只 肯 提 出 那 种 可 怜 的 条 件，我 为 何 还 要 关 心 那 个 蠢 货 的 死 活？
dlga_id:convince_begin_3|也 许 我 能 说 服 你 改 变 主 意……
dlga_id:lord_pretalk_87|算 了，我 相 信 那 里 的 住 处 也 不 会 太 糟。
dlga_id:lord_ask_to_ransom_prisoner_convinced|很 好，{playername}。我 也 并 非 毫 无 怜 悯 之 心，愿 意 重 新 考 虑 {s10} 的 赎 金。你 带 来 我 向 {s12} 索 要 的 {s1} 了 吗？
dlga_id:lord_ask_to_ransom_prisoner_released|当 然，给 你。
dlga_id:lord_ask_to_ransom_prisoner_portion|{s12} 和 我 只 筹 到 了 {reg1}枚 金 币……
dlga_id:lord_ask_to_ransom_prisoner_not_paid|我 负 担 不 起。
dlga_id:close_window_208|别 担 心，{playername}，还 有 充 足 的 时 间 去 筹 集 更 多 资 金。
dlga_id:close_window.1_39|真 是 白 费 口 舌……那 就 这 样 吧，{playername}。下 次 可 不 会 再 有 这 么 便 宜 的 交 易。
dlga_id:lord_ask_to_ransom_prisoner_portion_payment|哎 呀，我 真 没 想 到 {s10} 的 朋 友 竟 如 此 穷 困！这 点 可 怜 的 钱 只 够 赎 回 几 根 手 指，好 让 {s12} 为 其 办 一 场 乞 丐 葬 礼。
dlga_id:lord_ask_to_ransom_prisoner_released_2|余 下 的 钱 由 我 自 己 的 金 库 支 付……
dlga_id:lord_ask_to_ransom_prisoner_portion_lord|{s10} 肯 定 能 拿 出 一 些 {reg4?她 :他 } 自 己 的 财 富 吧？
dlga_id:lord_ask_to_ransom_prisoner_not_paid_2|算 了，我 还 得 仔 细 考 虑……
dlga_id:lord_ask_to_ransom_prisoner_released_3|罢 了，我 本 来 也 没 指 望 能 从 {s10} 身 上 榨 出 多 少 钱。其 武 器 与 坐 骑 在 拍 卖 中 几 乎 不 值 几 个 钱，但 也 只 能 如 此 了。现 在 {s10} 归 你 操 心。
dlga_id:close_window_209|明 智 的 选 择，{playername}。我 很 快 便 会 释 放 {s10}。
dlga_id:lord_ask_pardon|我 希 望 与 {s4} 和 好。
dlga_id:lord_pretalk_88|真 的 吗，{playername}？那 就 去 扑 在 自 己 的 剑 上 吧，也 好 让 我 们 大 家 都 得 个 清 静。
dlga_id:lord_pretalk.1_20|{playername}，你 是 一 位 没 有 宗 主 的 {reg33?女 领 主 :领 主 }，以 自 己 的 名 义 占 据 土 地，对 正 统 性 的 声 索 却 薄 弱 得 可 怜。这 片 土 地 上 没 有 哪 位 国 王 会 与 你 缔 结 长 久 和 平。
dlga_id:lord_pretalk.2_12|我 占 尽 优 势 时 同 你 议 和？休 想。
dlga_id:lord_pretalk.3_5|眼 下 求 和 不 合 我 的 利 益，我 也 无 意 谈 判。
dlga_id:dplmc_lord_ask_pardon_ruler_1|以 目 前 局 势 而 言，和 平 并 不 符 合 我 的 利 益。不 过，若 你 愿 交 出 {s0}，我 可 以 同 意 休 战 20天。
dlga_id:close_window_210|我 接 受。我 会 把 {s0} 交 给 你，让 和 平 降 临。
dlga_id:dplmc_lord_ask_pardon_ruler_2a|我 没 有 {s1}。
dlga_id:lord_pretalk_89|那 样 的 话，战 争 就 会 继 续。
dlga_id:lord_pretalk_90|我 又 想 了 想，这 样 的 协 议 不 符 合 我 的 利 益。
dlga_id:lord_truce_offer|是 的……我 已 经 厌 倦 与 你 交 战。我 可 以 提 出 为 期 20天 的 休 战。若 你 信 守 承 诺，不 再 侵 扰 我 的 土 地 与 臣 民，我 们 日 后 还 可 以 再 谈……
dlga_id:close_window_211|我 接 受。至 少 眼 下，让 我 们 停 止 彼 此 征 战。
dlga_id:lord_pretalk_91|再 想 想，这 样 的 协 议 不 符 合 我 的 利 益。
dlga_id:lord_ask_pardon_2|嗯，我 可 以 动 用 自 己 的 影 响 力，为 你 安 排 一 场 赦 免，{playername}。但 仍 有 许 多 人 把 你 视 为 敌 人，除 非 你 付 出 贡 金，否 则 他 们 绝 不 会 满 意。总 而 言 之，想 在 {s4} 重 结 善 缘，你 至 少 得 拿 出 {reg16}枚 金 币。{reg33?:}
dlga_id:lord_pretalk.4_3|我 无 权 给 你 答 复。你 得 跟 {s7} 谈。
dlga_id:lord_ask_pardon_2.1|不 错……我 还 有 比 你 和 你 的 追 随 者 更 大 的 麻 烦 要 处 理。不 过 你 伤 害 了 我 的 臣 民，而 罪 过 必 须 得 到 赔 偿。若 支 付 {reg16}枚 金 币，我 或 许 可 以 赦 免 你。你 意 下 如 何？
dlga_id:lord_pretalk.5_3|对 不 起，我 无 权 宽 恕 你。
dlga_id:lord_ask_pardon_tribue_accept|钱 就 在 这 里，{reg16}枚 金 币。
dlga_id:lord_ask_pardon_tribue_deny|我 恐 怕 付 不 起 那 么 多。
dlga_id:close_window_212|很 好，{playername}。我 会 用 这 笔 钱 补 偿 那 些 被 你 伤 害 的 人，并 让 各 方 知 晓，你 已 经 不 再 是 {s4} 的 敌 人。{reg33?:}
dlga_id:close_window.1_40|很 好，{playername}。我 会 用 这 笔 钱 安 抚 那 些 可 能 反 对 赦 免 你 的 人。消 息 很 快 便 会 传 开：你 已 经 不 再 是 {s4} 的 敌 人。{reg33?:}{reg33?:}
dlga_id:lord_pretalk_92|那 我 便 无 能 为 力 了，{playername}。没 有 银 钱，就 没 有 赦 免。
dlga_id:lord_active_mission_1|关 于 你 交 给 我 的 任 务……
dlga_id:lord_switch_to_spouse|让 我 们 谈 谈 家 中 的 事 务。
dlga_id:lord_pretalk_93|等 回 到 大 厅 再 谈 吧，{s0}。身 处 野 外，很 难 处 理 家 族 库 存 之 类 的 事 务。
dlga_id:spouse_talk|当 然，{s0}。
dlga_id:lord_convince_recruit_good_2|你 是 一 位 强 大 的 战 士，也 是 我 珍 视 的 朋 友。我 请 你 向 我 宣 誓 效 忠，让 我 们 携 手 为 这 个 世 界 带 来 秩 序。
dlga_id:lord_convince_recruit_good_confirm|{s4} 已 经 把 能 做 的 一 切 都 做 了。如 今 对 方 束 手 无 策，局 势 也 已 危 如 累 卵。为 了 百 姓，我 们 必 须 采 取 行 动；你 可 以 加 入 我，同 时 保 全 自 己 的 荣 誉。
dlga_id:lord_convince_recruit_good_confirm2|你 说 的 可 是 前 所 未 有 之 事，{s5}。你 真 要 我 这 样 做 吗？
dlga_id:lord_convince_recruit_good_confirm3|当 然，{s5}。行 动 的 时 刻 已 经 到 来。你 意 下 如 何？
dlga_id:lord_talk_5|若 非 我 一 向 敬 重 你，这 会 是 我 们 最 后 一 次 交 谈。你 竟 要 求 我 背 弃 誓 言，这 是 对 我 的 侮 辱。若 还 想 维 持 我 们 的 友 谊，就 好 好 反 省 自 己 的 言 行。
dlga_id:lord_convince_recruit_good_confirm4|抛 下 自 己 的 责 任，并 在 许 多 人 眼 中 毁 掉 清 名—— 作 出 如 此 重 大 的 决 定，代 价 可 不 小。
dlga_id:lord_convince_recruit_good_fief_1|不 过，你 对 我 们 所 面 临 的 危 机 说 得 没 错。必 须 主 动 迎 击 敌 人，而 唯 有 你 具 备 这 样 的 意 志。我 还 不 至 于 虚 荣 到 让 流 言 争 议 阻 止 自 己 在 这 危 急 时 刻 挺 身 而 出。{reg33?:}
dlga_id:lord_convince_recruit_good_fief_2|顺 便 问 一 句，你 准 备 把 哪 座 城 堡 或 城 镇 封 给 我？
dlga_id:lord_convince_recruit_good_confirm5|{s11}
dlga_id:lord_convince_recruit_good_confirm3_2|算 了—— 我 不 能 交 出 一 座 城 堡 或 城 镇。
dlga_id:lord_talk_6|我 在 此 向 你 宣 誓，{playername}：从 今 日 直 至 生 命 终 结，无 论 你 率 军 前 往 何 处，我 都 会 为 你 而 战。你 只 须 履 行 自 己 的 承 诺，在 一 切 邪 恶 被 彻 底 击 败 之 前 绝 不 退 缩。
dlga_id:lord_convince_recruit_good_backtrack|不，{s5}，当 然 不 是。我 只 是 看 见 邪 恶 不 断 汇 聚，想 做 些 什 么。
dlga_id:lord_talk_7|我 明 白。相 信 {s4}，也 相 信 你 自 己。邪 恶 势 力 绝 不 会 得 逞。
dlga_id:lord_convince_recruit_evil_2|你 是 一 位 令 敌 人 胆 寒 的 强 大 战 士。我 请 你 向 我 宣 誓 效 忠，让 我 们 按 照 自 己 的 意 志 重 塑 这 个 世 界。
dlga_id:lord_convince_recruit_evil_confirm|{s4} 已 经 把 能 做 的 一 切 都 做 了。如 今 对 方 束 手 无 策，时 代 也 已 经 结 束。这 样 的 机 会 千 载 难 逢，我 们 必 须 发 动 全 面 战 争。
dlga_id:lord_convince_recruit_evil_confirm2|这 么 说，你 认 为 力 量 比 忠 诚 更 加 重 要，{s5}？你 真 要 我 这 样 做？
dlga_id:lord_convince_recruit_evil_confirm3|当 然，{s5}。不 要 再 沉 溺 宴 饮，也 别 再 满 足 于 小 打 小 闹。让 我 们 夺 取 本 就 属 于 自 己 的 东 西！
dlga_id:lord_talk_8|你 看 错 我 了，{playername}。要 求 我 背 弃 誓 言，是 对 我 的 侮 辱。若 你 还 想 维 持 我 们 的 盟 友 关 系，{playername}，就 谨 慎 些。
dlga_id:lord_convince_recruit_evil_confirm4|离 开 自 己 的 族 人，败 坏 忠 诚 的 名 声—— 作 出 如 此 重 大 的 决 定，代 价 可 不 小。
dlga_id:lord_convince_recruit_evil_fief_1|不 过，我 近 来 一 直 躁 动 不 安。我 听 见 战 场 在 呼 唤，渴 望 征 服 所 带 来 的 力 量。我 们 必 须 主 动 迎 击 敌 人，亲 手 完 成 这 一 切。这 个 世 界 的 弱 小 种 族 将 在 我 们 面 前 颤 抖、死 去。
dlga_id:lord_convince_recruit_evil_fief_2|顺 便 问 一 句，你 准 备 把 哪 座 城 堡 或 城 镇 封 给 我？
dlga_id:lord_convince_recruit_evil_confirm5|{s11}
dlga_id:lord_convince_recruit_evil_confirm3_2|算 了—— 我 不 能 交 出 一 座 城 堡 或 城 镇。
dlga_id:lord_talk_9|我 在 此 向 你 宣 誓，{playername}：从 今 日 直 至 死 亡 将 我 带 走，无 论 你 率 军 前 往 何 方，我 都 会 为 你 而 战。你 只 须 履 行 自 己 的 承 诺，在 我 们 所 有 敌 人 被 彻 底 击 败 之 前 绝 不 退 缩。
dlga_id:lord_convince_recruit_evil_backtrack|不，{s5}，当 然 不 是。我 知 道 你 的 声 誉 无 可 指 摘。别 理 会 我，我 只 是 眼 看 太 多 良 机 白 白 错 失，心 中 难 免 烦 躁。
dlga_id:lord_talk_10|我 明 白。相 信 {s4}，也 相 信 你 自 己。如 今 尚 早，真 正 的 大 战 还 在 后 头。
dlga_id:lord_request_mission_ask|你 有 什 么 任 务 可 以 交 给 我 做 吗？
dlga_id:combined_political_quests_2|你 认 为 我 们 能 否 携 手，提 高 彼 此 在 这 个 王 国 中 的 地 位？
dlga_id:lord_pretalk_94|我 不 认 为 你 我 之 间 有 什 么 共 同 利 益。
dlga_id:lord_pretalk.1_21|嗯……这 件 事 还 是 改 日 找 个 更 隐 秘 的 地 方 再 谈 吧。
dlga_id:lord_pretalk.2_13|嗯……我 的 确 有 个 主 意，但 前 提 是 你 先 摆 脱 争 议。若 你 能 有 一 段 时 间 不 再 同 王 国 中 的 其 他 {s0} 发 生 争 执，我 们 或 许 可 以 继 续 谈 下 去。
dlga_id:lord_ask_resign_marshalship|我 想 辞 去 元 帅 之 职。
dlga_id:lord_pretalk_95|那 好 吧。我 得 另 外 找 个 人 选。
dlga_id:lord_ask_enter_service|{s66}，我 愿 将 自 己 的 剑 奉 上，成 为 您 的 封 臣！
dlga_id:lord_ask_enter_service.1|{s66}，我 愿 向 您 宣 誓 效 忠，为 您 的 荣 誉 而 战。{reg33?:}
dlga_id:lord_ask_leave_service|{s66}，我 希 望 您 解 除 我 对 您 的 效 忠 誓 言。{reg33?:}
dlga_id:lord_talk_preoffer|我 有 个 提 议。
dlga_id:lord_give_troops|我 想 拨 一 些 士 兵 给 你。
dlga_id:lord_pretalk_96|我 眼 下 无 法 再 容 纳 更 多 {reg65?士 兵 :人 } 了。我 的 补 给 线 已 经 不 堪 重 负。
dlga_id:lord_pretalk.1_22|我 眼 下 并 不 缺 士 兵，不 过 再 接 纳 几 个 人 应 该 也 无 妨。
dlga_id:lord_pretalk.2_14|嗯，我 确 实 需 要 一 些 精 锐 士 兵。多 谢。
dlga_id:lord_give_order_ask|我 有 一 个 新 的 任 务 要 交 给 你。
dlga_id:lord_give_suggestion_ask|我 能 否 提 出 一 个 行 动 建 议？
dlga_id:lord_trade|让 我 看 看 你 的 装 备。
dlga_id:lord_pretalk_97|很 好，都 在 这 儿 了……
dlga_id:lord_give_order|什 么？
dlga_id:lord_give_order_2|我 很 乐 意 服 从 您 的 命 令，{reg33?殿 下:陛 下}。不 过，若 您 准 备 亲 自 指 挥 一 场 大 规 模 战 役，最 好 也 宣 告 自 己 担 任 元 帅，以 免 众 人 无 所 适 从。
dlga_id:lord_pretalk_98|抱 歉，我 还 不 够 了 解 你，不 能 采 纳 你 的 建 议。
dlga_id:lord_give_order.1|什 么 事？
dlga_id:lord_give_order_answer|跟 着 我。
dlga_id:lord_give_order_answer.1|你 愿 意 跟 随 我 吗？我 有 个 计 划……
dlga_id:lord_give_order_details_ask|去……
dlga_id:lord_give_order_details_ask.1|袭 扰……村 庄 周 边。
dlga_id:lord_give_order_details_ask.2|在……附 近 巡 逻。
dlga_id:lord_give_order_assault|你 我 联 手 便 能 拿 下 {s11}。你 应 立 即 发 起 进 攻……
dlga_id:lord_give_order_details_ask.3|我 们 正 遭 受 攻 击，但 敌 军 并 非 不 可 击 退。你 应 赶 往……
dlga_id:lord_give_order_details_ask.4|我 们 正 遭 受 攻 击，但 敌 军 并 非 不 可 击 退。集 结 大 军，向……进 发。
dlga_id:lord_pretalk_99|这 场 围 攻 由 {s4} 指 挥。你 最 好 直 接 去 找 对 方 商 议。
dlga_id:lord_pretalk.1_23|我 们 的 准 备 尚 未 完 成，还 需 要 {s11}
dlga_id:close_window_213|很 好—— 攻 上 城 墙！
dlga_id:lord_give_order_details_ask.5|有 一 座 防 备 空 虚 的 要 塞 唾 手 可 得。前 往……
dlga_id:lord_give_order_details_ask.6|敌 军 正 大 举 逼 近。向……方 向 撤 退。
dlga_id:lord_give_order_stop|暂 时 不 再 需 要 你 了。你 可 以 自 行 行 动。
dlga_id:lord_give_order_stop.1|你 不 必 再 随 我 同 行。
dlga_id:lord_pretalk_100|算 了。
dlga_id:lord_pretalk_101|我 可 没 有 连 敌 人 的 面 都 没 见 到，就 夹 着 尾 巴 逃 跑 的 习 惯。
dlga_id:lord_pretalk.1_24|你 要 我 在 堡 垒 外 浴 血 拼 杀，而 其 他 人 只 在 一 旁 袖 手 旁 观？休 想。
dlga_id:lord_give_order_details|哪 里？
dlga_id:lord_give_order_answer_2|{s1}
dlga_id:lord_pretalk_102|算 了。
dlga_id:lord_pretalk_103|好 吧，我 就 在 这 里 停 下。
dlga_id:lord_give_order_3|这 恐 怕 不 妥。更 合 适 的 做 法，应 当 是 你 来 跟 随 我。你 还 有 别 的 主 意 吗？
dlga_id:lord_pretalk_104|好，我 会 照 办。{s12}
dlga_id:lord_pretalk.1_25|抱 歉，我 眼 下 还 有 自 己 的 事 务 要 处 理。
dlga_id:lord_talk.5|什 么 事？
dlga_id:lord_give_order_call_to_arms_verify|我 想 发 动 一 场 新 的 战 役。让 我 们 在 此 集 结 大 军。
dlga_id:lord_give_order_call_to_arms_verify_2|你 想 召 集 所 有 领 主，发 动 一 场 新 的 战 役？
dlga_id:lord_give_order_call_to_arms|正 是。在 向 敌 人 进 军 之 前，我 们 必 须 集 结 全 部 兵 力。
dlga_id:lord_pretalk_105|再 想 想，没 必 要 把 所 有 人 都 召 来。
dlga_id:lord_pretalk_106|好 吧。我 会 派 出 信 使，命 所 有 人 到 这 里 集 结。
dlga_id:lord_give_order_disband_army_verify|我 想 结 束 这 场 战 役，让 所 有 人 各 自 归 去。
dlga_id:lord_give_order_disband_army_2|你 想 结 束 当 前 战 役，解 除 所 有 领 主 的 征 召？
dlga_id:lord_give_order_disband_army|是 的。我 们 已 经 不 再 需 要 把 全 部 兵 力 集 中 在 这 里。
dlga_id:lord_pretalk_107|再 想 想，眼 下 还 是 让 大 军 继 续 集 结 在 一 起 为 好。
dlga_id:lord_pretalk_108|好 吧。我 会 通 知 所 有 人，他 们 已 经 可 以 解 散 了。
dlga_id:lord_talk_ask_something|我 有 件 事 想 问 你。
dlga_id:lord_talk_ask_something_2|嗯？什 么 事？
dlga_id:lord_talk_ask_skill|自 我 们 一 同 旅 行 的 日 子 以 来，你 的 本 领 可 有 长 进？
dlga_id:lord_pretalk_109|让 我 展 示 给 你 看……
dlga_id:lord_talk_ask_something_2_2|还 有 别 的 事 么？
dlga_id:lord_talk_ask_location|我 想 打 听 一 个 人 的 下 落。
dlga_id:lord_tell_objective|你 和 你 的 人 在 干 什 么？
dlga_id:lord_talk_ask_about_strategy|王 国 目 前 有 什 么 行 动？
dlga_id:lord_pretalk_110|你 既 是 元 帅，此 事 理 应 由 你 决 定。
dlga_id:lord_talk_ask_about_war|战 况 如 何？
dlga_id:lord_talk_ask_about_capture_prisoners|我 需 要 一 些 {s1} 作 为 俘 虏。
dlga_id:lord_talk_ask_about_capture_prisoners_count|我 这 里 有 {reg11}名 {s11}。你 可 以{reg10?免 费 带 走 {reg4?她:他}:以 每 人 {s1} 的 价 格 全 部 带 走}。
dlga_id:lord_talk_ask_something_again|算 了。
dlga_id:lord_talk_ask_about_capture_prisoners_bought|多 谢，但 我 只 需 要 {reg2}个。
dlga_id:lord_talk_ask_about_capture_prisoners_bought.1|{s1} 与 我 都 感 谢 你 为 这 场 战 争 所 作 的 贡 献。
dlga_id:lord_pretalk_111|如 你 所 愿。
dlga_id:lord_talk_ask_about_ransom|你 愿 意 为 你 的 {s11}——{s1} 的 赎 金 出 一 份 力 吗？
dlga_id:lord_talk_ask_something_again_2|我 固 然 关 心 {s1} 的 安 危，但 你 欠 我 的 私 人 债 务 尚 未 偿 清，我 不 认 为 你 有 资 格 承 担 {s2} 交 付 的 这 项 任 务。
dlga_id:lord_pretalk_112|什 么，还 要 更 多？我 不 是 已 经 给 过 你 {s1} 了 吗？——{playername}，我 警 告 你，若 你 辜 负 了 我 的 {s11}，我 会 要 你 把 每 一 枚 金 币 都 原 数 奉 还。
dlga_id:lord_pretalk.1_26|是 的，我 听 说 了 {s1} 的 困 境。不 过，{reg4?她:他} 只 是 我 一 位 远 房 {reg4?:}{s11}，我 并 不 认 为 自 己 有 义 务 出 钱。
dlga_id:lord_pretalk.2_15|我 宁 愿 同 {s1} 在 {s2} 的 愚 行 撇 清 关 系—— 你 也 该 明 白，此 事 与 我 无 关。
dlga_id:close_window_214|{playername}，你 竟 敢 替 那 个 {s43} 向 我 求 情？你 是 在 考 验 我 的 耐 心……
dlga_id:lord_pretalk.3_6|我 对 {s1} 毫 无 好 感，让 {reg4?她 :他 } 烂 在 那 里 吧。
dlga_id:lord_pretalk.4_4|我 相 信，凭 {s12} 和 你 自 己 筹 集 的 资 金，已 经 足 以 赎 回 {s11}。除 了 祝 福，我 再 也 给 不 了 什 么。
dlga_id:lord_calculated_ransom|当 然，{playername}。{s1} 是 我 的 {s4}，我 会 尽 力 相 助……
dlga_id:lord_pretalk_113|不 过，我 的 金 库 眼 下 几 乎 见 底——{s1} 只 能 再 等 一 阵 了。
dlga_id:lord_ask_calculated_ransom|{s1} 够 吗？
dlga_id:lord_lend_ransom_accept|当 然。
dlga_id:lord_lend_ransom_reject|算 了。
dlga_id:lord_pretalk_114|那 就 拿 去 吧，{playername}，并 带 上 我 的 祝 福。代 我 向 {s1} 致 意。
dlga_id:lord_pretalk_115|{playername}，你 究 竟 在 玩 什 么 把 戏？我 们 都 希 望 {s1} 重 获 自 由，不 是 吗？
dlga_id:dplmc_lord_ask_exchange_fief_1|{s19}
dlga_id:lord_pretalk_116|{s19}
dlga_id:dplmc_lord_exchange_fief_select_1|{s19}
dlga_id:dplmc_lord_exchange_fief_select_1_2|{s19}
dlga_id:dplmc_lord_exchange_fief_select_1_3|{s19}
dlga_id:dplmc_lord_exchange_fief_select_2|{s1}
dlga_id:lord_pretalk_117|算 了。
dlga_id:dplmc_lord_exchange_fief_select_2_2|{s19}
dlga_id:dplmc_lord_exchange_fief_select_3|{s1}
dlga_id:lord_pretalk_118|算 了。
dlga_id:dplmc_lord_exchange_fief_confirm|{s14}
dlga_id:lord_pretalk_119|{s14}
dlga_id:lord_pretalk_120|{s14}
dlga_id:lord_pretalk.1_27|其 实，这 件 事 暂 且 搁 下 吧。
dlga_id:lord_marriage_permission|{s19}
dlga_id:lord_pretalk_121|诸 神 在 上，年 轻 人—— 我 连 你 与 她 见 面 都 尚 未 准 许，你 竟 以 为 我 会 允 许 你 娶 她？
dlga_id:lord_pretalk.1_28|我 不 会 逼 迫 自 己 的 {s11} 违 背 意 愿 或 良 知 出 嫁。她 的 判 断，我 信 得 过。
dlga_id:lord_pretalk.2_16|抱 歉，年 轻 人—— 我 不 会 把 自 己 的 {s11} 嫁 给 你。我 更 愿 意 看 她 与 {s12} 成 婚。
dlga_id:lord_marriage_permission_endowment|好 极 了，年 轻 人—— 能 迎 你 进 入 我 们 的 家 族，我 深 感 欣 慰。现 在，让 我 们 谈 谈 婚 约 的 条 件。依 照 传 统，你 我 必 须 确 保 {s11} 手 中 有 足 够 的 财 产，以 应 对 任 何 不 测……
dlga_id:lord_marriage_permission_endowment_answer|考 虑 到 我 们 两 家 的 声 望 与 地 位，我 认 为 你 应 提 供 {reg3}枚 金 币 作 为 聘 财，我 则 拿 出 {reg4}枚 金 币 作 为 嫁 妆。这 笔 钱 将 归 夫 人 本 人 所 有，以 防 日 后 你 因 故 无 法 供 养 她。你 意 下 如 何？
dlga_id:lord_marriage_permission_engagement_date|很 好—— 就 这 么 定 了。
dlga_id:lord_marriage_permission_endowment_answer_delay|我 眼 下 拿 不 出 这 么 多 钱。
dlga_id:lord_marriage_permission_endowment_answer_no|这 笔 数 目 太 高 了。
dlga_id:close_window_215|那 便 没 什 么 好 谈 的 了。无 论 如 何，我 不 能 让 自 己 的 女 儿 毫 无 保 障 地 出 嫁，不 是 吗？若 你 改 变 主 意，再 来 告 诉 我。
dlga_id:close_window_216|好 极 了！从 现 在 起，你 们 便 算 正 式 订 婚。我 会 在 条 件 允 许 时，于 {s24} 举 办 一 场 盛 大 婚 宴。待 日 期 定 下，我 们 一 定 派 人 通 知 你。
dlga_id:close_window.1_41|遗 憾 的 是，还 有 最 后 一 个 难 题—— 眼 下 没 有 安 全 的 地 方 可 以 举 行 婚 礼。此 事 暂 且 搁 置，待 局 势 安 定 后 再 作 定 夺。
dlga_id:lord_pretalk_122|无 妨—— 你 需 要 多 久 筹 钱，就 花 多 久。我 只 希 望 她 日 后 能 得 到 妥 善 照 料。
dlga_id:lord_pretalk.1_29|那 的 确 令 人 遗 憾，但 若 我 任 由 她 面 对 一 个 毫 无 保 障 的 未 来，便 是 失 职。
dlga_id:lord_courtship_permission|{s10}，我 能 否 有 幸 拜 访 {s14}{s12}？
dlga_id:lord_pretalk_123|{s12}
dlga_id:lord_pretalk.1_30|我 听 说，你 已 经 在 未 经 我 许 可 的 情 况 下 同 她 说 过 话。听 清 楚：我 是 她 的 领 主 和 监 护 人，也 早 已 为 她 的 将 来 作 了 安 排。我 绝 不 容 许 旁 人 在 背 后 讥 笑 我，说 我 连 自 己 家 中 的 女 子 都 管 束 不 了。以 后 不 要 再 同 我 谈 这 件 事。
dlga_id:lord_pretalk.2_17|{s14}
dlga_id:lord_pretalk_124|{s12}
dlga_id:lord_talk_ask_marriage_1|若 要 同 您 的 家 族 缔 结 一 份 长 久 盟 约，需 要 什 么 条 件？
dlga_id:lord_pretalk_125|不 必 担 心，我 无 意 改 变 主 意。只 要 有 机 会 举 行 一 场 配 得 上 这 桩 庄 严 婚 事 的 典 礼，我 们 便 会 成 婚。
dlga_id:dplmc_claimant_marriage_proposal_pc_confirm|你 是 在 提 议，以 我 的 {reg33?妻 子 :丈 夫 } 身 份 与 我 共 同 统 治 {s0}？
dlga_id:dplmc_claimant_marriage_proposal_pc_reax|是 的，这 正 是 我 的 提 议。
dlga_id:lord_pretalk_126|不，我 想 你 误 会 了。忘 掉 我 刚 才 的 话 吧。
dlga_id:lord_pretalk.1_31|哦，见 鬼，当 然 不 是！你 完 全 误 会 了……就 当 我 什 么 都 没 说。
dlga_id:lord_pretalk_127|不 必 担 心，我 无 意 改 变 主 意。只 要 有 机 会 举 行 一 场 配 得 上 这 桩 庄 严 婚 事 的 典 礼，我 们 便 会 成 婚。
dlga_id:lord_pretalk.1_32|很 遗 憾，这 不 可 能，因 为 我 已 经 与 {s0} 成 婚。{reg33?:}
dlga_id:lord_pretalk.2_18|很 遗 憾，这 不 可 能，因 为 你 已 经 与 {s0} 成 婚。{reg33?:}
dlga_id:lord_pretalk.3_7|很 遗 憾，这 不 可 能，因 为 我 已 经 与 {s0} 订 婚。{reg33?:}
dlga_id:lord_pretalk.4_5|很 遗 憾，这 不 可 能，因 为 你 已 经 与 {s0} 订 婚。{reg33?:}
dlga_id:lord_pretalk.5_4|{s14}
dlga_id:lord_marriage_proposal_female_pc_confirm_engagement|{s14}
dlga_id:lord_pretalk.1_33|按 照 我 们 的 传 统，这 样 的 盟 约 应 以 婚 姻 来 巩 固。自 你 来 到 这 片 土 地 以 来，已 经 闯 出 了 不 小 的 名 声，我 本 可 以 考 虑 这 项 安 排；可 惜 我 的 家 族 中 没 有 适 婚 之 人。
dlga_id:lord_pretalk.2_19|我 若 告 诉 你，身 为 一 名 {s0}，我 早 已 为 自 己 的 子 女 另 作 安 排，希 望 你 不 要 见 怪。
dlga_id:lord_pretalk.3_8|按 照 我 们 的 传 统，这 样 的 盟 约 应 以 婚 姻 来 巩 固。遗 憾 的 是，我 的 家 族 中 没 有 适 婚 之 人。
dlga_id:lord_courtship_pre_permission|{s15}
dlga_id:lord_marriage_proposal_female_pc_confirm|你 是 在 向 我 求 婚 吗？
dlga_id:lord_courtship_permission_2|我 能 否 {s15} 请 求 您 考 虑，让 我 成 为 您 的 {reg33?未 婚 妻:未 婚 夫}？
dlga_id:lord_marriage_permission_engagement_date_2|作 弊—— 开 始 订 婚
dlga_id:wedding_ceremony_bride_vow_2|作 弊—— 立 即 完 成 婚 礼
dlga_id:wedding_ceremony_bride_vow_3|作 弊—— 与 我 的 未 婚 配 偶 完 成 婚 礼
dlga_id:lord_pretalk_128|算 了。
dlga_id:lord_marriage_proposal_female_pc_reax|是 的，这 正 是 我 的 提 议。
dlga_id:lord_pretalk_129|不，我 想 你 误 会 了。
dlga_id:lord_pretalk.1_34|哦，见 鬼，当 然 不 是！你 完 全 误 会 了……就 当 我 什 么 都 没 说。
dlga_id:lord_pretalk_130|{s14}
dlga_id:lord_pretalk_131|{s14}
dlga_id:lord_marriage_proposal_female_pc_next_step_2|{s14}
dlga_id:lord_marriage_proposal_female_pc_next_step_5|我 看 不 必！
dlga_id:lord_marriage_proposal_female_pc_next_step_5.1|很 好。
dlga_id:lord_marriage_proposal_female_pc_next_step_4|照 理 说，下 一 步 该 由 我 派 人 向 你 的 家 族 求 取 婚 约，不 过 看 来，你 自 己 的 终 身 大 事 一 向 由 自 己 作 主。
dlga_id:lord_marriage_proposal_female_pc_next_step_5_2|你 猜 得 没 错。
dlga_id:lord_marriage_proposal_female_pc_confirm_engagement_2|既 然 我 们 的 婚 事 已 再 无 阻 碍，那 么 是 否 该 正 式 订 下 婚 约？我 会 举 办 一 场 盛 大 宴 会，让 我 们 在 王 国 所 有 {s0} 面 前 交 换 誓 言—— 当 然，前 提 是 你 愿 意。
dlga_id:lord_marriage_proposal_female_pc_confirm_engagement_yes|我 愿 意。
dlga_id:lord_marriage_proposal_female_pc_confirm_engagement_no|其 实，我 还 想 再 考 虑 一 下。
dlga_id:close_window_217|很 好。若 一 切 顺 利，再 过 一 个 多 月，我 们 便 能 成 婚。{s12}
dlga_id:close_window_218|慢 慢 考 虑 吧，我 的 {reg33?女 士 :领 主 }。
dlga_id:lord_pretalk_132|算 了。
dlga_id:lord_pretalk_133|那 你 只 好 去 问 别 人 了。
dlga_id:lady_pretalk|恐 怕 你 得 去 问 别 人。
dlga_id:lord_talk_ask_location_2|好 吧，我 未 必 知 道 答 案。你 想 打 听 谁？
dlga_id:lord_talk_ask_location_3|{s1}
dlga_id:lady_pretalk_2|算 了。
dlga_id:lord_pretalk_134|算 了。
dlga_id:lady_pretalk_3|{s1}
dlga_id:lord_pretalk_135|{s1}
dlga_id:lord_talk_ask_about_war_2|{s12}
dlga_id:lord_talk_ask_about_war_details|多 告 诉 我 一 些 同 {s1} 交 战 的 情 况。
dlga_id:lord_pretalk_136|这 就 是 我 想 知 道 的 全 部。多 谢。
dlga_id:lord_talk_ask_about_war_2_2|{s9}.
dlga_id:lord_strategy_follow_evaluation|{s7} {s9} {s14}
dlga_id:lord_talk_ask_something_2_3|你 还 有 别 的 问 题 吗？
dlga_id:lord_strategy_follow_up|我 们 的 领 袖 {s4} 实 在 过 于 谨 慎。{reg4?他 :她 } 要 么 该 率 军 进 攻 敌 人，要 么 就 该 让 大 军 解 散 归 乡。
dlga_id:lord_strategy_follow_up.1|我 军 只 是 驻 在 原 地，毫 无 行 动。显 然，应 征 前 来 的 封 臣 太 少。看 来 {s4} 并 未 得 到 王 国 大 领 主 们 的 信 任。
dlga_id:lord_strategy_follow_up.2|我 不 赞 同 这 项 战 略。我 更 愿 意 {s4}。
dlga_id:lord_strategy_follow_up.3|我 个 人 更 愿 意 进 攻 {s8}，但 我 们 的 元 帅 {s10} 认 为 那 里 {s9}
dlga_id:lord_strategy_follow_up.4|我 个 人 更 愿 意 防 守 {s8}，而 不 是 {s9}。
dlga_id:lord_talk_11|还 有 别 的 事 么？
dlga_id:lord_strategy_follow_up.5|在 我 看 来，这 项 战 略 还 算 合 理。
dlga_id:lord_strategy_why_not|既 然 你 正 在 进 攻，为 何 不……
dlga_id:lord_talk_ask_something_again_3|我 明 白 了……
dlga_id:lord_talk_replace_marshal|那 么，你 认 为 {s4} 已 经 不 适 合 继 续 担 任 元 帅 了？
dlga_id:lord_talk_ask_something_again_4|我 认 为，在 开 始 争 论 是 否 更 换 元 帅 之 前，王 国 应 先 解 决 {s4} 的 问 题。
dlga_id:lord_talk_ask_something_again.1|是 的，我 早 已 表 明 立 场。我 认 为 应 由 {s4} 取 代 {s5} 担 任 元 帅。
dlga_id:lord_talk_ask_something_again.2|此 事 我 会 自 行 判 断，不 需 要 你 来 游 说，{reg33?女 士:先 生}。
dlga_id:lord_talk_replace_marshal_decision|嗯……
dlga_id:lord_talk_ask_something_again_5|是 的，我 会 这 么 说。照 目 前 来 看，我 更 倾 向 于 支 持 {s15}。很 高 兴 我 们 谈 过 此 事，至 少 我 知 道 你 我 对 此 看 法 一 致。
dlga_id:lord_talk_ask_something_again.1_2|未 必。{s4} 与 我 在 战 略 上 坦 率 地 意 见 相 左，并 不 意 味 着 我 想 取 而 代 之。
dlga_id:lord_strategy_why_not_select|什 么？
dlga_id:lord_talk_ask_something_again_6|算 了。
dlga_id:lord_strategy_why_not_reason|……继 续 进 攻 {s4}？
dlga_id:lord_strategy_why_not_reason.1|……防 守 {s4}？
dlga_id:lord_strategy_why_not_reason.2|……进 攻 {s4}？
dlga_id:lord_talk_why_not_repeat|{s9}
dlga_id:lord_talk_why_not_repeat.1|我 们 的 元 帅 {s11} 认 为 {s8}{s9}{s10}
dlga_id:lord_talk_why_not_repeat.2|我 们 本 可 以 前 往 那 里。{s7} 然 而，{s5}{s3}{s4}。{s6}{s8}。
dlga_id:lord_strategy_why_not_select_2|你 还 有 类 似 的 问 题 吗？譬 如，我 们 为 何 不……
dlga_id:party_encounter_lord_hostile_ultimatum_surrender|我 只 说 一 次，{s4}！投 降，否 则 死！
dlga_id:close_window_219|{s43}
dlga_id:lord_predemand|我 是 来 向 你 提 出 条 件 的！
dlga_id:lord_demand|哦？你 想 要 什 么？
dlga_id:lord_ultimatum_surrender|我 只 给 你 一 次 机 会：投 降，或 者 死。
dlga_id:lord_attack_verify|{s43}
dlga_id:lord_attack_verify_cancel|原 谅 我，阁 下。我 也 不 知 道 自 己 刚 才 在 想 什 么。
dlga_id:close_window_220|那 就 滚 开。
dlga_id:lord_attack_verify_commit|与 你 无 关。准 备 战 斗！
dlga_id:lord_attack_verify_b|{s43}
dlga_id:lord_attack_verify_cancel_2|原 谅 我，阁 下。我 也 不 知 道 自 己 刚 才 在 想 什 么。
dlga_id:lord_attack_verify_commit_2|我 不 会 退 让。准 备 战 斗！
dlga_id:close_window_221|{s43}
dlga_id:lord_pretalk_137|原 谅 我，没 什 么。
dlga_id:liege_defends_claim_1|我 在 旅 途 中 遇 见 了 一 个 自 称 {s45} 的 人……
dlga_id:liege_defends_claim_2|哦，真 的 吗？敢 在 我 面 前 提 起 那 个 名 字 的 人 可 不 多。我 还 拿 不 准，该 奖 赏 你 的 勇 气，还 是 惩 罚 你 的 无 礼。
dlga_id:liege_defends_claim_3|很 好，我 便 满 足 你 的 好 奇 心。但 听 仔 细 了，因 为 我 不 想 再 谈 第 二 遍。
dlga_id:liege_defends_claim_4|{s48}
dlga_id:lord_talk_12|{s48}
dlga_id:close_window_222|作 弊—— 好 吧。
dlga_id:lord_prison_break_chains|我 是 来 救 你 出 去 的。{reg33?:}
dlga_id:companion_prison_break_chains_2_2|谢 天 谢 地，你 终 于 来 了！不 过 我 戴 着 这 些 脚 镣，哪 儿 也 去 不 了。你 得 想 办 法 把 锁 打 开。
dlga_id:lord_pretalk_138|我 在 做 什 么？这 还 用 问 吗？我 被 囚 禁 在 这 里！
dlga_id:lord_pretalk.1_35|我 眼 下 没 有 指 挥 任 何 部 队。
dlga_id:lord_pretalk.2_20|我 们 正 在 {s1} 休 整。{s14}{s15}
dlga_id:lord_pretalk.3_9|我 们 正 赶 往 {s1}。{s14}{s15}
dlga_id:lord_pretalk_139|我 正 前 往 {s1} 附 近。{s14}{s15}
dlga_id:lord_pretalk.4_6|我 们 正 在 {s1} 招 募 新 兵。{s14}{s15}
dlga_id:lord_pretalk.5_5|我 们 正 在 {s1} 附 近 搜 寻 敌 军 踪 迹。{s14}{s15}
dlga_id:lord_pretalk.6_3|我 们 正 在 洗 劫 {s1} 村 庄。{s14}{s15}
dlga_id:lord_pretalk.7_2|我 们 正 向 {s1} 撤 退。{s14}{s15}
dlga_id:lord_pretalk.8_2|我 们 正 在 围 攻 {s1}。{s14}{s15}
dlga_id:lord_pretalk.9_2|我 们 正 在 与 {s1} 作 战。{s14}{s15}
dlga_id:lord_pretalk.10|我 正 掩 护 {s1} 的 推 进。{s14}{s15}
dlga_id:lord_pretalk.11|我 们 正 与 {s1} 同 行。{s14}{s15}
dlga_id:lord_talk_ask_about_strategy_2|我 正 在 统 率 王 国 大 军。
dlga_id:lord_pretalk.12|我 们 正 在 重 新 考 虑 下 一 个 目 标。
dlga_id:lord_pretalk.13|我 不 知 道：{reg1}{s1}。（错 误）
dlga_id:lord_ask_follow|你 愿 意 跟 随 我 吗？我 有 个 计 划。
dlga_id:close_window_223|我 喜 欢 与 你 为 伴，{playername}，但 眼 下 还 有 别 的 事 务 必 须 处 理。也 许 几 天 后，我 能 再 次 与 你 并 辔 而 行。
dlga_id:close_window.1_42|这 恐 怕 不 妥，{playername}。你 何 不 改 为 跟 随 我？
dlga_id:close_window.2_8|{s43}
dlga_id:close_window.3_5|带 路 吧，{playername}！让 我 们 把 死 亡 与 败 亡 带 给 一 切 敌 人。
dlga_id:lord_talk_offer|什 么？
dlga_id:knight_offer_join|我 想 赎 回 你 手 中 的 一 名 俘 虏。
dlga_id:lord_pretalk_140|算 了。
dlga_id:hero_pretalk|恐 怕 我 现 在 无 法 加 入 你，{playername}。我 有 一 件 要 紧 事 必 须 立 刻 处 理。
dlga_id:hero_pretalk.1|你 忘 了 自 己 的 身 份，{reg33?长 官:长 官}。我 可 不 会 听 从 你 这 种 人 的 命 令。
dlga_id:knight_offer_join_2|我 很 愿 意 与 你 并 肩 作 战，朋 友，但 有 个 麻 烦……我 欠 下 了 一 笔 债，必 须 尽 快 还 清，总 计 {reg6}枚 金 币。荣 誉 不 容 我 少 还 一 枚。除 非 你 能 拿 出 {s6} 枚 金 币 替 我 解 围，否 则 我 只 能 先 想 办 法 卸 下 这 副 重 担。
dlga_id:close_window_224|加 入 你？休 想。
dlga_id:knight_offer_join_2.1|好 啊，朋 友，我 很 乐 意 加 入 你。
dlga_id:knight_offer_join_accept|拿 去 吧，这 是 你 所 需 的 {reg6}枚 金 币。钱 财 而 已。
dlga_id:knight_offer_join_accept.1|那 么，朋 友，让 我 们 并 肩 上 路 吧。{reg33?:}
dlga_id:close_window_225|这 消 息 不 错。我 会 考 虑 的。
dlga_id:hero_pretalk_2|这 消 息 不 错。我 会 考 虑 的。
dlga_id:knight_offer_join_accept_party|我 麾 下 还 有 一 些 可 靠 的 人 手，或 许 能 为 你 所 用。你 打 算 如 何 安 置 他 们？
dlga_id:close_window_226|啊，当 然，这 或 许 会 很 有 趣！
dlga_id:knight_join_party_disband|解 散 你 的 人 吧，我 不 需 要 更 多 部 队。
dlga_id:knight_join_party_join|你 的 人 也 可 以 一 同 加 入。眼 下 每 一 名 能 征 善 战 的 士 兵 都 弥 足 珍 贵。
dlga_id:knight_join_party_lead_out|先 带 你 的 人 离 开 城 镇，我 会 在 路 上 赶 上 你 们。
dlga_id:knight_join_party_lead_out.1|继 续 做 你 原 先 的 事，我 稍 后 会 赶 来。
dlga_id:close_window_227|啊……好 吧，{playername}。我 虽 不 愿 失 去 这 些 好 手，但 决 定 权 在 你。我 会 解 散 部 队，然 后 加 入 你。
dlga_id:close_window_228|好 极 了！我 和 弟 兄 们 会 与 你 一 同 上 路。
dlga_id:close_window_229|很 好。我 会 率 人 在 这 一 带 巡 逻。若 还 有 新 的 命 令，再 来 找 我。
dlga_id:close_window_230|哦？你 当 初 声 称 愿 意 效 忠，只 是 为 了 拖 延 时 间？很 好，我 会 给 你 时 间 重 新 考 虑；但 若 你 只 是 在 戏 弄 我，你 的 声 誉 必 将 受 损。
dlga_id:close_window_231|哦？你 当 初 声 称 愿 意 效 忠，只 是 为 了 拖 延 时 间？很 好，我 会 给 你 时 间 重 新 考 虑；但 若 你 只 是 在 戏 弄 我，你 的 声 誉 必 将 受 损。
dlga_id:close_window.1_43|一 派 胡 言！我 竟 险 些 让 你 跻 身 贵 族 之 列。趁 我 尚 未 发 怒，滚 吧，乞 丐！
dlga_id:lord_give_oath_under_oath_already|你 不 是 已 经 宣 誓 效 忠 于 {s5} 了 吗？
dlga_id:lord_pretalk_141|的 确 如 此，{s65}。请 原 谅 我 胡 言 乱 语。
dlga_id:lord_pretalk_142|{playername}，我 只 接 受 那 些 值 得 信 任、能 够 恪 守 誓 言 之 人 的 效 忠。
dlga_id:lord_ask_enter_service_female_2|阁 下，你 颇 有 成 为 优 秀 统 帅 的 才 干。拥 有 这 般 本 领 的 人 在 这 片 土 地 上 并 不 常 见，却 也 并 非 没 有 先 例。许 多 贵 族 都 曾 在 配 偶 或 双 亲 战 死、被 俘 之 后 接 掌 军 队。{reg33?:}{reg33?:}{reg33?:}{reg33?:}{reg33?:}{reg33?:}{reg33?:}
dlga_id:lord_ask_enter_service_female_response|然 而，我 从 未 听 说 哪 位 {s0} 仅 仅 因 为 {reg65?她 :他 } 缺 少 一 名 封 臣，就 把 封 地 授 予 一 位 {reg33?女 人 :男 人 }。无 论 你 多 么 英 勇，我 若 这 样 做，必 会 招 来 整 片 土 地 的 非 议。人 们 会 说 我 受 了 迷 惑 或 中 了 巫 术，甚 至 妄 图 颠 覆 世 间 秩 序。虽 有 遗 憾，我 仍 不 能 冒 险 把 封 地 授 予 你。{reg33?:}
dlga_id:lord_ask_enter_service_female_solution_capture|若 我 亲 手 夺 下 一 座 敌 人 的 城 堡 呢？
dlga_id:lord_ask_enter_service_female_solution_marriage|若 我 与 您 的 一 位 领 主 成 婚 呢？
dlga_id:lord_ask_enter_service_female_solution_competitor|也 许 您 的 某 位 对 手 会 比 您 更 开 明。
dlga_id:lord_ask_enter_service_2|即 便 没 有 封 地，我 也 愿 为 您 而 战。
dlga_id:lord_pretalk_143|算 了。
dlga_id:lord_ask_enter_service_female_response_2|即 便 如 此，我 仍 不 愿 授 予 你 任 何 封 地。不 过，你 无 疑 可 以 使 用 {reg33?丈 夫:妻 子} 的 产 业，在 事 实 上 如 同 我 的 封 臣 一 般 行 事，只 是 没 有 正 式 名 分。你 还 有 别 的 问 题 吗？
dlga_id:lord_ask_enter_service_female_response_3|哦，也 许 你 能 找 到 一 个 真 正 走 投 无 路 的 人—— 不 过 那 样 的 人，恐 怕 也 没 有 多 少 封 地 可 供 赏 赐。你 还 有 别 的 问 题 吗？
dlga_id:lord_ask_enter_service_female_response_4|嗯，若 真 是 那 样，我 或 许 会 视 当 时 情 形，准 许 你 保 留 那 座 城 堡。你 还 有 别 的 问 题 吗？
dlga_id:lord_give_oath_1|{playername}，你 以 勇 敢 的 {reg33?战 士:武 人} 和 卓 越 的 统 帅 闻 名。若 你 已 准 备 向 我 宣 誓 效 忠，我 很 乐 意 接 受 你 的 {s0}，并 授 予 你 封 臣 之 位。
dlga_id:lord_pretalk.1_36|你 还 没 有 证 明 自 己 是 一 名 合 格 的 统 帅，{playername}。去 迎 战 我 的 敌 人，证 明 你 配 得 上 封 臣 之 位。到 那 时，我 们 再 谈。{reg33?:}
dlga_id:lord_give_oath_2_3|我 已 经 准 备 好 了，{s65}。
dlga_id:lord_give_oath_give_up|请 原 谅，{s65}。此 事 我 还 得 再 仔 细 考 虑……
dlga_id:lord_pretalk_144|慢 慢 考 虑 吧，我 的 女 士。
dlga_id:close_window.1_44|你 究 竟 在 玩 什 么 把 戏，{playername}？先 拿 定 主 意，再 回 来 见 我，别 再 浪 费 我 的 时 间。
dlga_id:lord_give_oath_3|很 好。跟 着 我 重 复 誓 词：我 向 您 宣 誓 效 忠，承 认 您 是 {s41} 的 合 法 统 治 者。
dlga_id:lord_give_oath_4|我 向 您 宣 誓 效 忠，承 认 您 是 {s41} 的 合 法 统 治 者。
dlga_id:lord_give_oath_give_up_2|请 原 谅，{reg65?尊 敬 的 女 士 :先 生 }。但 我 觉 得 自 己 还 需 要 考 虑。
dlga_id:lord_give_oath_5|只 要 我 尚 有 一 息，便 会 忠 诚 地 追 随 并 侍 奉 您……
dlga_id:lord_give_oath_6|只 要 我 尚 有 一 息，便 会 忠 诚 地 追 随 并 侍 奉 您……
dlga_id:lord_give_oath_give_up_3|{reg65?女 士:先 生}，能 否 给 我 一 些 时 间 考 虑？
dlga_id:lord_give_oath_7|……若 您 需 要 我 的 剑，我 必 在 您 身 旁，与 您 的 敌 人 血 战。
dlga_id:lord_give_oath_8|……若 您 需 要 我 的 剑，我 必 在 您 身 旁，与 您 的 敌 人 血 战。
dlga_id:lord_give_oath_give_up_4|{reg65?女 士:大 人}，请 再 给 我 一 些 时 间 考 虑。
dlga_id:lord_give_oath_9|最 后，我 将 捍 卫 您 的 合 法 权 利，以 及 您 正 统 继 承 人 的 权 利。
dlga_id:lord_give_oath_10|最 后，我 将 捍 卫 您 的 合 法 权 利，以 及 您 正 统 继 承 人 的 权 利。
dlga_id:lord_give_oath_give_up_5|{reg65?尊 敬 的 女 士 :先 生 }，我 还 需 要 更 多 时 间 考 虑。
dlga_id:lord_give_oath_go_on_2|很 好。你 已 经 向 我 立 下 庄 严 誓 言，{playername}。愿 你 永 远 以 应 有 的 勇 气 与 忠 诚 恪 守 此 誓。
dlga_id:lord_give_oath_go_on_3|自 今 日 起，世 人 皆 知 你 是 向 我 宣 誓 效 忠 的 {reg33?追 随 者:臣 属} 和 封 臣。我 将 庇 护 你，准 许 你 以 我 的 名 义 携 带 武 器；除 非 经 同 侪 依 法 裁 决，或 依 照 此 地 的 法 律 与 习 俗，我 绝 不 会 剥 夺 你 的 生 命、自 由 或 财 产。{reg1?此 外，我 将 {s1} 封 给 你，其 全 部 租 金 与 收 入 皆 归 你 所 有。:}
dlga_id:lord_give_conclude|你 作 出 了 明 智 的 选 择，{playername}。好 好 为 我 效 力，我 保 证 你 必 能 飞 黄 腾 达。
dlga_id:view_char_requested|跟 我 说 说 你 自 己。
dlga_id:lord_give_conclude_2|{s41}
dlga_id:close_window.1_45|那 便 如 此，{s0}。愿 我 所 有 封 臣 都 如 你 一 般 英 勇 忠 诚。
dlga_id:close_window.2_9|我 对 你 寄 予 厚 望，{playername}。我 相 信 你 会 证 明 自 己 配 得 上 这 份 信 任。
dlga_id:lord_enter_service_swear|哈，明 智 之 举，{playername}。只 要 忠 心 效 力，我 麾 下 之 人 便 能 赢 得 财 富 与 权 势；至 于 我 们 的 敌 人……他 们 将 在 我 们 面 前 如 麦 穗 遇 上 镰 刀。不 过，若 要 为 我 效 力，你 必 须 先 断 绝 尘 世 间 的 一 切 旧 誓 与 羁 绊，并 宣 誓 只 效 忠 于 {s5}。{reg33?:}{reg33?:}
dlga_id:lord_enter_service_swear_accepted|我 在 此 宣 誓，{s65}。
dlga_id:lord_enter_service_swear_denied|我 还 需 要 一 些 时 间 考 虑。
dlga_id:close_window_232|你 是 在 戏 弄 我 吗？我 没 时 间 陪 你 玩 这 种 把 戏，{playername}。现 在 就 拿 定 主 意，别 再 浪 费 我 的 时 间！
dlga_id:lord_enter_service_swear_accepted_2|那 么，我 很 荣 幸 欢 迎 你 为 我 的 家 族 效 力。从 今 日 起，{playername}，你 便 是 一 名 {s5} 战 士，并 拥 有 与 之 相 伴 的 一 切 职 责 和 权 利。
dlga_id:close_window_233|我 命 你 在 任 何 地 方 发 现 敌 军，都 要 将 其 连 根 拔 除。此 外，我 和 其 他 封 臣 领 主 也 会 不 时 交 给 你 特 殊 任 务。效 忠、战 斗，并 恪 守 誓 言。若 你 志 在 晋 升，这 些 功 绩 必 能 让 你 平 步 青 云。愿 诸 神 赐 予 我 们 长 寿，也 赐 予 我 们 无 数 值 得 在 大 厅 中 举 杯 庆 贺 的 胜 利！
dlga_id:lord_ask_leave_service_verify|嗯……这 份 誓 言 已 经 成 为 你 的 重 担 了 吗，{playername}？请 求 解 除 效 忠 并 非 常 事，但 念 在 你 一 向 尽 忠 职 守，若 你 当 真 决 意 离 去，我 不 会 强 留。只 是 我 们 会 十 分 怀 念 你。
dlga_id:lord_ask_leave_service_verify.1|解 除 效 忠？嗯……也 许 这 对 双 方 都 好。不 过，{playername}，你 必 须 确 定 这 正 是 自 己 想 要 的。此 事 绝 不 可 轻 率 决 定。
dlga_id:lord_ask_leave_service_2|这 是 我 不 得 不 做 的 事，{s65}。
dlga_id:lord_ask_leave_service_giveup|您 说 得 对，{s65}。我 的 归 宿 就 在 这 里。
dlga_id:lord_pretalk_145|很 高 兴 听 你 这 样 说，{playername}。今 后 别 再 让 这 种 不 堪 的 念 头 占 据 你 的 心。
dlga_id:lord_ask_leave_service_verify_again|你 确 定 吗？还 要 记 住，一 旦 离 开 我 的 麾 下，你 必 须 归 还 所 有 以 我 的 名 义 持 有 的 封 地。
dlga_id:lord_ask_leave_service_3|是 的，{s65}。
dlga_id:lord_ask_leave_service_giveup_2|当 然 不 是，{s65}。我 永 远 是 您 忠 诚 的 封 臣。
dlga_id:lord_ask_leave_service_end|如 你 所 愿。我 在 此 宣 布，你 的 誓 言 从 此 作 废。你 不 再 以 我 的 名 义 持 有 任 何 土 地 或 头 衔，也 不 再 承 担 对 我 家 族 的 义 务。你 自 由 了，{playername}。{reg33?:}
dlga_id:lord_ask_leave_service_end_2|多 谢 您，阁 下。能 为 您 效 力，是 我 的 荣 幸……
dlga_id:lord_ask_leave_service_end_2.1|多 谢。再 次 成 为 自 由 的 {reg33?女 人:男 人}，感 觉 真 好。
dlga_id:close_window_234|那 么，再 会 了，{playername}。愿 好 运 与 你 同 在。
dlga_id:lord_lend_companion_end_2|哦，你 想 让 自 己 的 同 伴 回 来？我 明 白 了……
dlga_id:lord_pretalk_146|{playername}，请 再 耐 心 等 候 一 阵。我 仍 需 要 你 的 同 伴 相 助。待 此 事 平 息 后，再 来 找 我 吧。
dlga_id:lord_active_mission_2|是 的。事 情 可 有 进 展？
dlga_id:lord_generic_mission_thank|当 然。我 给 您 带 来 了 {reg1}名 {s1} 俘 虏。
dlga_id:capture_enemy_hero_thank|当 然。我 替 您 俘 获 了 一 名 来 自 {s13} 的 领 主。
dlga_id:capture_enemy_hero_thank_2|多 谢 你，我 的 朋 友。此 人 会 是 一 枚 很 有 价 值 的 谈 判 筹 码。你 干 得 漂 亮。请 收 下 这 {reg5}枚 金 币，作 为 酬 谢。
dlga_id:lord_pretalk_147|当 然，{s65}。
dlga_id:lord_pretalk.1_37|不 足 挂 齿。
dlga_id:lord_pretalk.2_21|下 次 给 我 一 项 更 有 挑 战 的 差 事 吧。
dlga_id:lord_raise_troops_thank|当 然。我 已 经 训 练 好 了 {reg1}名 {s13}，您 可 以 将 他 们 带 走。
dlga_id:lord_raise_troops_thank_2|这 些 {playername} 或 许 足 以 扭 转 我 的 计 划，{reg4?勇 敢 的 女 人:训 练 有 素 的 男 人}。我 相 信 你 已 经 把 他 们 训 练 得 十 分 出 色。请 接 受 我 的 感 谢 和 赞 赏。
dlga_id:lord_pretalk_148|这 些 人 现 在 听 您 指 挥 了，阁 下。我 相 信 您 会 善 待 他 们。
dlga_id:lord_collect_taxes_success|这 是 从 {s3} 征 收 的 全 部 税 款，共 计 {reg19}枚 金 币。
dlga_id:lord_collect_taxes_half_success|这 是 从 {s3} 征 得 的 税 款，共 计 {reg19}枚 金 币。
dlga_id:lord_collect_taxes_fail|很 遗 憾，征 税 期 间 爆 发 了 叛 乱。我 只 收 到 了 {reg19}枚 金 币。
dlga_id:lord_pretalk_149|干 得 漂 亮，{playername}，实 在 漂 亮！你 果 然 是 最 适 合 办 这 差 事 的 人。我 答 应 给 你 税 款 的 五 分 之 一，也 就 是 {reg21}枚 金 币。你 只 需 交 给 我 {reg20}枚，余 下 的 都 归 你。皆 大 欢 喜，不 是 吗？
dlga_id:lord_pretalk_150|什 么？这 是 你 耍 的 什 么 把 戏，{playername}？这 连 我 应 得 税 款 的 一 半 都 不 到！你 既 纵 容 他 们 逃 税，也 让 我 的 钱 不 翼 而 飞。真 是 一 场 闹 剧！别 再 指 望 我 答 应 过 的 酬 劳。我 会 从 你 收 来 的 钱 中 取 走 {reg20}枚 金 币；看 在 荣 誉 的 份 上，我 还 给 你 留 下 几 枚，你 就 该 庆 幸 了。
dlga_id:lord_pretalk_151|诸 神 在 上，{playername}，瞧 你 把 事 情 弄 成 了 什 么 样！若 我 不 立 即 采 取 行 动，局 面 只 会 更 加 糟 糕。你 该 不 会 还 指 望 为 这 场 失 败 领 取 酬 劳 吧？把 属 于 我 的 {reg19}枚 金 币 交 出 来，我 们 之 间 的 差 事 到 此 为 止。{reg33?:}
dlga_id:lord_hunt_down_fugitive_prompt|我 在 {s4} 找 到 了 藏 匿 的 {s3}……
dlga_id:lord_hunt_down_fugitive_status|很 好。我 相 信 你 严 格 照 我 的 吩 咐 行 事 了？
dlga_id:lord_hunt_down_fugitive_success|当 然。我 让 他 得 到 了 应 有 的 惩 罚。
dlga_id:lord_hunt_down_fugitive_brought_back|我 抓 住 了 {s4}，并 将 他 带 来 这 里 接 受 正 义 的 裁 决。
dlga_id:lord_hunt_down_fugitive_not_brought_back|我 抓 住 了 {s4}，但 他 在 途 中 挣 脱 绳 索 逃 走 了……
dlga_id:lord_hunt_down_fugitive_burnt_village|我 在 {s3} 找 到 了 那 个 逃 犯，也 焚 毁 了 那 座 腐 败 巢 穴。
dlga_id:lord_hunt_down_fugitive_concluded|恐 怕 有 人 抢 先 烧 毁 了 {s3}。我 没 能 追 查 到 他 的 家 人。
dlga_id:lord_hunt_down_fugitive_fail|恐 怕 他 逃 掉 了。
dlga_id:lord_hunt_down_fugitive_success_2|你 为 了 对 付 一 个 人，竟 洗 劫 了 整 座 村 庄？！{s10} 肯 定 不 会 高 兴……不 过 今 天 也 算 一 举 解 决 了 两 个 麻 烦，不 是 吗，{playername}？
dlga_id:close_window_235|{playername}，你 疯 了 吗？{reg10?那 些 是 我 的 农 民， 你 这 蠢 货 :那 个 村 子 属 于 我 的 {s11}}！{reg11?如 果 这 就 是 我 能 从 你 身 上 期 待 的 行 为， 我 真 为 我 们 王 国 的 未 来 担 忧 :我 早 该 知 道 不 能 信 任 你 这 种 狂 热 之 徒 }。拿 着 这 笔 血 钱，滚 吧……
dlga_id:lord_hunt_down_fugitive_success_2.1|可 你 为 何 要 这 样 做？！你 总 算 完 成 了 差 事，但 你 的 手 段 实 在 称 不 上 高 明……
dlga_id:lord_pretalk_152|我 对 你 失 望 至 极，{playername}。{reg10?世 上 真 有 你 这 么 无 能 的 人 吗？:} 我 让 你 去 杀 掉 {s4}，不 是 让 你 把 捍 卫 我 荣 誉 的 决 斗 变 成 笑 话，最 后 还 放 跑 那 个 混 蛋。瞧 你 把 事 情 弄 成 了 什 么 样……{reg11?还 是 说，你 是 故 意 放 走 他 来 激 怒 我？:}
dlga_id:lord_hunt_down_fugitive_success_2_2|很 好。多 亏 了 你，正 义 终 于 得 到 伸 张。你 会 得 到 我 的 感 谢，以 及 答 应 过 的 300枚 金 币。
dlga_id:lord_hunt_down_fugitive_success_2.1_2|干 得 好，{playername}。在“招 待”{s4} 之 前，我 得 先 把 刀 磨 快。哦，对 了，你 还 在 等 赏 金 吧……
dlga_id:lord_hunt_down_fugitive_success_2.2|很 好。砍 下 他 的 头！我 就 知 道 你 不 会 让 我 失 望，{playername}。这 是 你 的 300枚 金 币 赏 金。
dlga_id:lord_hunt_down_fugitive_success_2_3|没 有 他，我 们 所 有 人 都 会 过 得 更 好！多 谢 你，{playername}，替 我 拔 掉 了 这 根 久 已 溃 烂 的 眼 中 钉。知 道 你 能 以 恰 当 而 周 全 的 手 段 办 事，实 在 令 人 安 心。我 答 应 过 赏 金，就 绝 不 会 少 你 一 枚：整 整 300枚 金 币！
dlga_id:lord_hunt_down_fugitive_reward_accept|我 收 下 这 笔 钱，{s65}。多 谢。
dlga_id:lord_hunt_down_fugitive_reward_reject|这 是 染 血 的 钱，我 不 能 收。
dlga_id:lord_hunt_down_fugitive_reward_reject.1|钱 财 固 然 有 用，但 我 更 希 望 那 些 有 权 势 的 人 听 说 我 的 本 领。
dlga_id:lord_pretalk_153|当 然，{playername}。拿 去 吧。再 次 感 谢 你 替 我 除 掉 那 个 {s43}。
dlga_id:lord_pretalk_154|你 是 那 种 认 为 正 义 本 身 便 是 报 酬 的 {reg33?女 人:男 人}，是 吗？如 你 所 愿，{playername}。这 份 心 意 的 确 高 尚。无 论 如 何，多 谢 你 替 我 除 掉 那 个 {s43}。
dlga_id:lord_pretalk.1_38|你 的 确 颇 有 本 领，{playername}。如 你 所 愿，我 会 让 你 的 胜 绩 传 到 该 听 见 的 人 耳 中。也 多 谢 你 替 我 除 掉 那 个 {s43}。
dlga_id:lord_pretalk_155|那 个 {s43} 又 一 次 逃 脱 了 正 义 之 手，实 在 令 人 遗 憾。我 原 以 为 你 能 够 办 成 此 事，{playername}。显 然，我 错 了。
dlga_id:lord_pretalk_156|看 来 命 运 插 手，夺 走 了 我 亲 自 复 仇 的 机 会。我 本 想 亲 眼 看 看 那 个 {s43} 的 尸 体，如 今 也 只 能 相 信 你 的 话。
dlga_id:lord_active_mission_3|我 仍 在 处 理 这 件 事。
dlga_id:lord_mission_failed|恐 怕 我 无 法 完 成 这 项 任 务。
dlga_id:lord_pretalk_157|很 好。记 住，我 指 望 着 你。
dlga_id:lord_pretalk_158|{s43}
dlga_id:lord_pretalk_168|这 应 该 办 得 到。很 好，我 们 就 进 攻 {s1}。
dlga_id:lord_mercenary_service|正 巧，{playername}，我 答 应 过 {s10}，要 为 即 将 到 来 的 战 役 雇 佣 一 支 佣 兵 连 队。
dlga_id:lord_mercenary_service_reject|谢 谢，我 没 兴 趣。{reg33?:}
dlga_id:lord_mercenary_service_accept|好，我 愿 为 {s9} 效 力。
dlga_id:lord_mercenary_elaborate_pay|我 有 兴 趣。请 再 详 细 说 说。{reg33?:}
dlga_id:lord_mercenary_service_verify|很 好。当 然，你 必 须 正 式 宣 誓 效 忠，保 证 自 己 和 麾 下 连 队 为 {s9} 效 力 至 少 一 个 月。
dlga_id:lord_mercenary_service_verify_2|如 您 所 愿。您 的 敌 人 便 是 我 的 敌 人。
dlga_id:lord_mercenary_service_reject_2|再 想 想，还 是 算 了。
dlga_id:lord_mercenary_service_accept_3|很 好。你 作 出 了 明 智 的 选 择，我 的 朋 友。{s9} 从 不 亏 待 忠 勇 之 士，你 的 效 力 必 将 得 到 丰 厚 回 报。{reg33?:}
dlga_id:lord_pretalk_174|现 在，你 最 好 为 一 场 真 正 的 大 战 作 好 准 备。在 此 期 间，尽 你 所 能 训 练 并 武 装 士 兵；一 旦 接 到 征 召，必 须 迅 速 响 应。
dlga_id:lord_pretalk_175|听 到 这 话，我 很 遗 憾。你 要 相 信，再 没 有 比 {s9} 更 好 的 去 处 了。{reg33?:}
dlga_id:lord_mercenary_elaborate_1|我 可 以 给 你 一 份 为 期 一 个 月 的 契 约，期 满 后 可 逐 月 续 签。签 约 时 先 支 付 {reg12}枚 金 币。此 后，{s10} 会 按 照 你 麾 下 士 兵 的 数 量 和 质 量，每 周 向 你 发 放 军 饷。战 场 上 的 战 利 品、可 回 收 物 资 以 及 俘 虏 仍 归 你 处 置。战 争 有 时 可 是 一 本 万 利 的 买 卖……
dlga_id:lord_mercenary_elaborate_1_2|义 务？不 多，也 不 难。首 先，你 必 须 宣 誓 效 忠 我 们 的 事 业。之 后，你 需 要 参 加 军 事 行 动，完 成 指 挥 官 交 付 的 任 务，最 重 要 的 是，无 论 在 何 处 发 现 王 国 的 敌 人，都 要 主 动 进 攻。
dlga_id:lord_mercenary_service_elaborate_duty|那 么，身 为 佣 兵，我 需 要 承 担 哪 些 义 务？
dlga_id:lord_mercenary_elaborate_castle|我 可 以 保 留 自 己 攻 下 的 城 堡 吗？
dlga_id:lord_mercenary_elaborate_banner|我 可 以 悬 挂 自 己 的 旗 帜 吗？
dlga_id:lord_mercenary_elaborate_pay_2|您 会 为 我 的 效 力 支 付 多 少 报 酬？
dlga_id:lord_mercenary_service_accept_2|听 起 来 不 错。我 愿 以 佣 兵 身 份 为 您 效 力。
dlga_id:lord_mercenary_service_reject_3|抱 歉，我 的 剑 不 供 雇 佣。
dlga_id:lord_mercenary_elaborate_1_3|只 有 忠 诚 的 封 臣 才 能 在 我 的 王 国 中 拥 有 土 地 和 城 堡，而 我 的 封 臣 向 来 都 是 {reg65?男 性:女 性}。没 有 充 分 理 由，我 不 会 打 破 这 项 传 统。若 你 能 在 战 场 上 证 明 自 己，便 可 向 我 宣 誓 效 忠，成 为 我 的 {reg33?女 封 臣:封 臣}。到 那 时，我 们 再 谈 你 该 如 何 获 得 一 座 城 堡。
dlga_id:lord_mercenary_elaborate_1.1|嗯……只 有 {s10} 的 忠 诚 封 臣 才 能 拥 有 土 地 与 城 堡。{s0} 有 时 会 接 纳 在 战 场 上 证 明 自 己 的 {reg33?女 人:男 人} 为 封 臣，并 赐 予 领 地，但 我 从 未 听 说 {s1} 会 把 封 地 交 给 {reg33?女 人:男 人}。你 最 好 亲 自 与 {s10}{reg0?本 人:本 人} 商 议 此 事。
dlga_id:lord_mercenary_elaborate_1.2|只 有 我 的 忠 诚 封 臣 才 能 在 我 治 下 拥 有 土 地 和 城 堡。区 区 佣 兵 还 不 值 得 托 付 这 样 的 重 任。不 过，若 你 为 我 效 力 一 段 时 间，便 可 向 我 宣 誓 效 忠，成 为 我 的 封 臣。到 那 时，你 将 有 机 会 获 赐 封 地。{reg33?:}{reg33?:}
dlga_id:lord_mercenary_elaborate_1.3|只 有 {s10} 的 忠 诚 封 臣 才 有 资 格 拥 有 土 地 与 城 堡。你 应 当 明 白，区 区 佣 兵 还 不 能 被 托 付 这 等 重 任。不 过，只 要 效 力 足 够 长 久，你 或 许 能 赢 得 向 {s10} 宣 誓 效 忠 的 资 格，成 为 {reg33?:} 的 封 臣，并 获 赐 一 处 封 地。
dlga_id:lord_mercenary_elaborate_1_4|只 有 我 的 贵 族 封 臣 才 有 资 格 佩 戴 自 己 的 旗 帜。不 过，只 要 你 以 佣 兵 身 份 为 我 效 力 一 段 时 间，便 有 机 会 宣 誓 效 忠，成 为 我 的 {reg33?女 封 臣:封 臣}，并 获 得 选 择 自 己 旗 帜、在 其 下 作 战 的 权 利。
dlga_id:lord_mercenary_elaborate_1.1_2|只 有 {s10} 的 贵 族 封 臣 才 有 资 格 悬 挂 自 己 的 旗 帜。不 过，在 佣 兵 生 涯 中 效 力 一 段 时 间 后，你 也 许 能 赢 得 向 {s10} 宣 誓 效 忠、成 为 其 封 臣 的 机 会，从 而 获 准 选 择 自 己 的 旗 帜，并 在 战 场 上 以 它 为 号。
dlga_id:lord_pretalk_176|你 还 没 有 完 成 我 上 次 交 给 你 的 任 务，{playername}。你 该 继 续 办 那 件 事，而 不 是 来 向 我 讨 要 新 的 差 事。
dlga_id:lord_pretalk.1_40|我 眼 下 没 有 别 的 差 事 交 给 你。
dlga_id:lord_tell_mission|任 务？
dlga_id:lord_pretalk.2_23|我 的 {reg33?女 士 :领 主 }，依 照 求 爱 的 传 统，我 本 应 向 您 效 劳。可 惜 我 眼 下 分 身 乏 术，只 能 恳 请 您 暂 且 收 下 这 番 敬 意。
dlga_id:lord_tell_mission_sworn_vassal|我 的 确 有 些 琐 事 需 要 处 理，但 交 给 自 己 的 {reg65?仆 从:手 下} 更 合 适，而 不 是 交 给 {reg0?我 宣 誓 效 忠 的 君 主:王 国 的 一 名 封 臣}。
dlga_id:lord_pretalk_177|若 你 渴 望 同 敌 人 交 手，可 以 加 入 我 们 对 {s4} 的 进 攻。敌 军 很 可 能 集 结 重 兵 前 来 阻 挠，因 此 我 们 的 人 手 越 多 越 好。
dlga_id:lord_pretalk.1_41|若 你 渴 望 同 敌 人 交 手，可 以 前 往 {s4} 一 带 冒 险。我 们 收 到 消 息，那 里 有 一 支 {s5} 部 队 出 没，我 本 人 也 正 赶 往 那 里。当 然，我 不 能 保 证 你 抵 达 时 敌 人 仍 会 留 在 那 里。
dlga_id:lord_pretalk.2_24|若 你 渴 望 同 敌 人 交 手，可 以 前 往 {s4} 一 带 冒 险。我 们 收 到 消 息，那 里 有 一 支 {s5} 部 队 出 没。我 眼 下 并 不 往 那 个 方 向 去，但 也 许 会 有 其 他 人 前 往。当 然，我 不 能 保 证 你 抵 达 时 敌 人 仍 会 留 在 那 里。
dlga_id:lord_pretalk.3_10|不 过，若 日 后 有 一 项 配 得 上 你 的 差 事，我 或 许 会 请 你 帮 忙。
dlga_id:destroy_lair_quest_brief|不 错—— 的 确 有 件 事 需 要 你 相 助。我 们 听 说 一 群 {s4} 在 这 片 地 区 建 立 了 藏 身 处，四 处 袭 击 过 往 旅 人。若 你 能 找 到 并 摧 毁 他 们 的 巢 穴，我 们 必 会 感 激 不 尽。
dlga_id:lord_mission_rescue_prisoner|我 的 {s11}——{s13}，被 {s15} 的 {s14} 俘 虏 了。通 常，有 荣 誉 的 贵 族 会 准 许 出 身 高 贵 的 俘 虏 以 名 誉 担 保：只 要 他 们 承 诺 在 赎 金 付 清 前 不 试 图 逃 走，便 会 被 当 作 贵 客 相 待。可 {s14} 不 肯 接 受 {s13} 的 誓 言，反 而 直 接 把 人 关 进 地 牢—— 无 疑 是 想 从 我 们 身 上 榨 取 更 多 赎 金。
dlga_id:lord_mission_rescue_prisoner_confirm|我 们 需 要 你 把 我 的 {reg4?我 的:我 的}{s11} 救 出 监 牢。你 也 许 可 以 支 付 赎 金；若 如 此，我 最 多 能 补 偿 2000枚 金 币。若 你 在 {s24} 内 有 人 脉，也 许 能 设 法 把 {reg4?她:他} 偷 偷 带 出 去。或 者 采 取 更 直 接 的 办 法：走 到 狱 卒 面 前，强 夺 钥 匙，然 后 一 路 杀 出 城 去。你 能 替 我 们 办 到 吗？
dlga_id:lord_mission_rescue_prisoner_accepted|我 可 以 试 试。
dlga_id:lord_mission_rescue_prisoner_rejected|我 恐 怕 帮 不 了 你。
dlga_id:close_window_238|这 本 就 不 是 一 项 容 易 的 差 事。也 许 我 们 能 另 寻 办 法。
dlga_id:lord_mission_rescue_prisoner_method|我 们 感 激 不 尽。能 否 告 诉 我，你 准 备 如 何 行 动？
dlga_id:lord_mission_rescue_prisoner_method_2|你 还 有 其 他 办 法 想 要 商 议 吗？
dlga_id:lord_mission_rescue_prisoner_method_ransom|我 考 虑 支 付 赎 金。
dlga_id:lord_mission_rescue_prisoner_method_connection|我 考 虑 动 用 我 在 {s24} 的 关 系。
dlga_id:lord_mission_rescue_prisoner_method_prisonbreak|我 准 备 闯 入 {s24} 的 监 牢，找 到 {s13}，然 后 一 路 杀 出 去。
dlga_id:lord_mission_rescue_prisoner_method_siege|我 在 考 虑 强 攻 并 夺 取 {s24}。
dlga_id:lord_mission_rescue_prisoner_planning_end|计 划 已 经 够 多 了。该 行 动 了！
dlga_id:close_window_239|愿 诸 神 庇 佑 你。
dlga_id:lord_mission_rescue_other_ideas|当 然。若 我 写 给 {s14} 的 信 还 不 够 有 说 服 力，总 可 以 再 筹 集 更 多 金 币。若 那 也 不 成，我 相 信 你 可 以 说 服 地 牢 看 守，或 代 表 我 们 去 找 赎 金 掮 客。我 敢 肯 定，家 族 中 的 其 他 成 员 也 愿 意 为 {s13} 的 赎 金 出 一 份 力。
dlga_id:lord_mission_rescue_other_ideas_2|说 得 好，{playername}。若 你 或 同 伴 熟 悉 {s24} 的 布 局，便 可 以 安 排 一 场 骚 乱，再 趁 混 乱 用 合 适 的 工 具 剪 断 锁 链。不 过，派 去 营 救 {s13} 的 人 必 须 脚 步 敏 捷、头 脑 灵 活，还 得 懂 得 如 何 说 服 或 雇 佣 当 地 人 协 助。
dlga_id:lord_mission_rescue_prisoner_method_prisonbreak_2|我 已 经 同 手 下 商 议 过 这 个 办 法。你 可 以 乔 装 或 公 开 进 入 {s24}，直 接 走 到 狱 卒 面 前，以 武 力 夺 取 钥 匙。真 正 困 难 的 是 逃 出 去。守 军 或 许 反 应 迟 缓，但 你 仍 很 可 能 在 狭 窄 之 处 同 时 迎 战 六 名 甚 至 更 多 敌 人。只 要 能 从 他 们 中 间 杀 开 一 条 路，大 概 就 能 脱 身。
dlga_id:lord_mission_rescue_other_ideas_3|制 造 一 场 骚 乱、引 开 部 分 守 军 也 许 会 很 有 用。若 你 同 {s24} 附 近 的 村 庄 关 系 不 错，现 在 正 是 动 用 这 些 人 脉 的 时 候。
dlga_id:lord_mission_rescue_other_ideas_4|嗯，那 显 然 是 最 直 接 的 办 法。
dlga_id:lord_mission_deliver_message|我 需 要 把 一 封 信 送 给 {s4}，对 方 眼 下 应 该 在 {s13}。若 你 正 要 往 那 里 去，能 否 替 我 把 信 交 给 {reg0?她:他}？这 封 信 必 须 在 30天 内 送 到。
dlga_id:lord_mission_deliver_message_accepted|当 然，我 正 准 备 经 过 {s4}，顺 手 而 已。
dlga_id:lord_mission_deliver_message_rejected|我 恐 怕 近 期 见 不 到 {s13}，{s65}。您 最 好 另 找 别 人 送 信。
dlga_id:lord_mission_deliver_message_rejected_rudely|我 可 不 是 什 么 跑 腿 的 {reg33?丫 头:小 子}，{reg65?女 士:先 生}。这 等 琐 事，还 是 去 雇 个 信 使 吧。
dlga_id:close_window_240|多 谢 你，{playername}。这 是 信，还 有 一 小 笔 钱 供 你 支 付 旅 费。见 到 {s13} 时，代 我 向 {reg0?她 :他 } 致 意。
dlga_id:lord_pretalk_178|啊，好 吧。我 想 总 能 找 到 别 的 人。
dlga_id:lord_mission_deliver_message_rejected_rudely_2|哦？这 就 是 你 回 应 一 项 礼 貌 请 求 的 方 式？太 令 人 失 望 了，{playername}。我 可 没 想 到 你 会 为 此 动 怒。
dlga_id:lord_mission_deliver_message_rejected_rudely_3|那 你 以 后 该 知 道 了 吧。
dlga_id:lord_mission_deliver_message_accepted_2|请 原 谅 我 一 时 失 态，{s65}。我 会 替 您 送 信。
dlga_id:close_window_241|很 好，我 会 记 着 的。
dlga_id:lord_mission_deliver_message.1|我 必 须 把 一 封 信 送 给 敌 方 的 {s15}{s13}，对 方 眼 下 应 该 在 {s4}。若 你 敢 深 入 那 片 土 地，能 否 设 法 把 信 送 到？这 封 信 必 须 在 40天 内 送 达。
dlga_id:lord_mission_told|的 确 有 一 件 小 事……我 的 {s17}{s13} 要 前 往 {s14} 探 望 亲 人。由 于 道 路 不 靖，这 趟 行 程 已 经 推 迟 了 好 几 次，但 这 回 无 论 如 何 都 要 成 行。我 信 得 过 你，{playername}。若 你 能 护 送 她 前 往 {s14}，确 保 她 平 安 抵 达，我 会 十 分 感 激。
dlga_id:lord_mission_deal_with_bandits_told|一 群 强 盗 盘 踞 在 我 的 村 庄 {s15}。他 们 洗 劫 附 近 农 庄，偷 走 本 该 属 于 我 的 税 款，又 拿 我 的 牲 畜 大 吃 大 喝。若 非 眼 下 实 在 分 身 乏 术，我 早 就 亲 自 去 给 他 们 一 个 终 生 难 忘 的 教 训。
dlga_id:lord_mission_deal_with_bandits_accepted|不 必 担 心，我 会 前 往 {s15}，替 您 收 拾 那 些 渣 滓。
dlga_id:lord_mission_deal_with_bandits_rejected|你 只 好 另 找 别 人 帮 忙 了，我 眼 下 也 忙 得 脱 不 开 身。{reg33?:}
dlga_id:close_window_242|你 愿 意 去 办？我 会 记 住 这 份 情。这 些 钱 供 你 支 付 行 动 开 销。拿 那 些 {s43} 杀 鸡 儆 猴。
dlga_id:lord_pretalk_179|啊……那 好 吧，就 当 我 没 有 提 起 过。
dlga_id:lord_tell_mission_raise_troops|这 话 任 何 领 主 都 不 愿 承 认，{playername}：前 几 日 我 检 阅 部 队，竟 发 现 有 些 家 伙 连 武 器 该 握 哪 一 头 都 不 知 道。{s43} 你 是 声 名 显 赫 的 战 士，{playername}，愿 意 替 我 训 练 一 批 士 兵 吗？我 会 感 激 你 的。{reg33?:}
dlga_id:lord_tell_mission_raise_troops_2|你 需 要 多 少 人？
dlga_id:lord_mission_raise_troops_told|若 你 能 训 练 出 {reg1}名 {s14} 并 把 他 们 带 来，应 该 就 够 了。
dlga_id:lord_mission_raise_troops_accepted|当 然，{s65}。给 我 {reg1}名 新 兵，我 会 把 他 们 训 练 成 {s14}。
dlga_id:lord_mission_raise_troops_rejected|这 些 天 我 太 忙 了，没 时 间 训 练 新 兵。{reg33?:}
dlga_id:close_window_243|你 替 我 卸 下 了 一 副 重 担，{playername}。我 会 命 军 士 把 新 兵 派 给 你，暂 归 你 指 挥。另 外，我 会 预 支 一 些 钱，供 你 支 付 开 销。拿 着，这 袋 钱 应 该 够 用。多 谢 你 相 助。
dlga_id:lord_pretalk_180|哦，当 然。我 早 有 所 料。那 么，祝 你 好 运。
dlga_id:lord_mission_collect_taxes_told|你 大 概 知 道，我 是 {s3}{reg9?城 镇:村 庄} 的 领 主。然 而，{s3} 已 经 数 月 没 有 缴 纳 应 付 给 合 法 领 主 的 税 款 和 租 金。那 里 的 民 众 近 来 似 乎 愈 发 桀 骜，我 需 要 有 人 前 去 提 醒 他 们 履 行 义 务；若 他 们 不 听，就……说 服 他 们。若 你 替 我 收 回 欠 税，我 会 把 所 得 的 五 分 之 一 给 你。
dlga_id:lord_mission_collect_taxes_accepted|这 是 公 平 的 条 件，{s65}。成 交。
dlga_id:lord_mission_collect_taxes_rejected|请 原 谅，我 没 有 时 间。
dlga_id:close_window_244|好 消 息，{playername}。此 事 就 托 付 给 你。记 住，那 些 {reg9?镇 民 :农 民 } 狡 猾 得 像 狐 狸，会 找 尽 借 口 不 肯 交 出 我 应 得 的 收 入。别 让 他 们 蒙 骗 了 你。
dlga_id:lord_pretalk_181|哦，是 的。好 吧，祝 你 好 运。
dlga_id:lord_mission_hunt_down_fugitive_told|有 件 事 需 要 你 帮 忙，事 关 一 个 名 叫 {s4} 的 无 法 恶 徒。他 谋 杀 了 我 的 一 名 部 下，此 后 一 直 在 逃 避 审 判。我 绝 不 能 让 他 逍 遥 法 外，因 此 悬 赏 300枚 金 币 取 他 首 级。死 者 的 朋 友 认 为，这 名 凶 手 可 能 藏 在 {s3} 的 亲 族 家 中。你 或 许 能 找 到 他，让 他 得 到 应 有 的 下 场，并 领 取 赏 金。
dlga_id:lord_mission_hunt_down_fugitive_accepted|那 么，我 会 追 踪 他，让 法 律 得 到 伸 张。
dlga_id:lord_mission_hunt_down_fugitive_rejected|非 常 抱 歉，我 太 忙 了，没 有 时 间 去 追 捕 他。{reg33?:}
dlga_id:close_window_245|好 极 了，{playername}。我 和 死 者 家 属 都 会 感 激 你。只 要 拿 下 他，悬 赏 自 然 归 你。祝 你 狩 猎 顺 利。
dlga_id:lord_pretalk_182|如 你 所 愿，{playername}。我 想 附 近 总 有 足 够 多 的 赏 金 猎 人 愿 意 接 下 这 份 差 事……
dlga_id:lord_mission_told_kill_local_merchant|可 耻 的 真 相 是，我 欠 {s3} 的 一 名 商 人 一 大 笔 钱。当 然，我 根 本 没 打 算 偿 还；可 那 个 大 嘴 巴 蠢 货 却 为 此 闹 个 没 完。他 甚 至 胆 敢 威 胁 我—— 威 胁 我！—— 说 要 写 信 向 商 会 与 钱 庄 控 诉。那 会 毁 掉 我 的 好 名 声！所 以 我 需 要 一 个 可 靠 的 {reg33?:}，让 那 个 商 人 永 远 闭 嘴。
dlga_id:lord_mission_accepted_kill_local_merchant|不 必 担 心，他 再 也 不 会 吐 出 一 个 字。
dlga_id:lord_mission_rejected|我 不 是 普 通 杀 手，阁 下。另 找 别 人 替 你 干 这 脏 活 吧。{reg33?:}{reg33?:}
dlga_id:close_window_246|很 好。{playername}，我 相 信 你 的 本 领 和 谨 慎。别 让 我 失 望。现 在 回 去 等 消 息，我 会 派 人 告 诉 你 何 时 何 地 能 截 住 那 个 商 人。替 我 除 掉 他，我 会 重 重 酬 谢。
dlga_id:lord_mission_told_meet_spy_in_enemy_town|我 手 头 有 件 十 分 敏 感 的 事，{playername}，却 没 有 可 信 赖 的 家 臣 可 以 托 付。我 在 {s13} 安 插 了 一 名 密 探，负 责 监 视 当 地 动 向，并 报 告 任 何 值 得 注 意 的 消 息。每 周，我 都 会 派 人 取 回 情 报。你 若 愿 意，这 项 差 事 便 交 给 你。
dlga_id:quest_meet_spy_in_enemy_town_accepted|一 点 鬼 祟 勾 当 可 吓 不 倒 我。算 我 一 个。
dlga_id:quest_meet_spy_in_enemy_town_rejected|我 必 须 拒 绝。这 种 藏 头 露 尾 的 勾 当 不 适 合 我。
dlga_id:quest_meet_spy_in_enemy_town_accepted_response|好 极 了！尽 快 赶 往 {s13}，密 探 会 在 那 里 等 你。
dlga_id:quest_meet_spy_in_enemy_town_accepted_2|{s13} 防 守 森 严，我 怎 样 才 能 不 被 察 觉 地 接 近？
dlga_id:quest_meet_spy_in_enemy_town_accepted_response_2|你 必 须 隐 秘 行 事。避 开 敌 人 的 要 塞、村 庄 和 巡 逻 队，也 不 要 带 太 多 人 同 行。若 第 一 次 没 能 潜 入，就 等 一 阵 子，让 守 军 重 新 放 松 警 惕；否 则 再 次 混 进 城 里 会 十 分 困 难。
dlga_id:quest_meet_spy_in_enemy_town_accepted_3|我 该 怎 样 认 出 你 的 密 探？
dlga_id:quest_meet_spy_in_enemy_town_accepted_response_3|抵 达 {s13} 后，同 当 地 人 交 谈；密 探 就 在 他 们 之 中。若 你 觉 得 找 到 了 目 标，就 说“{s11}”。密 探 会 回 答“{s12}”。这 样 你 们 便 能 确 认 彼 此 身 份，{reg7?她:他} 也 会 把 {reg7?她:他} 替 我 收 集 的 全 部 情 报 交 给 你。
dlga_id:quest_meet_spy_in_enemy_town_accepted_4|我 会 得 到 报 酬 吗？{reg33?:}
dlga_id:quest_meet_spy_in_enemy_town_accepted_response_4|当 然。我 的 金 库 里 有 足 够 的 银 钱，奖 赏 像 你 这 样 忠 诚 的 人。好 好 替 我 办 事，{playername}，你 必 能 获 得 财 富 与 地 位。
dlga_id:quest_meet_spy_in_enemy_town_accepted_end|我 知 道 该 怎 么 做 了。告 辞，阁 下。
dlga_id:lord_pretalk_183|祝 你 好 运，{playername}。记 住，暗 语 是“{s11}”，回 令 是“{s12}”。把 所 有 报 告 带 回 来，我 会 补 偿 你 的 辛 劳。
dlga_id:lord_pretalk_184|如 你 所 愿，{playername}。不 过 我 强 烈 建 议 你 忘 掉 刚 才 听 见 的 一 切。这 里 没 有 什 么 密 探，他 们 从 未 存 在，今 后 也 不 会 有 人 找 到 他 们。记 住 这 一 点。
dlga_id:lord_mission_told_raid_caravan_to_start_war|同 {s13} 的 和 平 令 我 反 胃，{playername}。我 们 已 经 纵 容 那 些 猪 猡 太 久 了。他 们 一 天 天 变 得 更 强，傲 慢 也 愈 发 无 边。我 说，必 须 趁 还 来 得 及 向 他 们 开 战！可 惜，王 国 里 那 群 软 心 肠 的 领 主 正 阻 挠 宣 战。全 是 一 群 见 不 得 血 的 无 胆 懦 夫。
dlga_id:lord_mission_tell_raid_caravan_to_start_war_2|你 说 得 对，{s65}，但 我 们 能 做 什 么？
dlga_id:quest_raid_caravan_to_start_war_rejected_1|我 不 同 意，阁 下。维 持 和 平 更 为 明 智。
dlga_id:lord_mission_tell_raid_caravan_to_start_war_3|啊，终 于 有 人 明 白！事 实 上，我 们 的 确 有 办 法，{playername}。只 需 要 一 点 小 小 的 挑 衅……若 我 方 一 支 战 团 潜 入 他 们 的 领 土，洗 劫 一 支 商 队，或 袭 击 一 座 村 庄，再 留 下 几 件 与 {s14} 有 关 的 物 证，他 们 便 有 充 分 理 由 向 我 们 宣 战。到 那 时，就 连 我 们 之 中 的 懦 夫 也 不 得 不 拿 起 武 器 保 卫 自 己。你 意 下 如 何？有 兴 趣 吗？
dlga_id:quest_raid_caravan_to_start_war_accepted|好 计 策，算 我 一 个。
dlga_id:lord_mission_tell_raid_caravan_to_start_war_4|你 为 何 不 亲 自 去 做？
dlga_id:lord_mission_tell_raid_caravan_to_start_war_5|是 这 样，{playername}。王 国 中 的 一 些 领 主 不 会 喜 欢 有 人 未 经 他 们 同 意 便 煽 动 战 争。他 们 本 就 四 处 寻 找 对 付 我 的 借 口；若 由 我 亲 自 动 手，他 们 一 定 会 让 我 付 出 惨 重 代 价。你 却 不 同：年 轻、受 人 欢 迎，又 足 够 大 胆，也 许 真 能 全 身 而 退。当 然，我 会 支 持 你，也 会 替 你 在 反 对 者 面 前 辩 护。总 之，少 数 领 主 或 许 会 因 你 的 行 动 不 满，但 我 相 信 你 不 会 把 他 们 放 在 心 上。{reg33?:}{reg33?:}
dlga_id:quest_raid_caravan_to_start_war_accepted_2|这 听 起 来 合 情 合 理。我 愿 意 去 办。
dlga_id:quest_raid_caravan_to_start_war_rejected_2|我 不 喜 欢 这 种 勾 当。另 找 一 个 替 罪 羊 替 你 的 阴 谋 背 锅 吧。
dlga_id:close_window_247|很 好！袭 击 一 支 商 队；若 办 不 到，洗 劫 他 们 的 一 座 村 庄 也 行。祝 你 好 运，也 祝 你 狩 猎 顺 利。去 吧，让 边 境 燃 起 战 火！
dlga_id:lord_pretalk_185|哦？你 真 这 么 想？可 你 那 珍 贵 的 和 平 还 能 维 持 多 久？相 信 我，长 不 了。
dlga_id:lord_pretalk_186|嗯，如 你 所 愿，{playername}。我 原 以 为 你 还 有 几 分 血 性，看 来 是 我 错 了。
dlga_id:lord_mission_told.1|我 封 地 {s4} 的 一 些 农 奴 逃 跑 了。那 些 忘 恩 负 义 的 猪 猡！我 让 他 们 耕 种 我 的 土 地、租 住 我 的 屋 舍，他 们 却 这 样 回 报 我！据 说 他 们 正 拼 命 逃 向 {s3}，并 分 成 三 队 躲 避 追 捕。无 论 用 什 么 手 段，我 要 你 抓 住 这 三 群 逃 奴，把 他 们 押 回 {s4}。照 理 说，企 图 逃 跑 就 该 被 绞 死；但 收 获 季 将 至，我 还 需 要 人 手，所 以 这 回 只 给 他 们 一 顿 痛 打。
dlga_id:lord_tell_mission_follow_spy|我 得 到 可 靠 情 报：这 座 城 里 有 个 {reg3?女 人:男 人}，其 实 是 敌 方 间 谍。{reg3?她:他} 理 应 因 {reg3?他:她} 的 放 肆 被 捕 并 绞 死，但 我 们 也 相 信，{reg3?她:他} 很 快 会 离 城 去 见 {reg3?她:他} 的 上 线，也 就 是 接 收 间 谍 所 有 密 报 的 人。间 谍 本 人 无 足 轻 重，那 个 上 线 却 十 分 危 险；若 能 抓 住 他，我 们 便 能 问 出 许 多 情 报……{reg3?:}
dlga_id:lord_tell_mission_follow_spy_2|留 在 这 里，等 间 谍 离 城。随 后 悄 悄 跟 踪 目 标，直 到 接 头 地 点。路 上 绝 不 能 被 发 现，否 则 间 谍 会 起 疑 折 返。等 上 线 现 身 后，立 刻 伏 击 并 逮 捕 两 人，再 一 并 带 来 见 我。记 住—— 我 要 活 口。{reg3?:}{reg3?:}{reg3?:}{reg3?:}{reg3?:}{reg3?:}
dlga_id:lord_tell_mission_follow_spy_accepted|交 给 我 吧，{s65}。
dlga_id:lord_tell_mission_follow_spy_rejected|抱 歉，这 种 偷 偷 摸 摸 的 差 事 不 适 合 我。
dlga_id:close_window_248|很 好，我 相 信 你 会 办 得 漂 亮。间 谍 离 城 时，我 的 一 名 手 下 会 把 目 标 指 给 你。记 住，两 个 人 我 都 要，而 且 必 须 是 活 口。
dlga_id:lord_pretalk_187|真 遗 憾。好 吧，{playername}，继 续 忙 你 的 事 吧……
dlga_id:lord_tell_mission_capture_enemy_hero|我 有 一 件 棘 手 的 差 事，{playername}，也 许 只 有 你 能 办 成。我 要 你 俘 获 {s13} 的 一 名 贵 族 领 主，并 把 他 带 到 我 这 里。如 此，我 便 能 拿 他 交 换 被 {s13} 扣 押 的 一 位 亲 族。事 情 说 来 简 单，可 无 论 你 挑 中 谁，身 边 都 会 有 一 队 精 锐 亲 兵 护 卫。你 准 备 好 打 一 场 硬 仗 了 吗？
dlga_id:lord_tell_mission_capture_enemy_hero_accepted|包 在 我 身 上，{s65}。
dlga_id:lord_tell_mission_capture_enemy_hero_rejected|请 恕 我 拒 绝，{s65}。我 不 是 绑 匪。{reg33?:}
dlga_id:close_window_249|我 欣 赏 你 的 胆 气！去 给 我 抓 一 个 敌 人 回 来。等 你 凯 旋，我 会 在 大 厅 中 为 你 举 杯 祝 酒—— 当 然，也 会 好 好 奖 赏 你 的 功 劳……
dlga_id:lord_pretalk_188|看 来 你 并 没 有 我 以 为 的 那 般 胆 识。也 罢，{playername}，我 会 另 寻 他 人。{reg33?:}
dlga_id:lord_tell_mission_lend_companion|我 眼 下 没 有 差 事 交 给 你。不 过，你 的 同 伴 {s3} 是 个 能 干 的 {reg3?姑 娘:家 伙}，我 正 需 要 一 位 拥 有 {reg3?她:他} 那 般 本 领 的 人。你 可 愿 暂 时 将 {reg3?她:他} 借 调 给 我？
dlga_id:lord_tell_mission_lend_companion_2|你 需 要 对 方 效 力 多 久？
dlga_id:lord_mission_lend_companion_told|只 需 几 日，至 多 一 周。
dlga_id:lord_tell_mission_lend_companion_accepted|好 吧，我 会 让 {s3} 随 你 效 力 一 周。
dlga_id:lord_tell_mission_lend_companion_rejected|抱 歉，我 整 整 一 周 都 离 不 开 {s3}。
dlga_id:close_window_250|感 激 不 尽，{playername}。放 心，我 会 尽 快 让 你 的 同 伴 归 队。
dlga_id:lord_pretalk_189|真 是 该 死 的 不 巧。不 过，我 想 我 也 不 能 强 迫 你 或 {s3} 答 应。此 事 只 好 另 想 办 法。
dlga_id:lord_tell_mission_collect_debt|前 些 时 候，我 借 给 {s3} 一 大 笔 钱—— 确 切 地 说，是 {reg4}枚 金 币。{reg0?她:他} 本 应 {reg0?:} 在 一 个 月 内 还 清，可 数 月 过 去，我 连 一 枚 铜 板 都 没 收 到。若 你 能 代 我 收 回 这 笔 债，我 会 感 激 不 尽；作 为 酬 劳，你 可 以 留 下 其 中 五 分 之 一。意 下 如 何？
dlga_id:lord_tell_mission_collect_debt_2|你 知 道 我 在 哪 里 可 以 找 到 {s3} 吗，{s65}？
dlga_id:lord_tell_mission_collect_debt_3|若 你 现 在 动 身，应 该 能 在 {s4} 找 到 {reg0?她:他}。我 相 信，{reg0?她:他} 会 为 自 己 的 所 作 所 为 深 感 羞 愧 {reg0?:}，并 把 {reg0?她:他} 欠 我 的 钱 一 文 不 少 地 交 给 你。{reg0?她:他}
dlga_id:lord_tell_mission_collect_debt_accepted|那 么，我 就 代 你 去 同 {s3} 谈 谈。
dlga_id:lord_tell_mission_collect_debt_rejected|请 恕 我 直 言，{s65}，我 恐 怕 不 会 比 您 亲 自 出 面 更 有 成 效。
dlga_id:close_window_251|你 愿 意 接 下 此 事，我 十 分 欣 慰，{playername}。去 找 {s3} 谈 谈；拿 不 到 我 的 钱，就 不 要 离 开。
dlga_id:lord_pretalk_190|也 许 确 实 如 此，{playername}。看 来 我 这 辈 子 都 别 想 收 回 那 笔 钱 了……
dlga_id:lord_tell_mission_incriminate_commander|听 我 说，那 个 哭 哭 啼 啼 的 蠢 货 {s13} 根 本 不 配 统 治 {s14}。若 不 是 忠 诚 的 封 臣 {s15} 撑 腰，早 就 被 人 夺 走 封 地 了。只 要 {s15} 仍 在 相 助，扳 倒 此 人 就 绝 非 易 事。所 以，我 们 必 须 先 让 这 名 封 臣 出 局。我 已 经 有 了 一 个 计 划—— 当 然，还 需 要 你 的 帮 助。{reg3?:}{reg3?:}{reg3?:}{reg3?:}{reg3?:}
dlga_id:lord_tell_mission_incriminate_commander_2|请 讲，{s66}。
dlga_id:lord_tell_mission_incriminate_commander_rejected|我 不 愿 参 与 任 何 针 对 {s15} 的 卑 劣 阴 谋。
dlga_id:lord_pretalk_191|卑 劣？呸！我 原 以 为 可 以 倚 仗 你，{playername}，可 你 只 让 我 看 清 自 己 有 多 愚 蠢。看 来 我 得 另 找 一 个 忠 诚 可 靠 的 人。
dlga_id:lord_tell_mission_incriminate_commander_3|我 伪 造 了 一 封 寄 给 {s15} 的 信，还 盖 上 了 自 己 的 印 玺。信 中 暗 示 收 信 人 与 我 们 勾 结，企 图 在 {s14} 发 动 政 变、拥 立 我 掌 权。只 要 能 让 {s13} 相 信 此 信 是 真 的，很 快 就 会 收 拾 {s15}。当 然，真 正 的 难 处，是 怎 样 让 {s13} 对 这 封 信 深 信 不 疑……{reg3?:}
dlga_id:lord_tell_mission_incriminate_commander_4|请 继 续，{s65}……
dlga_id:lord_tell_mission_incriminate_commander_rejected_2|不，我 绝 不 会 让 这 等 卑 劣 阴 谋 玷 污 自 己 的 名 誉。
dlga_id:lord_tell_mission_incriminate_commander_5|这 便 是 你 要 扮 演 的 角 色。你 将 信 带 到 {s14}，交 给 麾 下 的 一 名 士 兵，命 其 送 给 {s15}。我 会 让 一 名 密 探 事 先 通 知 城 中 守 军，好 让 他 们 在 路 上 逮 捕 你 的 信 使。守 卫 会 搜 出 这 封 信，再 呈 交 给 {s13}。他 们 当 然 会 拷 问 信 使，可 那 人 只 知 道 一 件 事：是 你 下 令 将 信 秘 密 送 给 {s15}。{s13} 知 道 你 为 我 效 力，那 个 蠢 货 自 然 会 相 信 这 整 场 骗 局。
dlga_id:lord_tell_mission_incriminate_commander_7|就 这 些 吗？
dlga_id:lord_tell_mission_incriminate_commander_8|还 有 一 件 事……你 的 信 使 必 须 是 可 信 之 人。若 只 派 一 个 无 足 轻 重 的 农 夫，{s13} 或 许 会 怀 疑 其 中 有 诈。那 人 的 脑 子 纵 然 比 蜗 牛 强 不 了 多 少，可 就 连 蜗 牛 也 看 得 出 太 过 明 显 的 骗 局。把 信 交 给 一 个 有 身 份 的 人—— 比 如 你 的 一 名 {s9}。
dlga_id:lord_tell_mission_incriminate_commander_9|什 么？我 不 能 把 一 名 忠 心 的 {s9} 送 去 白 白 送 死！
dlga_id:lord_tell_mission_incriminate_commander_fin|那 就 派 一 名 {s8}。
dlga_id:lord_tell_mission_incriminate_commander_10|得 了 吧，{playername}。感 情 用 事 也 要 分 场 合，现 在 可 不 是 时 候。相 信 我，你 会 得 到 丰 厚 补 偿。至 于 士 兵—— 若 不 是 奉 我 们 的 命 令 去 死，养 他 们 又 有 何 用？{reg33?:}
dlga_id:lord_tell_mission_incriminate_commander_fin_2|好，就 派 一 名 {s8}。
dlga_id:lord_tell_mission_incriminate_commander_rejected_3|不，我 绝 不 会 牺 牲 自 己 精 心 挑 选 的 战 士！
dlga_id:lord_pretalk_192|听 你 答 应，我 实 在 欣 喜 不 已，{playername}。你 正 在 替 我 扫 除 道 路 上 最 大 的 障 碍 之 一。这 是 信，另 有 300枚 金 币 供 你 支 付 开 销。记 住，事 成 之 后 还 会 有 更 多—— 多 得 多……
dlga_id:lord_mission_told.2|我 的 一 队 士 兵 在 最 近 的 边 境 冲 突 中 被 敌 人 俘 虏 了。幸 好 双 方 订 有 交 换 战 俘 的 协 议：敌 人 愿 意 释 放 我 的 人，但 要 求 我 们 交 出 数 量 相 同、军 阶 相 当 的 俘 虏，而 我 手 头 眼 下 一 个 也 没 有。因 此，我 需 要 一 名 能 干 之 人，替 我 生 擒 {reg1}名 {s3}，好 将 他 们 用 于 交 换。
dlga_id:lord_pretalk_193|不，{playername}。我 眼 下 不 需 要 你 的 帮 助。
dlga_id:lord_mission_accepted|包 在 我 身 上，{s65}。
dlga_id:lord_mission_rejected_2|恐 怕 我 眼 下 无 法 接 下 这 项 任 务。
dlga_id:close_window_252|好 极 了，{playername}！我 对 你 信 心 十 足。
dlga_id:close_window_253|是 吗？看 来 你 终 究 担 不 起 这 项 差 事……我 只 好 另 找 一 个 更 有 胆 识 的 人。
dlga_id:lord_request_enlistment|大 人，我 愿 投 身 您 的 军 队。{reg33?:}
dlga_id:lord_request_retire|大 人，我 请 求 退 役。{reg33?:}
dlga_id:lord_request_vacation|大 人，我 想 请 几 日 私 假。
dlga_id:ask_return_from_leave|大 人，我 已 经 准 备 好 重 新 归 于 您 的 麾 下。{reg33?:}
dlga_id:lord_leave_prison|我 得 告 辞 了。
dlga_id:lord_leave_2|这 场 会 面 到 此 为 止。我 告 辞 了。
dlga_id:dplmc_prisoner_chat_let_go|你 自 由 了，走 吧。
dlga_id:dplmc_prisoner_chat_let_go.1|我 放 你 回 去，替 我 给 你 的 族 人 捎 个 口 信—— 一 份 关 于 痛 苦 与 死 亡 的 口 信。（递 给 俘 虏 一 张 纸 条）
dlga_id:close_window_254|{s43}
dlga_id:lord_leave.1|请 恕 我 告 辞。
dlga_id:lord_leave_give_quest|在 你 离 开 之 前，{playername}，我 还 有 一 事 相 求……我 们 在 这 场 战 争 中 虽 是 敌 人，但 我 希 望 你 和 我 一 样 相 信，敌 手 之 间 仍 可 保 有 应 有 的 礼 节。因 此，我 想 请 你 帮 我 处 理 一 件 对 我 十 分 重 要 的 事。
dlga_id:enemy_lord_tell_mission|我 洗 耳 恭 听。
dlga_id:lord_mission_told_2|我 这 里 有 一 位 老 战 友，病 得 很 重。疫 病 侵 入 了 旧 日 战 伤，若 不 尽 快 请 外 科 医 师 诊 治，他 必 死 无 疑。此 人 于 我 十 分 重 要，{playername}，可 他 又 像 野 猪 一 样 固 执，不 信 任 这 里 的 医 师，死 活 不 肯 让 人 查 看 伤 口。我 听 说 你 的 队 伍 里 有 一 位 医 术 高 明 的 外 科 医 师。若 你 肯 让 其 前 来 查 看 伤 势，{reg3?她:他} 或 许 能 说 服 我 的 朋 友 接 受 手 术。恳 请 你 答 应；若 能 救 他 一 命，我 必 铭 记 此 恩。
dlga_id:close_window_256|后 会 有 期。
dlga_id:close_window_257|告 辞，{playername}。我 会 永 远 是 你 最 热 忱 的 仰 慕 者。
dlga_id:close_window.1_46|当 然，{playername}，再 见。
dlga_id:close_window.2_10|祝 你 一 路 顺 风，{playername}。
dlga_id:close_window.3_6|哦，好 的 好 的，再 见。
dlga_id:close_window.4_4|后 会 有 期。
dlga_id:lady_journey_1|这 趟 旅 程 还 令 您 愉 快 吗，{s65}？
dlga_id:close_window_258|{playername}，我 挺 好 的。谢 谢 你 的 关 心。
dlga_id:close_window.28|什 么 事，{s0}？我 的 活 儿 还 没 做 完。
dlga_id:spouse_talk_2|怎 么 了，{s0}？
dlga_id:minister_issues_3|既 然 你 是 我 的 首 席 大 臣，我 想 同 你 商 议 一 些 国 事。
dlga_id:offer_gift_quest_complete_2|我 已 经 备 齐 了 送 给 {s4} 的 礼 物 所 需 的 材 料。
dlga_id:close_window_259|啊，把 东 西 交 给 我 吧。希 望 这 份 礼 物 能 弥 合 你 们 之 间 的 嫌 隙。你 不 妨 去 同 对 方 谈 谈，看 看 我 是 否 成 功 了。
dlga_id:spouse_cancel_political_quest|让 我 们 放 弃 关 于 {s10} 的 计 划 吧。
dlga_id:spouse_cancel_political_quest_confirm|你 确 定 要 放 弃 那 个 主 意？
dlga_id:spouse_pretalk_13|是 的，我 确 定。让 我 们 放 弃 那 个 主 意。
dlga_id:spouse_pretalk.1|其 实，还 是 算 了 吧。
dlga_id:combined_political_quests_3|让 我 们 想 个 办 法，提 升 我 们 在 这 个 王 国 中 的 地 位。
dlga_id:dplmc_spouse_tournament_dedication_reaction|我 的 {reg65?丈 夫 :妻 子 }，我 愿 将 最 近 这 场 竞 技 大 会 中 的 胜 利 献 给 你。
dlga_id:spouse_pretalk_14|{s9}
dlga_id:spouse_organize_feast_2|我 在 想，或 许 我 们 可 以 举 办 一 场 宴 会。
dlga_id:spouse_household_possessions|让 我 们 清 点 一 下 家 中 的 财 物。
dlga_id:spouse_pretalk_15|总 之，这 就 是 我 们 储 藏 室 里 的 全 部 东 西。
dlga_id:spouse_join|我 想 让 你 加 入 我 的 随 行 队 伍。
dlga_id:close_window_260|真 的 吗？你 要 我 像 古 老 传 说 中 的 女 英 雄 那 样，随 你 的 战 团 策 马 远 行，在 战 场 上 与 你 并 肩、替 你 守 住 身 后？我 从 小 便 梦 想 着 这 一 天！如 今 梦 想 竟 能 成 真，实 在 太 美 妙 了！我 马 上 去 准 备。太 感 谢 你 了，{s0}！
dlga_id:close_window.1_47|你 要 我 随 你 奔 赴 战 场？我 在 书 中 读 过 这 样 的 故 事，也 听 吟 游 诗 人 唱 过 女 子 同 男 人 并 肩 作 战 的 传 说。我 知 道，有 些 平 民 女 子 被 卷 入 战 争，成 为 剑 姊 妹，或 在 军 营 中 充 当 随 军 人 员。可 我 从 未 想 过，这 样 的 机 会 竟 会 落 到 我 头 上。我 从 未 近 距 离 见 过 真 正 的 战 斗—— 竞 技 场 自 然 不 算—— 一 想 到 会 有 人 高 举 战 斧 向 我 冲 来，我 便 心 生 恐 惧。^^可 若 能 同 {s0} 一 起 睡 在 星 空 下，见 识 这 个 世 界，骑 着 骏 马 奔 向 胜 利……这 样 的 机 会 很 少 会 降 临 在 女 子 身 上。若 不 抓 住 它，反 倒 有 负 同 为 女 子 的 姐 妹 们。我 愿 随 你 同 行。
dlga_id:close_window.2_11|当 然，{s0}！我 很 乐 意。不 过，我 该 穿 什 么 去 远 行 呢……改 日 也 许 我 们 可 以 一 起 挑 选 合 适 的 装 备？
dlga_id:spouse_pretalk_16|哦，{s0}，你 为 何 会 这 样 问？我 不 能 随 你 上 战 场！我 这 一 生 从 未 握 过 剑，只 会 成 为 累 赘。旧 世 界 的 贵 族 很 少 教 女 儿 如 何 战 斗；即 便 有 人 教 我，我 也 未 必 学 得 会。你 军 中 最 羸 弱 的 新 兵，在 战 场 上 都 比 从 未 拿 过 比 绣 花 针 更 致 命 武 器 的 我 有 用。我 只 会 害 得 你 的 士 兵 为 了 保 护 我 白 白 送 命。^^你 是 我 的 {s0}，我 敬 重 你；可 若 你 想 要 一 位 能 与 你 肩 并 肩、盾 靠 盾 作 战 的 妻 子，当 初 便 该 迎 娶 别 人。
dlga_id:close_window_261|我 们 稍 后 再 谈，我 的 {s11}。
dlga_id:change_kingdom_colors|我 想 改 变 我 们 王 国 的 颜 色。
dlga_id:change_kingdom_colors_choices|好 的，选 个 新 颜 色 吧，亲 爱 的。
dlga_id:spouse_talk_3|纯 蓝。
dlga_id:spouse_talk.1|纯 红 色。
dlga_id:spouse_talk.2|纯 绿 色。
dlga_id:spouse_talk.3|紫 色。
dlga_id:spouse_talk.4|森 林 绿。
dlga_id:spouse_talk.5|冬 日 蓝。
dlga_id:spouse_talk.6|柠 檬 绿。
dlga_id:spouse_talk.7|深 蓝 色。
dlga_id:wedding_ceremony_player_vow|我 的 丈 夫，我 在 此 立 誓 成 为 你 的 妻 子，无 论 顺 境 逆 境，永 远 与 你 相 守。愿 诸 神 眷 顾 我 们，赐 予 我 们 子 嗣、牲 畜 与 土 地。
dlga_id:wedding_ceremony_vows_complete|我 亦 立 下 同 样 的 誓 言。让 我 们 结 为 夫 妻。
dlga_id:close_window_262|等 等—— 且 慢……我 还 没 有 准 备 好。
dlga_id:close_window_263|我 在 此 宣 布，你 与 {s3} 正 式 结 为 夫 妻。现 在，去 为 你 们 准 备 好 的 房 间 吧；我 们 会 安 排 你 的 新 娘 前 往 {s11}，入 住 你 的 府 邸。
dlga_id:spouse_talk_4|还 有 别 的 事 吗，我 的 {reg33?妻 子:丈 夫}？
dlga_id:spouse_pretalk_17|好 主 意，{s0}。不 过，还 是 等 这 里 正 在 举 行 的 宴 会 结 束 后，再 筹 办 下 一 场 吧。
dlga_id:spouse_pretalk.1_2|好 主 意，我 的 {reg33?妻 子:丈 夫}。不 过，我 们 必 须 先 建 立 宫 廷，才 能 举 办 宴 会。
dlga_id:spouse_pretalk.2|好 主 意，我 的{reg33?我 太 太，我 爱 她:我 的 丈 夫，我 的 丈 夫}。不 过 王 国 不 久 前 才 举 办 过 宴 会，或 许 应 再 等{reg3}天，然 后 再 筹 备 下 一 场。
dlga_id:spouse_evaluate_larder_for_feast|好 主 意，{s0}。不 过，为 免 怠 慢 宾 客，我 们 必 须 备 下 丰 盛 多 样 的 宴 席，招 待 各 位 领 主、他 们 的 家 眷 与 随 从。算 下 来，要 让 数 百 张 嘴 连 续 吃 上 好 几 天。让 我 们 先 清 点 一 下 家 中 储 备……
dlga_id:spouse_feast_confirm|{s9}
dlga_id:spouse_feast_added_items|让 我 再 往 储 藏 室 里 添 些 东 西。
dlga_id:spouse_evaluate_larder_for_feast_2|好 吧—— 让 我 重 新 看 看 都 备 了 些 什 么……
dlga_id:spouse_feast_confirm_yes|让 我 们 发 出 请 柬 吧。
dlga_id:spouse_pretalk_18|那 么，我 们 再 等 等 吧。
dlga_id:spouse_pretalk_19|那 就 这 样。我 会 传 出 消 息：待 王 国 局 势 允 许，我 们 便 举 办 宴 会。你 或 许 该 继 续 充 实 储 藏 室，好 让 宴 席 配 得 上 我 们 的 好 客 之 名。
dlga_id:spouse_pretalk.1_3|很 好。宴 会 立 即 在 我 们 位 于 {reg4?也 就 是 这 里，:也 就 是 } 的 宫 廷 {s9} 开 始。你 或 许 还 该 继 续 充 实 储 藏 室，好 让 宴 席 配 得 上 我 们 的 好 客 之 名。你 随 时 都 可 以 宣 布 宴 会 结 束：或 是 发 动 新 的 征 战，或 是 传 令 让 封 臣 们 各 自 归 家。
dlga_id:close_window.29|多 么 美 妙……再 过 不 久，我 们 便 要 结 为 夫 妻！不 过 我 得 提 醒 你，按 照 习 俗，在 余 下 的 几 日 里，我 们 不 该 过 多 私 下 交 谈。
dlga_id:close_window.30|呃，{playername}，你 或 许 还 不 熟 悉 我 们 的 婚 礼 习 俗—— 我 原 以 为 早 该 有 人 告 诉 你。请 先 去 同 我 的 {s11}{s4} 商 谈。
dlga_id:close_window.31|我 完 全 不 知 道 该 去 哪 里 找 我 的 {s11}{s10}。依 照 传 统，本 该 由 {reg4?她:他} 主 持 我 们 的 婚 礼。也 许 我 们 应 当 等 到 找 到 此 人 再 说……
dlga_id:close_window.32|尊 敬 的 {s12} 已 经 同 意 让 我 们 回 家 与 家 人 团 聚。我 们 很 快 就 会 动 身。
dlga_id:kingdom_lady_captive|我 实 在 太 孤 单 了！我 多 么 思 念 自 己 的 家 人！
dlga_id:kingdom_lady_captive.1|把 这 样 一 位 {reg65?女 士:不 羁 青 年} 扣 作 俘 虏，实 在 有 失 体 面，{reg33?女 士:先 生}……
dlga_id:kingdom_lady_captive.2|真 是 奇 怪。你 有 时 待 我 如 此 友 善，却 仍 违 背 我 的 意 愿，将 我 囚 禁 在 这 里。
dlga_id:kingdom_lady_captive.3|我 的 家 人 为 何 还 不 支 付 赎 金？你 虽 将 我 囚 禁 于 此，看 起 来 却 比 他 们 更 在 意 我！
dlga_id:close_window_264|你 好，{s0}。战 争 的 潮 汐 将 我 困 在 这 座 要 塞 里，不 过 我 很 快 便 会 离 开。
dlga_id:lady_talk_refugee|{playername}—— 我 想，身 为 一 名 有 荣 誉 的 {reg33?女 士:男 人}，你 会 准 许 像 我 们 这 样 出 身 高 贵 的 {reg65?女 士:青 年} 返 回 家 族，而 不 会 索 要 赎 金。
dlga_id:lady_escort_lady_succeeded|感 谢 你 护 送 我 来 到 这 里，{playername}。请 收 下 这 份 礼 物，权 作 我 的 谢 意。希 望 将 来 我 们 还 能 再 度 相 逢。
dlga_id:close_window_265|能 为 您 效 劳，是 我 的 荣 幸，{s65}。
dlga_id:close_window.33|我 们 很 快 就 会 离 开。{reg5?很 高 兴 知 道 世 上 仍 有 人 保 有 荣 誉 感:感 谢 你 的 款 待，{playername}，但 我 希 望 你 别 再 来 打 扰 我 们}。
dlga_id:close_window_266|当 然，我 的 {reg65?女 士 :小 伙 子 }。
dlga_id:lady_captive_talk|你 想 错 了，{reg65?女 士:混 账}！
dlga_id:lady_captive_confirm|什 么？！这 是 何 等 无 耻！
dlga_id:close_window_267|请 原 谅—— 你 一 定 误 会 我 的 意 思 了。当 然，你 可 以 离 开。
dlga_id:close_window.1_48|请 联 系 你 的 家 人，让 他 们 筹 备 赎 金，尊 贵 的 女 士。
dlga_id:close_window_268|那 就 写 信 给 你 的 家 人，叫 他 们 赶 紧 把 赎 金 送 来！
dlga_id:close_window.1_49|我 改 变 主 意 了—— 你 自 由 了。
dlga_id:close_window.34|唉，{playername}—— 你 同 {s10} 决 斗，却 败 下 阵 来。按 照 我 们 的 习 俗 与 传 统，我 今 后 不 能 再 接 待 你 了。告 辞，{playername}……
dlga_id:lady_duel_lost|哦，{playername}—— 我 听 说 了 你 与 {s10} 的 决 斗。我 真 希 望 你 从 未 拔 剑，因 为 荣 誉 与 传 统 要 求 你 在 落 败 后 终 止 对 我 的 追 求。保 重，{playername}。
dlga_id:close_window_269|好 吧—— 我 们 必 须 服 从 传 统……告 辞，尊 贵 的 女 士。
dlga_id:lady_duel_lost_flaunt_conventions|让 荣 誉 和 传 统 见 鬼 去 吧！
dlga_id:close_window_270|哦，{playername}！纵 使 旁 人 会 说 三 道 四，可 若 今 后 再 也 见 不 到 你，我 的 心 会 碎 的。让 我 们 别 再 理 会 这 愚 蠢 而 残 酷 的 传 统。
dlga_id:close_window.1_50|不，{playername}—— 我 不 能 任 由 自 己 的 名 誉 毁 于 一 旦，你 也 不 能。
dlga_id:lady_start|哦，{playername}—— 我 听 说 你 在 决 斗 中 击 败 了 {s10}。感 谢 你 让 我 摆 脱 那 个 {reg3?女 人 :男 人 } 的 纠 缠！{reg3?:}{reg3?:}
dlga_id:lady_start.1|嗯，{playername}—— 你 在 决 斗 中 击 败 了 {s10}。看 来，对 方 确 实 配 不 上 我 的 爱 慕。{reg3?:}
dlga_id:lady_start_2|唉，{playername}—— 你 在 决 斗 中 击 败 了 {s10}。竟 然 有 人 为 了 我 拔 剑 相 向，实 在 太 愚 蠢 了……不 过，我 想 这 也 有 几 分 浪 漫。
dlga_id:lady_start_3|{playername}—— 你 在 决 斗 中 击 败 了 {s10}。如 今，荣 誉 要 求 我 们 不 再 相 见……你 知 道，我 曾 真 心 喜 欢 对 方。你 挑 起 这 场 决 斗，并 没 有 帮 到 我。
dlga_id:lady_qst_duel_for_lady_succeeded_1|亲 爱 的 {playername}，再 见 到 你 真 令 人 欣 喜！我 听 说 你 给 了 那 个 卑 劣 的 {s13} 一 顿 应 得 的 教 训。愿 {reg3?她:他} 永 远 记 得 {reg3?她:他} 所 受 的 耻 辱。我 为 你 备 了 一 份 酬 谢，不 过 同 你 为 我 所 做 的 一 切 相 比，恐 怕 微 不 足 道。
dlga_id:lady_qst_duel_for_lady_succeeded_2|哦，也 只 能 拿 这 些 聊 表 谢 意 了。
dlga_id:lady_qst_duel_for_lady_succeeded_2.1|{s66}，这 实 在 太 贵 重 了！
dlga_id:lady_qst_duel_for_lady_succeeded_2.2|请 不 必 如 此，{s65}，我 不 需 要 报 酬。
dlga_id:lady_pretalk_4|{s10}
dlga_id:lady_qst_duel_for_lady_failed|听 说 你 为 了 证 明 我 的 清 白，向 {s13} 提 出 了 决 斗，{playername}。这 是 一 番 高 尚 的 心 意，我 感 谢 你 的 努 力。
dlga_id:lady_qst_duel_for_lady_failed_2|请 原 谅 我 的 失 败，{s65}……
dlga_id:lady_pretalk_5|没 关 系，亲 爱 的 {playername}。你 已 经 尽 力 了。真 相 未 必 能 在 剑 锋 上 得 到 证 明，可 你 毫 不 犹 豫 地 为 我 的 名 誉 赌 上 性 命。仅 凭 这 一 点，便 足 以 令 许 多 人 相 信 我 的 清 白。
dlga_id:lady_start.2|啊，{playername}—— 你 一 定 收 到 了 我 的 消 息。你 能 赶 来，我 真 是 太 高 兴 了！
dlga_id:lady_proposal_pending|{playername}—— 有 我 家 人 的 消 息 吗？
dlga_id:lady_betrothed|听 说 我 的 {s11} 拒 绝 了 你 向 我 求 婚 的 请 求。难 道 这 意 味 着 我 们 必 须 分 开 吗？
dlga_id:lady_generic_mission_succeeded|哦，{playername}，你 把 {reg4?她:他} 带 回 我 身 边 了！非 常 感 谢 你 救 出 我 的 {s11}。请 收 下 这 点 薄 礼，权 作 对 你 高 尚 义 举 的 微 小 回 报。
dlga_id:lady_meet_end|你 一 定 就 是 {playername}。我 们 有 幸 在 最 近 于 {s8} 举 行 的 竞 技 大 会 上 看 到 你 大 显 身 手。
dlga_id:lady_meet_end.1|你 一 定 就 是 {playername}。我 的 {s15}{s16} 对 你 赞 誉 有 加，能 与 你 相 识，我 十 分 高 兴。
dlga_id:lady_premeet|恕 我 直 言，你 看 起 来 有 些 面 生……
dlga_id:close_window.35|啊，{playername}。能 再 见 到 你 真 好。不 过，别 处 似 乎 还 有 事 情 等 着 我 去 处 理。
dlga_id:lady_start.3|{playername}—— 见 到 你 真 好。（低 声 说 道：）我 仍 时 常 怀 念 你 从 前 的 造 访。
dlga_id:lady_meet_end.2|啊，{playername}。你 在 最 近 的 竞 技 大 会 上 大 显 身 手，实 在 令 人 赞 叹！
dlga_id:lady_start.4|{s12}
dlga_id:lady_betrothed_2|我 有 一 个 坏 消 息—— 家 人 不 顾 我 的 意 愿，把 我 许 配 给 了 {s5}。哦，{playername}，我 多 么 希 望 能 嫁 给 你！
dlga_id:lady_betrothed.1|亲 爱 的 {playername}—— 我 已 经 同 {s5} 订 婚，今 后 再 这 样 私 下 相 见，便 不 合 礼 数 了……
dlga_id:lady_other_suitor|我 必 须 告 诉 你，另 有 一 位 领 主 近 来 一 直 向 我 献 殷 勤，可 我 根 本 无 法 忍 受 那 个 人。我 担 心 对 方 别 有 图 谋，甚 至 可 能 强 迫 我 违 背 意 愿 成 婚。
dlga_id:lady_talk|{s11} 我 们 不 宜 在 这 里 交 谈 太 久，不 过 我 希 望 不 久 后 还 能 再 见 到 你。
dlga_id:lady_talk.1|{s11}
dlga_id:lady_talk.2|我 正 准 备 暂 时 告 退，不 过，也 许 稍 后 我 们 还 有 机 会 继 续 交 谈……
dlga_id:lady_talk.3|能 有 机 会 再 与 你 共 度 片 刻，实 在 令 人 愉 快。{s12}
dlga_id:lady_talk.4|什 么 风 把 你 吹 来 了？
dlga_id:close_window_271|暂 无 音 讯……
dlga_id:lady_proposal_pending_end|我 又 仔 细 想 了 想，现 在 还 不 是 我 们 成 婚 的 时 候。
dlga_id:close_window_272|{s11}
dlga_id:lady_suggest_elope|不！我 们 必 须 立 刻 一 起 私 奔！
dlga_id:lady_pretalk_6|也 许 我 仍 能 设 法 说 服 你 的 {s11}。
dlga_id:lady_conclude_relationship|那 就 这 样 吧—— 我 们 就 此 分 开。
dlga_id:lady_conclude_relationship_2|亲 爱 的 {playername}……你 是 个 善 良 的 人，可 一 位 女 士 不 能 公 然 违 抗 自 己 的 家 族。这 种 事 绝 不 可 为！
dlga_id:lady_other_suitor_2|{reg33?女 士:先 生}—— 你 或 许 知 道，我 近 来 一 直 在 考 虑 数 位 像 你 这 样 的 {reg33?追 求 者:绅 士} 所 提 出 的 婚 事。眼 下，我 还 没 有 准 备 好 向 其 中 任 何 一 人 许 下 承 诺。
dlga_id:lady_conclude_relationship.1|啊，{playername}，你 得 明 白，你 仍 在 这 世 上 寻 找 自 己 的 道 路。我 对 你 怀 有 深 厚 情 意，{playername}，但 我 不 能 让 自 己 随 你 一 同 没 入 无 名 与 困 顿 之 中。
dlga_id:lady_conclude_relationship.2|啊，{playername}，你 虽 待 我 亲 切，可 我 还 没 有 足 够 的 把 握，愿 意 为 了 你 冒 如 此 大 的 风 险。我 对 未 婚 夫 并 无 多 少 情 意，但 违 背 家 族 意 愿 绝 非 小 事；我 还 不 够 信 任 你，无 法 迈 出 这 一 步。
dlga_id:lady_conclude_relationship.3|亲 爱 的 {playername}—— 若 同 你 私 奔，我 便 会 失 去 同 家 族 的 一 切 联 系，而 家 族 就 是 我 的 全 部！我 确 实 十 分 倾 慕 你，可 我 还 没 有 准 备 好 为 此 冒 险。
dlga_id:lady_conclude_relationship.4|亲 爱 的 {playername}—— 我 不 像 你 那 样 习 惯 征 战 与 行 军 的 艰 苦。我 只 想 拥 有 一 个 属 于 自 己 的 家。若 你 是 一 座 城 堡 或 城 镇 的 领 主，拥 有 宽 阔 的 大 厅，我 会 欣 然 前 往 那 里，成 为 你 的 妻 子、主 持 家 事。但 我 不 愿 像 一 头 遭 人 追 猎 的 野 兽 般 四 处 逃 亡。
dlga_id:lady_elope_agree|同 你 私 奔？是 的—— 我 们 可 以 这 样 做。公 然 违 抗 家 族 是 极 为 重 大 的 决 定，可 一 场 没 有 爱 情 的 婚 姻，以 及 没 有 你 的 余 生，也 许 更 加 可 怕！但 你 必 须 明 白，这 会 重 创 我 的 {s11} 的 威 望，也 必 将 招 来 不 惜 一 切 代 价 的 报 复。
dlga_id:lady_elope_agree_nurse|那 就 快 些！我 们 没 有 时 间 可 以 浪 费。
dlga_id:close_window_273|不 惜 一 切 代 价，是 吗？嗯……让 我 再 想 想……
dlga_id:lady_elope_agree_lady_vows|尊 贵 的 领 主、尊 贵 的 女 士……你 们 愿 意 让 我 见 证 彼 此 交 换 誓 言 吗？
dlga_id:lady_elope_agree_nurse_2|好，请 开 始 吧。就 我 而 言，我 立 下 如 下 誓 言：我，{s4}，依 照 这 片 土 地 古 老 的 法 律 与 习 俗，接 受 {playername} 成 为 我 的 {reg33?妻 子:丈 夫}。
dlga_id:lady_elope_agree_player_vows|很 好。{playername}，你 是 否 也 愿 立 誓，接 受 {s4} 成 为 你 的 {reg65?妻 子:丈 夫}？
dlga_id:close_window_274|我 愿 意。
dlga_id:close_window.1_51|呃，什 么？这 一 切 是 不 是 进 展 得 太 快 了……
dlga_id:lady_conclude_relationship_3|哦，是 吗？亲 爱 的—— 我 绝 不 能 就 这 样 让 一 位 {reg65?女 士:年 轻 人} 离 开 {reg65?她:他} 的 家 族……
dlga_id:lady_conclude_relationship_confirm|看 来，我 们 共 度 的 时 光 也 该 结 束 了……
dlga_id:lady_conclude_relationship_confirm_yes|是 的—— 只 能 如 此……
dlga_id:lady_conclude_relationship_confirm_no|等 等—— 也 许 我 们 之 间 仍 有 一 线 希 望！
dlga_id:close_window_275|告 辞，{playername}。我 们 仍 会 在 这 个 王 国 的 宫 廷 与 城 堡 中 相 遇，但 今 后 必 须 保 持 距 离。即 便 如 此，我 仍 会 深 情 地 怀 念 这 些 日 子。
dlga_id:close_window_276|那 样 的 话，我 们 就 看 看 未 来 会 带 来 什 么 吧。
dlga_id:lady_pretalk_7|随 时 为 你 效 劳，{s65}。
dlga_id:lady_meet|我 叫 {playername}。
dlga_id:lady_meet.1|我 叫 做 {playername}，愿 意 为 你 效 劳，大 人。
dlga_id:lady_meet_end_2|当 然。终 于 能 与 你 相 识，实 在 令 人 欣 喜。
dlga_id:lady_meet_end.1_2|{playername}？我 想 我 从 未 听 说 过 这 个 名 字。
dlga_id:lady_talk_2|我 正 准 备 暂 时 告 退，不 过，也 许 稍 后 我 们 还 有 机 会 继 续 交 谈……
dlga_id:lady_talk.1_2|现 在，请 恕 我 失 陪……
dlga_id:lady_talk.2_2|有 什 么 我 能 帮 上 忙 的 吗？
dlga_id:lady_talk_3|现 在，请 恕 我 失 陪……
dlga_id:lady_talk.1_3|还 有 别 的 事 吗？
dlga_id:dplmc_lady_relations2|我 想 打 听 您 的 一 位 亲 属。
dlga_id:dplmc_lady_info_relative_select|您 想 了 解 哪 位 领 主 的 信 息？
dlga_id:dplmc_lady_info_relative_1|您 的 {s11}{s18}
dlga_id:lady_pretalk_9|没 什 么
dlga_id:lady_pretalk_10|请 原 谅，我 不 太 愿 意 同 你 谈 论 如 此 私 人 的 事 情。
dlga_id:dplmc_lady_info_relative_2|{s47}
dlga_id:lady_pretalk.1_2|{12}
dlga_id:lady_pretalk_11|{s12}.
dlga_id:lady_pretalk.1_3|{s1}
dlga_id:dplmc_lady_feasts|您 知 道 眼 下 哪 里 正 在 举 办 宴 会 吗？
dlga_id:lady_pretalk_12|{s12}
dlga_id:lady_relations|我 能 有 幸 多 了 解 你 一 些 吗，{reg65?女 士:先 生}？
dlga_id:lady_pretalk_13|{s12}
dlga_id:lady_profess_admiration|{reg65?夫 人:阁 下}，请 允 许 我 坦 言：我 是 您 最 热 忱 的 {reg65?仰 慕 者:仰 慕 者}。
dlga_id:lady_tournament_dedication_reaction|尊 贵 的 阁 下，我 愿 将 最 近 这 场 竞 技 大 会 中 的 胜 利 献 给 您。
dlga_id:lady_pretalk_14|{s9}
dlga_id:close_window_277|{s11} 若 今 后 能 常 常 相 见，我 会 十 分 欢 喜。
dlga_id:lady_pretalk_15|啊……你 太 客 气 了……天 色 已 经 很 晚，不 是 吗？我 真 的 该 告 辞 了。
dlga_id:lady_recite_poetry|尊 贵 的 阁 下，您 喜 欢 诗 歌 吗？
dlga_id:lady_recite_poetry_2|那 得 看 是 什 么 诗。你 打 算 为 我 吟 诵 一 首 吗？
dlga_id:lady_recite_poetry_response|风 吹 起 草 原 上 的 尘 埃……
dlga_id:lady_recite_poetry_response.1|全 维 鲁 加 城 的 绸 锻，全 库 丹 城 的 毛 皮……
dlga_id:lady_recite_poetry_response.2|你 是 终，你 是 始，在 心 外，在 心 间……
dlga_id:lady_recite_poetry_response.3|窝 车 则 的 悬 崖 上，火 光 刺 破 黑 暗……
dlga_id:lady_recite_poetry_response.4|我 以 最 纯 挚 的 爱 意 为 甲，挡 下 她 怀 疑 的 利 箭……
dlga_id:lady_pretalk_16|其 实，我 眼 下 想 不 起 哪 一 首 值 得 吟 诵……
dlga_id:lady_private_conversation_end|{s11}
dlga_id:lady_pretalk_17|时 间 过 得 真 快！我 们 不 能 再 在 此 逗 留 了。
dlga_id:lady_marriage_discussion|你 觉 得 我 们 之 间 会 有 共 同 的 未 来 吗，{reg65?夫 人，请 进:长 官}？
dlga_id:lady_other_suitor_3|{reg33?女 士:先 生}—— 你 或 许 知 道，我 近 来 一 直 在 考 虑 数 位 像 你 这 样 的 {reg33?女 士:绅 士} 所 提 出 的 婚 事。眼 下，我 还 没 有 准 备 好 向 其 中 任 何 一 人 许 下 承 诺。
dlga_id:lady_proposal_refused|听 到 你 认 真 考 虑 我 们 的 未 来，我 很 高 兴。不 过，在 答 应 与 你 成 婚 之 前，我 希 望 先 看 到 你 在 世 上 取 得 更 高 的 地 位。
dlga_id:lady_proposal_refused.1|听 到 你 的 心 意 光 明 磊 落，我 很 欣 慰。不 过，我 早 已 立 誓 只 嫁 给 品 格 最 为 坚 定 之 人。你 还 需 要 在 这 一 点 上 更 多 地 证 明 自 己。
dlga_id:lady_proposal_refused.2|先 生—— 听 到 你 对 我 怀 着 光 明 磊 落 的 心 意，实 在 令 人 欣 慰。不 过，在 作 出 这 样 的 决 定 之 前，也 许 我 们 应 当 再 给 彼 此 一 些 时 间，让 感 情 更 加 深 厚。
dlga_id:lady_betrothed_3|哦，{playername}。我 真 是 太 高 兴 了！可 是 我 的 {s11}{s4} 是 绝 不 会 同 意 的……也 许 我 们 只 能 分 开 了……
dlga_id:close_window_278|哦，{playername}。我 真 是 太 高 兴 了！快 去 向 我 的 {s11}{s4} 提 亲 吧！
dlga_id:lady_proposal_refused_persuade_check|也 许 我 能 说 服 你，不 必 再 继 续 拖 延。
dlga_id:lady_proposal_refused_persuade_player_response|你 有 什 么 可 说 的？
dlga_id:lady_proposal_refused_persuade_result|爱 情 如 玫 瑰，{reg65?女 士:先 生}。若 迟 迟 无 人 采 撷，终 有 凋 零 之 日。
dlga_id:lady_pretalk_18|哦，这 不 重 要。
dlga_id:close_window_279|够 了，{reg33?女 士:先 生}！无 论 是 你 还 是 别 人，都 休 想 逼 我 匆 忙 成 婚！你 已 经 惹 恼 我 了。请 暂 时 不 要 再 来 打 扰；等 我 愿 意 再 次 交 谈 时，自 会 通 知 你。
dlga_id:lady_betrothed_4|哦，{playername}，我 绝 不 能 让 那 种 事 发 生！要 是 我 们 能 结 婚 该 多 好！可 是 我 的 {s11}{s4} 绝 不 会 给 出 {reg4?她:他} 的 许 可……也 许 我 们 最 好 就 此 分 开……
dlga_id:close_window.1_52|哦，{playername}，我 绝 不 能 让 那 种 事 发 生！去 请 求 我 的 {s11}{s4} 给 予 {reg4?她:他} 的 许 可，让 我 们 结 婚 吧！
dlga_id:close_window_280|很 好—— 我 会 继 续 努 力，不 负 你 的 敬 重！
dlga_id:lady_player_threatens_compel|我 已 经 厌 倦 这 些 把 戏 了！我 现 在 就 去 同 你 的 家 族 谈 我 们 的 婚 事。
dlga_id:lady_player_threatens_compel_2|什 么？你 是 认 真 的 吗？
dlga_id:lady_private_conversation_end_2|不，当 然 不 是。请 原 谅 我 一 时 动 怒。
dlga_id:close_window_281|是 啊……显 然 你 根 本 不 知 道 怎 样 才 对 自 己 有 利。
dlga_id:lady_pretalk_19|听 你 这 样 说，我 很 难 过，但 有 些 事 情 只 能 如 此。
dlga_id:lady_other_suitor_challenge|那 个 恶 徒 是 谁？告 诉 我 名 字！
dlga_id:lady_pretalk_20|我 会 非 常 感 激！但 据 我 所 知，你 手 头 已 经 有 一 场 决 斗。如 果 你 已 约 定 与 别 人 交 手，{reg0?她:他} 便 没 有 义 务 接 受 你 的 挑 战。请 尽 快 处 理 完 另 一 件 事，把 我 从 那 个 {reg0?女 人:男 人} 的 纠 缠 中 解 救 出 来！
dlga_id:lady_pretalk.1_4|啊！说 得 真 好 听。不 过 听 说 你 已 经 约 好 一 场 决 斗。先 打 完 一 场 再 开 始 下 一 场！唉……{reg0?你 们 这 些 {reg33?女 人:男 人}:人 们} 有 时 真 傻……
dlga_id:lady_other_suitor_challenge_confirm|是 {s5}。请 把 我 从 那 个 {reg0?女 人:男 人} 的 纠 缠 中 解 救 出 来！
dlga_id:lady_other_suitor_challenge_confirm.1|哦？那 倒 有 趣。你 的 对 手 是 {s5}。就 让 我 们 看 看，你 们 二 人 究 竟 谁 更 有 胆 识。
dlga_id:lady_other_suitor_challenge_confirm.2|唉！我 真 希 望 这 不 是 一 桩 荣 誉 攸 关 之 事，那 样 我 便 可 以 拒 绝 回 答。可 惜，我 不 得 不 告 诉 你：你 的 对 手 是 {s5}。但 愿 诸 神 不 曾 赐 我 这 般 容 貌，也 免 得 引 来 {reg33?:} 如 此 炽 烈 的 追 逐！
dlga_id:lady_other_suitor_challenge_confirm.3|别 说 这 种 话！你 与 {s5} 为 我 决 斗，简 直 荒 唐—— 糟 了！求 你 了，{reg33?:}，请 忘 掉 刚 才 从 我 嘴 里 溜 出 的 名 字……
dlga_id:lady_other_suitor_challenge_confirm_yes|那 就 这 么 办！我 会 向 {reg0?她:他} 提 出 决 斗！
dlga_id:lady_other_suitor_challenge_confirm_no|仔 细 想 想，方 才 是 我 被 冲 动 支 配 了。还 是 算 了 吧。
dlga_id:lady_pretalk_21|{s15}
dlga_id:lady_private_conversation_end_3|很 好。你 没 有 任 由 怒 火 支 配 自 己，这 是 明 智 之 举。
dlga_id:lady_ask_for_quest|有 什 么 事 能 让 我 赢 得 您 的 青 睐 吗？
dlga_id:lady_pretalk_22|我 眼 下 没 有 别 的 事 情 可 以 托 付 给 你。
dlga_id:lady_mission_told|唉，我 真 怕 再 也 见 不 到 {reg4?我 的:我 的}{s17}——{s13} 了。{reg4?她:他} 被 关 在 {s14} 的 地 牢 里。^我 们 试 过 谈 赎 金，可 对 方 的 要 价 高 得 离 谱，除 非 卖 光 所 有 家 产，否 则 根 本 付 不 起。^天 知 道，{s13} 宁 愿 受 再 多 折 磨，也 不 愿 看 到 家 族 破 产。并 不 是 没 有 办 法，只 是 需 要 有 人 作 出 巨 大 牺 牲；可 至 今 没 有 人 愿 意 帮 我。
dlga_id:lady_mission_told.1|我 可 怜 的 {s11}，{s13}，现 在 被 关 在 {s14} 的 地 牢 里。我 们 交 谈 的 唯 一 途 径 就 是 交 换 信 件，但 是 这 件 事 太 危 险 了，所 以 我 们 很 少 有 机 会 这 么 做。你 愿 意 帮 我 送 一 封 信 吗？
dlga_id:lady_quest_duel_for_lady|亲 爱 的 {playername}，你 是 一 个 好 人，但 是 你 并 不 清 楚 我 的 问 题 有 多 麻 烦，而 且 我 不 能 因 为 我 而 让 你 置 身 于 一 个 那 么 危 险 的 境 地。
dlga_id:lady_quest_duel_for_lady_2|告 诉 我 困 扰 你 的 问 题，我 自 己 会 作 决 定 的。
dlga_id:lady_quest_duel_for_lady_3|很 好，如 你 所 愿……{playername}，我 的 {reg1?妻 子:丈 夫} 一 生 中 结 下 过 一 些 仇 敌；^在 {reg1?她:他} 的 敌 人 里，最 阴 险 的 便 是 {s13}。{reg0?她:他} 四 处 散 布 对 我 的 恶 毒 指 控，^处 处 诋 毁 我 的 荣 誉！因 为 {reg0?她:他} 无 法 直 接 伤 害 我 的 {reg1?妻 子:丈 夫}，{reg0?她:他} 便 把 我 当 作 目 标，^企 图 玷 污 我 们 的 名 声。你 真 该 听 听 {reg0?她:他} 说 过 的 那 些 可 怕 话！我 只 希 望 有 勇 敢 的 人 能 逼 {reg0?她:他} 收 回 {reg0?她:他} 的 诽 谤，可 {s13} 是 个 出 色 的 {reg0?剑 士:女 剑 士}，而 且 {reg0?她:他} 广 受 畏 惧……
dlga_id:lady_quest_duel_for_lady_3_accepted|{reg0?她:他} 吓 不 倒 我，{s65}。我 会 让 对 方 把 谎 话 吞 回 去。
dlga_id:close_window_282|哦！{playername}，我 不 能 这 样 要 求 你，但 是……我 会 永 远 感 激 你，而 你 又 如 此 坚 定。如 果 你 能 捍 卫 我 的 荣 誉，那 对 我 意 义 重 大。万 分 感 谢，我 所 有 的 祈 祷 和 祝 福 都 与 你 同 在。
dlga_id:lady_quest_duel_for_lady_3_rejected|既 然 {reg0?她:他} 如 此 危 险 {reg0?:}，或 许 最 明 智 的 做 法 就 是 别 理 会 对 方……
dlga_id:close_window_283|哦……也 许 你 说 得 对，{playername}。^我 该 放 下 童 年 时 那 些 关 于 骑 士 精 神 与 勇 气 的 天 真 想 法 了。如 今 的 人 早 已 不 再 相 信 这 些。^祝 你 平 安。
dlga_id:lady_pretalk.1_5|不 必 了，{playername}，我 眼 下 不 需 要 一 位 勇 士 替 我 出 头。
dlga_id:lady_mission_accepted|如 你 所 愿，{s65}。这 件 事 会 解 决 的。
dlga_id:lady_mission_rejected|{s66}，很 抱 歉 我 现 在 没 办 法 帮 助 你。
dlga_id:close_window_284|你 是 一 位 真 正 的 {playername}，{reg33?淑 女 :绅 士 }。万 分 感 谢 你 的 帮 助。
dlga_id:close_window_285|你 竟 不 愿 帮 助 一 位 {reg65?落 难 的 女 子 :需 要 帮 助 的 年 轻 人 }？你 真 该 感 到 羞 愧，{playername}……请 离 开 吧，我 还 有 重 要 的 刺 绣 要 赶。
dlga_id:lady_restore_relation|我 想 改 善 同 一 位 领 主 的 关 系。你 能 帮 我 吗？
dlga_id:lady_pretalk_23|请 原 谅，{playername}，我 还 不 够 了 解 你，无 法 代 你 出 面。
dlga_id:lady_restore_relation_2|嗯……看 来 你 得 罪 了 什 么 人。好 吧，你 想 同 谁 修 复 关 系？
dlga_id:lady_restore_relation_2b|{s1}
dlga_id:lady_pretalk_24|算 了 吧。我 同 所 有 人 相 处 得 都 还 不 错。
dlga_id:lady_restore_relation_3|这 件 事 我 或 许 能 帮 忙。我 相 信，几 份 贵 重 礼 物 会 让 {s10} 对 你 另 眼 相 看。
dlga_id:lady_restore_relation_4|送 一 份 价 值 {s10} 枚 金 币 的 礼 物，便 能 改 善 你 同 {reg10}的 关 系。若 你 拿 得 出 {reg11}枚 金 币，会 留 下 更 好 的 印 象；若 肯 花 到 {reg12}枚 金 币，事 情 就 会 顺 利 得 多。
dlga_id:lady_restore_relation_5|我 想 我 就 出 个 {reg10}金 币 的 礼 物 吧。
dlga_id:lady_restore_relation_5.1|也 许 我 能 出 {reg11}金 币。
dlga_id:lady_restore_relation_5.2|如 果 真 是 那 样 的 话，我 准 备 出 {reg12}金 币。{reg33?:}
dlga_id:lady_restore_relation_cant_afford|我 眼 下 恐 怕 还 拿 不 出 买 礼 物 的 钱。
dlga_id:lady_restore_relation_6|非 常 好。那 么 我 就 替 你 挑 选 一 个 合 适 的 礼 物 送 给 {s10}，并 替 你 美 言 几 句。我 相 信 {reg4?她 :他 } 会 领 情 的。
dlga_id:lady_pretalk_25|感 谢 您 的 帮 助，{reg65?长 官:长 官}。
dlga_id:lady_pretalk_26|如 果 那 样 的 话，恐 怕 我 也 无 能 为 力 了，{playername}。很 抱 歉。
dlga_id:lady_leave|请 恕 我 告 辞。
dlga_id:close_window_286|{s12}
dlga_id:convince_options|我 仍 不 明 白，自 己 为 何 要 答 应 你 的 请 求。
dlga_id:convince_bribe|那 我 会 让 这 件 事 值 得 你 费 心。（{reg8}枚 金 币）
dlga_id:convince_friendship|看 在 我 们 交 情 的 份 上，请 答 应 吧。（关 系－{reg9}）
dlga_id:convince_persuade_begin|让 我 试 着 说 服 你。（说 服）
dlga_id:lord_pretalk_194|算 了。
dlga_id:convince_bribe_verify|嗯……若 有 一 份 慷 慨 的 礼 物 充 实 我 的 金 库，事 情 自 然 好 商 量。{reg8}枚 金 币 应 该 足 够。你 若 同 意，我 便 照 你 的 建 议 去 做。
dlga_id:convince_bribe_cant_afford|恐 怕 我 眼 下 拿 不 出 这 样 一 份 礼 物。
dlga_id:convince_bribe_goon|很 好，请 收 下 这 {reg8}枚 金 币，权 作 我 的 谢 意。
dlga_id:convince_begin_4|让 我 再 仔 细 想 想。
dlga_id:convince_options_2|啊。既 然 如 此，我 也 无 能 为 力—— 除 非 你 还 有 别 的 理 由。
dlga_id:convince_accept|亲 爱 的 {playername}，你 的 慷 慨 馈 赠 让 我 重 新 考 虑 了 这 项 请 求，如 今 我 已 经 看 出 你 提 议 中 的 明 智 之 处。{reg33?:}
dlga_id:convince_friendship_verify|你 过 去 待 我 不 薄，{playername}，因 此 我 会 答 应 这 项 请 求。但 你 要 明 白，我 不 喜 欢 你 这 样 利 用 我 们 之 间 的 交 情。
dlga_id:convince_friendship_go_on|非 常 抱 歉，我 的 朋 友，但 现 在 我 确 实 十 分 需 要 你 的 帮 助。{reg33?:}
dlga_id:lord_pretalk_195|既 然 这 无 法 令 你 满 意，我 再 换 个 办 法。
dlga_id:convince_accept_2|好 吧，{playername}，为 了 你，我 会 答 应。但 记 住—— 你 欠 我 一 个 人 情。
dlga_id:lord_pretalk_196|我 不 觉 得 自 己 欠 你 这 么 大 的 人 情，{playername}。我 看 不 出 有 什 么 理 由 要 替 你 做 这 件 事。
dlga_id:lord_pretalk.1_42|你 是 在 开 玩 笑 吗？竟 敢 来 向 我 讨 人 情，{playername}。我 可 以 明 白 告 诉 你：没 门！
dlga_id:convince_persuade_begin_2|很 好。说 说 你 的 理 由 吧。
dlga_id:convince_persuade|【尝 试 说 服】
dlga_id:convince_begin_5|等 等，或 许 还 有 其 他 的 办 法 来 说 服 你。
dlga_id:lord_pretalk_197|看 在 诸 神 的 份 上，{playername}！我 们 谈 得 还 不 够 多 吗？我 已 经 听 厌 了 你 的 说 辞，眼 下 一 个 字 都 不 想 再 听。
dlga_id:convince_accept_3|好 吧，好 吧，你 说 动 我 了。我 会 照 你 说 的 办 的。
dlga_id:convince_options_3|你 说 得 有 几 分 道 理，{playername}，这 点 我 承 认。但 我 仍 未 被 说 服，不 认 为 自 己 该 照 你 的 意 思 去 做。
dlga_id:convince_options.1|够 了，{playername}。你 有 很 多 的 说 辞，可 是 没 有 一 个 能 让 我 信 服。我 仍 然 坚 持 我 之 前 的 观 点。
dlga_id:convince_options.2|老 实 说，{playername}，我 没 看 出 你 这 番 逻 辑 有 什 么 用。反 而 使 你 的 请 求 更 加 没 有 说 服 力。
dlga_id:siege_won_seneschal_1|容 我 恭 贺 您 的 胜 利。欢 迎 来 到 {s1}。我 们 是 这 座 城 堡 的 管 事，愿 听 候 您 的 差 遣。{reg33?:}
dlga_id:siege_won_seneschal_2|你 是 这 里 的 总 管？
dlga_id:siege_won_seneschal_3|正 是。无 论 城 堡 落 入 哪 一 方 手 中，我 始 终 竭 尽 所 能 侍 奉 {s1} 的 主 人。因 此，只 要 您 仍 统 治 此 地，便 可 以 信 赖 我 的 忠 诚。您 打 算 继 续 任 用 我 担 任 总 管 吗？我 保 证 不 会 令 您 失 望。{reg33?:}{reg33?:}
dlga_id:siege_won_seneschal_4|非 常 好，你 可 以 暂 时 保 持 你 的 职 位。
dlga_id:siege_won_seneschal_4.1|你 可 以 留 下 来，但 我 会 密 切 的 注 意 你。
dlga_id:siege_won_seneschal_5|谢 谢 你，我 的 主 人。如 果 你 不 介 意 我 鲁 莽，我 想 询 问 你 希 望 对 城 堡 做 什 么？{reg33?:}
dlga_id:siege_won_seneschal_6|我 想 将 它 卖 给 另 外 一 个 领 主。
dlga_id:siege_won_seneschal_6.1|我 打 算 将 它 据 为 己 有。
dlga_id:siege_won_seneschal_list_options|我 还 没 有 仔 细 考 虑。有 哪 些 选 择？
dlga_id:siege_won_seneschal_list_options_2|依 照 我 们 的 法 律 和 传 统，你 有 几 种 选 择。第 一，先 派 驻 守 军，防 备 敌 人 立 即 反 攻；^随 后 找 一 位 富 有 的 领 主，请 他 为 这 座 城 堡 开 价。相 信 我，那 会 是 一 大 笔 钱。^你 若 不 想 出 售，就 必 须 寻 找 一 位 愿 意 接 受 你 效 忠、并 为 你 提 供 庇 护 的 宗 主。^没 有 王 室 授 封 和 军 队 撑 腰，守 住 这 座 城 堡 会 非 常 艰 难；你 和 {s1} 都 会 成 为 任 何 有 几 分 野 心、手 里 又 有 些 兵 的 人 眼 中 的 肥 肉。
dlga_id:siege_won_seneschal_list_options_3|什 么 叫 寻 找 一 位 君 主 与 庇 护 者？此 地 是 我 亲 手 夺 下 的，我 不 需 要 任 何 人！
dlga_id:siege_won_seneschal_list_options_4|当 然 不 需 要，尊 贵 的 主 人。然 而，若 没 有 王 室 敕 令 认 可，这 片 土 地 上 的 任 何 领 主 都 不 会 承 认 您 对 城 堡 的 权 利。他 们 会 把 {s1} 称 作 不 法 者 的 据 点，并 在 最 早 的 机 会 将 其 夺 走。纵 使 是 您，也 不 可 能 独 力 抵 挡 整 支 大 军。{reg33?:}
dlga_id:siege_won_seneschal_6_2|嗯……我 会 好 好 想 想 的。
dlga_id:close_window_287|听 您 这 样 说，我 十 分 欣 慰，尊 贵 的 {reg33?女 士:女 士}。我 只 是 尽 己 所 能 为 您 效 劳。若 您 还 有 需 要，我 会 留 在 大 厅 中，安 排 城 堡 顺 利 移 交 给 您 的 军 队。
dlga_id:seneschal_intro_1|日 安，{reg33?女 士:先 生}。我 想 从 前 未 曾 在 这 里 见 过 您。身 为 {s1} 的 总 管，请 允 许 我 欢 迎 您 的 到 来。
dlga_id:seneschal_intro_1a|很 高 兴 见 到 你，{s65}。
dlga_id:seneschal_talk|我 能 帮 上 什 么 吗？
dlga_id:seneschal_intro_1b|你 究 竟 在 这 里 做 什 么？
dlga_id:seneschal_talk_2|啊，总 管 的 职 责 十 分 繁 杂，尊 贵 的 {reg33?女 士:陛 下}。我 替 领 主 收 取 庄 园 租 金、管 理 城 堡 库 房、同 当 地 农 民 打 交 道、照 管 仆 役，还 要 为 驻 军 安 排 补 给……除 了 亲 自 统 率 士 兵 以 外，这 块 封 地 的 一 切 日 常 事 务，都 由 我 代 表 领 主 处 理。
dlga_id:seneschal_talk_3|日 安，{reg33?女 士:先 生}。
dlga_id:seneschal_talk_4|还 有 什 么 事 吗？
dlga_id:seneschal_ask_something|我 想 问 你 一 个 问 题……
dlga_id:seneschal_ask_about_someone|我 想 打 听 一 个 人。
dlga_id:seneschal_ask_about_someone_2|也 许 我 能 帮 上 忙。您 想 打 听 谁？
dlga_id:seneschal_pretalk|算 了。
dlga_id:close_window_288|我 现 在 得 告 辞 了。后 会 有 期。
dlga_id:seneschal_ask_something_2|当 然，我 将 尽 力 帮 助 你。你 想 问 些 什 么？
dlga_id:seneschal_ask_location|也 许 你 知 道 可 以 上 哪 儿 找 到 某 个 人……
dlga_id:seneschal_ask_location_2|没 错，做 我 这 份 工 作 的 人 消 息 灵 通。你 想 找 谁？
dlga_id:seneschal_ask_location_3|{s1}
dlga_id:seneschal_pretalk_2|没 什 么
dlga_id:seneschal_pretalk_3|{s1}
dlga_id:close_window.36|{reg3?看！我 能 望 见 远 处 {s3} 的 城 墙 了:谢 谢 你，{playername}}。我 们 平 安 抵 达 了。拿 着，这 是 我 答 应 给 你 的 {s1}。希 望 将 来 还 能 与 你 同 行。
dlga_id:talk_caravan_escort|我 们 已 经 走 了 这 么 远 了……前 方 安 全 吗？
dlga_id:talk_caravan_escort_2a|周 围 也 许 有 强 盗。跟 紧 我。
dlga_id:close_window_289|相 信 我，{playername}，我 们 已 经 跟 的 够 紧 了。开 路 吧。
dlga_id:talk_caravan_escort_2b|看 起 来 没 什 么 麻 烦，我 们 可 以 松 口 气 了。
dlga_id:close_window_290|等 我 们 到 了 {s3} 我 才 能 松 口 气，早 一 刻 都 不 行。我 们 继 续 前 进 吧。
dlga_id:close_window.37|{reg3?看！我 能 望 见 远 处 {s3} 的 城 墙 了:谢 谢 你，{playername}}。我 们 平 安 抵 达 了。拿 着，这 是 我 答 应 给 你 的 {s1}。希 望 将 来 还 能 与 你 同 行。
dlga_id:talk_caravan_escort_2|我 们 已 经 走 到 这 里 了……前 面 的 路 安 全 吗？
dlga_id:talk_caravan_escort_2a_2|附 近 也 许 有 强 盗。跟 紧 我。
dlga_id:close_window_291|相 信 我，{playername}，我 们 已 经 跟 得 不 能 再 紧 了。请 继 续 带 路。
dlga_id:talk_caravan_escort_2b_2|前 方 不 见 危 险，我 们 可 以 松 口 气 了。
dlga_id:close_window.1_53|等 我 们 抵 达 {s1}，我 才 能 真 正 松 口 气—— 一 刻 也 不 能 更 早。继 续 赶 路 吧。
dlga_id:merchant_talk|你 想 要 什 么？我 们 上 次 付 你 过 路 费 还 不 到 三 天。
dlga_id:merchant_talk.1|向 你 致 意，朋 友。
dlga_id:merchant_talk.2|你 想 做 什 么？我 们 只 是 本 分 商 人，同 你 无 冤 无 仇。请 别 来 找 麻 烦。
dlga_id:merchant_talk.3|警 告 你，恶 徒！这 支 商 队 受 {s9} 庇 护。让 开 道 路，否 则 你 会 招 来 怒 火！
dlga_id:merchant_talk.4|嗯？你 要 干 什 么？
dlga_id:merchant_talk_2|还 有 什 么 事 吗？
dlga_id:caravan_start_war_quest_1|你 闯 入 了 {s17} 的 领 地。我 要 查 抄 这 个 商 队 和 所 有 的 货 物！
dlga_id:caravan_start_war_quest_2|什 么？这 完 全 是 胡 说 八 道！我 们 和 {s17} 有 和 平 协 议，有 权 利 经 过 他 们 的 领 土！
dlga_id:merchant_attack|这 可 说 不 定 了！准 备 自 卫 吧！
dlga_id:close_window_292|嗯。也 许 这 完 全 是 个 误 会。再 见。
dlga_id:merchant_talk_offer|我 有 一 项 提 议。
dlga_id:merchant_talk_offer_2|什 么 事？
dlga_id:merchant_talk_offer_2_2|你 还 有 什 么 问 题 吗？
dlga_id:caravan_offer_protection|我 可 以 有 偿 护 送 你 们 去 目 的 地。
dlga_id:caravan_offer_paydebt|我 想 偿 还 欠 商 人 行 会 的 债 务。
dlga_id:merchant_pretalk|当 然，{s0}。我 保 证 你 的 钱 会 送 到 行 会。
dlga_id:caravan_offer_disguise|我 想 混 在 你 们 的 商 队 中 进 入 {s12}。
dlga_id:merchant_talk_offer_else|我 想，你 还 有 几 枚 金 币 欠 着 商 人 行 会。连 债 务 都 不 肯 清 偿 之 人，我 可 不 敢 让 其 同 我 们 上 路。
dlga_id:merchant_talk_offer_else.1|抱 歉，朋 友。我 们 不 会 轻 易 接 纳 陌 生 人，我 想 城 门 守 卫 也 一 样。
dlga_id:merchant_talk_offer_else.2|很 抱 歉，我 无 法 昧 着 良 心 帮 你 混 进 {s12}。
dlga_id:merchant_pretalk_2|我 不 能 帮 你。你 的 意 图 如 此 明 显，若 让 你 混 入 商 队 进 入 {s12}，只 会 危 及 我 们 的 生 意。{playername}，你 只 好 另 想 办 法。
dlga_id:caravan_choose_disguise|只 要 价 钱 合 适，我 们 可 以 在 商 队 里 为 你 腾 出 位 置。你 若 精 于 算 计，可 以 混 在 商 人 之 中；若 更 擅 长 舞 刀 弄 剑，商 队 护 卫 也 很 欢 迎 你 来 搭 把 手。
dlga_id:caravan_offer_disguise_continue|我 会 备 好 武 器，保 持 警 惕。
dlga_id:caravan_offer_disguise_continue.1|没 错，我 显 然 有 重 要 事 务 要 办。
dlga_id:close_window_293|很 好。我 们 将 继 续 前 往 {s12}。{s0}，旅 途 愉 快，但 要 留 神 强 盗……
dlga_id:merchant_pretalk_3|没 什 么。算 了。
dlga_id:merchant_bandit_information|我 正 追 捕 一 群 有 以 下 特 征 的 山 贼……你 看 到 过 他 们 吗？
dlga_id:merchant_pretalk_4|{s15}
dlga_id:merchant_trip_explanation|告 诉 我 你 们 的 行 程 
dlga_id:merchant_pretalk_5|我 们 正 要 从 {s11} 赶 到 {s12} 去。{s14}
dlga_id:merchant_demand|我 有 个 要 求！
dlga_id:merchant_demand_2|你 想 干 什 么？
dlga_id:merchant_demand_toll|想 平 安 从 这 里 通 过，就 得 交 过 路 钱！
dlga_id:merchant_demand_toll_2|拜 托，我 不 想 惹 麻 烦。我 可 以 付 给 你 {reg6}金 币，让 我 们 走 吧。
dlga_id:merchant_demand_toll_2.1|我 不 想 惹 麻 烦。我 会 付 给 你 {reg6}金 币，让 我 们 走 吧。
dlga_id:merchant_demand_toll_accept|成 交，交 上 钱 你 们 就 可 以 走 了。
dlga_id:close_window_294|那 太 好 了。这 是 {reg6}金 币。
dlga_id:merchant_pretalk_6|我 改 变 主 意 了，我 不 能 收 你 的 钱。
dlga_id:merchant_attack_2|不，我 要 你 们 交 出 所 有 东 西！【攻 击】
dlga_id:merchant_attack_begin|立 刻 交 出 金 币 和 所 有 贵 重 物 品！
dlga_id:merchant_pretalk_7|没 什 么，算 了。
dlga_id:merchant_attack_verify|你 想 抢 劫 我 们？{s11}
dlga_id:merchant_attack_verify_norob|抢 劫 你 们？哦 不，我 只 是 开 个 玩 笑。
dlga_id:close_window_295|看 在 诸 神 的 份 上，{reg33?姑 娘 :小 子 }，别 开 这 种 玩 笑！我 还 真 以 为 我 们 遇 上 麻 烦 了。
dlga_id:merchant_attack_3|没 错，我 就 是 要 抢 你 们。把 所 有 东 西 都 交 出 来！
dlga_id:close_window_296|该 死！想 拿 走 货 物，就 先 从 我 们 的 尸 体 上 跨 过 去！
dlga_id:close_window_297|护 送？我 们 已 经 快 到 {s10} 了！不 过 还 是 谢 谢 你 的 好 意。
dlga_id:caravan_offer_protection_2|这 些 道 路 确 实 危 险，有 护 卫 同 行 总 是 好 事。
dlga_id:caravan_offer_protection_3|我 们 正 前 往 {s1}。如 果 你 护 送 我 们 去 那 里 的 话，我 会 付 你 {reg2}金 币。
dlga_id:caravan_offer_protection_4|成 交。
dlga_id:caravan_offer_protection_5|一 路 上 别 离 我 们 太 远。若 遭 强 盗 伏 击，我 们 需 要 你 立 刻 赶 来 相 助。
dlga_id:caravan_offer_protection_6|别 担 心，包 在 我 身 上 了。
dlga_id:close_window_298|好。等 我 们 能 望 见 {s1} 的 城 墙，你 便 来 领 取 报 酬。现 在 赶 紧 上 路 吧。
dlga_id:caravan_offer_protection_4b|算 了。
dlga_id:close_window_299|也 许 下 次 吧。
dlga_id:talk_caravan_enemy_2|站 住。交 出 你 们 所 有 的 金 币 和 货 物。
dlga_id:close_window_300|休 想！保 护 这 些 货 物 是 我 们 的 职 责。你 想 抢 劫，就 先 过 我 们 这 一 关，强 盗！
dlga_id:close_window_301|离 开。
dlga_id:prison_guard_players|日 安，{s0}。你 要 探 访 监 狱 吗？
dlga_id:close_window_302|是 的。开 门 吧。
dlga_id:dplmc_guard_talk_replace|你 玩 忽 职 守。退 下 吧，我 会 另 派 人 接 替 你。
dlga_id:close_window.1_54|不，现 在 不 用。
dlga_id:prison_guard_talk|嗯？你 要 干 什 么？
dlga_id:prison_guard_ask_prisoners|谁 被 关 在 这 里？
dlga_id:prison_guard_visit_prison|我 想 和 一 个 犯 人 说 话。
dlga_id:prison_guard_talk_sell_prisoner|我 可 以 把 一 名 敌 方 领 主 卖 给 你。你 的 宗 主 日 后 或 许 能 用 更 高 的 赎 金 将 其 换 回。出 个 价 吧。
dlga_id:prison_guard_talk_sell_prisoner_select|好 吧，你 出 价 的 是 哪 位 领 主？
dlga_id:prison_guard_talk_2|不 行。你 必 须 加 入 我 方、为 我 方 充 当 雇 佣 兵，或 先 赢 得 我 们 的 信 任。
dlga_id:prison_guard_talk_sell_prisoner_offer|{s11} 的 {s10}。
dlga_id:close_window_303|没 有 人。
dlga_id:prison_guard_talk_sell_prisoner_offer_2|我 的 宗 主 愿 以 {reg21}枚 金 币 买 下 {s10}，并 会 记 下 这 份 人 情。
dlga_id:start|我 接 受。
dlga_id:start.1|算 了。
dlga_id:dplmc_prison_guard_talk_ask_prisoner|我 要 释 放 一 个 囚 犯。
dlga_id:dplmc_prison_guard_talk_prisoner_select|好 吧，你 要 释 放 哪 个 囚 犯？
dlga_id:dplmc_prison_guard_exchange_prisoner_ask_confirm|{s11} 的 {s10}。
dlga_id:close_window_304|没 有 人。
dlga_id:dplmc_prison_guard_exchange_prisoner_confirm|那 么，我 将 释 放 {s10}……
dlga_id:close_window_305|很 好。
dlga_id:close_window.1_55|不，我 改 变 主 意 了。
dlga_id:prison_guard_talk_3|目 前 有 {s50}{reg1?被 关 押:被 关 押} 在 这 里。{s49}
dlga_id:close_window_306|当 然，{reg33?女 士:大 人}。请 回 去 吧。
dlga_id:prison_guard_visit_prison_2|你 需 要 先 得 到 领 主 许 可，才 能 带 走 囚 犯。
dlga_id:prison_guard_visit_prison_nobody|里 面 没 有 囚 犯。你 若 愿 意，可 以 进 去 看 看。
dlga_id:close_window_307|那 么 好 吧。我 进 去 看 看。
dlga_id:close_window.1_56|我 还 有 别 的 要 紧 事 要 做。
dlga_id:close_window_308|好 的。我 试 试 看。
dlga_id:prison_guard_visit_prison_3|过 来。你 就 是 这 里 管 事 的，对 吧？
dlga_id:prison_guard_visit_prison_4|嘿—— 没 错，是 我。不 过，我 仍 不 能 放 你 进 监 牢。
dlga_id:close_window_309|那 好 的。我 这 就 走。
dlga_id:prison_guard_visit_prison_5|我 在 附 近 捡 到 一 只 钱 袋，里 面 有 100枚 金 币。我 想 应 该 是 你 丢 的。
dlga_id:close_window_310|啊！我 已 经 找 了 整 整 一 天。多 谢 你 把 它 送 回 来，{reg33?女 士:先 生}。^既 然 你 已 经 证 明 自 己 值 得 信 任，让 你 进 去 看 看 也 无 妨。请 吧……不 过 钥 匙 仍 得 由 我 保 管，免 得 你 忽 然 想 替 谁 解 开 锁 链。
dlga_id:prison_guard_visit_break|马 上 把 牢 房 的 钥 匙 给 我！
dlga_id:close_window_311|来 人 哪！有 人 越 狱！
dlga_id:close_window_312|算 了。
dlga_id:castle_guard_players|你 的 命 令，{reg33?长 官:领 主}？
dlga_id:close_window_313|把 门 打 开。我 要 进 去。
dlga_id:dplmc_guard_talk_replace_2|别 紧 张，士 兵。会 有 人 来 接 替 你 看 守 地 牢。
dlga_id:close_window.1_57|没 事。
dlga_id:close_window.38|没 有 食 人 怪！
dlga_id:castle_guard_sneaked_intro_ask|滚 开，乞 丐！你 真 臭！{reg33?:}
dlga_id:close_window_314|在 我 发 火 前 滚 开！
dlga_id:castle_guard_sneaked_intro_1|滚 开，乞 丐！你 真 臭！{reg33?:}
dlga_id:castle_guard_sneaked_intro_1.1|你 以 为 你 要 去 哪 儿？
dlga_id:castle_guard_sneaked_intro_2|我 要 到 大 厅 和 领 主 谈 谈。
dlga_id:close_window_315|离 开。
dlga_id:close_window_316|{reg33?女 人 :家 伙 }，你 疯 了 吗？乞 丐 不 许 进 大 厅。现 在 滚 开，不 然 我 揍 得 你 头 破 血 流。
dlga_id:close_window.1_58|别 逗 我 笑 了。滚 回 你 该 待 的 泥 地 里 去，乡 巴 佬！
dlga_id:close_window.2_12|你 说 什 么？领 主 可 不 会 接 见 偷 猎 者。若 非 要 卖 你 的 货 物，就 走 仆 役 门！
dlga_id:close_window.3_7|滚 开。领 主 不 会 接 见 吝 啬 商 贩。有 生 意 就 去 找 行 会 会 长 谈。
dlga_id:close_window.4_5|朋 友，你 来 错 地 方 了。雇 佣 兵 没 有 资 格 进 入 大 厅。
dlga_id:close_window.5_3|上 一 个 想 混 进 去 的 吟 游 诗 人，被 涂 满 焦 油、插 上 羽 毛 赶 出 了 城。我 想 你 不 会 希 望 得 到 同 样 的 下 场。
dlga_id:castle_guard_intro_1|你 想 干 什 么？
dlga_id:castle_guard_intro_2|我 要 到 大 厅 和 领 主 谈 谈。
dlga_id:close_window_317|算 了。
dlga_id:close_window_318|恐 怕 里 面 正 在 举 办 宴 会，而 你 不 在 受 邀 之 列。{reg33?:}
dlga_id:castle_guard_intro_3|卸 下 武 器 交 给 我，你 才 能 进 去。任 何 人 都 不 得 携 带 兵 器 进 入 领 主 大 厅。
dlga_id:close_window_319|给，拿 着 我 的 兵 器。我 要 进 去 了。
dlga_id:castle_guard_intro_2b|不 行，我 人 在 剑 在。
dlga_id:close_window_320|那 你 不 能 进 去。
dlga_id:castle_gate_guard_talk|你 想 干 什 么？
dlga_id:castle_gate_guard_talk_2|什 么 事？
dlga_id:castle_gate_open|今 晚 我 们 需 要 找 个 住 所。你 可 以 让 我 们 进 去 吗？
dlga_id:request_meeting_castle_lord|我 想 和 这 座 城 堡 的 领 主 谈 谈。
dlga_id:request_meeting_other|我 想 和 这 座 城 堡 里 的 某 个 人 谈 谈。
dlga_id:close_window_321|离 开。
dlga_id:close_window_322|在 这 里 稍 候。{s2} 会 来 见 你。
dlga_id:castle_gate_guard_pretalk|我 们 大 人 现 在 不 在 这 儿。
dlga_id:request_meeting_3|是 谁？
dlga_id:request_meeting_4|{s3}
dlga_id:close_window_323|算 了。
dlga_id:request_meeting_5|在 这 里 稍 候。我 会 替 你 禀 报 求 见 之 事。
dlga_id:request_meeting_6|我 就 在 这 里 等……
dlga_id:close_window_324|好 的。{s2} 会 过 来 跟 你 谈 谈。
dlga_id:close_window.1_59|{s2} 说 不 愿 见 你。请 回 吧。
dlga_id:close_window_325|{reg33?夫 人 :先 生 }，我 家 领 主 {s2} 很 乐 意 见 您。请 进，我 这 就 开 门。
dlga_id:close_window.1_60|{s2} 大 人 眼 下 不 在 城 堡 里。不 过，我 想 领 主 不 会 反 对 你 今 晚 在 此 投 宿。请 进，我 这 就 开 门。
dlga_id:close_window.2_13|请 进。我 这 就 给 你 开 门。
dlga_id:close_window.3_8|请 进。不 过，约 束 好 你 的 人。我 的 {s2} 大 人 不 希 望 惹 出 麻 烦。
dlga_id:close_window.4_6|{s2} 大 人 不 允 许 你 待 在 这 里。走 开。
dlga_id:close_window.39|你 来 得 正 是 时 候。让 我 们 合 兵 一 处，给 敌 人 一 个 教 训。
dlga_id:close_window.40|与 我 们 为 敌，是 个 严 重 的 错 误。
dlga_id:ally_thanks_meet|我 想 我 们 还 没 有 正 式 认 识，朋 友。你 刚 刚 救 了 我 的 命，可 我 甚 至 还 不 知 道 你 的 名 字。{reg33?:}
dlga_id:ally_thanks_meet.1|多 谢 你 出 手 相 助，陌 生 人。我 叫 {s1}。可 以 告 诉 我 你 的 名 字 吗？{reg33?:}
dlga_id:ally_thanks_meet.2|多 谢 相 助，陌 生 人。我 们 还 没 互 相 介 绍 过，不 是 吗？你 叫 什 么 名 字？{reg33?:}
dlga_id:ally_thanks_meet_2|我 的 名 字 是 {playername}。
dlga_id:close_window_326|幸 会，{playername}。我 叫 {s1}。我 欠 你 一 个 人 情；若 今 后 有 任 何 需 要，尽 管 开 口……
dlga_id:close_window.1_61|你 好，{playername}。方 才 之 事 算 我 欠 你 一 个 人 情。希 望 有 朝 一 日，我 能 找 到 机 会 偿 还。
dlga_id:close_window.2_14|你 好，{playername}。我 叫 {s1}。感 谢 你 的 援 手，希 望 我 们 还 有 再 会 之 日。
dlga_id:close_window.41|你 又 一 次 救 了 我 们 的 命，{playername}！你 真 是 最 可 靠 的 朋 友。{s43}
dlga_id:close_window.42|你 来 得 正 是 时 候，{playername}。请 接 受 我 最 深 的 谢 意！{s43}
dlga_id:close_window.43|你 来 得 正 是 时 候，{playername}。我 不 会 忘 记 你 的 帮 助。{s43}
dlga_id:close_window.44|很 高 兴 能 在 这 里 见 到 你，{playername}……{s43}
dlga_id:close_window.45|{s43}
dlga_id:close_window.46|{s43}
dlga_id:close_window.47|感 谢 你 的 帮 助，{reg33?女 士:先 生}。你 在 那 里 救 了 {reg1?我 们 所 有 人 的 命:我 的 命}。
dlga_id:close_window.48|感 谢 你 的 帮 助，{reg33?女 士:先 生}。我 们 原 本 处 境 不 妙，但 你 及 时 赶 到，一 切 都 改 变 了。
dlga_id:close_window.49|感 谢 你 的 帮 助，{reg33?女 士:先 生}。幸 好 你 当 时 就 在 附 近。
dlga_id:kidnapped_girl_liberated_battle|哦，{reg33?女 士:先 生}。太 感 谢 你 救 了 我。现 在 能 带 我 回 家 人 身 边 吗？
dlga_id:freed_hero_answer|朋 友，你 救 了 我，我 欠 你 一 份 人 情。{reg33?:}
dlga_id:freed_hero_answer_1|哪 里 也 别 想 去。你 现 在 是 我 的 俘 虏！
dlga_id:close_window_327|唉……难 道 我 的 运 气 就 永 远 不 会 好 转 吗？
dlga_id:freed_hero_answer_2|你 可 以 走 了，{s65}。
dlga_id:close_window_328|谢 谢 你，善 良 的 {reg33?女 士:大 人}。我 永 远 不 会 忘 记 帮 助 过 我 的 人。
dlga_id:freed_hero_answer_3|你 愿 意 加 入 我 吗？
dlga_id:close_window_329|好，我 愿 加 入 你。
dlga_id:close_window.1_62|不，我 想 单 独 行 动。
dlga_id:defeat_hero_answer|你 不 会 为 这 场 胜 利 得 意 太 久。我 的 部 众 很 快 便 会 洗 刷 这 次 败 绩。
dlga_id:defeat_hero_answer_1|你 是 我 的 俘 虏 了。
dlga_id:close_window_330|见 鬼 去 吧。你 会 后 悔 的。
dlga_id:defeat_hero_answer_2|这 次 就 放 你 走 吧，但 是 下 次 可 别 挡 着 我 的 路。
dlga_id:close_window_331|我 们 会 再 见 面 的。
dlga_id:political_quest_suggested|{s9}
dlga_id:close_window_332|我 想 这 是 个 英 明 的 决 定。祝 你 好 运。
dlga_id:political_quest_suggested.1|你 同 {s4} 的 关 系 远 不 如 应 有 的 那 般 亲 近。由 于 {reg4?她:他} 是 我 的 {s11}，我 可 以 居 中 调 解，设 法 化 解 嫌 隙。或 许 最 好 送 上 一 件 礼 物，比 如 一 条 饰 有 毛 皮 的 天 鹅 绒 裙。若 你 能 备 齐 天 鹅 绒 和 毛 皮，我 们 便 可 制 成 礼 物 寄 给 对 方。
dlga_id:close_window.1_63|好 极 了。我 会 替 你 找 齐 这 些 东 西。
dlga_id:political_quest_suggested.2|你 大 概 知 道，{s4} 在 {s5} 的 领 主 当 中 有 很 多 敌 人。尤 其 他 们 觉 得 {reg4?她 :他 } 是 {s7}，并 且 担 心 {reg4?她 :他 } 会 {s8}。如 果 你 当 面 指 责 {s4}，你 也 许 会 赢 得 爱 戴—— 当 然，你 将 和 {reg4?她 :他 } 为 敌，并 且 得 冒 着 收 到 决 斗 挑 战 的 风 险。
dlga_id:political_quest_suggested.3|你 应 该 也 知 道，{s5} 的 许 多 贵 族 都 认 为 {s4} 是 {s7}，只 会 拖 累 我 们。我 们 担 心 {reg4?她:他} 将 会 {s8}。大 家 早 就 知 道 我 的 看 法，但 如 果 你 公 开 指 责 {reg4?她:他}，就 能 进 一 步 毁 掉 对 方 的 名 声，让 君 主 不 再 授 予 更 多 权 力 和 职 责。当 然，这 会 让 {reg4?她:他} 把 你 当 成 敌 人，甚 至 可 能 向 你 发 起 决 斗。{s9}
dlga_id:close_window.2_15|我 们 很 感 激 你 所 做 的。我 觉 得 这 样 的 阴 谋 令 人 厌 恶，但 这 都 是 为 了 {s5} 好。
dlga_id:close_window.3_9|很 好。参 与 这 种 阴 谋 总 是 有 风 险，但 这 次，我 想 你 会 受 益 的。
dlga_id:political_quest_suggested.4|你 和 我 在 阻 止 {s4} 发 迹 这 一 点 上 的 利 益 是 一 致 的。我 觉 得 {reg4?她 :他 } 是 {s7}，并 且 担 心 {reg4?她 :他 } 会 {s8}。如 果 你 告 诉 我 们 的 国 王 {s9} 你 对 {s4} 的 看 法，也 许，至 少 在 一 段 时 间 里，能 阻 止 {s9} 给 {s4} 任 何 更 大 的 权 位，而 我 将 非 常 感 激 你 的 帮 忙。
dlga_id:close_window.4_7|我 们 很 感 激 你 所 做 的。我 觉 得 这 样 的 阴 谋 令 人 厌 恶，但 这 都 是 为 了 {s5} 好。
dlga_id:political_quest_suggested.5|我 现 在 还 想 不 到 有 什 么，但 是 以 后 我 们 也 许 会 有 某 些 值 得 合 作 的 事。
dlga_id:political_quest_follow_on|这 主 意 不 错。
dlga_id:combined_political_quests_4|嗯……或 许 你 该 换 个 办 法？
dlga_id:political_quests_end|我 们 换 个 话 题 吧。
dlga_id:lord_pretalk_198|很 好。
dlga_id:spouse_pretalk_20|好 吧，我 们 走。
dlga_id:minister_pretalk_37|好 吧，我 们 走。
dlga_id:close_window_333|好 吧，我 们 走。
dlga_id:local_merchant_mercy|发 发 慈 悲！求 你 别 杀 我！
dlga_id:local_merchant_mercy_no|我 同 你 无 冤 无 仇，可 {s2} 要 你 死。抱 歉 了。{reg33?:}
dlga_id:close_window_334|该 死 的！愿 你 在 地 狱 里 燃 烧！
dlga_id:local_merchant_mercy_yes|我 可 以 饶 你 一 命—— 只 要 你 答 应 一 个 条 件……
dlga_id:local_merchant_mercy_yes_2|当 然，我 答 应！你 要 我 做 什 么 都 行，只 求 你 别 杀 我……
dlga_id:local_merchant_mercy_yes_3|你 必 须 免 除 {s2} 欠 你 的 债 务，并 签 下 一 份 文 书，声 明 {reg4?她:他} 不 再 欠 你 任 何 东 西。
dlga_id:local_merchant_mercy_yes_4|好 的，当 然。我 会 照 你 说 的 做 的。
dlga_id:local_merchant_mercy_yes_5|若 我 的 主 人 再 听 见 半 句 抱 怨，我 就 会 回 来 找 你。到 那 时，你 哭 喊 求 饶 也 没 用。听 明 白 了 吗？
dlga_id:local_merchant_mercy_yes_6|明 白，{reg33?长 官:长 官}。放 心，我 绝 不 会 再 抱 怨。
dlga_id:close_window_335|好 的。现 在 在 我 改 变 主 意 之 前 走 开。
dlga_id:fugitive_1|你 想 干 什 么？
dlga_id:fugitive_2|我 在 寻 找 一 个 叫 {s4} 的 杀 人 犯。你 看 起 来 和 他 很 像。
dlga_id:close_window_336|没 事。对 不 起 打 扰 你 了。
dlga_id:fugitive_3|我 不 明 白 你 在 说 什 么，{reg33?长 官:长 官}。我 从 没 杀 过 人。你 一 定 认 错 了。
dlga_id:fugitive_4|放 下 剑。你 若 清 白，便 没 什 么 可 怕 的。我 们 现 在 就 去 问 你 的 邻 居；若 他 们 能 证 实 你 的 话，我 自 会 继 续 追 捕 真 正 的 凶 手。
dlga_id:fugitive_5|我 哪 儿 也 不 去，朋 友。你 想 要 钱 就 得 跟 我 打。
dlga_id:fugitive_fight_start|无 所 谓。反 正 我 要 的 只 是 你 的 脑 袋。
dlga_id:fugitive_fight_start.1|我 不 是 为 了 赏 金，而 是 为 了 让 法 律 得 到 伸 张！
dlga_id:fugitive_fight_start.2|唉，你 这 个 人 真 是 不 可 理 喻。
dlga_id:close_window_337|去 死，狗 东 西！
dlga_id:sacrificed_messenger_1|怎 么 了，{reg33?女 士:先 生}？
dlga_id:sacrificed_messenger_2|把 这 封 信 带 到 {s1}，交 给 {s2}。
dlga_id:close_window_338|没……没 什 么。
dlga_id:sacrificed_messenger_3|是，{reg33?长 官:长 官}。您 可 以 信 任 我，我 绝 不 会 令 您 失 望。
dlga_id:close_window_339|好。我 不 会 忘 记 你 的 功 劳。你 回 来 时 会 得 到 奖 赏。{reg33?:}
dlga_id:sacrificed_messenger_cancel|啊！我 不 能 这 样 做。我 不 能 明 知 是 死 路，还 把 你 送 过 去！
dlga_id:sacrificed_messenger_cancel_2|你 这 是 什 么 意 思，{reg33?女 士:先 生}？
dlga_id:sacrificed_messenger_cancel_3|镇 中 有 人 为 你 设 下 了 陷 阱。{s3} 原 本 命 我 牺 牲 一 名 精 锐 战 士 来 欺 骗 敌 人；如 今 {reg3?:} 只 好 另 想 办 法。
dlga_id:close_window_340|感 谢 您，{reg33?夫 人 :先 生 }。我 愿 追 随 您 直 到 地 狱 之 门—— 可 那 绝 不 是 一 种 好 死 法。
dlga_id:close_window.50|放 心，{reg33?:}，我 这 就 上 路。
dlga_id:follow_spy_talk|日 安，{reg33?女 士:先 生}。天 气 不 错，不 是 吗？请 恕 我 告 辞，我 还 要 继 续 赶 路。
dlga_id:follow_spy_talk_2|以 {s1} 的 名 义，你 被 捕 了！
dlga_id:close_window_341|你 们 休 想 抓 到 活 口！
dlga_id:close_window_342|别 管 我。我 只 是 路 过。
dlga_id:spy_partners_talk|你 好。
dlga_id:spy_partners_talk_2|以 {s1} 的 名 义，你 被 捕 了！
dlga_id:close_window_343|先 打 赢 我 们 再 说！
dlga_id:close_window_344|别 管 我。我 只 是 路 过。
dlga_id:runaway_serf_intro_1|日 安，{reg33?女 士:先 生}。
dlga_id:runaway_serf_intro_2|我 是 {s4} 派 来 抓 你 们 的。现 在 跟 我 回 去，领 主 或 许 还 会 从 轻 发 落。
dlga_id:runaway_serf_intro_3|尊 敬 的 {reg33?女 士:先 生}，我 们 在 {s1} 村 的 生 活 实 在 难 以 忍 受。整 日 劳 作，晚 上 却 仍 要 饿 着 肚 子。我 们 准 备 前 往 {s6} 开 始 新 生 活，希 望 在 那 里 能 被 当 作 人 看 待。
dlga_id:runaway_serf_go_back|你 们 逃 避 劳 役，已 经 触 犯 法 律。现 在 立 刻 跟 我 回 {s1}！
dlga_id:runaway_serf_let_go|好 吧。也 许 你 是 对 的。那 么 这 样，如 果 谁 问 起，我 就 说 没 看 到 你 们。
dlga_id:close_window_345|是，{reg33?夫 人 :先 生 }。如 您 所 愿，我 们 这 就 返 回 {s5}。
dlga_id:close_window_346|愿 诸 神 庇 佑 您，{reg33?夫 人 :先 生 }。我 们 永 远 不 会 忘 记 这 份 恩 情。
dlga_id:runaway_serf_reconsider|日 安，{reg33?女 士:先 生}。别 担 心，若 有 人 问 起，我 们 从 没 见 过 你。
dlga_id:runaway_serf_go_back_2|我 改 变 主 意 了。你 们 必 须 回 到 逃 出 来 的 村 庄！
dlga_id:runaway_serf_let_go_2|好 的，在 我 改 变 主 意 之 前 快 点 在 我 面 前 消 失。
dlga_id:runaway_serf_talk_caught|日 安，{reg33?长 官:长 官}。我 们 正 要 返 回 {s5}，只 是……恐 怕 迷 路 了。
dlga_id:runaway_serf_go_back_3|不 要 考 验 我 的 耐 性。你 们 现 在 最 好 马 上 回 去！
dlga_id:runaway_serf_let_go_3|好 吧，如 果 你 们 那 么 想 走 的 话，就 走 吧。
dlga_id:runaway_serf_talk_again_return|我 们 正 在 返 回 {s5}，{reg33?女 士:先 生}。
dlga_id:runaway_serf_talk_again_return_2|现 在 快 点 走 吧。越 早 回 越 好。
dlga_id:runaway_serf_talk_again_return_2.1|好 的，继 续 前 进。
dlga_id:close_window_347|是，{reg33?夫 人 :先 生 }。如 你 所 愿。
dlga_id:troublesome_bandits_intro_1|看 来 你 今 天 走 了 霉 运，伙 计。我 们 可 是 这 片 地 方 最 不 该 招 惹 的 一 群 恶 棍。
dlga_id:troublesome_bandits_intro_2|嘿，在 我 眼 里，你 们 不 过 是 会 走 路 的 钱 袋。{s1} 的 一 名 商 人 出 高 价 买 你 们 的 脑 袋。
dlga_id:close_window_348|是 赏 金 猎 人！杀 了 {reg33?她 :他 }！现 在 就 杀 了 {reg33?她 :他 }！{reg33?:}
dlga_id:deserter_paid_talk|你 想 干 什 么？付 我 们 更 多 钱 吗？
dlga_id:deserter_paid_talk_2a|抱 歉 打 扰 了。我 这 就 离 开。{reg33?:}
dlga_id:close_window_349|没 错。别 在 这 里 游 荡，快 去 赚 钱。下 次 再 见 时，我 要 看 到 你 的 钱 袋 装 得 满 满 的。
dlga_id:deserter_paid_talk_2b|不，这 次 该 你 付 钱 给 我 了。
dlga_id:close_window_350|你 在 胡 说 八 道 些 什 么？你 要 找 麻 烦？你 找 到 了。
dlga_id:deserter_talk|我 们 如 今 是 自 由 弟 兄，只 为 自 己 而 战。交 出 金 币，否 则 就 尝 尝 我 们 的 刀 剑！
dlga_id:close_window_351|等 我 了 结 了 你 们，你 们 会 后 悔 离 开 军 队 的。
dlga_id:deserter_barter|没 必 要 动 手，我 已 经 打 算 付 过 路 费 了。
dlga_id:deserter_recruit|若 你{reg10?你 加 入 我 的 军 队:加 入 军 队 {s10}}，我 会 给 予 你 奖 赏 与 庇 护。
dlga_id:deserter_recruit_2|真 慷 慨，{s0}。先 拿 出 {reg5}枚 金 币，我 们 再 考 虑 是 否 加 入。
dlga_id:deserter_recruit_3a|没 问 题，这 是 给 你 们 的 {reg5}金 币。
dlga_id:deserter_barter_3b|我 没 带 那 么 多 的 钱。
dlga_id:close_window_352|成 交。从 现 在 起，我 们 听 候 你 的 差 遣。
dlga_id:deserter_barter_2|很 好，你 很 聪 明。看 你 的 行 囊，我 猜 你 这 样 的 家 伙 轻 易 就 能 拿 出 {reg5}枚 金 币。我 们 也 不 想 太 贪 心，对 吧？付 钱，然 后 你 就 可 以 走 了。{reg33?:}
dlga_id:deserter_barter_3a|好 吧，这 里 是 你 的 {reg5}金 币。
dlga_id:deserter_barter_3b_2|我 没 带 那 么 多 钱。
dlga_id:close_window_353|太 糟 了，我 们 只 好 把 你 卖 给 奴 隶 贩 子 了。
dlga_id:close_window_354|嘿，这 并 不 难，对 吧？很 好，你 可 以 走 了。
dlga_id:tavernkeeper_talk|日 安，尊 贵 的{reg33?女 士 :先 生 }。需 要 些 什 么？
dlga_id:tavernkeeper_talk_2|还 有 什 么 事 吗？
dlga_id:tavernkeeper_deliver_wine|有 人 托 我 把 {reg9}单 位 的 {s4} 送 给 你。
dlga_id:tavernkeeper_pretalk|总 算 来 了！我 的 存 货 几 乎 见 底。{s4} 的 货 款 已 经 预 付，不 过 这 是 给 你 的 {reg5}枚 金 币，应 该 足 够 支 付 报 酬。代 我 向 {s9} 问 好；下 次 同 {reg3?她 :他 } 做 生 意 时，我 会 替 你 美 言 几 句。
dlga_id:tavernkeeper_deliver_wine_incomplete|有 人 托 我 把 {reg9}单 位 的 {s4} 送 给 你，可 我 在 路 上 损 失 了 一 部 分 货 物。
dlga_id:tavernkeeper_pretalk_2|遭 强 盗 袭 击 了？他 们 没 取 你 性 命，已 经 算 你 走 运。无 论 如 何，剩 下 的 货 我 最 多 只 能 付 {reg5}枚 金 币。我 还 会 告 诉 {s1}，订 单 并 未 完 整 送 达；这 笔 损 失 多 半 会 算 在 你 头 上。{reg33?:}{reg33?:}
dlga_id:tavernkeeper_deliver_wine_lost|有 人 托 我 把 {reg9}单 位 的 {s4} 送 给 你，可 我 在 路 上 把 整 批 货 都 丢 了。
dlga_id:tavernkeeper_pretalk_3|什 么？那 {s4} 我 等 了 好 几 个 星 期 了！现 在 你 告 诉 我 你 把 它 弄 丢 了？你 放 心，我 会 把 这 事 告 诉 {s1} 的。{reg33?:}
dlga_id:tavern_traveler_companion_location|我 正 在 找 寻 我 的 一 个 同 伴……
dlga_id:tavern_traveler_companion_location_ask|也 许 我 能 帮 上 忙。你 在 找 谁？
dlga_id:tavern_traveler_companion_location_ask_2|{s11}
dlga_id:tavernkeeper_pretalk_4|算 了。
dlga_id:tavern_traveler_companion_location_ask_money|我 想 我 知 道 {s15} 在 哪 里。给 我 30枚 金 币，我 就 告 诉 你。
dlga_id:tavern_traveler_companion_location_2|我 不 知 道 {s15} 在 哪 里。过 一 两 周 再 来 问 我 吧。
dlga_id:tavern_traveler_companion_location_tell|好 的，这 是 30金 币。
dlga_id:tavernkeeper_pretalk_5|算 了。
dlga_id:tavernkeeper_pretalk_6|{s15} 目 前 在 {s11}。{s12}
dlga_id:tavernkeeper_buy_drinks|我 想 请 今 晚 进 酒 馆 的 每 一 个 人 喝 上 一 壶 你 这 里 最 好 的 酒。
dlga_id:tavernkeeper_get_drunk|给 我 倒 酒，喝 完 继 续 上—— 今 晚 我 要 一 醉 方 休。
dlga_id:tavernkeeper_drunk_choice|这 一 轮 可 能 要 花 掉 {reg4}枚 金 币。你 确 定 吗？{reg33?:}
dlga_id:close_window_355|好，酒 保，先 给 我 来 一 杯！
dlga_id:tavernkeeper_pretalk_7|仔 细 想 想，我 还 是 得 保 持 头 脑 清 醒，以 应 付 接 下 来 的 战 斗。
dlga_id:tavernkeeper_buy_drinks_2|当 然，尊 贵 的 {reg33?女 士:大 人}。我 想 {reg5}枚 金 币 就 够 了。您 要 我 怎 样 向 大 家 介 绍 这 份 慷 慨？
dlga_id:tavernkeeper_buy_drinks_end|告 诉 所 有 人，是 {playername} 慷 慨 宴 请 {s10} 的 众 人。
dlga_id:tavernkeeper_pretalk_8|放 心，{reg33?女 士:先 生}。今 晚 酒 馆 里 的 每 一 次 举 杯，都 会 高 呼 您 的 名 字。
dlga_id:tavernkeeper_pretalk_9|算 了，还 是 取 消 吧。
dlga_id:tavernkeeper_job_ask|你 听 说 王 国 里 有 谁 愿 意 给 像 我 这 样 的 {reg33?女 人:男 人} 一 份 差 事 吗？
dlga_id:tavernkeeper_job_search|嗯……{s10} 最 近 正 在 招 募 佣 兵 参 战。{s9}
dlga_id:tavernkeeper_job_result|让 我 再 想 想……
dlga_id:tavernkeeper_job_search_2|我 听 说 {s7}{s9}{s10}。你 或 许 该 去 同 对 方 谈 谈。
dlga_id:tavernkeeper_job_result_2|你 也 可 以 去 别 处 碰 碰 运 气。领 主 和 行 会 会 长 经 常 有 些 差 事，附 近 的 村 庄 也 总 有 人 需 要 帮 助。只 不 过 村 民 们 多 半 只 能 拿 奶 酪 和 谢 意 报 答 你，而 不 是 沉 甸 甸 的 金 币。
dlga_id:close_window_356|我 会 替 你 留 意 新 的 机 会。以 后 可 以 再 来 问 我。
dlga_id:ransom_broker_sell_prisoners_2|我 有 一 些 俘 虏 要 出 售……
dlga_id:close_window_357|以 后 若 再 抓 到 俘 虏，需 要 出 手 时 就 来 找 我。
dlga_id:tavernkeeper_sell_prisoners_all|我 想 卖 掉 我 带 着 的 所 有 囚 犯。
dlga_id:tavernkeeper_sell_prisoners_all_2|让 我 看 看……这 {reg2?{reg1}名 俘 虏:名 俘 虏}，我 出 {reg0}金 币。成 交 吗？
dlga_id:tavernkeeper_pretalk_10|成 交。
dlga_id:tavernkeeper_pretalk.1|让 我 再 考 虑 一 下。
dlga_id:start_2|加 入 一 个 军 团(只 用 于 测 试 场 景)。
dlga_id:close_window_358|我 想 我 得 走 了。
dlga_id:close_window.51|我 们 之 间 不 会 有 任 何 的 交 易，对 话 到 此 为 止。
dlga_id:close_window.52|我 们 之 间 没 有 任 何 事 可 谈。对 话 到 此 为 止。
dlga_id:humanitarian_intro|日 安 {reg33?女 士 :先 生 }。你 看 起 来 像 那 种 领 导 着 很 多 难 民 的 人。如 果 你 有 需 求 我 们 可 以 互 相 帮 助。
dlga_id:humanitarian_intro_2|难 民？
dlga_id:humanitarian_info_1|在 战 争 中，凡 是 受 苦 受 难 的 平 民，都 是 卑 微 的 村 民，他 们 不 想 参 加 战 争。^有 些 人 被 俘 虏，其 他 人 被 像 你 这 样 的 人 拯 救 了，他 们 觉 得 有 义 务 加 入 你 的 队 伍，^即 使 他 们 不 是 为 了 战 斗 而 被 生 的。你 已 经 看 到 自 己 是 个 可 怜 的 战 士，永 远 也 不 会 变 得 更 好。^我 们 想 把 他 们 安 置 回 自 己 的 家 园，他 们 可 以 回 到 正 常 的 生 活。
dlga_id:humanitarian_info_2|我 们 是 谁？
dlga_id:humanitarian_info_3|我 为 一 家 慈 善 组 织 工 作。我 们 与 世 界 各 地 的 势 力 都 有 联 系，甚 至 包 括 那 些 憎 恨 我 们 种 族 的 人。^我 们 不 问 出 身，只 相 信 人 人 都 应 有 平 静 生 活 的 权 利。你 若 带 着 任 何 阵 营 的 村 民，都 可 以 交 给 我；^我 们 会 帮 助 他 们 与 家 人 开 始 新 的 生 活。
dlga_id:humanitarian_info_4|我 的 队 伍 怎 么 样，他 们 也 许 不 是 好 战 士，但 他 们 至 少 也 能 凑 凑 数。
dlga_id:humanitarian_trade_1|我 们 也 明 白 你 需 要 补 充 兵 力。因 此，慈 善 组 织 与 各 地 的 战 斗 学 校 达 成 了 合 作：每 安 置 一 名 村 民，^我 们 便 为 你 介 绍 一 名 愿 意 战 斗 的 新 兵。你 可 以 把 他 训 练 成 真 正 的 战 士，这 总 比 强 迫 村 民 或 镇 民 上^阵 强 得 多。我 们 还 设 有 帮 助 混 沌 狂 徒 摆 脱 疯 狂 的 收 容 所，也 会 接 收 这 些 迷 失 者。你 有 村 民 或 狂 徒 需 要 安 置 吗？
dlga_id:humanitarian_end_1|是 的，我 有 一 些 村 民，我 愿 意 交 易。他 们 会 在 外 面 等 你。{reg33?:}
dlga_id:close_window_359|目 前 我 没 什 么 能 给 你
dlga_id:close_window_360|你 做 出 了 正 确 的 选 择。你 的 新 部 队 在 外 面 等 着 你。愿 他 们 为 你 带 来 荣 耀。
dlga_id:humanitarian_trade_1_2|你 好，有 村 民 要 和 我 交 换 吗？
dlga_id:tavernmerchant_talk|美 好 的 一 天 {reg33?女 士 :先 生 }，要 看 看 我 挑 选 的 优 质 商 品 吗？
dlga_id:tavernmerchant_buy|好 的。让 我 看 看 你 有 什 么 好 东 西。
dlga_id:tavernmerchant_trade_completed|当 然 {reg33?女 士 :先 生 }。
dlga_id:halfling_merchant_continue|很 高 兴 见 到 一 个 半 身 人 同 伴。你 还 有 什 么 途 径 可 以 帮 助 我 吗？
dlga_id:tavernmerchant_talk_2|还 有 别 的 吗？
dlga_id:halfling_merchant_continue2|我 不 太 确 定……除 非 你 想 学 魔 法，不 过 我 们 半 身 人 很 少 走 这 条 路。抱 歉，朋 友，这 次 我 恐 怕 帮 不 上 忙。{reg33?:}
dlga_id:halfling_merchant_change|你 改 变 主 意 学 魔 法 了 吗？
dlga_id:halfling_merchant_continue2.1|你 改 变 主 意 学 魔 法 了 吗？
dlga_id:halfling_merchant_continue3|事 实 上，我 可 能 需 要 一 些 魔 法 来 满 足 我 的 愿 望，但 没 有 一 所 学 院 会 录 取 半 身 人，现 在 他 们 对 招 收 已 经 变 得 更 加 严 格。
dlga_id:tavernmerchant_trade_completed_2|不 错，魔 法 是 人 类 与 精 灵 的 本 领。不 过 无 妨，我 仍 想 看 看 你 的 货 物。
dlga_id:close_window_361|事 实 上，魔 法 是 给 人 类 和 精 灵 的。没 关 系，我 要 上 路 了。
dlga_id:tavernmerchant_trade_completed.1|不，魔 法 是 人 类 与 精 灵 的 本 领。不 过 无 妨，我 仍 想 看 看 你 的 货 物。
dlga_id:close_window.1_64|不，魔 法 是 给 人 类 和 精 灵 的。没 关 系，我 要 上 路 了。
dlga_id:halfling_merchant_accept|是 的，告 诉 你 的 朋 友 关 于 我 的 事，我 很 快 就 会 去 药 剂 师 那 里。
dlga_id:tavernmerchant_trade_completed_3|不，我 还 是 觉 得 太 冒 险 了。不 过 我 要 看 看 你 的 货。
dlga_id:close_window_362|不，我 还 是 觉 得 太 冒 险 了。我 会 继 续 赶 路。
dlga_id:halfling_merchant_continue4|我 知 道，不 过 这 和 魔 法 学 院 无 关。我 在 帝 国 各 地 都 认 识 一 些 元 素 法 师……
dlga_id:halfling_merchant_continue5|元 素 论 者，你 是 说 树 篱 巫 师！他 们 不 是 非 法 的 吗！？
dlga_id:halfling_merchant_continue6|不 违 法，也 不 受 欢 迎。不 过，如 果 你 成 为 其 中 之 一，我 不 会 大 声 宣 扬，尤 其 是 对 学 院 或 巫 师 猎 人。据 我 所 知，这 是 非 常 秘 密 和 安 全 的。
dlga_id:halfling_merchant_continue7|首 席 元 素 论 者 声 称 已 经 发 现 了 一 个 对 抗 混 沌 威 胁 的 强 大 法 术，一 个 真 正 了 不 起 的 法 术，他 说 要 把 它 贡 献 给 学 院。
dlga_id:halfling_merchant_continue8|但 他 知 道，他 们 会 出 于 傲 慢 和 恶 意 而 拒 绝 这 个 法 术，并 杀 死 他 和 从 他 的 组 织 中 发 现 的 任 何 人。我 向 你 保 证，树 篱 巫 师 都 是 好 人。
dlga_id:halfling_merchant_continue9|若 你 真 想 学 习 魔 法，就 去 帝 国 城 镇 里 找 一 位 药 剂 师。我 会 事 先 把 你 的 名 字 告 诉 他 们，好 让 他 们 为 你 指 路。不 过，你 得 先 证 明 自 己 确 有 魔 法 天 赋。意 下 如 何？
dlga_id:halfling_merchant_accept_2|好 极 了，朋 友。请 告 诉 他 们，我 很 快 就 会 登 门。
dlga_id:tavernmerchant_trade_completed_4|仔 细 想 想，这 实 在 太 危 险 了。不 过，我 倒 想 看 看 你 的 货。
dlga_id:close_window_363|仔 细 想 想，这 实 在 太 危 险 了。算 了，我 该 上 路 了。
dlga_id:tavernmerchant_talk_3|如 你 所 愿，我 马 上 去 同 他 谈。愿 你 一 路 好 运。还 想 从 我 这 里 买 些 什 么 吗？
dlga_id:close_window_364|不 用 了，多 谢。
dlga_id:close_window.53|趁 还 来 得 及，赶 紧 滚 吧。
dlga_id:close_window.54|趁 还 来 得 及，赶 紧 滚 吧。
dlga_id:cultist_intro|日 安。看 得 出 来，你 是 个 四 处 征 战、见 多 识 广 的 指 挥 官。也 许 你 会 对 与 我 们 兄 弟 会 做 一 笔 交 易 感 兴 趣？
dlga_id:cultist_intro_2|什 么 交 易？
dlga_id:cultist_info_1|想 必 你 也 知 道，黑 暗 诸 神 时 常 要 求 信 徒 献 上 祭 品。可 许 多 人 既 没 有 本 事，也 没 有 时 间 亲 自 去 寻 找 牺 牲 者。^我 们 兄 弟 会 正 是 为 填 补 这 个 空 缺 而 存 在：以 一 个 对 双 方 都 相 当 可 观 的 价 钱，把 祭 品 卖 给 有 需 要 的 人。我 相 信，你 能 帮 上 我 们 的 忙。
dlga_id:cultist_info_2|你 以 为 我 有 闲 工 夫 替 你 干 这 些 脏 活？
dlga_id:cultist_info_3|相 信 我，这 花 不 了 你 多 少 力 气。我 们 要 的，只 是 你 在 征 战 途 中 收 编 的 各 族 村 民。你 偶 尔 总 会 碰 上 一 些；而 他 们 往 往 不 善 战 斗，在 战 场 上 几 乎 派 不 上 用 场。^手 里 有 这 些 人 时，就 去 找 兄 弟 会 的 成 员，我 们 会 替 你 接 收。兄 弟 会 也 需 要 新 血，所 以 你 手 中 的 狂 信 徒 同 样 可 以 拿 来 交 换。
dlga_id:cultist_info_4|听 起 来 倒 不 麻 烦。那 我 能 得 到 什 么？
dlga_id:cultist_trade_1|我 们 会 给 你 新 兵 作 为 回 报。他 们 都 是 颇 有 潜 力 的 好 苗 子，在 你 军 中 历 练 几 个 月，便 能 成 为 可 怕 的 战 士。对 你 而 言，这 些 人 可 比 村 民 有 用 得 多。^你 每 交 给 我 们 1名 村 民 或 狂 信 徒，我 们 就 给 你 1名 新 兵。你 现 在 手 里 有 村 民 或 狂 信 徒 吗？
dlga_id:cultist_end_1|有，我 有 一 些 村 民 愿 意 拿 来 交 易。{reg33?:}
dlga_id:close_window_365|眼 下 我 没 有 东 西 可 以 给 你。
dlga_id:close_window_366|你 作 出 了 明 智 的 选 择。愿 这 些 新 兵 为 你 赢 得 荣 耀。
dlga_id:cultist_trade_1_2|日 安。你 有 村 民 要 同 我 交 换 吗？
dlga_id:ransom_broker_intro|日 安，{reg33?女 士:先 生}。看 你 的 模 样，认 识 我 对 你 大 有 好 处。
dlga_id:ransom_broker_intro_2|为 什 么 这 么 说？
dlga_id:ransom_broker_info_talk|我 专 门 为 那 些 在 无 休 止 战 争 中 沦 为 俘 虏 的 可 怜 虫 居 中 斡 旋、商 议 赎 金。^平 日 里，我 受 失 踪 者 亲 属 所 托，往 来 于 盐 矿 与 海 岸 奴 隶 市 场 之 间。可 若 我 奔 波 于 这 些“慈 善 差 事”时，恰 好 碰 上 有 人 拖 着 一 两 个 俘 虏，做 点 投 机 买 卖 又 有 何 妨？^而 你 看 起 来，正 是 那 种 手 里 可 能 有 俘 虏 要 卖 的 人。
dlga_id:ransom_broker_families|要 是 他 们 的 家 人 付 不 起 赎 金 呢？
dlga_id:ransom_broker_info_talk_2|哦，那 我 就 给 他 们 讲 几 个 桨 帆 船 上 的“温 馨 故 事”。只 要 有 适 当 的 动 力，你 会 惊 讶 一 个 农 民 能 从 牛 棚 里 翻 出 多 少 财 物，又 能 从 亲 戚 那 里 哄 来 多 少 钱！^若 最 后 还 是 凑 不 齐 银 子，也 总 有 奴 隶 贩 子 缺 少 划 桨 手。要 知 道，钱 袋 空 空，可 办 不 成 天 堂 的 事 业。
dlga_id:ransom_broker_prices|一 名 俘 虏 能 卖 多 少 钱？
dlga_id:ransom_broker_info_talk_3|这 得 看 人。我 自 认 很 会 估 量 一 个 人 值 多 少 赎 金。衣 着、口 音、举 止—— 只 消 看 上 几 眼，便 能 知 道 他 是 饿 着 肚 子 入 睡，还 是 每 晚 都 吃 得 起 软 面 团 和 烤 鹅。^当 然，真 正 值 钱 的 是 贵 族。若 想 干 我 这 一 行，就 得 熟 悉 新 世 界 每 个 有 产 家 族 的 领 地、纹 章、婚 生 子 与 私 生 子，乃 至 他 们 在 商 人 那 里 的 信 誉。
dlga_id:ransom_broker_ransom_me|要 是 我 被 俘，你 能 替 我 安 排 赎 身 吗？
dlga_id:ransom_broker_info_talk_4|当 然。我 在 新 世 界 的 每 一 座 宫 廷 都 是 座 上 宾—— 没 几 个 人 敢 这 样 说！所 以，务 必 在 某 个 隐 秘 地 方 埋 好 一 罐 金 子，再 留 下 一 名 能 在 紧 要 关 头 迅 速 找 到 它 的 忠 仆。
dlga_id:ransom_broker_ransom_lords|我 抓 到 的 领 主，你 也 能 替 他 们 商 议 赎 金 吗？
dlga_id:ransom_broker_info_talk_5|不 行，他 们 对 我 来 说 太 危 险 了。^^你 可 以 去 另 一 位 领 主 的 封 地，找 当 地 狱 卒 谈 谈；他 或 许 愿 意 替 你 交 涉。成 与 不 成，要 看 对 方 阵 营 是 否 足 够 信 任 你，也 要 看 你 手 中 是 否 扣 着 他 们 的 敌 人。
dlga_id:ransom_broker_pretalk|我 明 白 了，多 谢。
dlga_id:ransom_broker_talk|你 好。你 若 带 了 俘 虏，我 可 以 出 钱 收 下。
dlga_id:ransom_broker_talk_2|不 管 怎 样，如 果 你 有 俘 虏，我 很 乐 意 买 下 他 们。
dlga_id:ransom_broker_sell_prisoners|那 就 把 钱 袋 准 备 好。我 有 一 些 俘 虏 要 卖。
dlga_id:ransom_broker_sell_prisoners_all|我 要 把 随 行 的 所 有 俘 虏 全 部 卖 掉。
dlga_id:ransom_broker_sell_prisoners_all_2|让 我 看 看……这 {reg2?{reg1}名 俘 虏:名 俘 虏}，我 出 {reg0}金 币。成 交 吗？
dlga_id:ransom_broker_pretalk_2|说 定 了！
dlga_id:ransom_broker_pretalk.1|让 我 再 考 虑 一 下。
dlga_id:ransom_broker_intro_2_2|再 跟 我 说 一 遍，你 究 竟 是 做 什 么 的？
dlga_id:ransom_kingdom_hero|我 想 为 本 地 地 牢 里 的 一 位 贵 族 支 付 赎 金。
dlga_id:ransom_kingdom_hero_2|我 想 给 当 地 监 狱 的 贵 族 支 付 赎 金
dlga_id:ransom_broker_pretalk_3|我 已 经 无 能 为 力 了，{s0}。那 些 俘 虏 本 就 归 你 所 有，任 你 处 置。
dlga_id:ransom_broker_pretalk.1_2|抱 歉，{s0}。即 使 凭 我 的 关 系，恐 怕 {s1} 也 不 会 接 受 你 的 金 币。
dlga_id:ransom_kingdom_hero_choose|你 想 为 谁 支 付 赎 金？
dlga_id:ransom_broker_pretalk_4|没 什 么
dlga_id:ransom_kingdom_hero_chosen|{s1}
dlga_id:ransom_kingdom_hero_3|抱 歉，{s0}。既 然 {s1} 与 {s2} 敌 对，我 恐 怕 无 法 为 一 名 {s3} 的 释 放 进 行 交 涉。
dlga_id:ransom_kingdom_hero_pay|据 我 所 知，{s11} 的 自 由 目 前 值 {s1}，对 吗？
dlga_id:close_window_367|当 然。我 希 望 立 刻 和 {s11} 谈 谈。
dlga_id:ransom_kingdom_hero_choose_2|我 眼 下 还 付 不 起 这 笔 钱。
dlga_id:ransom_broker_ransom_companion|我 想 替 一 名 被 俘 的 同 伴 支 付 赎 金。
dlga_id:ransom_broker_ransom_companion_choose|你 打 算 赎 回 谁？
dlga_id:ransom_broker_ransom_companion_name_sum|{s4}
dlga_id:ransom_broker_pretalk_5|没 什 么
dlga_id:ransom_broker_ransom_companion_verify|让 我 查 查 账 册……有 了。你 的 朋 友 被 关 在 {s7} 的 地 牢 里。有 意 思，我 听 说 那 里 的 老 鼠 大 得 像 獒 犬……^言 归 正 传，只 要 支 付 {reg5}枚 金 币—— 其 中 已 包 含 赎 金、我 的 佣 金 和 各 项 开 销—— 我 就 能 安 排 {s5} 重 获 自 由。你 意 下 如 何？
dlga_id:ransom_broker_ransom_companion_accept|这 是 给 你 的 钱。
dlga_id:ransom_broker_ransom_companion_refuse|我 现 在 付 不 起 那 么 多 钱。
dlga_id:ransom_broker_talk_3|太 好 了！再 过 几 天，你 应 该 就 会 看 到 {s5} 骑 马 赶 来 与 你 会 合。重 见 阳 光 时 或 许 还 会 被 晃 得 睁 不 开 眼；想 必 也 会 对 你 感 激 不 尽。还 有 什 么 需 要 我 效 劳 的 吗？
dlga_id:ransom_broker_talk_4|当 然，当 然……至 于 那 些 老 鼠，别 把 传 闻 太 当 真。我 自 己 从 未 见 过—— 地 牢 里 黑 得 伸 手 不 见 五 指。总 之，我 相 信 {s5} 会 理 解 你 为 何 必 须 节 省 开 支。还 有 别 的 事 吗？
dlga_id:close_window_368|这 次 没 有 了。再 会。
dlga_id:ransom_broker_sell_prisoners_3|我 有 些 俘 虏 要 卖……
dlga_id:close_window_369|我 会 在 这 里 待 几 天，你 随 时 可 以 来 找 我。
dlga_id:tavern_traveler_talk|日 安，朋 友。看 你 的 模 样，认 识 我 对 你 大 有 好 处。我 常 年 游 历 新 世 界 各 地，耳 目 也 颇 为 灵 通。只 要 一 点 小 钱，我 就 能 告 诉 你 些 或 许 有 用 的 消 息。
dlga_id:tavern_traveler_lost_companion_thanks|你 好，{playername}。几 天 前，我 在 {s11} 的 酒 馆 见 到 了 你 的 同 伴 {s10}。我 想 你 应 该 会 想 知 道。
dlga_id:tavern_traveler_pretalk|多 谢。我 会 去 那 里 找 {reg3?她 :他 }。
dlga_id:tavern_traveler_pretalk.1|多 谢，不 过 我 并 不 在 意。
dlga_id:tavern_traveler_talk.1|日 安，{playername}。
dlga_id:tavern_traveler_talk_2|什 么 事？
dlga_id:tavern_traveler_tell_kingdoms|你 对 这 片 土 地 了 解 多 少？
dlga_id:tavern_traveler_tell_kingdoms_2|新 世 界 被 数 个 相 互 敌 视 的 王 国 瓜 分。它 们 既 无 法 与 邻 国 和 平 共 处，也 无 力 将 对 手 彻 底 消 灭。于 是，苦 战 几 乎 从 未 停 歇，像 瘟 疫 般 折 磨 这 片 土 地、汲 取 它 的 鲜 血。^不 过，对 你 这 样 的 冒 险 者 而 言，这 倒 是 一 个 大 展 身 手 的 好 地 方。只 要 有 几 分 运 气 和 本 领，你 便 能 在 此 扬 名、积 累 财 富，甚 至 掌 握 大 权。只 要 敢 拿 性 命 去 博，机 会 与 回 报 都 无 穷 无 尽。
dlga_id:tavern_traveler_tell_kingdoms_3|再 跟 我 说 说 这 些 机 会。
dlga_id:close_window_370|谢 谢，这 些 就 够 了。
dlga_id:tavern_traveler_tell_kingdoms_4|看 来 你 已 经 知 道 得 不 少 了，我 也 没 什 么 可 再 告 诉 你 的。你 混 得 挺 不 错。
dlga_id:tavern_traveler_tell_kingdoms_4a|交 战 中 的 王 国 往 往 愿 意 为 佣 兵 支 付 高 价。只 要 你 已 有 一 些 战 场 经 验，去 找 他 们 的 领 主 谈 谈，多 半 就 能 得 到 一 份 佣 兵 契 约。^不 过，真 正 丰 厚 的 回 报 来 自 成 为 国 王 的 封 臣。封 臣 可 以 拥 有 村 庄、城 堡 和 城 镇，并 从 领 地 的 税 赋 与 收 益 中 积 累 财 富。^通 常，只 有 王 国 贵 族 才 能 如 此 拥 有 土 地；可 在 战 争 年 代，国 王 也 会 接 纳 那 些 在 战 场 上 崭 露 头 角 的 人 为 封 臣，并 授 予 其 土 地。
dlga_id:tavern_traveler_tell_kingdoms_4_2|冒 险 者 彻 底 背 弃 对 新 世 界 国 王 的 效 忠、自 立 为 王，并 以 自 己 的 名 义 夺 取 土 地，这 种 事 并 非 闻 所 未 闻。^然 而，这 是 一 条 艰 难 的 道 路。那 些 世 系 悠 久 的 大 贵 族，绝 不 会 轻 易 接 受 一 个 暴 发 户 作 他 们 的 君 王。想 走 这 条 路，就 必 须 谨 慎 确 立 自 己 的 统 治 权，否 则 四 面 八 方 的 敌 人 都 会 扑 上 来。
dlga_id:tavern_traveler_tell_kingdoms_5|对 你 这 样 的 冒 险 者 而 言，支 持 某 位 在 位 国 王 的 竞 争 者，或 许 更 容 易 一 些。^新 世 界 有 不 少 这 样 的 王 位 觊 觎 者：他 们 出 身 显 赫 家 族，四 处 宣 扬 自 己 比 现 任 国 王 更 有 资 格 继 承 王 位，并 借 此 煽 动 纷 争。^只 要 找 到 足 够 的 支 持 者，他 们 便 能 掀 起 内 战，甚 至 终 有 一 日 取 代 现 任 国 王。
dlga_id:tavern_traveler_tell_kingdoms_6|有 意 思。我 要 去 哪 里 寻 找 这 些 王 位 觊 觎 者？
dlga_id:close_window_371|我 听 得 差 不 多 了，谢 谢。
dlga_id:tavern_traveler_pretalk_2|王 位 觊 觎 者 若 留 在 自 己 的 国 家，性 命 自 然 难 保。因 此，他 们 通 常 寄 居 于 敌 对 王 国 的 宫 廷，一 面 拉 拢 支 持，一 面 寻 找 愿 意 为 其 大 业 挺 身 而 出 的 人。^我 时 常 能 听 到 其 中 一 些 人 的 消 息，或 许 可 以 相 当 准 确 地 告 诉 你 他 们 在 哪 里。不 过，这 样 的 消 息 当 然 不 会 白 送。
dlga_id:tavern_traveler_pretender_location|我 想 知 道 一 位 王 位 觊 觎 者 的 下 落。
dlga_id:tavern_traveler_pretender_location_ask|你 想 打 听 谁 的 下 落？
dlga_id:tavern_traveler_pretender_location_ask_2|{s11}
dlga_id:tavern_traveler_pretalk_3|算 了。
dlga_id:tavern_traveler_pretender_location_ask_money|只 要 一 点 小 小 的 报 酬，我 就 能 把 这 条 消 息 告 诉 你。就 收 30枚 金 币 吧。
dlga_id:tavern_traveler_pretender_location_tell|好 的，这 是 30金 币。
dlga_id:tavern_traveler_pretalk_4|算 了。
dlga_id:tavern_traveler_pretalk_5|{s15} 目 前 在 {s11}。
dlga_id:tavern_traveler_answer|日 安。听 说 你 是 那 种 会 对 消 息 感 兴 趣 的 {reg33?女 人:男 人}。我 经 常 前 往 {s17}；只 要 100枚 金 币，我 就 把 知 道 的 一 切 都 告 诉 你。
dlga_id:tavern_traveler_continue|这 是 100金 币。告 诉 我 你 都 知 道 些 什 么。
dlga_id:close_window_372|抱 歉 朋 友。我 没 兴 趣。
dlga_id:close_window_373|好 了，我 知 道 的 都 已 告 诉 你。再 会。
dlga_id:bookseller_talk|日 安，{reg33?女 士 :先 生 }。要 看 看 我 的 货 吗？
dlga_id:bookseller_buy|好，让 我 看 看 你 有 什 么 好 东 西。
dlga_id:book_trade_completed|当 然 {reg33?长 官:长 官}。
dlga_id:bookseller_talk_2|还 有 别 的 事 吗？
dlga_id:close_window_374|没 什 么，谢 谢。
dlga_id:minstrel_1|幸 会，客 人。若 想 在 战 斗 中 多 几 分 胜 算，不 妨 看 看 我 的 货。
dlga_id:minstrel_job_description|这 些 药 剂 是 怎 样 调 制 出 来 的？
dlga_id:minstrel_buy_potions|我 有 兴 趣。你 都 卖 些 什 么？
dlga_id:minstrel_ask_belt_1|请 跟 我 说 说 你 身 上 那 条 颇 为 奇 特 的 药 剂 腰 带……
dlga_id:minstrel_cure_poison|你 能 替 我 的 同 伴 解 毒 吗？
dlga_id:close_window_375|也 许 改 天 吧。
dlga_id:minstrel_2|还 有 别 的 事 吗？
dlga_id:minstrel_buy_potions_2|让 我 再 看 看。
dlga_id:minstrel_ask_belt_1_2|再 跟 我 说 说 那 条 腰 带……
dlga_id:minstrel_cure_poison_2|你 能 替 我 的 同 伴 解 毒 吗？
dlga_id:close_window_376|暂 时 不 用 了。我 已 经 得 到 所 需 之 物。
dlga_id:minstrel_1_2|那 些 都 是 行 家 不 外 传 的 秘 密。调 制 药 剂 与 施 法 一 样 艰 深，也 同 样 考 验 技 艺；只 不 过，炼 金 术 通 常 被 视 为 较 温 和 的 手 段，受 到 的 管 束 也 少 得 多。^胡 乱 施 法 的 人 会 被 追 捕、处 置；可 像 我 这 样 既 有 本 事 又 懂 得 谨 慎 的 人，却 能 在 社 会 中 安 稳 发 财，而 不 被 抓 到。你 最 好 善 用 我 的 手 艺。
dlga_id:minstrel_cure_poison_choice|治 疗 {reg0}名 同 伴 需 要 花 费 {reg1}金 币。
dlga_id:minstrel_buy_potions_3|好 吧，治 愈 他 们。
dlga_id:minstrel_buy_potions.1|算 了。
dlga_id:minstrel_ask_belt_2|啊，是 的，这 是 我 亲 手 制 作 的 战 术 药 剂 腰 带。它 能 额 外 容 纳 {reg0}瓶 药 剂，而 这 些 药 剂 通 常 无 法 塞 进 你 的 随 身 行 囊。战 斗 时 只 要 带 着 腰 带，便 能 随 时 取 用 其 中 的 药 剂。^^当 然，它 体 积 不 小，所 以 你 会 少 携 带 一 件 武 器。不 过，购 买 腰 带 还 会 附 赠 一 件 随 机 礼 物！^^另 外 得 先 说 明：我 卖 出 的 所 有 腰 带 都 带 有 一 种 魔 法 副 作 用—— 它 们 共 用 同 一 处 储 物 空 间。
dlga_id:minstrel_ask_belt_3|对 您 这 样 的 客 人……我 只 收 区 区 {reg31}枚 金 币。不 过 若 不 赶 紧 买，下 次 可 能 更 贵—— 成 本 总 在 上 涨。^^我 还 要 一 样 东 西。调 制 药 剂 需 要 许 多 材 料，其 中 一 些 极 难 取 得。眼 下 我 需 要 一 只 活 着 的 树 人，俘 获 的 或 驯 服 的 都 行；它 们 通 常 出 没 于 艾 瑟 洛 伦 森 林。^^带 一 只 来，再 付 上 金 币，这 条 腰 带 就 归 你 了！
dlga_id:minstrel_ask_belt_4|那 么，你 觉 得 如 何？
dlga_id:minstrel_ask_belt_5|是 的，我 要 一 条！
dlga_id:minstrel_buy_potions_4|没 什 么
dlga_id:minstrel_2_2|好 好 享 用 吧！你 可 以 在 营 地 菜 单 中 补 充 腰 带 里 的 药 剂。
dlga_id:farmer_from_bandit_village_1|{reg33?女 士:大 人}，你 看 起 来 是 个 仗 剑 行 事 的 {reg33?女 士:男 人}，也 许 能 帮 助 我 们。愿 意 听 听 我 的 请 求 吗？
dlga_id:farmer_from_bandit_village_2|出 了 什 么 事，老 乡？
dlga_id:farmer_from_bandit_village_2.1|你 在 嘟 囔 些 什 么，乡 巴 佬？说 出 来。
dlga_id:farmer_from_bandit_village_3|一 伙 强 盗 躲 进 了 我 们 的 村 子。他 们 抢 走 我 们 的 一 切，逼 我 们 服 侍 他 们，还 作 尽 恶 事。^谁 只 要 敢 抱 怨 一 句，他 们 当 场 就 会 取 走 那 个 可 怜 人 的 性 命。我 们 实 在 活 不 下 去 了，所 以 我 冒 死 逃 出 来，想 找 个 能 救 我 们 的 人。
dlga_id:farmer_from_bandit_village_4|你 为 什 么 不 去 找 村 庄 的 领 主？收 拾 那 些 害 虫，本 就 是 他 的 职 责。
dlga_id:farmer_from_bandit_village_5|我 去 过 了，{reg33?女 士 :先 生 }，但 我 们 领 主 的 士 兵 不 让 我 见 他，说 他 正 忙 于 更 重 要 的 事 务，^我 们 应 该 自 己 处 理 自 己 的 问 题。求 您 了 {reg33?女 士 :先 生 }，您 看 起 来 是 位 {reg33?女 士 :英 勇 之 人 }^和 令 人 畏 惧 的 战 士，而 且 您 无 疑 有 许 多 朋 友 和 士 兵 供 您 差 遣。如 果 有 人 能 帮 助 我 们，那 就 是 您 了。
dlga_id:farmer_from_bandit_village_accepted|好，我 会 帮 你 们。村 子 在 哪 里？
dlga_id:farmer_from_bandit_village_denied|我 现 在 没 空 管 这 件 事。
dlga_id:farmer_from_bandit_village_barter|我 为 什 么 要 替 你 们 对 付 强 盗？我 能 得 到 什 么？
dlga_id:close_window_377|愿 神 保 佑 你，{reg33?夫 人 :先 生 }。我 们 的 村 庄 是 {s7}。离 这 儿 不 算 太 远。
dlga_id:close_window_378|如 你 所 说 {reg33?夫 人 :先 生 }。请 原 谅 我 打 扰 你。
dlga_id:farmer_from_bandit_village_5_2|我 们 只 是 穷 苦 农 民，{reg33?女 士:先 生}。强 盗 已 经 抢 走 了 我 们 在 世 上 的 大 部 分 东 西，但 我 们 愿 意 把 剩 下 的 一 切 与 你 分 享。如 果 你 帮 助 我 们，我 们 会 永 远 感 激 你。
dlga_id:close_window.55|多 谢 您 愿 意 帮 我 们，{reg33?女 士:先 生}。把 那 些 强 盗 全 都 碾 碎！
dlga_id:close_window.56|我 的 {reg33?女 士:大 人}……
dlga_id:close_window.57|我 正 在 歇 息！别 来 烦 我。
dlga_id:mercenary_tavern_talk_reject|{s46}
dlga_id:close_window_379|那 算 了……
dlga_id:mercenary_tavern_talk|需 要 雇 佣 兵 吗，{reg33?女 士:先 生}？^{reg3?我 和 {reg4?我 的 {reg3}名 同 伴:我 的 一 名 同 伴}:我} 正 在 找 雇 主。^只 要 {reg5}枚 金 币，{reg3?我 们 就:我 就} 为 你 效 力。^别 小 看 半 身 人 的 个 头，再 高 大 的 敌 人 也 照 样 能 放 倒。
dlga_id:mercenary_tavern_talk.1|想 把 敌 人 砸 进 泥 里 吗？^{reg3?我 和 {reg4?我 的 {reg3}名 同 伴:我 的 一 名 同 伴}:我} 正 愁 没 有 仗 打。^付 {reg5}枚 金 币，{reg3?我 们 就:我 就} 跟 你 走。只 要 管 够 食 物、金 币 和 战 斗，我 们 便 替 你 碾 碎 一 切 敌 人。{reg3?:} {reg3?:}
dlga_id:mercenary_tavern_talk.2|想 用 炮 火 轰 碎 敌 人 吗？^{reg3?我 和 {reg4?我 的 {reg3}名 炮 手:我 的 一 名 炮 手}:我} 正 在 寻 找 值 得 开 火 的 目 标。^付 {reg5}枚 金 币，{reg3?我 们 就:我 就} 加 入 你。我 们 的 火 炮 能 让 来 犯 者 胆 寒，也 能 让 城 墙 在 死 亡 弹 幕 下 崩 塌。{reg3?:} {reg3?:}
dlga_id:mercenary_tavern_talk.3|需 要 对 付 骑 兵 的 人 手 吗，{reg33?女 士:先 生}？那 你 找 不 到 比 我 们 更 合 适 的 了。^{reg3?我 和 {reg4?我 的 {reg3}名 弟 兄:我 的 一 名 弟 兄}:我} 随 时 可 以 出 发。^雇 用 {reg3?我 们:我} 只 需 {reg5}枚 金 币。
dlga_id:mercenary_tavern_talk.4|如 果 你 的 队 伍 需 要 更 强 的 远 程 火 力，就 看 看 我 们 的 弩 吧，{reg33?女 士:先 生}。它 们 威 力 不 输 火 枪，射 速 却 快 得 多。^{reg3?我 和 {reg4?我 的 {reg3}名 同 袍:我 的 一 名 同 袍}:我} 愿 听 你 差 遣。付 {reg5}枚 金 币，{reg3?我 们 就:我 就} 加 入 你。^若 准 备 攻 城，最 好 尽 可 能 多 雇 一 些 我 们 的 人。
dlga_id:mercenary_tavern_talk.5|寻 宝 永 无 止 境，无 论 陆 地 还 是 海 洋，{reg3?我 们:我} 都 随 时 准 备 出 发。^{reg3?我 和 {reg4?我 的 {reg3}名 伙 伴:我 的 一 名 伙 伴}:我} 愿 听 你 号 令。^只 要 {reg5}枚 金 币，{reg3?我 们 就:我 就} 加 入 你。{reg3?:} {reg3?:}
dlga_id:mercenary_tavern_talk.6|如 果 你 看 重 真 本 事 而 不 是 头 衔，就 没 有 比 沃 兰 斯 恶 棍 更 合 适 的 骑 兵 了。我 们 没 有 爵 位，却 不 输 任 何 有 封 地 的 骑 士。^{reg3?我 和 {reg4?我 的 {reg3}名 同 伴:我 的 一 名 同 伴} 现 在 就 能 出 发:我 现 在 就 能 出 发}。^付 {reg5}枚 金 币，这 支 精 锐 突 击 骑 兵 便 听 你 指 挥。{reg3?:}
dlga_id:mercenary_tavern_talk.7|穆 克 塔 战 士 向 你 致 意。我 们 可 靠、迅 捷，而 且 懂 得 在 战 场 上 随 机 应 变。^{reg3?我 和 {reg4?我 的 {reg3}名 弟 兄:我 的 一 名 弟 兄}:我} 随 时 可 以 出 发。^付 {reg5}枚 金 币，{reg3?我 们 就:我 就} 加 入 你。战 马 够 快，刀 锋 够 利，价 钱 也 公 道。{reg3?:}
dlga_id:mercenary_tavern_talk.8|哈！财 宝 或 死 亡，这 就 是 我 们 的 信 条。论 寻 找 财 富，没 有 哪 支 队 伍 比 我 们 更 在 行。^{reg3?我 和 {reg4?我 的 {reg3}名 弟 兄:我 的 一 名 弟 兄}:我} 已 经 整 装 待 发。^付 {reg5}枚 金 币，{reg3?我 们 就:我 就} 跟 你 走。{reg3?:}
dlga_id:mercenary_tavern_talk.9|幸 会，{reg33?女 士:先 生}。我 们 是 艾 里 昂 先 驱 者，既 是 训 练 有 素 的 士 兵，也 是 出 色 的 斥 候。^{reg3?我 和 {reg4?我 的 {reg3}名 队 员:我 的 一 名 队 员}:我} 已 经 备 好 鞍 具，随 时 可 以 出 发。^付 {reg5}枚 金 币，{reg3?我 们 就:我 就} 加 入 你。战 场 上，我 们 弓 矛 并 用。
dlga_id:mercenary_tavern_talk.10|向 你 致 意，{reg33?女 士:先 生}。如 果 你 需 要 可 靠 而 迅 捷 的 弓 手，我 的 人 不 会 让 你 失 望。^{reg3?我 和 {reg4?我 的 {reg3}名 游 侠:我 的 一 名 游 侠}:我} 听 候 差 遣。^付 {reg5}枚 金 币，{reg3?我 们 就:我 就} 加 入 你。{reg3?:}
dlga_id:mercenary_tavern_talk.11|想 找 价 钱 公 道、身 手 过 硬 的 骑 射 手 吗？那 就 雇 我 们 兄 弟 会 的 人。^{reg3?我 和 {reg4?我 的 {reg3}名 同 伴:我 的 一 名 同 伴}:我} 正 在 寻 找 新 的 领 袖。^付 {reg5}枚 金 币，{reg3?我 们 就:我 就} 替 你 作 战，而 且 绝 不 多 问。{reg3?:}
dlga_id:mercenary_tavern_talk.12|凯 恩 渴 求 战 士 的 鲜 血，而 你 渴 求 战 役 的 胜 利。^{reg3?我 和 {reg4?我 的 {reg3}名 姐 妹:我 的 一 名 姐 妹}:我} 愿 与 你 订 立 一 份 互 利 的 契 约。^我 们 的 刀 锋 锐 利，出 手 迅 猛，意 志 冷 酷 无 情。付 {reg5}枚 金 币，{reg3?我 们 就:我 就} 加 入 你。{reg3?:}
dlga_id:mercenary_tavern_talk.13|如 果 你 的 队 伍 需 要 支 援，我 们 是 在 陆 地 与 海 上 都 能 作 战 的 佣 兵。^{reg3?我 和 {reg4?我 的 {reg3}名 伙 伴:我 的 一 名 伙 伴}:我} 随 时 可 以 发 动 突 袭。^无 论 远 射 还 是 近 战，我 们 都 能 站 稳 阵 脚。付 {reg5}枚 金 币，{reg3?我 们 就:我 就} 加 入 你。{reg3?:}
dlga_id:mercenary_tavern_talk.14|没 有 哪 个 种 族 比 混 沌 矮 人 更 有 力 量 和 潜 能。^{reg3?我 和 {reg4?我 的 {reg3}名 同 伴:我 的 一 名 同 伴}:我} 正 在 寻 找 新 的 统 帅。^我 们 的 战 锤 会 粉 碎 敌 人，火 枪 会 撕 裂 他 们 的 血 肉。付 {reg5}枚 金 币，{reg3?我 们 就:我 就} 加 入 你。{reg3?:}
dlga_id:mercenary_tavern_talk.15|黑 暗 诸 神 赐 予 了 我 们 力 量，让 我 们 能 够 摧 毁 所 谓 的 文 明 世 界。^{reg3?我 和 {reg4?我 的 {reg3}名 弟 兄:我 的 一 名 弟 兄}:我} 随 时 可 以 开 始 劫 掠。^若 旅 途 中 遇 到 我 们 的 首 领 贝 奥 尔·熊 击，不 惜 代 价 也 要 雇 下 他。付 {reg5}枚 金 币，{reg3?我 们 就:我 就} 加 入 你。{reg3?:}
dlga_id:mercenary_tavern_talk.16|你 的 队 伍 若 需 要 力 量，就 只 管 准 备 金 币。^{reg3?我 和 {reg4?我 的 {reg3}名 战 士:我 的 一 名 战 士}:我} 已 经 准 备 开 战。^付 {reg5}枚 金 币，{reg3?我 们 就:我 就} 加 入 你。{reg3?:}
dlga_id:mercenary_tavern_talk.17|血 祭 血 神！^{reg3?我 和 {reg4?我 的 {reg3}名 战 士:我 的 一 名 战 士}:我} 已 经 准 备 开 战。^付 {reg5}枚 金 币，{reg3?我 们 就:我 就} 加 入 你。{reg3?:}
dlga_id:mercenary_tavern_talk.18|我 们 为 色 孽 而 活，也 乐 意 替 你 与 敌 人 厮 杀。他 们 的 痛 苦 就 是 我 们 的 欢 愉。^{reg3?我 和 {reg4?我 的 {reg3}名 同 伴:我 的 一 名 同 伴}:我} 愿 听 你 号 令。^付 {reg5}枚 金 币，{reg3?我 们 就:我 就} 加 入 你。{reg3?:}
dlga_id:mercenary_tavern_talk.19|愿 慈 父 纳 垢 的 祝 福 笼 罩 你。^{reg3?我 和 {reg4?我 的 {reg3}名 同 伴:我 的 一 名 同 伴}:我} 已 经 准 备 听 从 你 的 命 令。^付 {reg5}枚 金 币，{reg3?我 们 就:我 就} 加 入 你。
dlga_id:mercenary_tavern_talk.20|Hrrrrrmphwooorgbrrrrrrrmmpa！准 备 好 战 斗 了 吗？^{reg3?我 和 {reg4?我 的 {reg3}名 同 伴:我 的 一 名 同 伴}:我} 已 经 准 备 开 战。^付 {reg5}枚 金 币，{reg3?我 们 就:我 就} 加 入 你。
dlga_id:mercenary_tavern_talk.21|听 我 们 的 战 吼，听 骨 头 碎 裂 的 声 音，闻 敌 人 鲜 血 的 气 味。^{reg3?我 和 {reg4?我 的 {reg3}名 同 伴:我 的 一 名 同 伴}:我} 只 等 战 鼓 响 起。^付 {reg5}枚 金 币，{reg3?我 们 就:我 就} 加 入 你。
dlga_id:mercenary_tavern_talk.22|部 落 随 时 愿 意 为 你 而 战，队 长。^{reg3?我 和 {reg4?我 的 {reg3}名 同 伴:我 的 一 名 同 伴}:我} 已 经 准 备 效 力。^付 {reg5}枚 金 币，{reg3?我 们 就:我 就} 加 入 你。{reg3?:}
dlga_id:mercenary_tavern_talk.23|只 要 你 开 口，我 们 便 与 你 并 肩 作 战。^{reg3?我 和 {reg4?我 的 {reg3}名 战 士:我 的 一 名 战 士}:我} 已 经 准 备 听 令。^付 {reg5}枚 金 币，{reg3?我 们 就:我 就} 加 入 你。{reg3?:}
dlga_id:mercenary_tavern_talk.24|船 长！就 算 死 过 一 次，我 们 也 还 是 海 盗，也 愿 为 你 搜 遍 大 海。^{reg3?我 和 {reg4?我 的 {reg3}名 弟 兄:我 的 一 名 弟 兄}:我} 已 经 准 备 效 力。^付 {reg5}枚 金 币，{reg3?我 们 就:我 就} 加 入 你。{reg3?:}
dlga_id:mercenary_tavern_talk.25|我 们 向 黑 暗 宣 誓，如 今 也 愿 向 你 宣 誓。^{reg3?我 和 {reg4?我 的 {reg3}名 堕 落 者:我 的 一 名 堕 落 者}:我} 已 经 准 备 效 力。^付 {reg5}枚 金 币，{reg3?我 们 就:我 就} 加 入 你。{reg3?:}
dlga_id:mercenary_tavern_talk.26|需 要 法 师 吗，{reg33?女 士:先 生}？我 正 在 寻 找 一 位 领 袖，魔 法 之 风 与 我 同 在。^付 {reg5}枚 金 币，我 便 加 入 你。
dlga_id:mercenary_tavern_talk.27|需 要 符 文 大 师 的 服 务 吗，{reg33?女 士:先 生}？我 能 驾 驭 神 秘 符 文，并 将 其 铭 刻 在 盔 甲 上 提 供 保 护。^付 {reg5}枚 金 币，我 便 加 入 你。
dlga_id:mercenary_tavern_talk.28|需 要 雇 佣 兵 吗，{reg33?女 士:先 生}？^{reg3?我 和 {reg4?我 的 {reg3}名 同 伴:我 的 一 名 同 伴}:我} 正 在 寻 找 一 位 出 色 的 领 袖。^付 {reg5}枚 金 币，{reg3?我 们 就:我 就} 加 入 你。{reg3?:}
dlga_id:mercenary_after_recruited|有 何 命 令，{reg33?女 士:先 生}？
dlga_id:mercenary_after_recruited_2|做 好 准 备。我 们 黎 明 时 出 发。
dlga_id:mercenary_after_recruited_2.1|别 急，我 们 还 要 在 这 个 镇 子 呆 上 一 段 时 间。
dlga_id:close_window_380|是，{reg33?夫 人 :先 生 }。你 下 令 出 发 时，我 们 会 准 备 好 的。
dlga_id:mercenary_tavern_talk_hire|好，我 把 你 们 全 都 雇 下。这 是 {reg5}枚 金 币。
dlga_id:mercenary_tavern_talk_hire.1|好，不 过 我 只 能 雇 {reg6}个 人。这 是 {reg5}枚 金 币。
dlga_id:close_window_381|{s17}
dlga_id:tavern_mercenary_cant_lead|听 起 来 不 错，但 目 前 我 负 担 不 起 再 雇 更 多 {reg65?士 兵:人 手}。
dlga_id:close_window_382|真 可 惜。嗯，{reg3?我 们 :我 } 会 在 这 附 近 逗 留 一 阵 子，如 果 你 需 要 雇 人 的 话。
dlga_id:tavern_mercenary_cant_lead.1|听 起 来 不 错，但 目 前 我 无 法 再 指 挥 更 多 {reg65?士 兵:人 手}。
dlga_id:close_window_383|真 可 惜。嗯，{reg3?我 们 :我 } 会 在 这 附 近 逗 留 一 阵 子，如 果 你 需 要 雇 人 的 话。
dlga_id:close_window_384|抱 歉。我 现 在 不 需 要 其 他 人 手 了。{reg33?:}
dlga_id:trainer_intro_1|日 安，{reg33?姑 娘:小 伙 子}。你 看 起 来 也 是 个 来 这 片 土 地 碰 一 碰 {reg33?她:他} 的 运 气 的 冒 险 者。相 信 我，若 不 懂 得 如 何 从 绝 境 中 杀 出 一 条 生 路，你 在 这 里 活 不 了 多 久。
dlga_id:trainer_intro_2|多 谢 你 的 忠 告。这 里 看 起 来 是 座 训 练 场。我 能 在 此 学 些 战 斗 技 巧 吗？
dlga_id:trainer_intro_3|当 然 可 以。我 是 一 名 老 兵……年 轻 时 打 过 不 少 仗。现 在，我 在 这 里 训 练 初 学 者。^若 你 愿 意，我 可 以 替 你 找 几 个 对 手 切 磋；若 你 对 战 斗 理 论 有 什 么 疑 问，也 尽 管 开 口。
dlga_id:trainer_intro_4a|嗯，我 确 实 有 些 问 题 要 问。
dlga_id:trainer_intro_4b|其 实，我 已 经 可 以 开 始 实 战 练 习 了。{reg33?:}
dlga_id:trainer_talk_combat|那 好，你 想 问 什 么 就 说 吧。
dlga_id:trainer_practice_1|好。能 碰 上 一 个 肯 下 苦 功 练 习 的 人，总 是 令 人 欣 慰。让 我 看 看 你 的 本 事。
dlga_id:trainer_practice_1_2|打 得 不 错。
dlga_id:trainer_practice_1.1|哈！看 来 你 已 经 被 打 得 一 瘸 一 拐 了。别 灰 心，只 要 能 从 中 吸 取 教 训，失 败 同 样 有 价 值。^把 眼 前 的 金 星 甩 掉，再 回 去 接 着 练。想 要 获 胜，没 有 别 的 捷 径。{reg33?:}
dlga_id:trainer_talk|日 安。准 备 好 今 天 训 练 了 吗？{reg33?:}
dlga_id:trainer_talk_2|啊，准 备 好 接 受 训 练 了 吗？
dlga_id:trainer_practice_1_3|我 已 经 准 备 好 练 习 了。
dlga_id:trainer_combat_begin|先 跟 我 讲 讲 战 斗 的 基 本 要 领……
dlga_id:close_window_385|我 要 走 了。再 见。
dlga_id:trainer_talk_combat_2|你 想 知 道 哪 方 面？
dlga_id:trainer_talk_combat_3|你 还 想 知 道 哪 方 面？
dlga_id:trainer_explain_defense|告 诉 我 如 何 防 守。
dlga_id:trainer_explain_attack|告 诉 我 如 何 使 用 武 器。
dlga_id:trainer_explain_horseback|告 诉 我 如 何 在 马 上 战 斗。
dlga_id:trainer_pretalk|我 想 理 论 已 经 学 得 差 不 多 了。谈 点 别 的 吧。
dlga_id:trainer_explain_defense_2|问 得 好。作 为 战 士，首 先 要 学 会 的 就 是 保 护 自 己。避 免 受 伤 是 战 斗 的 第 一 准 则，远 比 伤 害 别 人 更 重 要。^任 何 人 都 能 胡 乱 挥 剑，指 望 偶 然 砍 中 一 块 肉；但 只 有 真 正 精 通 防 守 的 战 士，才 能 活 着 讲 述 自 己 的 战 绩。
dlga_id:trainer_explain_defense_3|如 果 你 有 一 面 盾 的 话，防 御 就 变 得 简 单 多 了，只 需 用 盾 挡 在 你 和 对 方 的 兵 器 之 间 就 行 了。^【按 住 鼠 标 右 键 就 能 用 盾 防 御。】在 这 个 模 式 下，你 能 够 挡 开 一 切 正 面 进 攻。^但 是，你 还 是 得 提 防 从 侧 面 和 背 后 来 的 打 击。{reg33?:}
dlga_id:trainer_explain_defense_4|如 果 我 没 有 盾 呢？
dlga_id:trainer_combat_pretalk|那 你 就 必 须 用 武 器 格 挡 对 手，这 比 用 盾 牌 防 守 困 难 得 多。^用 武 器 时，你 每 次 只 能 防 住 一 个 方 向 的 攻 击：劈 砍、侧 击 或 突 刺。因 此 必 须 仔 细 观 察 对 手，在 他 发 动 攻 击 之 后 再 顺 着 来 势 格 挡。^若 你 过 早 摆 出 防 守 姿 势，对 手 只 要 换 个 方 向 出 手，就 能 轻 易 击 中 你。
dlga_id:trainer_explain_attack_2|问 得 好。常 言 道，进 攻 就 是 最 好 的 防 守。许 多 战 士 都 会 采 取 进 攻 姿 态，提 前 蓄 势，等 待 最 佳 时 机 挥 出 武 器。^【按 住 鼠 标 左 键 可 以 蓄 势，松 开 左 键 即 可 发 动 攻 击。】
dlga_id:trainer_explain_attack_3|听 起 来 很 实 用。
dlga_id:trainer_explain_attack_4|这 种 方 式 很 不 错，不 过 要 记 住，你 的 对 手 可 能 会 察 觉 到 你 的 行 为，进 而 做 出 相 应 的 防 守 动 作。如 果 这 样，你 需 要 中 断 当 前 攻 击，立 即 更 换 攻 击 方 向。【你 可 以 迅 速 点 击 鼠 标 右 键 来 取 消 当 前 攻 击。】
dlga_id:trainer_explain_attack_5|若 对 手 已 经 封 住 我 的 攻 击 方 向，我 就 应 立 即 收 招，改 从 另 一 个 方 向 出 手。
dlga_id:trainer_combat_pretalk_2|没 错，选 对 出 手 方 向 是 战 斗 中 至 关 重 要 的 本 领。攻 击 主 要 分 为 四 种：右 挥、左 挥、过 顶 劈 砍 和 向 前 突 刺。你 必 须 视 局 势 灵 活 运 用。^[使 用 默 认 操 作 时，按 下 鼠 标 左 键 的 同 时，将 鼠 标 移 向 你 想 从 哪 个 方 向 发 动 攻 击。]
dlga_id:trainer_combat_pretalk_3|问 得 好。战 马 本 身 就 是 战 士 最 强 大 的 武 器 之 一：它 给 你 速 度、高 度 和 冲 击 力，也 让 你 掌 握 主 动。许 多 武 器 在 马 背 上 会 更 加 致 命，但 要 格 外 提 防 那 些 放 平 骑 枪 冲 锋 的 敌 人—— 他 们 可 能 一 击 就 把 人 挑 下 马。^[同 样，你 也 可 以 拿 起 骑 枪 或 类 似 武 器，在 不 按 攻 击 键 或 防 御 键 的 情 况 下 催 马 加 速。达 到 一 定 速 度 后，骑 枪 会 自 动 放 平。接 下 来 只 需 操 纵 战 马，将 枪 尖 对 准 敌 人。]
dlga_id:trainer_practice_1_4|我 将 新 手 训 练 分 为 四 个 阶 段，难 度 逐 级 提 高。每 个 阶 段 都 必 须 连 胜 三 场，才 能 晋 级 到 下 一 阶 段。
dlga_id:novicemaster_are_you_ready|你 已 通 过 全 部 训 练 阶 段。不 过，若 还 想 磨 炼 身 手，随 时 都 可 以 继 续 练 习。准 备 好 了 吗？
dlga_id:trainer_practice_1.1_2|干 得 不 错，{reg33?姑 娘 们:女 士，请 说}。凭 这 场 胜 利，你 已 晋 入 下 一 级 训 练。从 现 在 起，你 的 对 手 将 是 正 经 斗 士，而 不 是 街 头 混 混。打 起 精 神 来。
dlga_id:trainer_practice_1.2|进 步 可 嘉，{reg33?姑 娘:小 伙 子}。欢 迎 来 到 第 三 级 训 练。从 现 在 起，你 将 面 对 久 经 阵 仗 的 老 手—— 士 兵、竞 技 场 常 客，以 及 其 他 狠 角 色。这 些 家 伙 懂 得 不 少 阴 招，务 必 守 紧 门 户。
dlga_id:trainer_practice_1.3|你 有 冠 军 的 心，{reg33?姑 娘:小 伙 子}，剑 术 也 与 之 相 配。从 现 在 起，你 的 对 手 将 是 冠 军 斗 士—— 他 们 是 精 英 中 的 精 英，是 我 训 练 过 的 最 佳 战 士。若 能 连 续 击 败 三 人，你 便 能 加 入 他 们 的 行 列。
dlga_id:novicemaster_finish_training|看 到 如 此 可 造 之 材，实 在 令 我 欣 慰。你 已 通 过 所 有 阶 段 的 训 练；从 今 往 后，大 可 告 诉 众 人，你 曾 受 训 于 训 练 场 大 师。{reg33?:}
dlga_id:novicemaster_finish_training_2|多 谢，大 师。
dlga_id:close_window_386|祝 你 在 锦 标 赛 中 好 运。还 有，别 忘 了，如 果 你 想 随 时 练 练 剑 术，过 来 说 一 声 就 行。
dlga_id:novicemaster_are_you_ready.1|你 的 下 一 个 对 手 是{s9}。你 还 须 连 胜{reg8}场 才 能 晋 级。准 备 好 了 吗？{reg33?:}
dlga_id:novicemaster_ready_to_fight|是 的，我 已 准 备 妥 当。{reg33?:}
dlga_id:close_window_387|那 就 去 吧，祝 你 好 运。
dlga_id:novicemaster_not_ready|等 一 下，我 还 没 准 备 好。{reg33?:}
dlga_id:close_window_388|嘿，不 练 习 你 就 永 远 没 法 提 高。
dlga_id:close_window_389|日 安，我 的 {reg33?女 士 :领 主 }。我 们 预 计 大 约 {reg4}天 后 开 始 生 产。
dlga_id:master_craftsman_talk|日 安，我 的 {reg33?女 士 :大 人 }。承 蒙 您 亲 临，是 我 们 的 荣 幸。请 问 有 何 吩 咐？
dlga_id:master_craftsman_talk_2|遵 命，我 的 {reg33?女 士:大 人}。还 有 其 他 吩 咐 吗？
dlga_id:master_craftsman_accounts|让 我 们 检 查 一 下 账 簿。
dlga_id:master_craftsman_pretalk|让 我 们 盘 点 一 下 存 货。
dlga_id:master_craftsman_pretalk.1|请 将 生 产 出 来 的 货 物 随 时 卖 掉。
dlga_id:master_craftsman_pretalk.2|在 我 回 来 之 前，把 所 有 成 品 都 存 入 仓 库。
dlga_id:master_craftsman_pretalk_2|我 们 现 在 每 周 可 产 出{s3}，价 值{reg1}枚 金 币。生 产 这 些 货 物 所 需 的{s4}原 料 价 值{reg2}枚 金 币，工 钱 与 维 护 费 则 为{reg3}枚 金 币。{s9}因 此，若 仓 库 中 没 有 自 备 原 料，且 成 品 直 接 在 当 地 市 场 售 出，理 论 上 每 周 可 获 得{s12}{reg0}枚 金 币。
dlga_id:master_craftsman_disguise_asked|我 需 要 一 套 商 人 服 饰，方 便 我 出 面 洽 谈 生 意。
dlga_id:master_craftsman_pretalk_3|如 你 所 愿，{reg33?女 士:先 生}。裁 缝 量 好 尺 寸 后，我 会 尽 快 把 成 品 送 给 你。
dlga_id:master_craftsman_production_options|能 否 向 我 说 明 生 产 与 销 售 方 面 的 各 种 选 择？
dlga_id:master_craftsman_production_options_2|当 然，我 的 {reg33?女 士:大 人}。通 常 最 赚 钱 的 做 法，是 让 我 们 自 行 购 买 原 料，并 把 成 品 直 接 卖 到 市 场。凭 借 与 本 地 商 人 的 长 期 关 系，我 们 通 常 能 卖 出 很 好 的 价 钱。
dlga_id:master_craftsman_pretalk_4|不 过，若 你 能 在{s5}以 外 买 到 更 便 宜 的 原 料，可 将 其 存 入 仓 库，我 们 会 优 先 使 用，不 再 从 市 场 采 购。^同 样，若 你 认 为 成 品 在 别 处 能 卖 出 更 好 的 价 钱，也 可 命 我 们 将 产 品 存 入 仓 库，任 你 自 行 处 置。
dlga_id:master_craftsman_auction_price|我 无 法 再 继 续 经 营 这 间 工 坊 了。
dlga_id:master_craftsman_auction_decide|真 遗 憾，我 的 {reg33?长 官:领 主}。若 卖 掉 土 地 与 设 备，再 清 空 库 存，我 估 计 可 收 回 约 {reg4}枚 金 币。
dlga_id:master_craftsman_liquidation|这 个 价 钱 可 以 接 受。着 手 出 售 吧。
dlga_id:master_craftsman_pretalk_5|嗯……此 事 暂 且 搁 下。
dlga_id:close_window_390|如 您 所 愿。能 为 您 效 劳，曾 是 我 的 荣 幸。
dlga_id:close_window.1_65|暂 时 就 这 些。
dlga_id:mayor_begin|日 安，{s0}。
dlga_id:mayor_talk|你 好，陌 生 人。看 来 你 初 到 {s9}。我 是 本 城 的 行 会 会 长。{reg33?:}{reg33?:}
dlga_id:mayor_begin.1|日 安，{playername}。
dlga_id:lord_persuade_lords_to_make_peace_completed|{playername}，能 促 成 {s14} 与 {s15} 议 和，实 在 是 一 项 惊 人 壮 举，而 你 真 的 办 到 了。^你 不 仅 使 我 们 的 城 镇 免 遭 灾 祸，也 拯 救 了 数 千 条 性 命，终 结 了 这 场 苦 战 带 来 的 无 尽 悲 痛。^我 们 {s19} 的 市 民 一 向 信 守 诺 言。这 里 是 先 前 答 应 的 {reg12}枚 金 币。
dlga_id:lord_persuade_lords_to_make_peace_pay|多 谢。请 把 酬 金 给 我。
dlga_id:lord_persuade_lords_to_make_peace_no_pay|不 需 要 这 些 钱，我 只 做 认 为 是 对 的 事。{reg33?:}
dlga_id:close_window_392|哦，当 然。酬 金 早 已 备 好。请 收 下 这 {reg12}枚 金 币，也 请 接 受 我 们 最 诚 挚 的 谢 意。我 和 全 城 百 姓 都 不 会 忘 记 你 的 援 手。
dlga_id:close_window_393|你 的 确 是 位 非 凡 人 物，{reg33?夫 人 :先 生 }。能 与 你 相 识，是 我 的 荣 幸。你 不 仅 完 成 了 几 乎 不 可 能 的 壮 举，终 结 了 这 场 可 怕 的 战 争，甚 至 还 不 愿 接 受 酬 劳。既 然 如 此，我 不 再 强 求；但 请 相 信，你 将 永 远 赢 得 我 们 的 敬 意 与 感 激。{reg33?:}
dlga_id:lord_deal_with_night_bandits_completed|干 得 漂 亮，{playername}。那 些 无 法 无 天 的 恶 徒 转 眼 就 被 你 收 拾 干 净 了。多 谢 相 助，请 收 下 这 150枚 金 币 的 赏 金。
dlga_id:close_window_394|我 很 荣 幸，{s65}。
dlga_id:mayor_looters_quest_response|啊 哈，{playername}。你 有 什 么 进 展 要 报 告 的 吗？
dlga_id:mayor_looters_quest_destroyed|我 杀 掉 了 一 些 劫 匪。
dlga_id:mayor_looters_quest_goods|我 带 了 一 些 货 物 给 你。
dlga_id:close_window_395|还 没 有，先 生。告 辞。
dlga_id:mayor_looters_quest_destroyed_2|没 错，我 的 斥 候 看 到 了 全 部 经 过。此 事 足 以 让 其 他 人 在 落 草 为 寇 前 三 思！每 剿 灭 一 伙 可 得 40枚 金 币，合 计 {reg1}枚。这 是 说 好 的 酬 金。
dlga_id:close_window_396|好 消 息 还 不 止 这 些！多 亏 了 你，掠 夺 者 已 不 再 构 成 威 胁。我 们 已 有 一 阵 子 没 收 到 袭 击 报 告；即 使 还 有 残 党，也 早 已 逃 之 夭 夭 或 躲 进 深 山。商 路 安 稳，城 镇 才 能 兴 旺。^我 想，我 们 的 约 定 到 此 便 算 完 成 了，{playername}。请 收 下 这 笔 银 币，权 当 我 的 一 点 谢 意。多 谢，珍 重。
dlga_id:mayor_looters_quest_response_2|还 有 什 么？
dlga_id:mayor_looters_quest_goods_response|哈，我 就 知 道 可 以 指 望 你！告 诉 我 要 从 你 的 行 囊 中 取 走 哪 件 货 物，我 会 派 人 来 搬。我 还 需 要 价 值 {reg1}枚 金 币 的 货 物。
dlga_id:mayor_looters_quest_goods_2|{s5}.
dlga_id:mayor_looters_quest_goods_3|现 在 没 有，先 生。
dlga_id:mayor_looters_quest_response_3|还 有 什 么？
dlga_id:mayor_looters_quest_goods_response_2|好 极 了，这 是 购 买 {s6} 的 货 款。还 有 其 他 货 物 吗？我 仍 需 要 价 值 {reg1}枚 金 币 的 东 西。
dlga_id:close_window_397|干 得 漂 亮，{playername}。这 正 是 我 缺 的 最 后 一 批 {s6}。这 是 货 款，另 外 再 加 一 笔 酬 金，感 谢 你 替 我 摆 脱 了 麻 烦。^从 现 在 起，我 不 再 收 购 这 些 货 物，也 不 会 继 续 悬 赏 掠 夺 者。不 过 若 还 有 漏 网 之 鱼，镇 上 的 人 当 然 乐 意 看 到 你 继 续 追 杀 他 们。你 的 帮 助，我 不 会 忘 记。
dlga_id:close_window_398|很 高 兴 再 次 见 到 你，{playername}。我 听 说 你 成 功 地 运 送 了 这 些 牛。我 将 告 诉 商 人 们，你 是 多 么 值 得 信 赖。这 是 你 的 报 酬，{reg8}金 币。
dlga_id:move_cattle_herd_failed|我 听 说 你 在 前 往 {s9} 的 路 上 弄 丢 了 牛 群。我 费 了 很 大 力 气，才 向 牛 群 的 主 人 解 释 你 的 失 败，{reg33?女 士:先 生}。你 有 什 么 要 说 的 吗？
dlga_id:move_cattle_herd_failed_2|对 不 起。但 是 我 在 路 上 被 人 袭 击 了。
dlga_id:move_cattle_herd_failed_2.1|对 不 起。这 些 愚 蠢 的 动 物 在 晚 上 的 时 候 跑 丢 了。
dlga_id:merchant_ask_for_debts|无 论 遇 到 什 么 情 况，把 牛 群 安 全 送 达 都 是 你 的 责 任。牛 群 的 主 人 要 求 我 赔 偿 损 失，我 不 得 不 支 付 1000枚 金 币。所 以，这 笔 钱 如 今 由 你 偿 还。
dlga_id:close_window.1_66|{playername}—— 我 很 感 激 你 把 我 朋 友 的 女 儿 带 回 来。请 收 下 这 事 先 说 好 的 {reg8}金 币。我 的 朋 友 希 望 能 再 多 给 点，可 是 那 些 赎 金 已 经 让 他 一 无 所 有 了。
dlga_id:mayor_friendly_pretalk|好—— 看 来 你 果 然 追 上 了 那 伙 强 盗，也 让 他 们 明 白 破 坏 商 路 会 有 什 么 下 场。这 是 你 的 报 酬：{reg5}枚 金 币。你 当 之 无 愧，我 们 也 由 衷 感 激。
dlga_id:mayor_friendly_pretalk.1|我 已 听 说 你 的 事 迹。那 些 强 盗 得 到 了 应 有 的 下 场，你 果 然 名 不 虚 传。这 是 你 的 奖 金：{reg5}枚 金 币。我 本 想 给 得 更 多，可 那 些 恶 徒 几 乎 已 将 我 洗 劫 一 空。{reg33?:}
dlga_id:merchant_ask_for_debts_2|按 账 簿 记 载，你 尚 欠 商 人 行 会 {reg1}枚 金 币。我 最 好 现 在 就 把 这 笔 债 收 回。
dlga_id:merchant_debts_paid|好 吧。我 会 偿 清 这 笔 债。
dlga_id:mayor_pretalk|很 好。我 会 通 知 其 他 行 会 商 人，你 已 经 还 清 所 有 欠 款。
dlga_id:merchant_debts_not_paid|恐 怕 我 现 在 拿 不 出 这 么 多 钱。
dlga_id:close_window_399|既 然 如 此，恐 怕 我 不 能 与 你 继 续 做 生 意。行 会 规 矩 如 此……等 你 能 偿 还 {reg1}枚 金 币 时 再 来。还 有，欠 款 会 计 收 利 息，所 以 越 早 还 清 越 好。
dlga_id:mayor_talk_2|有 什 么 可 以 为 你 效 劳？
dlga_id:mayor_talk_3|现 在 还 有 什 么 我 能 效 劳 的 吗？
dlga_id:mayor_talk_4|请 讲。
dlga_id:mayor_info_begin|能 告 诉 我 你 在 城 中 承 担 什 么 职 责 吗？
dlga_id:merchant_quest_requested|你 有 活 让 我 干 吗？
dlga_id:merchant_quest_last_offered_job|关 于 你 提 出 的 那 个 工 作……
dlga_id:merchant_quest_about_job|关 于 你 给 我 的 那 个 工 作……
dlga_id:mayor_political_talk|我 有 些 关 于 政 治 形 势 的 问 题。
dlga_id:mayor_economy_report_1|这 一 带 的 商 贸 光 景 如 何？
dlga_id:mayor_cattle|我 想 卖 些 牛 给 你。
dlga_id:mayor_cattle_purchase|我 看 你 有 {reg5}头 牛 要 卖。若 想 与 我 交 易，我 最 多 能 为 全 部 牛 群 出 价 {reg6}枚 金 币。这 已 是 公 道 价 钱。
dlga_id:mayor_cattle_sale|很 好，我 接 受 你 的 出 价。
dlga_id:mayor_cattle_no_sale|我 绝 不 可 能 以 这 么 低 的 价 格 卖 掉 它 们。我 会 去 别 处 做 生 意 的。
dlga_id:mayor_talk_5|很 好。若 你 改 变 主 意，随 时 来 告 诉 我。
dlga_id:mayor_talk_6|这 笔 买 卖 很 划 算，多 谢 了，{playername}。
dlga_id:mayor_wealth_comparison_1|和 新 世 界 的 其 他 地 方 相 比，这 个 地 区 算 得 上 富 有 吗？
dlga_id:mayor_investment_possible|我 想 在 这 座 城 镇 买 块 地，开 办 一 间 工 坊。
dlga_id:mayor_pretalk_2|你 已 经 在 这 里 开 办 了 一 间 {s4}。城 里 恐 怕 没 有 足 够 的 熟 练 工 匠，再 支 撑 第 二 间 工 坊。
dlga_id:mayor_investment_advice|嗯，撇 开 那 顶 可 笑 的 帽 子 不 谈，你 看 起 来 倒 是 个 颇 为 精 明 的 {reg33?姑 娘:家 伙}。尽 管 在 此 投 资 吧；至 于 能 否 获 利，就 要 看 你 自 己 的 本 事 了。{reg33?:}
dlga_id:mayor_investment_advice.1|当 然，{reg33?女 士:先 生}。你 是 这 座 城 镇 的 领 主，没 人 会 阻 止 你。
dlga_id:mayor_investment|嗯……鉴 于 你 与 我 们 的 君 主 {s4} 关 系 如 此 恶 劣，恐 怕 没 人 敢 把 土 地 卖 给 你。
dlga_id:mayor_pretalk.1|说 实 话，行 会 的 人 还 想 再 观 察 你 一 阵。我 们 对 来 这 里 买 地 的 外 乡 人 一 向 很 谨 慎。
dlga_id:mayor_investment_advice.2|很 好，{reg33?女 士:先 生}。行 会 信 任 你，我 想 应 该 能 找 到 愿 意 出 售 土 地 的 人。
dlga_id:investment_choose_enterprise|有 几 点 需 要 说 明：熟 练 工 匠 一 向 抢 手，我 怀 疑 这 座 城 镇 能 否 支 撑 一 间 以 上 的 工 坊。若 想 获 利，最 好 选 择 供 应 较 少、而 原 料 又 便 宜 的 商 品。你 想 开 办 哪 种 工 坊？^^^注 意：开 办 多 家 同 类 工 坊 会 冲 击 市 场，实 际 利 润 很 可 能 低 于 以 下 估 算。
dlga_id:investment_summary|一 间 磨 坊 和 面 包 店，用 谷 物 制 作 面 包（需 {reg7}枚 金 币，预 计 每 周 利 润 {reg0}枚 金 币）{s9}
dlga_id:investment_summary.1|一 间 酿 酒 厂，用 谷 物 酿 造 啤 酒（需 {reg7}枚 金 币，预 计 每 周 利 润 {reg0}枚 金 币）{s9}
dlga_id:investment_summary.2|一 间 制 革 厂，用 兽 皮 制 作 皮 革（需 {reg7}枚 金 币，预 计 每 周 利 润 {reg0}枚 金 币）{s9}
dlga_id:investment_summary.3|一 间 葡 萄 酒 压 榨 坊，用 葡 萄 酿 造 葡 萄 酒（需 {reg7}枚 金 币，预 计 每 周 利 润 {reg0}枚 金 币）{s9}
dlga_id:investment_summary.4|一 间 榨 油 坊，用 橄 榄 榨 油（需 {reg7}枚 金 币，预 计 每 周 利 润 {reg0}枚 金 币）{s9}
dlga_id:investment_summary.5|一 间 铁 匠 铺，用 生 铁 打 造 工 具（需 {reg7}枚 金 币，预 计 每 周 利 润 {reg0}枚 金 币）{s9}
dlga_id:investment_summary.6|一 间 染 坊，用 丝 绸 和 染 料 制 作 天 鹅 绒（需 {reg7}枚 金 币，预 计 每 周 利 润 {reg0}枚 金 币）{s9}
dlga_id:investment_summary.7|一 间 毛 纺 作 坊，用 羊 毛 制 作 毛 料（需 {reg7}枚 金 币，预 计 每 周 利 润 {reg0}枚 金 币）{s9}
dlga_id:investment_summary.8|一 间 亚 麻 作 坊，用 亚 麻 制 作 亚 麻 布（需 {reg7}枚 金 币，预 计 每 周 利 润 {reg0}枚 金 币）{s9}
dlga_id:mayor_pretalk_4|算 了。
dlga_id:mayor_investment_confirm|很 好。购 地 和 建 造 {s3} 共 需 {reg7}枚 金 币。按 目 前 的 行 情，{s3} 每 周 可 生 产 价 值 {reg1}枚 金 币 的 {s4}；所 需 原 料 {s6} 价 值 {reg2}枚 金 币，人 工 与 维 护 费 用 为 {reg3}枚 金 币。{s9}预 计 每 周 利 润 约 为 {reg0}枚 金 币。当 然，这 一 估 算 假 定 价 格 保 持 不 变—— 而 价 格 从 来 不 会 一 成 不 变。你 还 要 继 续 吗？
dlga_id:mayor_investment_purchase|是 的。这 是 购 地 的 钱。
dlga_id:mayor_investment_advice_2|不 了，目 前 看 来 不 划 算。
dlga_id:mayor_pretalk_5|很 好。你 的 工 坊 大 约 一 周 后 就 能 开 工。今 后 来 到 这 里，直 接 找 你 的 {s4} 处 理 各 项 事 务。
dlga_id:close_window_400|再 见
dlga_id:mayor_info_talk|我 不 过 是 您 卑 微 的 仆 人，也 是 {s9} 的 行 会 会 长。{s9} 的 百 姓 有 时 会 请 我 代 为 处 理 那 些 不 劳 您 亲 自 过 问 的 琐 事。
dlga_id:mayor_info_talk.1|我 是 {s9} 的 行 会 会 长，也 可 以 说 是 {s9} 良 善 市 民 的 领 袖。{reg5?你 或 许 没 听 说 过 我，但 我 听 说 过 你 那 些 {reg4?卑 劣:高 尚} 的 事 迹，{playername}:如 果 你 在 找 正 当 差 事，我 可 以 帮 你 介 绍 工 作}。
dlga_id:mayor_info_lord|谁 统 治 这 个 镇？
dlga_id:mayor_info_talk_2|我 们 城 镇 的 领 主 与 保 护 者 是 {s10}。{reg10?在 那 之 前:{reg5?{reg0?她:他} 拥 有 城 堡，有 时 住 在 那 里，并 向 城 镇 征 税:你 的 驾 临 并 非 每 天 都 能 有 幸 见 到}。不 过}，大 多 数 与 本 城 有 关 的 事 务 仍 由^我 们 自 行 管 理。作 为 行 会 会 长，我 有 权 决 定 这 些 事 情。
dlga_id:mayor_pretalk_6|我 明 白 了。谢 谢。
dlga_id:mayor_political_questions|政 治？天 哪，行 会 与 政 治 毫 无 干 系。我 们 都 是 {s10} 的 忠 诚 臣 民，只 管 理 城 中 事 务，将 市 民 的 诉 求 转 达 给 诸 位 大 人，偶 尔 也 提 醒 他 们 莫 听 信 奸 邪 之 言。总 之，你 想 问 什 么？
dlga_id:mayor_political_questions_2|我 是 不 是 说 过，我 们 这 里 的 人 全 都 {s9}？这 句 话 再 说 多 少 遍 也 不 嫌 多……总 之，还 有 别 的 问 题 吗？
dlga_id:mayor_war_description_1|我 想 知 道 新 世 界 上 的 战 火 都 是 如 何 燃 起 的？
dlga_id:mayor_war_description_2|概 括 地 说，每 位 统 治 者 都 声 称 自 己 是 祖 传 领 土 的 合 法 继 承 人。^有 些 主 张 源 自 早 已 被 遗 忘 的 王 朝 联 姻，有 些 则 建 立 在 隐 秘 承 诺 或 神 圣 预 言 之 上。于 是 从 理 论 上 讲，任 何 王 国 都 能 随 时 向 另 一 个 王 国 宣 战。
dlga_id:mayor_prepolitics|实 际 上，发 动 战 争 是 件 劳 民 伤 财 的 事。摧 毁 敌 人 的 农 田 很 容 易，但 庄 稼 还 会 长 出 来，^而 要 攻 占 并 守 住 敌 人 的 要 塞，那 就 完 全 是 另 一 回 事 了。所 以，这 些 土 地 的 君 主 们 通 常 会 打 一 打，^签 个 停 战 协 议，再 打 一 打，如 此 反 复。通 常，当 另 一 个 王 国 挑 衅 时，君 主 才 会 开 战。^那 时，一 些 指 望 靠 赎 金 和 掠 夺 发 财 的 坏 家 伙 会 吵 着 要 报 复，因 此，战 争 对 君 主 国 库 造 成 的 损 害，比 起 无 所 作 为 对 其 权 威 造 成 的 损 害 要 小……当 然，殿 下 在 这 些 事 务 上 远 比 我 们 经 验 丰 富，像 我 这 样 的 和 这 里 的 平 民 百 姓，可 不 敢 妄 谈 什 么 战 略……
dlga_id:mayor_war_description_3|说 到 底，打 仗 是 件 劳 民 伤 财 的 苦 差 事。烧 毁 敌 人 的 田 地 不 难，可 庄 稼 还 会 再 长；^真 正 困 难 的 是 攻 下 一 座 要 塞 并 牢 牢 守 住。因 此，各 国 君 主 往 往 打 一 阵、签 个 停 战 协 议，^再 打 一 阵，如 此 反 复。通 常，只 有 受 到 他 国 挑 衅 时，君 主 才 会 开 战。^每 到 这 时，那 些 想 靠 赎 金 和 掠 夺 发 财 的 好 战 分 子 便 会 高 喊 复 仇；对 君 主 而 言，战 争 造 成 的 国 库 损 失，反 而 可 能 小 于 按 兵 不 动 对 威 望 造 成 的 损 害……当 然，我 说 的 绝 不 是 {s10}，谁 敢 质 疑 这 位 大 人 的 权 威 呢？
dlga_id:mayor_war_description_4|我 再 强 调 一 次：行 会 与 政 治 无 关。但 若 {s10} 以 忠 诚 臣 民 的 身 份 征 求 我 的 意 见，我 会 说：^即 便 {reg4?她:他} 有 充 分 理 由 主 张 这 些 土 地，最 正 当 的 主 张 也 需 要 武 装 人 员 支 持；^武 装 人 员 需 要 钱，钱 来 自 贸 易，而 战 争 会 摧 毁 贸 易。因 此 有 时，提 出 主 张 的 最 佳 办 法 是 不 提 出 主^张—— 如 果 你 明 白 我 的 意 思。
dlga_id:mayor_prepolitics_2|如 果 见 到 {s10}，你 可 以 把 这 些 话 转 告 {reg4?她:他}。不 要 特 意 提 我 的 名 字—— 只 说 是“{s4} 的 民 众”告 诉 你 的。这 当 然 只 是 我 们 对 {s10} 最 佳 利 益 的 个 人 看 法；我 们 绝 不 会 质 疑 君 主 推 动 {reg4?她:他} 合 法 主 张 的 主 权 权 利。
dlga_id:mayor_politics_assess|对 于 这 片 土 地 上 的 其 他 王 国，{reg5?假 设 由 我 来 决 定，我:那 么 {s10}} 应 采 取 什 么 政 策？
dlga_id:mayor_pretalk_7|什 么 王 国？{reg10?陛 下 :我 们 的 主 君 } 已 经 把 它 们 全 征 服 了！
dlga_id:mayor_politics_assess_realm|你 想 知 道 对 哪 个 国 家 的 政 策？
dlga_id:mayor_politics_give_realm_assessment|{s11}
dlga_id:mayor_prepolitics_3|{s14}
dlga_id:mayor_internal_politics|你 能 谈 谈 各 国 内 部 的 政 局 吗？
dlga_id:mayor_internal_politics_2|在 {s4}，我 们 都 因 爱 戴 {reg5?大 人:{s5}} 而 团 结，并 支 持 {reg5?你:{reg4?她:他} 对} 统 治 这 片 土 地 的 合 法 主 张。不 过，我 听 说 其 他 王 国 内 部 正 争 执 不 休……
dlga_id:mayor_internal_politics_3|同 一 王 国 的 领 主，往 往 对 荣 誉、战 略 以 及 贵 族 应 有 的 行 止 各 持 己 见。此 外，他 们 还 会 争 夺 君 主 的 宠 信，时 刻 衡 量 自 己 的 处 境—— 自 己 势 力 如 何，亲 友 势 力 如 何，仇 敌 又 占 据 何 种 位 置。
dlga_id:mayor_internal_politics_4|在 这 种 紧 张 局 势 下，领 主 随 时 可 能 离 弃 主 君，转 而 向 另 一 位 君 王 宣 誓 效 忠。理 论 上，每 位 领 主 都 曾 立 下 封 臣 誓 言；实 际 上，他 们 总 能 找 到 借 口 为 背 叛 开 脱。^封 臣 可 以 声 称 主 君 未 尽 保 护 与 公 正 对 待 之 责；也 可 以 宣 称 主 君 本 是 篡 位 者，另 有 他 人 对 王 位 拥 有 更 正 当 的 权 利。
dlga_id:mayor_internal_politics_5|主 君 与 封 臣 始 终 彼 此 提 防。若 国 王 相 信 某 位 封 臣 准 备 倒 戈 或 叛 乱，便 可 以 叛 国 罪 起 诉 对 方，并 没 收 其 领 地 与 财 产。反 过 来，若 封 臣 担 心 自 己 将 被 定 罪，也 可 能 抢 先 举 兵。通 常，先 出 手 的 一 方 更 有 机 会 控 制 那 名 封 臣 的 要 塞。
dlga_id:mayor_prepolitics_4|须 知，人 们 不 会 信 任 一 个 轻 易 倒 戈 的 封 臣。不 过，殿 下 必 定 比 我 更 了 解 王 国 上 下 的 人 心，也 自 有 更 高 明 的 谋 划。
dlga_id:mayor_prepolitics.1|人 们 不 会 信 任 轻 易 倒 戈 的 封 臣，也 不 会 信 任 随 意 以 叛 国 罪 罗 织 臣 下 的 君 王。正 是 这 两 重 顾 忌，勉 强 维 系 着 一 个 王 国。^但 若 主 君 与 封 臣 的 关 系 恶 化 到 极 点，局 势 便 会 变 得 万 分 紧 张……当 然，那 都 是 别 国 的 事。在 {s4}，绝 不 可 能 发 生 这 种 情 况。
dlga_id:mayor_pretalk_8|都 明 白 了。谢 谢。
dlga_id:merchant_quest_about_job_2|怎 么 了？
dlga_id:merchant_quest_what_if_fail|如 果 我 无 法 完 成 任 务 怎 么 办？
dlga_id:merchant_quest_about_job_working|嗯，我 还 在 做。
dlga_id:mayor_pretalk_9|很 好，我 相 信 你 是 能 完 成 的。
dlga_id:merchant_quest_brief|哦，你 愿 意 重 新 考 虑？很 好……
dlga_id:mayor_pretalk_10|我 希 望 你 不 会 失 败。若 货 物 有 失，我 只 能 要 求 你 照 价 赔 偿。
dlga_id:mayor_pretalk.1_2|好 吧。尽 力 把 它 完 成。
dlga_id:mayor_pretalk_11|太 棒 了，全 靠 你 了。祝 你 好 运。
dlga_id:mayor_pretalk_12|这 份 差 事 应 该 还 会 保 留 几 天。若 你 决 定 接 下，来 告 诉 我。
dlga_id:mayor_economy_report_2|{s32}
dlga_id:mayor_economy_report_3|{s42}
dlga_id:mayor_pretalk_13|{s47}
dlga_id:merchant_quest_brief_2|好，你 看 上 去 够 能 干。我 想 我 也 许 有 些 活 让 你 做。
dlga_id:merchant_quest_looters_choice|近 来 {s5} 附 近 爆 发 了 战 斗，混 乱 之 中，一 些 本 地 无 赖 趁 机 洗 劫 商 铺 与 农 场，抢 走 了 大 批 贵 重 货 物。我 需 要 有 人 给 那 些 混 蛋 一 个 教 训。听 起 来 像 是 你 擅 长 的 活 吗？
dlga_id:merchant_quest_looters_brief|是，我 会 去 做 这 个。
dlga_id:merchant_quest_stall|恐 怕 我 现 在 不 能 帮 你 的 忙。
dlga_id:close_window_401|太 好 了！你 会 在 乡 野 间 找 到 四 处 流 窜 的 掠 夺 者，他 们 多 半 还 在 打 无 辜 百 姓 的 主 意。杀 掉 或 抓 住 那 些 混 蛋，随 你 处 置。每 剿 灭 一 伙，我 就 支 付 40枚 金 币，直 到 所 有 掠 夺 者 都 被 清 除。
dlga_id:merchant_quest_explain_2|确 实 有 一 件 大 事 想 请 你 帮 忙。你 或 许 已 经 听 说，一 些 {s10} 不 久 前 越 过 边 境，^袭 击 了 我 们 的 人 民。国 内 那 些 好 战 的 封 臣 正 不 断 逼 迫 {s5} 宣 战，局 势 已 经 到 了 剑 拔 弩 张 的 地 步^。一 旦 开 战，大 领 主 们 会 靠 鲜 血 与 掠 夺 发 财，真 正 被 夹 在 中 间 受 苦 的 却 是 我 们 这 些 平 民。
dlga_id:merchant_quest_brief_3|我 们 并 非 主 张 {s5} 应 放 任 这 次 侵 略，绝 非 如 此！但 若 {reg0?她:他} 派 一 位 领 主 回 应，^挑 衅 的 循 环 必 会 酿 成 激 烈 冲 突。若 有 外 来 者 介 入 并 在 战 斗 中 击 败 {s10} 的 一 位 领 主，^荣 誉 便 得 以 保 全，战 争 也 可 降 温。若 战 败 领 主 恰 是 臭 名 昭 著 的 煽 动 者 {s7}，^那 么 {s10} 的 领 主 们 或 许 会 睁 一 只 眼 闭 一 只 眼。
dlga_id:merchant_quest_retaliate_confirm|我 们 需 要 你 攻 击 并 击 败 {s7}。这 绝 非 易 事，而 且 这 名 外 来 者 会 损 害 {reg33?她 的} 与 {s10} 诸 领 主 的 关 系；不 过 我 们 会 万 分 感 激。我 们 不 能 公 开 承 认 与 此 人 有 关 联，但 可 以 确 保 {reg33?她:他} 会 得 到 丰 厚 报 酬。你 能 做 到 吗？
dlga_id:merchant_quest_track_bandits_brief|是，我 可 以 做。
dlga_id:merchant_pretalk_8|我 宁 愿 不 干 预 这 种 事 情。
dlga_id:merchant_quest_track_bandit_lair_choice|亡 灵 墓 穴 就 在 这 一 带 某 处（按 距 离 算，它 比 任 何 其 他 城 镇 都 更 靠 近 此 地），但 我 现 在 也 无 法 给 出 更 准 确 的 方 位。最 好 的 办 法，是 找 到 一 群 正 返 回 巢 穴 补 给 的 亡 灵，悄 悄 跟 在 后 面。
dlga_id:merchant_quest_track_bandit_lair_choice.1|乔 克 塔 地 精 就 在 这 一 带 某 处（按 距 离 算，他 们 比 任 何 其 他 城 镇 都 更 靠 近 此 地），但 我 现 在 也 无 法 给 出 更 准 确 的 方 位。最 好 的 办 法，是 找 到 一 群 正 返 回 营 地 补 给 的 乔 克 塔 地 精，悄 悄 跟 在 后 面。
dlga_id:merchant_quest_track_bandit_lair_choice.2|海 盗 藏 身 处 就 在 这 一 带 某 处（按 距 离 算，它 比 任 何 其 他 城 镇 都 更 靠 近 此 地），但 我 现 在 也 无 法 给 出 更 准 确 的 方 位。最 好 的 办 法，是 找 到 一 伙 正 返 回 基 地 补 给 的 海 盗，悄 悄 跟 在 后 面。
dlga_id:merchant_quest_track_bandit_lair_choice.3|海 盗 藏 身 处 就 在 这 一 带 某 处（按 距 离 算，它 比 任 何 其 他 城 镇 都 更 靠 近 此 地），但 我 现 在 也 无 法 给 出 更 准 确 的 方 位。最 好 的 办 法，是 找 到 一 伙 正 返 回 基 地 补 给 的 海 盗，悄 悄 跟 在 后 面。
dlga_id:merchant_quest_track_bandit_lair_choice.4|亡 灵 最 可 能 出 没 在 海 岸 附 近（按 距 离 算，他 们 比 任 何 其 他 城 镇 都 更 靠 近 此 地）。最 好 的 办 法，是 找 到 一 群 正 返 回 据 点 补 给 的 亡 灵，悄 悄 跟 在 后 面。
dlga_id:merchant_quest_track_bandit_lair_choice.5|沙 漠 掠 夺 者 通 常 把 营 地 扎 在 大 漠 深 处（按 距 离 算，他 们 比 任 何 其 他 城 镇 都 更 靠 近 此 地）。最 好 的 办 法，是 找 到 一 伙 正 返 回 营 地 补 给 的 沙 漠 掠 夺 者，悄 悄 跟 在 后 面。
dlga_id:merchant_quest_track_bandit_lair_choice.6|亚 马 逊 强 盗 的 营 地 就 在 这 一 带 某 处（按 距 离 算，它 比 任 何 其 他 城 镇 都 更 靠 近 此 地）。最 好 的 办 法，是 找 到 一 群 正 返 回 营 地 补 给 的 亚 马 逊 强 盗，悄 悄 跟 在 后 面。
dlga_id:merchant_quest_track_bandit_lair_choice.7|这 些 猎 人 强 盗 通 常 将 营 地 设 在 密 林 深 处（按 距 离 算，他 们 比 任 何 其 他 城 镇 都 更 靠 近 此 地）。最 好 的 办 法，是 找 到 一 伙 正 返 回 营 地 补 给 的 猎 人 强 盗，悄 悄 跟 在 后 面。
dlga_id:merchant_quest_track_bandit_lair_choice.8|沙 漠 强 盗 通 常 将 营 地 设 在 大 漠 深 处（按 距 离 算，他 们 比 任 何 其 他 城 镇 都 更 靠 近 此 地）。最 好 的 办 法，是 找 到 一 伙 正 返 回 营 地 补 给 的 沙 漠 强 盗，悄 悄 跟 在 后 面。
dlga_id:merchant_quest_track_bandit_lair_choice.9|这 些 地 精 强 盗 通 常 将 营 地 设 在 密 林 深 处（按 距 离 算，他 们 比 任 何 其 他 城 镇 都 更 靠 近 此 地）。最 好 的 办 法，是 找 到 一 伙 正 返 回 营 地 补 给 的 地 精 强 盗，悄 悄 跟 在 后 面。
dlga_id:merchant_quest_track_bandit_lair_choice.10|斯 卡 文 海 盗 通 常 将 营 地 设 在 密 林 深 处（按 距 离 算，他 们 比 任 何 其 他 城 镇 都 更 靠 近 此 地）。最 好 的 办 法，是 找 到 一 伙 正 返 回 营 地 补 给 的 斯 卡 文 海 盗，悄 悄 跟 在 后 面。
dlga_id:merchant_quest_track_bandit_lair_choice.11|斯 卡 文 海 盗 通 常 将 登 陆 营 地 设 在 海 岸 附 近（按 距 离 算，他 们 比 任 何 其 他 城 镇 都 更 靠 近 此 地）。最 好 的 办 法，是 找 到 一 伙 正 返 回 据 点 补 给 的 斯 卡 文 海 盗，悄 悄 跟 在 后 面。
dlga_id:merchant_quest_track_bandit_lair_choice.12|森 林 地 精 通 常 将 营 地 设 在 林 地 附 近（按 距 离 算，他 们 比 任 何 其 他 城 镇 都 更 靠 近 此 地）。最 好 的 办 法，是 找 到 一 群 正 返 回 营 地 补 给 的 森 林 地 精，悄 悄 跟 在 后 面。
dlga_id:merchant_quest_track_bandit_lair_choice.13|巨 魔 就 在 不 远 处（按 距 离 算，他 们 比 任 何 其 他 城 镇 都 更 靠 近 此 地）。最 好 的 办 法，是 找 到 一 群 正 返 回 巢 穴 补 给 的 巨 魔，悄 悄 跟 在 后 面。
dlga_id:merchant_quest_track_bandit_lair_choice.14|海 盗 通 常 把 巢 穴 设 在 远 离 人 烟 的 地 方（按 距 离 算，它 比 任 何 其 他 城 镇 都 更 靠 近 此 地）。最 好 的 办 法，是 找 到 一 伙 正 返 回 巢 穴 补 给 的 海 盗，悄 悄 跟 在 后 面。
dlga_id:merchant_quest_track_bandit_lair_choice.15|忍 者 藏 身 处 就 在 这 一 带 某 处（按 距 离 算，它 比 任 何 其 他 城 镇 都 更 靠 近 此 地）。最 好 的 办 法，是 找 到 一 群 正 返 回 基 地 补 给 的 忍 者，悄 悄 跟 在 后 面。
dlga_id:merchant_quest_track_bandit_lair_choice.16|托 特 纳 地 精 就 在 这 一 带 某 处（按 距 离 算，他 们 比 任 何 其 他 城 镇 都 更 靠 近 此 地）。最 好 的 办 法，是 找 到 一 群 正 返 回 营 地 补 给 的 托 特 纳 地 精，悄 悄 跟 在 后 面。
dlga_id:merchant_quest_track_bandit_lair_choice.17|森 林 地 精 通 常 将 登 陆 营 地 设 在 海 岸 附 近（按 距 离 算，他 们 比 任 何 其 他 城 镇 都 更 靠 近 此 地）。最 好 的 办 法，是 找 到 一 群 正 返 回 据 点 补 给 的 森 林 地 精，悄 悄 跟 在 后 面。
dlga_id:merchant_quest_track_bandit_lair_choice.18|忍 者 藏 身 处 就 在 这 一 带 某 处（按 距 离 算，它 比 任 何 其 他 城 镇 都 更 靠 近 此 地）。最 好 的 办 法，是 找 到 一 群 正 返 回 基 地 补 给 的 忍 者，悄 悄 跟 在 后 面。
dlga_id:merchant_quest_destroy_lair_brief|是，我 会 去 做 这 个。
dlga_id:lord_pretalk_199|恐 怕 我 现 在 不 能 帮 你 的 忙。
dlga_id:close_window_402|很 好。我 们 等 你 成 功 的 好 消 息。
dlga_id:merchant_quest_brief.1|我 们 收 到 消 息：{s4}，一 些 在 {reg4?去 :来 自 }{s5} 路 上 的 旅 行 者 遭 到 了 {s7} 袭 击。
dlga_id:merchant_quest_track_bandits_choice|我 们 希 望 你 追 上 这 伙 {s4}。镇 上 的 商 人 已 经 打 听 到 他 们 首 领 的 相 貌，并 凑 出 一 笔 赏 金。若 能 找 到 并 消 灭 他 们，我 们 绝 不 会 亏 待 你……
dlga_id:merchant_quest_track_bandits_brief_2|我 会 的
dlga_id:close_window_403|很 好。那 伙 人 未 必 会 在 此 地 久 留，但 沿 路 其 他 旅 人 很 可 能 看 到 他 们 的 踪 迹。
dlga_id:merchant_quest_stall_2|恐 怕 我 现 在 不 能 帮 你 的 忙。
dlga_id:merchant_quest_brief.2|你 在 找 差 事？正 好，我 需 要 有 人 运 送 一 批 {s4}。也 许 你 能 接 下……
dlga_id:merchant_quest_brief_deliver_wine|我 有 一 批 {s6} 需 要 送 到 {s4} 的 货 物 商 人 手 中。若 你 能 在 7天 内 将 {reg5}份 {s6} 送 到 {s4}，便 可 得 到 {reg8}枚 金 币。意 下 如 何？
dlga_id:merchant_quest_taken|好 吧，我 会 立 即 把 货 送 到。
dlga_id:merchant_quest_stall_3|恐 怕 我 现 在 带 不 了 这 么 多 货 物。
dlga_id:merchant_quest_brief.3|你 在 找 差 事？正 好，我 需 要 有 人 护 送 一 支 商 队。也 许 你 能 接 下……
dlga_id:escort_merchant_caravan_quest_brief|我 正 打 算 让 商 队 把 我 的 货 物 运 送 到 {s8}。然 而 路 上 全 是 强 盗 和 乱 军，我 可 不 想 在 没 有 卫 队 保 护^的 情 况 下 把 他 们 派 遣 出 去。如 果 你 能 在 15天 内 把 商 队 送 到 {s8}，你 就 可 以 得 到 {reg8}金 币。^当 然，你 的 队 伍 至 少 要 达 到 {reg4}以 上 才 能 给 他 们 提 供 保 护。
dlga_id:merchant_quest_taken_2|好。我 会 护 送 这 支 商 队。
dlga_id:merchant_quest_stall_4|我 很 抱 歉 我 没 有 那 么 多 人。
dlga_id:merchant_quest_stall.1|对 不 起，我 现 在 不 能 做 这 件 事。{reg33?:}
dlga_id:close_window.58|剩 下 的 路 我 们 可 以 自 己 走 了。谢 谢。
dlga_id:close_window.59|我 们 已 经 接 近 {s21}，剩 下 的 路 可 以 自 己 走。这 是 你 的 报 酬——{reg14}枚 金 币。多 谢 一 路 护 送，愿 你 好 运。
dlga_id:merchant_caravan_intro_1|你 好。你 就 是 来 护 送 我 们 的 人，对 吧？
dlga_id:merchant_caravan_intro_2|是 的，我 就 是 {playername}。我 将 把 你 们 护 送 到 {s1}。
dlga_id:escort_merchant_caravan_talk|很 好，知 道 这 一 路 不 必 独 行，我 也 放 心 多 了。现 在 要 我 们 怎 么 做？
dlga_id:escort_merchant_caravan_talk_2|嗯，我 们 已 经 平 安 走 到 这 里 了……接 下 来 要 我 们 怎 么 做？
dlga_id:merchant_caravan_follow_lead|跟 紧 我。我 会 带 你 们 走 一 条 安 全 的 路。
dlga_id:close_window_404|好 吧，我 们 将 紧 紧 跟 着 你。
dlga_id:merchant_caravan_stay_here|你 们 先 在 此 等 候，我 去 前 方 探 探 路。
dlga_id:close_window_405|好 吧，我 们 在 这 里 等 你。
dlga_id:merchant_quest_brief.4|其 实，我 正 在 寻 找 一 位 像 你 这 样 能 干 的 冒 险 者。附 近 有 一 伙 格 外 难 缠 的 强 盗，他 们 盘 踞 在 城 镇 周 围，专 门 劫 掠 我 的 商 队。至 今 为 止，他 们 总 能 躲 过 士 兵 与 民 兵 的 搜 捕。若 再 没 人 阻 止 他 们，我 就 要 被 彻 底 拖 垮 了……
dlga_id:troublesome_bandits_quest_brief|若 你 能 追 上 并 消 灭 那 伙 难 缠 的 强 盗，我 愿 支 付 {reg8}枚 金 币。此 事 十 分 危 险，但 我 相 信 你 正 是 合 适 的 人。意 下 如 何？
dlga_id:merchant_quest_taken_bandits|很 好。我 会 追 上 并 消 灭 那 伙 强 盗。
dlga_id:close_window_406|你 愿 意 接 下？太 好 了。祝 你 好 运。
dlga_id:merchant_quest_stall_5|对 不 起，我 现 在 没 时 间。
dlga_id:merchant_quest_brief.5|其 实，我 正 在 寻 找 一 位 可 靠 的 人，去 完 成 一 项 重 要 的 营 救 任 务。^一 伙 强 盗 绑 架 了 我 朋 友 家 中 一 位 深 受 爱 戴 的 仆 人，并 索 要 赎 金。我 的 朋 友 愿 意 付 钱，但 还 需 要 有 人 把 赎 金 送 到 那 些 恶 棍 手 中，再 将 人 安 全 带 回 来。
dlga_id:kidnapped_girl_quest_brief|强 盗 索 要 {reg12}枚 金 币 的 赎 金。只 要 你 接 下 任 务，我 就 把 钱 交 给 你。^你 有 15天 时 间 将 赎 金 送 到 他 们 手 中；那 伙 人 会 在 {s4} 村 附 近 等 候。^那 些 杂 种 声 称，若 到 时 拿 不 到 钱，就 会 杀 死 那 名 可 怜 的 仆 人。^将 人 平 安 带 回 后，你 会 得 到 {reg8}枚 金 币 的 酬 劳。
dlga_id:kidnapped_girl_quest_taken|好。我 会 把 赎 金 送 给 强 盗，并 将 那 名 仆 人 平 安 带 回。
dlga_id:close_window_407|好。我 就 知 道 此 事 可 以 托 付 给 你。这 是 {reg12}枚 金 币 的 赎 金，拿 走 前 请 点 清。还 有，千 万 别 做 鲁 莽 之 举。记 住，那 名 仆 人 的 安 危 高 于 一 切……
dlga_id:merchant_quest_stall_6|对 不 起，我 现 在 没 时 间。
dlga_id:close_window.60|太 感 谢 你 把 我 带 回 来 了！我 已 迫 不 及 待 想 重 返 家 园。再 会！
dlga_id:kidnapped_girl_liberated_map_2a|好，跟 我 来。我 送 你 回 家。
dlga_id:close_window_408|不 行，我 的 队 伍 已 经 没 有 空 位 了。
dlga_id:close_window.1_67|哦，是 真 的 吗？太 谢 谢 你 了！
dlga_id:kidnapped_girl_liberated_map_2b|再 在 这 里 等 一 会 儿，我 会 回 来 接 你。
dlga_id:close_window_409|哦，求 求 你 {reg33?夫 人 :先 生 }，别 把 我 一 个 人 丢 在 这 儿！
dlga_id:kidnapped_girl_liberated_map|哦，{reg33?女 士:先 生}！太 感 谢 你 救 了 我。现 在 能 送 我 回 家 吗？
dlga_id:kidnapped_girl_liberated_battle_2a|好，跟 我 来。我 送 你 回 家。
dlga_id:kidnapped_girl_liberated_battle_2b|不 行，我 的 队 伍 已 经 没 有 空 位 了。
dlga_id:close_window_410|哦，是 真 的 吗？太 谢 谢 你 了！
dlga_id:kidnapped_girl_liberated_battle_2b_2|再 在 这 里 等 一 会 儿，我 会 回 来 找 你。
dlga_id:close_window_411|求 你 了，{reg33?女 士:先 生}，别 把 我 独 自 留 在 这 里！
dlga_id:kidnapped_girl_liberated_map.1|我 能 和 你 一 起 走 了 吗？
dlga_id:bandits_awaiting_ransom_intro_1|你 就 是 来 送 赎 金 的 人？快 点，把 钱 交 出 来。
dlga_id:bandits_awaiting_ransom_intro_1.1|你 回 来 了？少 磨 蹭，赶 紧 把 钱 交 出 来。
dlga_id:bandits_awaiting_ransom_pay|拿 去。现 在 放 了 那 名 仆 人。
dlga_id:close_window_412|嘿，钱 的 确 带 来 了。现 在 你 可 以 把 那 名 仆 人 带 走。跟 你 做 买 卖 真 是 痛 快……
dlga_id:bandits_awaiting_ransom_b|休 想！你 们 先 放 人。
dlga_id:bandits_awaiting_ransom_b2|你 这 个 傻 瓜，别 跟 我 绕 圈 子，快 点 给 钱！
dlga_id:bandits_awaiting_ransom_pay_2|好 吧，钱 给 你。现 在 放 了 那 名 仆 人。
dlga_id:bandits_awaiting_ransom_no_money|我 把 钱 放 在 一 个 安 全 的 地 方 了，让 我 去 拿。
dlga_id:close_window_413|你 是 在 消 磨 我 们 的 耐 心 吗？快 去 把 钱 拿 来！
dlga_id:bandits_awaiting_ransom_fight|我 根 本 没 打 算 给 你 们 一 枚 金 币。立 即 放 了 那 名 仆 人！
dlga_id:close_window_414|等 你 死 了 就 什 么 也 要 不 到 了。{reg33?:}
dlga_id:bandits_awaiting_remeet|还 有 什 么 事？钱 已 经 到 手，我 们 之 间 两 清 了。
dlga_id:close_window_415|抱 歉 打 扰 了。我 这 就 走。{reg33?:}
dlga_id:bandits_awaiting_remeet_2|我 们 之 间 还 有 一 笔 账 要 算。把 钱 还 给 我！
dlga_id:close_window_416|哦，原 来 是 那 笔 账！当 然。那 就 动 手 吧。
dlga_id:kidnapped_girl_encounter_1|哦，{reg33?女 士:先 生}。太 感 谢 你 救 了 我。现 在 能 送 我 回 家 吗？
dlga_id:kidnapped_girl_join|是 的，跟 我 来，我 会 带 你 回 家。
dlga_id:close_window_417|可 惜。你 的 队 伍 里 没 有 我 的 位 置 了。
dlga_id:close_window.1_68|哦，太 谢 谢 你 了。
dlga_id:kidnapped_girl_wait|在 这 里 等 会，我 马 上 就 会 回 来。
dlga_id:close_window_418|哦，求 求 你 {reg33?夫 人 :先 生 }，别 把 我 一 个 人 丢 在 这 儿！
dlga_id:lost_kidnapped_girl|很 遗 憾，我 在 回 来 的 路 上 把 那 名 仆 人 弄 丢 了……
dlga_id:lost_kidnapped_girl_2|哦，不！你 叫 我 怎 么 跟 我 的 朋 友 讲？
dlga_id:lost_kidnapped_girl_3|对 不 起，我 实 在 无 能 为 力。{reg33?:}
dlga_id:lost_kidnapped_girl_4|你 令 我 太 失 望 了，{playername}。我 原 本 如 此 信 任 你。我 会 让 别 人 知 道，你 连 这 样 的 差 事 都 办 不 好。还 有，把 我 交 给 你 的 {reg8}枚 金 币 赎 金 还 回 来。
dlga_id:merchant_quest_about_job_5a|好 吧，拿 去……
dlga_id:close_window_419|至 少 你 还 知 道 把 钱 还 回 来。
dlga_id:merchant_quest_about_job_5b|抱 歉，我 没 带 那 么 多 钱。{reg33?:}
dlga_id:close_window_420|你 以 为 我 会 相 信 这 种 话？那 笔 赎 金 你 必 须 还 清！现 在 就 去 把 钱 凑 来！
dlga_id:merchant_quest_persuade_peace_1|{s15} 与 {s14} 之 间 的 战 争，已 将 我 们 的 城 镇 推 到 毁 灭 边 缘。^商 队 尚 未 抵 达 目 的 地，便 会 遭 到 洗 劫；商 人 们 也 不 敢 离 开 城 墙 的 庇 护。^更 糟 的 是，维 持 战 争 的 重 税 已 榨 干 我 们 最 后 一 点 积 蓄。^若 和 平 仍 迟 迟 不 来，我 们 恐 怕 撑 不 了 多 久。
dlga_id:merchant_quest_brief_4|你 是 对 的。但 又 有 谁 能 阻 止 这 场 愚 蠢 的 战 争 呢？
dlga_id:merchant_quest_persuade_peace_reject|支 持 贵 族 们 的 战 争，本 就 是 你 的 义 务。你 不 该 为 此 抱 怨。
dlga_id:close_window_421|哈！贵 族 为 贪 欲 和 荣 耀 美 梦 而 战，真 正 承 受 代 价 的 却 是 我 们 这 些 可 怜 的 老 实 人。不 过，你 显 然 不 愿 听 这 些。
dlga_id:merchant_quest_persuade_peace_3|双 方 并 非 没 有 尝 试 和 解，然 而 两 边 都 有 势 力 强 大 的 领 主，唯 有 战 争 延 续 才 符 合 他 们 的 利 益。^这 些 人 不 断 鼓 动 众 人 无 视 明 智 之 士 的 劝 告，继 续 厮 杀。只 要 他 们 仍 握 有 影 响 力，和 议 就 不 可 能 达 成。
dlga_id:merchant_quest_persuade_peace_4|谁 是 战 争 贩 子？谁 阻 碍 了 和 平 的 到 来？
dlga_id:merchant_quest_persuade_peace_4.1|你 说 到 的 这 些 领 主 都 是 谁？
dlga_id:merchant_quest_persuade_peace_5|他 们 是 {s15} 的 {s12}，以 及 {s14} 的 {s13}。除 非 他 们 改 变 主 意，或 失 去 影 响 力，双 方 就 没 有 和 平 的 希 望。
dlga_id:merchant_quest_persuade_peace_6|那 该 如 何 解 决？
dlga_id:merchant_quest_persuade_peace_6.1|唉，看 来 此 事 无 计 可 施。
dlga_id:merchant_quest_persuade_peace_7|确 有 一 个 办 法 能 了 结 此 事。意 志 足 够 坚 定 的 人，或 许 能 说 服 其 中 一 位、甚 至 两 位 领 主 接 受 和 议。即 使 游 说 失 败，也 可 用 武 力 击 败 并 俘 虏 他 们；一 旦 身 陷 囹 圄，他 们 便 会 失 去 影 响 力，再 也 无 法 阻 挠 和 谈。你 觉 得 如 何？能 办 到 吗？
dlga_id:merchant_quest_persuade_peace_8|看 来 很 困 难。但 我 会 试 一 试。
dlga_id:merchant_quest_persuade_peace_8.1|如 果 代 价 合 适，我 也 许 会。
dlga_id:merchant_quest_persuade_peace_8.2|算 了。此 事 与 我 无 关。
dlga_id:merchant_quest_persuade_peace_9|镇 上 的 商 人 都 愿 为 这 项 计 划 慷 慨 解 囊，我 们 大 约 能 凑 出 {reg12}枚 金 币。若 你 能 促 成 此 事，这 笔 钱 便 是 你 的 酬 劳。^说 服 {s12} 与 {s13} 接 受 和 议；若 有 人 顽 固 不 化，就 务 必 将 其 俘 虏，并 在 和 约 达 成 前 阻 止 其 被 赎 回。
dlga_id:merchant_quest_persuade_peace_10|好。我 会 尽 力 而 为。
dlga_id:merchant_quest_persuade_peace_no|对 不 起，我 不 能 这 么 做。{reg33?:}
dlga_id:close_window_422|好 极 了！愿 祝 福 与 你 同 行。希 望 你 能 让 那 两 头 老 山 羊 低 头；我 们 会 静 候 佳 音。
dlga_id:close_window_423|别 急 着 拒 绝。考 虑 一 段 时 间。如 果 有 {reg33?哪 位 女 士 :谁 能 } 办 成 这 事，那 就 是 你 了。
dlga_id:merchant_quest_deal_with_night_bandits|确 实 有！一 伙 强 盗 正 在 城 中 横 行，我 已 对 他 们 束 手 无 策。他 们 借 夜 色 伏 击、抢 劫 镇 民，等 守 卫 赶 来 时 又 如 闪 电 般 消 失，至 今 一 个 也 没 抓 到。那 些 恶 徒 只 袭 击 落 单 的 人，从 不 敢 在 人 多 时 露 面。我 需 要 一 个 能 独 自 引 出 他 们、并 将 其 尽 数 击 倒 的 人；这 似 乎 是 唯 一 能 让 他 们 伏 法 的 办 法。你 敢 接 下 吗？
dlga_id:merchant_quest_deal_with_night_bandits_2|一 伙 匪 徒 正 在 城 里 横 行，我 已 经 想 不 出 别 的 办 法 了。他 们 趁 夜 伏 击、抢 劫 落 单 的 居 民，等 卫 兵 赶 来 时 又 迅 速 逃 走。我 们 一 个 也 抓 不 到；附 近 只 要 有 成 群 的 人，他 们 便 绝 不 露 面。^我 需 要 一 个 能 独 自 引 出 并 击 败 他 们 的 人。看 来 只 有 这 样，才 能 让 他 们 接 受 正 义 的 审 判。你 能 办 到 吗？
dlga_id:deal_with_night_bandits_quest_taken|杀 几 个 强 盗？当 然 没 问 题！
dlga_id:merchant_quest_stall_7|对 不 起，我 不 感 兴 趣。
dlga_id:mayor_pretalk_14|这 可 让 我 松 了 一 口 气，{playername}。只 要 你 凯 旋 归 来，就 会 得 到 丰 厚 的 报 酬。最 重 要 的 是，别 把 命 丢 了，明 白 吗？{reg33?:}
dlga_id:merchant_quest_brief.6|城 中 一 位 商 人 正 在 寻 找 牧 人，将 他 的 牛 群 赶 到 {s13} 的 市 场。
dlga_id:move_cattle_herd_quest_brief|牛 群 必 须 在 30天 内 抵 达 {s13}。当 然 越 快 越 好，但 绝 不 能 超 过 30天。若 你 能 办 到，我 愿 支 付 {reg8}枚 金 币 作 为 酬 劳。有 兴 趣 吗？
dlga_id:move_cattle_herd_quest_taken|好，我 会 把 牛 群 赶 到 {s13}。
dlga_id:merchant_quest_stall_8|不，没 有 办 法。
dlga_id:mayor_pretalk_15|太 好 了！牛 群 就 在 城 外。将 它 们 赶 到 {s13} 后，再 回 来 找 我 领 取 酬 劳。
dlga_id:mayor_pretalk_16|对 不 起，我 没 有 工 作 可 以 给 你。
dlga_id:village_elder_deliver_cattle_thank|{reg33?我 亲 爱 的:我 的 好 主 爷}，全 村 人 都 感 激 您 的 帮 助。多 亏 您 带 来 这 {reg5}头 牛，我 们 如 今 终 于 能 繁 育 自 己 的 牛 群 了。
dlga_id:village_elder_talk|尊 敬 的 {reg33?女 士:大 人}，有 什 么 是 我 能 为 您 做 的？
dlga_id:close_window.61|求 你 了，{playername}，别 再 打 扰 我 们……我 们 究 竟 哪 里 得 罪 了 你？
dlga_id:village_elder_talk_2|欢 迎 来 到 {s9}，{s0}。得 知 你 成 为 我 们 这 座 小 村 庄 的 新 任 {reg33?女 领 主:领 主}，大 家 都 十 分 高 兴。我 是 村 庄 长 老，很 荣 幸 尽 己 所 能 为 你 效 劳。
dlga_id:village_elder_talk.1|日 安，欢 迎 来 到 {s9}。我 是 这 个 村 子 的 村 长。
dlga_id:village_elder_talk.2|您 好，{s0}。您 的 到 来 令 我 们 这 座 小 村 庄 蓬 荜 生 辉。
dlga_id:village_elder_talk.3|我 的 {reg33?女 领 主:领 主}，你 的 到 来 令 我 们 这 座 小 村 庄 深 感 荣 幸。
dlga_id:village_elder_talk.4|日 安，{s0}。
dlga_id:village_elder_talk_3|还 有 其 他 事 情 可 以 为 您 效 劳 吗？
dlga_id:village_elder_ask_chamberlain|我 在 找 我 的 总 管。我 被 告 知 他 比 我 先 到 了 这 里。{reg33?:}
dlga_id:village_elder_found_chamberlain|宫 廷 中 人 时 常 往 来 我 们 村 庄，{reg33?女 士 :先 生 }。若 他 正 在 此 地 歇 脚，您 稍 等 一 阵，想 必 就 能 找 到。
dlga_id:dplmc_chamberlain_talk_3|哦，您 来 了……没 想 到 您 会 如 此 频 繁 地 巡 视 领 地。我 正 好 来 {s9} 这 座 小 村 走 走，顺 便 收 些 税 款。您 在 此 有 什 么 特 别 吩 咐 吗？若 没 有，不 妨 去 问 问 那 边 的 村 庄 长 老。
dlga_id:village_elder_ask_fugitive|我 在 寻 找 一 个 名 叫 {s4} 的 人。听 说 他 可 能 藏 在 这 里。
dlga_id:close_window_424|陌 生 人 在 我 们 村 里 来 来 往 往，{playername}。不 过 眼 下，你 最 好 别 打 听 他 们 的 事，{s0}。
dlga_id:village_elder_pretalk|陌 生 人 在 我 们 村 里 来 来 往 往，{s0}。但 这 个 时 辰 已 是 深 夜，你 恐 怕 碰 不 上 他。等 到 白 天 再 来 找，机 会 会 大 些。
dlga_id:close_window.1_69|陌 生 人 在 我 们 村 里 来 来 往 往，{s0}。他 若 真 藏 在 此 地，你 四 下 搜 寻 一 番，想 必 能 找 到。
dlga_id:village_elder_active_mission_1|关 于 您 托 付 给 我 的 那 件 事……
dlga_id:village_elder_request_mission_ask|这 里 有 什 么 事 需 要 我 帮 忙 吗？
dlga_id:village_elder_trade_begin|我 想 买 些 补 给，愿 以 金 币 支 付。
dlga_id:village_elder_trade_talk|当 然，{reg33?女 士:大 人}。您 想 买 些 货 物，还 是 牲 畜？
dlga_id:village_elder_trade|我 想 买 食 品 和 补 给 品。
dlga_id:village_elder_pretalk_2|仓 房 里 还 有 些 粮 食 和 其 他 补 给。请 随 我 来 看 看。
dlga_id:village_elder_buy_cattle|我 想 买 些 牛。
dlga_id:village_elder_buy_clothing|其 实，我 需 要 一 套 你 们 村 民 平 日 穿 的 衣 服。
dlga_id:village_elder_pretalk_3|当 然，{s0}。若 您 不 嫌 弃，我 身 上 这 套 衣 服 也 可 交 给 您。
dlga_id:village_elder_pretalk.1|没 问 题。我 可 以 让 人 送 来 几 件 刚 洗 净 的 束 腰 外 衣，至 于 您 要 拿 它 们 做 什 么，我 就 不 多 问 了。
dlga_id:village_elder_pretalk_4|我 改 主 意 了，我 什 么 都 不 想 买 了。
dlga_id:village_elder_ask_enemies_local|近 来 你 们 在 附 近 见 过 敌 军 吗？
dlga_id:village_elder_ask_enemies|我 们 在 {reg7?{reg7}天 前:最 近} 遭 到 了 {s1} 的 袭 击……
dlga_id:village_elder_ask_enemies.1|嗯。让 我 想 想……
dlga_id:village_elder_pretalk_5|抱 歉，{s0}。我 们 近 来 既 没 看 见，也 没 听 说 这 一 带 有 敌 对 部 队 出 没。
dlga_id:village_elder_tell_enemies|呃，让 我 考 虑 一 下……
dlga_id:village_elder_tell_enemies_2|{s1} {s2}
dlga_id:village_elder_pretalk_6|没 有，{s0}。这 一 带 已 经 有 一 阵 子 没 见 过 任 何 武 装 队 伍 了。
dlga_id:village_elder_pretalk.1_2|好 吧，看 来 就 这 些 了。
dlga_id:village_elder_ask_set_fire|我 要 你 在 村 子 外 围 放 一 场 大 火。
dlga_id:close_window_425|{s0}，这 事 我 们 已 经 说 好 了。我 会 尽 力 的。你 可 以 相 信 我。
dlga_id:village_elder_ask_set_fire_1|放 火，{s0}？火 势 一 旦 失 控，后 果 不 堪 设 想！您 为 何 要 这 样 做？
dlga_id:village_elder_ask_set_fire_5|我 记 得 我 们 已 经 谈 过 这 件 事 了，{s0}……
dlga_id:village_elder_ask_set_fire_5.1|我 们 之 前 谈 过，{s0}。相 比 您 要 我 冒 的 风 险，先 前 的 报 价 实 在 太 低。
dlga_id:village_elder_ask_set_fire_2|我 自 有 理 由，而 你 也 会 得 到 自 己 的 理 由—— 一 袋 银 币。你 干 还 是 不 干？
dlga_id:village_elder_ask_set_fire_explain_plan|既 然 要 你 冒 这 么 大 的 风 险，你 有 权 知 道 我 的 计 划。
dlga_id:village_elder_ask_set_fire_2_2|我 要 从 {s4} 救 出 一 名 囚 犯。你 点 燃 大 火 后，{s4} 的 守 卫 会 看 到 浓 烟，其 中 一 部 分 人 必 会 冲 出 来 查 看 情 况。
dlga_id:village_elder_ask_set_fire_9|如 您 所 愿，{s0}。您 一 向 是 本 村 的 恩 人，虽 然 此 事 风 险 不 小，我 们 也 愿 回 报 这 份 恩 情。您 要 我 们 何 时 点 火？{reg33?:}
dlga_id:close_window_426|抱 歉，{s0}。请 原 谅 我 这 么 说，但 我 们 实 在 没 有 充 分 的 理 由 信 任 你。这 太 危 险 了。
dlga_id:village_elder_ask_set_fire_3|既 然 您 坚 持，{s0}。可 这 件 事 风 险 极 大，我 们 又 能 得 到 什 么？
dlga_id:village_elder_ask_set_fire_4|我 可 以 给 你 100枚 金 币。
dlga_id:village_elder_ask_set_fire_6|我 可 以 给 你 200枚 金 币。
dlga_id:village_elder_ask_set_fire_6.1|我 可 以 给 你 300枚 金 币。
dlga_id:close_window_427|算 了。
dlga_id:village_elder_talk_4|这 太 疯 狂 了。我 不 能 冒 这 个 险。
dlga_id:village_elder_ask_set_fire_7|那 我 将 报 酬 提 高 到 200枚 金 币。
dlga_id:village_elder_ask_set_fire_6_2|那 我 将 报 酬 提 高 到 300枚 金 币。
dlga_id:village_elder_ask_set_fire_6.1_2|那 我 将 报 酬 提 高 到 300枚 金 币。这 是 我 最 后 的 报 价。
dlga_id:close_window_428|算 了。
dlga_id:village_elder_ask_set_fire_9_2|好 吧。您 要 我 冒 的 风 险 可 不 小，但 我 愿 意 照 办。您 要 我 们 何 时 点 火？
dlga_id:village_elder_talk_5|我 不 能 为 了 区 区 二 百 金 币 做 这 么 危 险 的 事 情。
dlga_id:village_elder_ask_set_fire_10|继 续 你 的 准 备 工 作。一 个 小 时 以 后，我 需 要 那 场 火。
dlga_id:village_elder_ask_set_fire_11|午 夜 时 分 动 手。我 会 等 待 一 个 小 时 整。
dlga_id:close_window_429|很 好，{reg33?我 的 女 士 :先 生 }。我 们 会 做 好 准 备。现 在 你 也 去 准 备 吧。
dlga_id:close_window_430|如 你 所 愿，{reg33?我 的 女 士 :先 生 }。愿 上 天 保 佑 你。
dlga_id:village_elder_recruit_start|这 个 村 子 里 有 想 在 战 争 中 寻 找 未 来 的 小 伙 子 吗？
dlga_id:close_window_431|离 开。
dlga_id:village_elder_buy_cattle_2|我 有 {reg5}头 牛，每 头 {reg6}金 币。你 想 要 买 多 少？
dlga_id:village_elder_buy_cattle_2.1|恐 怕 村 里 已 经 没 有 牛 了 {reg33?长 官:长 官}。
dlga_id:village_elder_buy_cattle_complete|一。
dlga_id:village_elder_buy_cattle_complete.1|二。
dlga_id:village_elder_buy_cattle_complete.2|三。
dlga_id:village_elder_buy_cattle_complete.3|四。
dlga_id:village_elder_buy_cattle_complete.4|五。
dlga_id:village_elder_pretalk_7|算 了。
dlga_id:village_elder_pretalk_8|{reg33?女 士 :先 生 }，我 会 告 诉 村 民 们 把 牲 口 赶 过 来 交 给 您。我 相 信 您 会 对 这 次 购 买 满 意 的。{reg33?:}
dlga_id:village_elder_talk_6|我 想 没 有 人 在 乎 {reg33?长 官:长 官} 还 有 什 么 我 可 以 为 你 做 的 吗？
dlga_id:village_elder_recruit_decision|我 想 有 {reg4}人 会 感 兴 趣，只 要 你 愿 意 为 {reg7?他 们 的:他 的} 装 备 支 付 10枚 金 币。你 接 受 吗？
dlga_id:village_elder_pretalk_9|告 诉 {reg7?他 们 :他 } 做 好 准 备。
dlga_id:village_elder_pretalk.1_3|不，现 在 不 用。
dlga_id:village_elder_active_mission_2|是 的，{reg33?女 士:大 人}。这 件 事 有 进 展 了 吗？
dlga_id:village_elder_deliver_grain_thank|没 错。我 给 你 带 来 了 {reg5}袋 谷 物。
dlga_id:village_elder_deliver_grain_thank_2|{reg33?我 亲 爱 的:我 的 好 主 爷} 你 使 我 们 免 于 饥 饿 和 绝 望。我 们 永 远 不 会 非 常 感 谢 你，但 你 将 永 远 在 我 们 的 祈 祷 中。村 落 {s13} 别 忘 了 你 为 我 们 做 了 什 么
dlga_id:village_elder_talk_7|尊 敬 的 {reg33?女 领 主:领 主}，请 问 有 什 么 能 为 你 效 劳 的 吗？
dlga_id:village_elder_active_mission_3|我 正 在 忙 这 件 事，大 人。
dlga_id:village_elder_mission_failed|很 抱 歉，我 无 法 完 成。
dlga_id:village_elder_pretalk_10|谢 谢 您，{s0}。我 们 每 天 都 在 祈 祷 您 成 功。
dlga_id:village_elder_pretalk_11|啊，听 到 这 个 我 很 遗 憾，{s0}。我 会 再 想 想 别 的 办 法。
dlga_id:village_elder_pretalk_12|唉，{s0}，您 已 经 在 帮 我 们 完 成 一 项 任 务 了。我 们 不 能 要 求 您 更 多 了。
dlga_id:village_elder_pretalk.1_4|不，{s0}，我 们 没 有 其 他 任 务 要 交 给 您 了。
dlga_id:village_elder_tell_mission|任 务？
dlga_id:village_elder_tell_deliver_grain_mission|尊 敬 的 {reg33?女 士:先 生}，我 们 村 最 近 一 直 饱 受 苦 难。收 成 很 差，前 些 日 子 又 有 一 伙 残 忍 强 盗 抢 走 了^为 播 种 季 节 保 留 的 种 粮。若 不 能 尽 快 找 到 粮 食，我 们 就 无 法 播 种，来 年 也 将 无 物 可 食。^如 果 你 愿 意 帮 助 我 们，村 民 将 永 远 感 激 你 的 恩 情。
dlga_id:village_elder_tell_deliver_grain_mission_2|嗯。你 们 需 要 多 少 谷 物？
dlga_id:village_elder_deliver_grain_mission_reject|我 不 想 为 此 讨 麻 烦，去 找 其 他 人 帮 忙 吧。
dlga_id:village_elder_tell_deliver_grain_mission_3|我 想 {reg5}袋 谷 物 就 足 够 让 我 们 开 始 播 种。非 常 希 望，我 们 能 找 到 好 心 的 人 们 帮 我 们 解 决 剩 下 的 部 分。
dlga_id:village_elder_deliver_grain_mission_accept|好 了，我 去 找 你 们 需 要 的 那 些 谷 物 了。
dlga_id:village_elder_deliver_grain_mission_reject_2|恐 怕 我 抽 不 出 时 间。你 们 得 去 别 处 寻 求 帮 助 了。
dlga_id:close_window_432|谢 谢 您，{s0}。我 们 会 日 夜 为 您 祈 祷。
dlga_id:close_window_433|当 然，{s0}。很 抱 歉 用 我 们 的 苦 难 打 扰 了 您。
dlga_id:village_elder_tell_train_peasants_against_bandits_mission|我 们 饱 受 一 伙 强 盗 欺 凌。他 们 抢 走 粮 食 与 牲 畜，谁 敢 违 抗，便 当 场 杀 死。村 民 们 对 自 己 无 力 自 保 愤 恨 不 已，可 我 们 毕 竟 只 是 普 通 农 夫……但 只 要 有 人 指 点，我 相 信 这 里 的 一 些 人 也 能 成 为 战 士。我 们 需 要 一 位 久 经 沙 场 的 人，教 会 大 家 如 何 战 斗。
dlga_id:village_elder_train_peasants_against_bandits_mission_accept|我 可 以 教 你 们 如 何 保 卫 自 己。
dlga_id:village_elder_train_peasants_against_bandits_mission_reject|你 们 这 些 农 民 不 该 拿 起 武 器。给 强 盗 交 钱，忍 过 去 就 是 了。
dlga_id:close_window_434|您 愿 意？太 好 了！{s0}，我 们 实 在 感 激 不 尽。我 会 召 集 村 民，让 他 们 在 此 接 受 您 的 训 练。只 要 您 能 教 会 我 们 自 保，我 保 证 村 子 会 拿 出 一 切 能 给 的 东 西 来 报 答 您。
dlga_id:close_window_435|是 的，当 然，{s0}。多 谢 您 的 劝 告。
dlga_id:village_elder_tell_deliver_cattle_mission|土 匪 把 我 们 的 牛 都 牵 走 了，我 们 的 牧 场 空 了。如 果 我 们 能 再 有 几 头 牛，那 么 我 们 又 可 以 继 续 发 展 畜 牧 业 了。
dlga_id:village_elder_tell_deliver_cattle_mission_2|你 需 要 多 少 头？
dlga_id:village_elder_deliver_cattle_mission_reject|我 没 时 间 管 这 个。找 别 人 帮 忙 吧。
dlga_id:village_elder_tell_deliver_cattle_mission_3|我 认 为 {reg5}头 牛 足 够 了。
dlga_id:village_elder_deliver_cattle_mission_accept|那 么 我 将 把 你 需 要 的 牛 带 回 来。
dlga_id:village_elder_deliver_cattle_mission_reject_2|恐 怕 我 抽 不 出 时 间。你 们 得 去 别 处 寻 求 帮 助 了。
dlga_id:close_window_436|谢 谢 您，{s0}。我 们 会 日 夜 为 您 祈 祷。
dlga_id:close_window_437|当 然，{s0}。很 抱 歉 用 我 们 的 苦 难 打 扰 了 您。
dlga_id:village_elder_pretalk_13|多 谢 您 的 好 意，{s0}，不 过 我 们 眼 下 并 不 缺 什 么。
dlga_id:goods_merchant_talk|{reg33?女 士:大 人}，您 的 光 临 令 小 店 蓬 荜 生 辉。
dlga_id:goods_merchant_talk.1|欢 迎，{s0}。想 买 点 什 么？
dlga_id:goods_merchant_talk_2|还 有 什 么 事 吗？
dlga_id:goods_trade_requested|我 要 在 你 这 买 点 东 西……可 能 也 要 卖 点。
dlga_id:goods_trade_completed|当 然，当 然……请 看 看 我 的 货 物。
dlga_id:goods_merchant_talk_3|还 有 什 么 事 吗？
dlga_id:trade_info_request|这 里 有 哪 些 货 物 适 合 买 下，再 运 往 别 的 城 镇 出 售？
dlga_id:close_window_438|没 什 么，谢 谢。
dlga_id:trade_info_request_2|这 类 消 息，最 好 去 问 商 队 首 领 和 行 商。若 你 愿 意，我 可 以 告 诉 你 外 地 商 人 进 城 后 通 常 落 脚 的 街 区。去 那 里 待 上 一 阵，听 听 他 们 的 谈 话，便 能 知 道 该 买 什 么、又 该 运 到 哪 里 出 售。
dlga_id:close_window_439|那 我 去 和 这 些 商 人 待 一 会 儿。
dlga_id:goods_merchant_pretalk|我 现 在 可 没 时 间 去 啊。
dlga_id:arena_intro_1.1|日 安，朋 友。你 若 是 来 看 锦 标 赛 的，那 可 白 跑 一 趟 了。近 期 这 里 不 会 举 办 锦 标 赛。{reg33?:}
dlga_id:arena_intro_2|锦 标 赛？原 来 这 里 会 举 办 锦 标 赛……
dlga_id:arena_intro_3|没 错。锦 标 赛 开 打 时，你 真 该 来 看 看。城 里 和 附 近 村 庄 的 人 都 会 涌 进 竞 技 场，观 众 兴 奋 得 近 乎 疯 狂。^不 过 正 如 我 所 说，近 期 没 有 大 赛，所 以 眼 下 没 什 么 热 闹 可 看。偶 尔 会 有 正 式 决 斗，当 然，几 乎 每 天 都 有 训 练 混 战。
dlga_id:arena_training_melee_intro|给 我 讲 讲 训 练 混 战。
dlga_id:arena_training_melee_intro_2|斗 士 和 骑 士 们 等 待 下 一 场 锦 标 赛 时 闲 得 发 慌，于 是 搞 出 了 训 练 混 战。规 则 简 单 得 很：每 个 人 拿 着 武 器 跳 进 竞 技 场，没 有 队 伍，也 没 有 其 他 规 则，互 相 厮 打，直 到 只 剩 一 人 站 着。听 起 来 很 有 趣，对 吧？
dlga_id:arena_training_melee_intro_reward|有 奖 金 吗？
dlga_id:arena_training_melee_intro_2_2|当 然 有。一 些 富 有 的 市 民 会 为 表 现 出 众 的 斗 士 提 供 奖 金。倒 下 前 击 败 {reg1}名 对 手，可 得 {reg11}枚 金 币；至 少 击 倒 {reg2}人 可 得 {reg12}枚；击 败 {reg3}人 可 得 {reg13}枚；若 能 撑 到 击 败 {reg4}人，则 可 得 {reg14}枚。若 你 能 成 为 最 后 站 着 的 {reg33?女 战 士:战 士}，还 可 赢 得 最 高 奖 金——{reg15}枚 金 币。听 起 来 不 错 吧？
dlga_id:arena_master_melee_pretalk|一 些 富 有 的 市 民 会 为 表 现 出 众 的 斗 士 提 供 奖 金。倒 下 前 击 败 {reg1}名 对 手，可 得 {reg11}枚 金 币；至 少 击 倒 {reg2}人 可 得 {reg12}枚；击 败 {reg3}人 可 得 {reg13}枚；若 能 撑 到 击 败 {reg4}人，则 可 得 {reg14}枚。若 你 能 成 为 最 后 站 着 的 {reg33?女 战 士:战 士}，还 可 赢 得 最 高 奖 金——{reg15}枚 金 币。听 起 来 不 错 吧？
dlga_id:arena_training_melee_intro_3|我 能 加 入 吗？
dlga_id:arena_master_melee_talk|哈 哈，当 然 能。倒 不 如 说，不 参 加 才 是 疯 了。训 练 混 战 对 所 有 人 开 放，正 好 马 上 就 有 一 场。想 玩 的 话，直 接 跳 进 去 就 是。
dlga_id:arena_master_intro_1|你 好。你 好 象 是 刚 来 的 吧。怎 么 称 呼 你？{reg33?:}
dlga_id:arena_master_intro_2|我 叫 {playername}。
dlga_id:arena_master_pre_talk|幸 会，{playername}。我 是 {s1} 的 竞 技 场 主 管。你 若 想 下 场 比 斗，就 来 找 我。
dlga_id:arena_master_fight_result|.
dlga_id:arena_master_pre_talk_2|哈 哈，你 脸 上 那 块 淤 青 可 真 醒 目。不 过 别 在 意，谁 都 有 被 痛 揍 的 时 候。重 要 的 是 重 新 站 起 来，拍 掉 尘 土，继 续 战 斗—— 冠 军 就 是 这 样 炼 成 的。
dlga_id:arena_master_pre_talk.1|嘿，你 击 倒 了 {reg8}名 对 手，不 算 坏。可 惜 还 够 不 上 奖 金 门 槛。换 作 是 我，就 会 再 进 场 打 一 次，让 所 有 人 看 看 自 己 的 本 事……
dlga_id:arena_master_pre_talk.2|你 刚 才 打 得 相 当 不 错，动 作 漂 亮，也 很 有 潜 力。你 击 倒 了 {reg8}名 对 手，赢 得 {reg10}枚 金 币。{reg33?:}
dlga_id:arena_master_pre_talk.3|那 是 一 场 精 彩 的 混 战。你 足 足 击 倒 了 {reg8}名 对 手，自 然 也 赢 得 了 {reg10}枚 金 币。
dlga_id:arena_master_pre_talk.4|你 的 表 现 令 人 惊 叹！毫 无 疑 问，你 是 一 名 技 艺 高 超 的 斗 士。并 非 谁 都 能 在 混 战 中 击 倒 {reg8}人，这 是 你 应 得 的 奖 金：{reg10}枚 金 币。不 错 吧？{reg33?:}
dlga_id:arena_master_pre_talk.5|刚 才 那 场 打 得 真 他 妈 漂 亮，{playername}。你 的 身 手 和 战 术 都 很 出 色，击 倒 {reg8}名 对 手，为 你 赢 得 了 {reg10}枚 金 币。
dlga_id:arena_master_pre_talk.6|恭 喜 你，冠 军！这 场 战 斗 足 以 令 人 铭 记。你 击 倒 了 所 有 对 手，成 为 最 后 站 立 的 斗 士；当 然，也 赢 得 了 大 赛 的 头 奖：{reg10}枚 金 币。{reg33?:}{reg33?:}
dlga_id:arena_master_pre_talk_3|你 好，{playername}。很 高 兴 又 见 到 你。
dlga_id:arena_master_talk|你 想 做 点 什 么？
dlga_id:arena_master_melee_pretalk_2|关 于 混 战 比 赛……
dlga_id:arena_master_ask_tournaments|这 段 时 间 这 附 近 的 地 方 会 有 比 赛 吗？
dlga_id:arena_master_skills_talk|我 想 学 习 一 些 新 的 战 斗 技 能。
dlga_id:close_window_440|我 现 在 得 走 了，再 见。
dlga_id:arena_master_talk_2|{reg2?近 期 不 会 举 办 任 何 锦 标 赛。:{reg1?多 场 锦 标 赛 将:一 场 锦 标 赛 将} 在 {s15} 举 行。}
dlga_id:arena_master_melee_talk_2|很 快 就 会 有 一 场 混 战。想 参 加 的 话，直 接 跳 进 去 就 行。
dlga_id:close_window_441|好，我 这 就 去。
dlga_id:arena_master_melee_reject|谢 谢。但 是 我 上 次 的 伤 还 没 好 呢。
dlga_id:arena_master_pre_talk_4|很 好，{reg33?姑 娘:汉 子}。这 才 是 明 智 的 选 择。
dlga_id:arena_training_melee_explain_reward|那 个，你 能 再 跟 我 说 一 下 报 酬 吗？
dlga_id:arena_master_skills_options|那 你 真 是 来 对 了 地 方。你 想 学 习 哪 些 技 能？
dlga_id:arena_master_skills_price_dodge|我 想 学 习 躲 避 技 能。
dlga_id:arena_master_skills_price_ignore_advanced|我 想 学 习 高 级“无 视 痛 苦”。
dlga_id:arena_master_skills_price_ignore|我 想 学 习“无 视 痛 苦”。
dlga_id:arena_master_skills_price_mighty|我 想 学 习“强 力 一 击”。
dlga_id:close_window_442|其 实 我 改 主 意 了。
dlga_id:arena_master_skills_payment|很 好，学 费 是 4000枚 金 币。
dlga_id:arena_master_skills_payment.1|很 好，学 费 是 6000枚 金 币。
dlga_id:arena_master_skills_payment.2|很 好，学 费 是 10000枚 金 币。
dlga_id:arena_master_skills_payment.3|很 好，学 费 是 2000枚 金 币。
dlga_id:arena_master_skills_payment.4|很 好，学 费 是 1000枚 金 币。
dlga_id:arena_master_skills_payment.5|很 好，学 费 是 8000枚 金 币。
dlga_id:arena_master_skills_talk_2|你 的 体 型 太 大，学 不 了 这 个。
dlga_id:close_window_443|我 现 在 付 不 起 这 笔 钱。
dlga_id:arena_master_skills_final|很 好，这 是 学 费。
dlga_id:close_window.1_70|也 许 改 天 吧。
dlga_id:close_window_444|明 智 的 选 择。只 有 最 强 大 的 斗 士，才 能 在 这 个 世 界 活 下 去。
dlga_id:arena_master_skills_payment_ignore|很 好，学 费 是 6000枚 金 币。
dlga_id:arena_master_skills_payment_ignore_2|很 好，学 费 是 6000枚 金 币。
dlga_id:arena_master_skills_payment_ignore.1|很 好，学 费 是 5000枚 金 币。
dlga_id:arena_master_skills_payment_ignore.2|很 好，学 费 是 12000枚 金 币。
dlga_id:arena_master_skills_payment_ignore.3|很 好，学 费 是 2000枚 金 币。
dlga_id:arena_master_skills_payment_ignore.4|很 好，学 费 是 15000枚 金 币。
dlga_id:arena_master_skills_payment_ignore.5|很 好，学 费 是 5000枚 金 币。
dlga_id:arena_master_skills_payment_ignore_advanced|很 好，高 级 版 本 的 学 费 是 15000枚 金 币。
dlga_id:close_window_445|我 现 在 付 不 起 这 笔 钱。
dlga_id:close_window_446|我 现 在 负 担 不 起。
dlga_id:arena_master_skills_final_ignore|很 好，这 是 学 费。
dlga_id:arena_master_skills_final_ignore_advanced|很 好，这 是 报 酬。
dlga_id:close_window.1_71|也 许 改 天 吧。
dlga_id:close_window.1_72|也 许 改 天 吧。
dlga_id:close_window_447|明 智 的 选 择。只 有 最 强 大 的 斗 士，才 能 在 这 个 世 界 活 下 去。
dlga_id:close_window_448|明 智 的 选 择，只 有 最 强 大 的 战 士 才 能 在 这 个 世 界 生 存。
dlga_id:arena_master_skills_payment_mighty|很 好，学 费 是 6000枚 金 币。
dlga_id:arena_master_skills_payment_mighty.1|很 好，学 费 是 4000枚 金 币。
dlga_id:arena_master_skills_payment_mighty.2|很 好，学 费 是 3000枚 金 币。
dlga_id:arena_master_skills_payment_mighty.3|很 好，学 费 是 9000枚 金 币。
dlga_id:arena_master_skills_payment_mighty.4|很 好，学 费 是 10000枚 金 币。
dlga_id:arena_master_skills_payment_mighty.5|很 好，学 费 是 5000枚 金 币。
dlga_id:close_window_449|我 现 在 付 不 起 这 笔 钱。
dlga_id:arena_master_skills_final_mighty|很 好，这 是 学 费。
dlga_id:close_window.1_73|也 许 改 天 吧。
dlga_id:close_window_450|明 智 的 选 择。只 有 最 强 大 的 斗 士，才 能 在 这 个 世 界 活 下 去。
dlga_id:galeas_talk|你 好，{reg33?姑 娘:小 伙 子}。手 上 若 有 俘 虏，我 很 乐 意 出 钱 收 下。
dlga_id:galeas_sell_prisoners|那 你 最 好 备 足 金 币，我 带 了 一 批 俘 虏 来 卖。
dlga_id:close_window_451|下 次 再 说，再 见。
dlga_id:galeas_sell_prisoners_2|让 我 看 看 你 带 来 了 些 什 么……
dlga_id:close_window_452|多 抓 些 俘 虏 送 来，我 会 给 你 一 个 好 价 钱。
dlga_id:reinforcements_intro|那 边 是 谁？我 们 是 {s20}，正 在 前 往 {s21} 的 路 上。
dlga_id:close_window_453|我 是 {playername}。我 只 是 路 过。
dlga_id:reinforcements_reinforce|真 巧。我 也 在 去 {s21} 的 路 上。来，让 我 给 你 一 些 部 队。
dlga_id:close_window_454|多 谢。那 我 们 继 续 赶 路 了。
dlga_id:reinforcement_hostile|我 是 {playername}。我 来 这 里 就 是 为 了 阻 止 你 们 到 达 目 的 地！
dlga_id:reinforcements_attack|什 么！？我 们 受 {s3} 的 保 护！{reg3?她 :他 } 一 定 会 报 复 的，你 等 着 瞧！
dlga_id:close_window_455|好 啊，尽 管 让 {reg3?她 :他 } 来！等 收 拾 完 你，我 就 去 找 那 个 {reg3?贱 人 :流 氓 } 算 账！
dlga_id:close_window.1_74|好，你 走 吧！但 {playername} 绝 不 会 就 此 罢 休！
dlga_id:bandit_talk|{s5}
dlga_id:close_window_456|你 从 我 这 儿 除 了 冰 冷 的 钢 铁 什 么 也 得 不 到，渣 滓！
dlga_id:bandit_barter|没 必 要 打 架，我 能 付 得 起 过 路 费。
dlga_id:bandit_barter_2|不 见 血 就 能 拿 到 银 子，这 才 是 我 们 最 喜 欢 的 买 卖！嗯……看 你 这 身 行 头，凑 出 {reg5}枚 金 币 应 该 不 难。交 钱，我 们 就 放 你 过 去。
dlga_id:bandit_barter_3a|好 吧。这 些 钱 你 拿 去 吧。
dlga_id:bandit_barter_3b|我 没 带 那 么 多 钱。
dlga_id:close_window_457|那 太 糟 了。我 想 我 们 只 好 把 你 卖 为 奴 隶 了。抓 住 {reg33?她 :他 }，伙 计 们！
dlga_id:close_window_458|嘿，我 听 说 过 你 的 名 字！你 把 我 们 劫 掠 者 像 狗 一 样 的 屠 杀，现 在 你 希 望 我 们 为 了 这 几 个 臭 钱 放 你 走？做 梦 去 吧。你 没 给 我 们 留 任 何 后 路，现 在 你 也 别 想 有。
dlga_id:close_window_459|嘿，这 不 就 成 了？好 了，我 们 放 你 走。快 滚 吧。
dlga_id:bandit_meet|啊？这 是 什 么？
dlga_id:bandit_attack|你 的 好 运 到 头 了，无 耻 的 狗 杂 种。准 备 去 死！
dlga_id:close_window_460|{s5}
dlga_id:close_window_461|算 了，我 与 你 无 事。
dlga_id:disbanded_troop_ask|你 想 让 我 们 跟 着 你 吗？
dlga_id:disbanded_troop_join|是，让 我 们 一 起 走 吧。
dlga_id:close_window_462|不，这 次 不 行。
dlga_id:close_window_463|很 不 幸。你 队 伍 里 没 有 多 余 的 空 间 容 纳 我 们 了。
dlga_id:close_window.1_75|我 们 现 在 听 你 的 指 挥。
dlga_id:enemy_talk_1|你 不 会 抓 到 我 的。至 少 这 次 不 会。
dlga_id:enemy_talk_2|你 没 可 能 赢 得 了 我 的。投 降 吧。
dlga_id:close_window_464|等 你 死 了 我 就 放 弃！
dlga_id:party_encounter_routed_agents_are_caught|求 求 你，放 过 我 们。
dlga_id:party_encounter_routed_agents_are_caught2|你 以 为 你 能 逃 得 掉 吗？你 只 有 两 个 选 择，投 降 或 者 死！
dlga_id:close_window_465|好 吧。这 次 我 们 就 放 过 你，别 再 让 我 们 碰 上。
dlga_id:close_window_466|你 就 没 有 一 点 仁 慈 吗？{reg20?我 们 会 战 斗 到 最 后 一 人 :我 会 战 斗 到 最 后 一 息 }！
dlga_id:close_window.1_76|{s1}
dlga_id:sell_prisoner_outlaws|嗯……每 个 劫 掠 者 10枚 金 币，合 计 {reg1}枚；你 一 共 带 来 {reg0}人。
dlga_id:sell_prisoner_outlaws.1|让 我 看 看……你 带 来 {reg0}名 强 盗，每 人 20枚 金 币，合 计 {reg1}枚。
dlga_id:sell_prisoner_outlaws.2|嗯，不 错。你 抓 到 了 {reg0}名 匪 徒，每 人 值 30枚 金 币，合 计 给 你 {reg1}枚。
dlga_id:close_window_467|我 想 就 这 些 了。
dlga_id:close_window_468|
dlga_id:prisoner_chat_accept_confirm|好 吧，我 给 你 腾 出 了 位 置。
dlga_id:prisoner_chat_accept3|我 听 候 您 的 差 遣，我 的 {reg33?女 士 :大 人 }。
dlga_id:close_window.1_77|对 不 起，我 仍 然 没 有 你 的 位 置。你 将 不 得 不 等 待 一 段 时 间。
dlga_id:prisoner_chat_commoner|你！
dlga_id:prisoner_chat_lord|{s1}
dlga_id:prisoner_chat_menu|我？！咕 嘟……
dlga_id:prisoner_chat_noble|是 的，{reg33?夫 人 :大 人 }{s1}？
dlga_id:prisoner_chat_noble_prerelease|你 可 以 走 了。
dlga_id:prisoner_chat_noble_prekeep|你 将 永 远 是 我 的 囚 徒。
dlga_id:prisoner_chat_noble_release|你 可 能 已 经 听 说 了，我 是 一 个 有 荣 誉 感 的 {reg33?女 人 :男 人 }。你 可 以 走 了。
dlga_id:close_window_469|我 不 会 忘 记 这 个 骑 士 的 行 为！
dlga_id:prisoner_chat_noble_keep|你 应 该 能 理 解，我 得 继 续 把 你 当 作 人 质，直 到 你 的 家 族 愿 意……补 偿 我 这 几 周 为 让 你 吃 饱、穿 暖 并 保 持“安 全”所 承 担 的 花 费 与 辛 苦。
dlga_id:close_window_470|你 这 样 做 真 是 有 失 身 份。
dlga_id:close_window.1_78|等 我 像 猎 狗 一 样 把 你 追 到 绝 路 时，也 希 望 你 还 能 这 么“通 情 达 理”！
dlga_id:prisoner_chat_offer|嗯……看 来 你 没 其 他 乌 合 之 众 那 么 蠢。也 许 我 能 在 队 伍 里 用 得 上 你。
dlga_id:prisoner_chat_release|你 虽 然 可 恨，我 却 还 是 忍 不 住 可 怜 你。今 天 我 就 发 发 慈 悲。
dlga_id:close_window_471|回 到 队 列 里，渣 滓！
dlga_id:prisoner_chat_release2|滚 吧，趁 我 还 没 改 变 主 意！
dlga_id:close_window_472|哦，谢 谢 你，{reg33?夫 人 :先 生 }。愿 祝 福 与 你 同 在！{reg33?:}
dlga_id:prisoner_chat_reaction|听 着，人 渣。在 我 把 你 卖 给 奴 隶 贩 子 前，你 还 有 最 后 一 次 赎 罪 的 机 会。抛 弃 从 前 的 效 忠 对 象，向 我 宣 誓 效 忠，逐 字 遵 从 我 的 命 令；如 此，你 会 得 到 饭 食、薪 饷 与 庇 护。若 拒 绝……奴 隶 的 日 子 只 有 无 休 止 的 鞭 打 与 折 磨。作 出 选 择 前，最 好 仔 细 想 清 楚。{reg33?:}{reg33?:}{reg33?:}
dlga_id:prisoner_chat_accept1|谢 谢 你 的 怜 悯，{reg33?女 士 :先 生 }。我 向 死 去 的 母 亲 发 誓 我 会 为 你 服 务，我 的 {reg33?夫 人 :大 人 }！
dlga_id:prisoner_chat_refuse|我 这 就 让 你 看 看，我 对 这 提 议 有 什 么 想 法！（囚 犯 朝 你 脚 边 啐 了 一 口）这 就 是 我 的 回 答。滚 吧，我 没 兴 趣！
dlga_id:prisoner_chat_menu_2|原 来 如 此……
dlga_id:prisoner_chat_accept2|你 若 连 我 一 声 令 下 都 不 知 道 发 抖，我 就 让 人 好 好“管 教”你！
dlga_id:prisoner_chat_accept2.1|在 我 的 营 地，我 们 都 被 视 为 平 等。我 期 待 你 的 服 从 和 你 的 信 任。
dlga_id:prisoner_chat_accept3_2|我 会 服 从 你 的 意 愿，我 的 {reg33?女 士 :大 人 }。我 发 誓！
dlga_id:close_window_473|哦！看 来 我 的 队 伍 暂 时 没 有 你 的 位 置。等 腾 出 空 位，我 会 再 回 来。
dlga_id:close_window.1_79|很 好。去 军 需 官 那 里 领 取 补 给 与 装 备，前 方 还 有 恶 战 等 着 我 们。
dlga_id:town_merchant_talk|问 候 您，{s0}。今 天 我 能 为 您 做 些 什 么？
dlga_id:town_merchant_talk.1|你 好。我 能 为 你 做 什 么？
dlga_id:trade_requested_weapons|我 想 买 件 新 武 器。让 我 看 看 你 都 有 些 什 么。
dlga_id:trade_requested_armor|我 想 弄 点 新 装 备。让 我 看 看 你 都 有 些 什 么。
dlga_id:trade_requested_horse|我 想 挑 匹 好 马。
dlga_id:dplmc_trade_autosell_1|我 想 要 出 售 一 些 武 器。
dlga_id:dplmc_trade_autosell_1.1|我 想 要 出 售 一 些 护 甲。
dlga_id:dplmc_trade_autosell_1.2|我 想 要 出 售 一 些 马 匹。
dlga_id:dplmc_trade_autosell_2a|让 我 看 看……除 去 你 的 私 人 装 备，我 还 看 到 {reg1}件 值 得 收 购 的 物 品，愿 意 出 {reg0}枚 金 币。成 交 吗？
dlga_id:merchant_trade|当 然，和 你 做 生 意 很 愉 快。
dlga_id:merchant_trade.1|不 是 这 些。让 我 指 给 你 看 我 想 卖 的 东 西。
dlga_id:merchant_trade.2|别 在 意。
dlga_id:dplmc_trade_autosell_2b|除 了 我 认 为 是 你 的 私 人 装 备 外，我 没 有 看 到 任 何 我 有 兴 趣 购 买 的 东 西。
dlga_id:merchant_trade_2|让 我 告 诉 你 我 的 意 思。
dlga_id:merchant_trade.1_2|别 在 意。
dlga_id:merchant_trade_3|啊，没 错，{s0}。这 些 是 你 在 别 处 绝 对 找 不 到 的 上 好 兵 器。
dlga_id:merchant_trade_4|当 然，{s0}。整 个 国 家 都 找 不 到 比 这 些 更 好 的 盔 甲。
dlga_id:merchant_trade_5|您 真 有 一 双 识 马 的 慧 眼，{s0}。别 处 可 找 不 到 比 这 些 更 好 的 坐 骑。
dlga_id:town_merchant_talk_2|还 有 什 么 事 吗？
dlga_id:merchant_gossip|告 诉 我，大 家 最 近 都 在 谈 论 些 什 么？
dlga_id:town_merchant_talk_3|近 来 没 什 么 新 鲜 事。物 价、天 气、战 争……总 是 那 些 老 话 题。
dlga_id:close_window_474|再 见。
dlga_id:town_dweller_talk_silent|[它 默 默 地 盯 着 你 ]
dlga_id:close_window_475|[离 开 ]
dlga_id:town_dweller_talk|我 的 {reg33?女 士 :大 人 }？
dlga_id:town_dweller_talk.1|日 安，{s0}。
dlga_id:town_dweller_ask_fugitive|我 在 找 一 个 名 叫 {s4} 的 人。我 被 告 知 他 就 藏 在 这 里。
dlga_id:close_window_476|{s0}，陌 生 人 常 来 我 们 村 子。如 果 他 藏 在 这 里，你 四 处 找 找 肯 定 能 找 到。
dlga_id:town_dweller_quest_meet_spy_in_enemy_town_ask_item|冒 昧 问 一 句，您 身 上 穿 的 是 {s5} 吗？
dlga_id:town_dweller_talk_2|{s6}
dlga_id:town_dweller_quest_meet_spy_in_enemy_town|{s4}
dlga_id:town_dweller_quest_meet_spy_in_enemy_town_know|{s4}
dlga_id:town_dweller_quest_meet_spy_in_enemy_town_dont_know|啊？那 是 什 么 鬼 话？
dlga_id:close_window_477|算 了。
dlga_id:town_dweller_quest_meet_spy_in_enemy_town_chat|{s4} 派 我 来 拿 你 的 报 告。你 有 带 在 身 上 吗？
dlga_id:town_dweller_quest_meet_spy_in_enemy_town_chat_2|我 正 在 等 你 呢。拿 好 了，你 要 确 保 它 们 安 全 按 时 到 达 {s4}，绝 不 能 有 任 何 延 误。
dlga_id:close_window_478|再 见。
dlga_id:town_dweller_ask_info|你 能 告 诉 我 这 个 村 子 的 相 关 情 况 吗？
dlga_id:town_dweller_ask_info.1|你 能 告 诉 我 这 个 城 镇 的 相 关 情 况 吗？
dlga_id:close_window_479|{s10} {s11}
dlga_id:town_dweller_ask_situation|这 里 的 日 子 过 得 怎 么 样？
dlga_id:town_dweller_ask_situation_2|这 里 的 日 子 过 得 怎 么 样？
dlga_id:town_dweller_poor|厄 运 一 直 纠 缠 着 我 们，{s0}。我 们 没 有 土 地，其 他 人 也 没 钱 雇 用 我 们，甚 至 无 力 接 济。我 可 怜 的 孩 子 又 饿 又 病，我 们 已 经 不 知 该 怎 么 办 了。
dlga_id:town_dweller_poor.1|我 的 日 子 苦 不 堪 言，{s0}。我 已 经 几 个 月 找 不 到 活 儿 了，可 怜 的 孩 子 每 晚 都 饿 着 肚 子 入 睡，邻 居 们 也 穷 得 无 力 帮 我。
dlga_id:town_dweller_poor_paid|那 么 收 下 这 300金 币。我 希 望 这 可 以 帮 助 你 和 你 的 家 人。
dlga_id:town_dweller_poor_not_paid|很 明 显 你 需 要 去 别 的 地 方 试 试 运 气，或 者 学 学 别 的 营 生。
dlga_id:close_window_480|是，{reg33?夫 人 :先 生 }。我 会 照 你 说 的 做。
dlga_id:close_window_481|我 的 {reg33?好 心 的 女 士 :仁 慈 的 领 主 }。你 如 此 善 良 慷 慨。我 会 告 诉 每 个 人 你 是 如 何 帮 助 我 们 的。{reg33?:}
dlga_id:close_window_482|{s0}，谢 谢 你 的 好 意。有 你 的 帮 助，我 们 的 生 活 将 会 改 善。我 会 每 天 为 你 祈 祷。
dlga_id:town_dweller_talk_3|日 子 很 艰 难，{s0}。我 们 从 早 到 晚 拼 命 干 活，却 几 乎 每 晚 都 得 饿 着 肚 子 睡 觉。
dlga_id:town_dweller_talk.1_2|日 子 很 艰 难，{s0}。但 我 们 还 是 得 庆 幸 自 己 尚 能 维 持 生 计。
dlga_id:town_dweller_talk.2|我 们 过 得 还 不 算 太 糟，{s0}。我 们 得 感 恩 了。
dlga_id:town_dweller_ask_trade|你 做 什 么 生 意？
dlga_id:town_dweller_talk_4|{s14}
dlga_id:town_dweller_ask_rumor|有 没 有 什 么 最 新 的 传 言？
dlga_id:town_dweller_talk_5|没 什 么 你 会 感 兴 趣 的。
dlga_id:town_dweller_talk.1_3|{s61}
dlga_id:town_dweller_talk.2_2|最 近 没 什 么 特 别 的 情 况。
dlga_id:town_guard_talk_2|你 能 给 我 指 个 地 方 吗？
dlga_id:close_window_483|离 开。
dlga_id:player_castle_guard_talk|有 何 吩 咐，{s0}？
dlga_id:player_castle_guard_talk_2|岗 哨 情 况 如 何，士 兵？
dlga_id:town_guard_talk_2_2|你 能 给 我 指 个 地 方 吗？
dlga_id:player_castle_guard_talk_3|一 切 平 静，{s0}。没 有 情 况。
dlga_id:close_window_484|很 好，给 我 盯 着 点。
dlga_id:close_window.62|日 安，{s0}。你 能 莅 临 {s10} 始 终 是 我 们 的 荣 幸。
dlga_id:town_dweller_talk_silent_2|[他 沉 默 地 看 着 你]
dlga_id:town_guard_talk|在 城 里 守 规 矩，别 惹 事。否 则，别 怪 我 们 不 客 气。
dlga_id:town_guard_talk_2_3|你 能 给 我 指 个 地 方 吗？
dlga_id:close_window_485|没 什 么
dlga_id:town_guard_talk_2_4|当 然，{s0}。
dlga_id:town_guard_talk_2.1|可 以，收 费 {reg24}枚 金 币。
dlga_id:town_guard_talk_3|监 狱。
dlga_id:town_guard_talk_3.1|商 店。
dlga_id:close_window_486|算 了。
dlga_id:close_window_487|就 在 那 边。
dlga_id:hall_guard_talk|有 何 吩 咐，{s0}？
dlga_id:close_window.63|我 们 站 岗 时 不 应 该 说 话，{s0}。
dlga_id:hall_guard_duty|继 续 站 岗，如 果 有 人 来 找 我 就 转 告 我 一 声。
dlga_id:close_window_488|是，{s0}。如 你 所 愿。
dlga_id:dplmc_guard_talk_reenter_court|我 要 你 让 宫 廷 的 常 驻 成 员 重 新 入 内。
dlga_id:dplmc_guard_talk_enter_court|我 要 接 见 前 来 请 求 觐 见 的 无 封 地 领 主。
dlga_id:dplmc_guard_talk_enter_court.1|我 想 与 暂 居 宫 廷 的 贵 族 女 士 们 谈 谈。
dlga_id:close_window_489|很 遗 憾，目 前 没 有 请 愿 者 等 候 您 的 召 见，{s0}。
dlga_id:close_window.1_80|如 您 所 愿。我 将 请 内 侍 宣 布 您 的 驾 到。
dlga_id:close_window_490|如 您 所 愿。立 即 召 开 会 议。
dlga_id:dplmc_guard_talk_replace_3|你 根 本 不 配 守 卫 这 些 厅 堂。滚 出 我 的 视 线。
dlga_id:dplmc_guard_plyr_replace|明 白 了……你 想 让 谁 接 替 我？
dlga_id:close_window_491|算 了。回 去 工 作！
dlga_id:close_window_492|谢 谢 您 给 我 们 第 二 次 机 会，{s0}。
dlga_id:close_window.1_81|我 不 认 为 {reg10?{s10}:我 们 } 可 以 同 时 守 卫 两 地。
dlga_id:close_window.2_16|如 您 所 愿，{s0}。从 现 在 起，{s1} 会 加 入 您 的 卫 队。
dlga_id:hall_guard_arrest|立 即 把 这 个 人 抓 起 来！
dlga_id:hall_guard_arrest_2|你 要 我 们 逮 捕 谁，{s0}？
dlga_id:close_window_493|啊，算 了，弟 兄 们。我 刚 才 只 是 一 时 冲 动。
dlga_id:close_window.1_82|算 了 吧。我 想 别 的 办 法 来 解 决 这 个 问 题 吧。
dlga_id:close_window_494|啊！我 最 恨 这 个 了。
dlga_id:close_window_495|谢 谢 你 帮 助 我 们 对 抗 那 些 杂 种。
dlga_id:regular_member_talk|您 的 命 令，{s0}？
dlga_id:view_regular_char_requested_2|说 说 你 自 己。
dlga_id:close_window_496|遵 命，{s0}。容 我 把 自 己 的 经 历 一 一 道 来。
dlga_id:close_window_497|叛 徒，束 手 就 擒 吧……
dlga_id:close_window.1_83|没 事，继 续 走。
dlga_id:party_encounter_hostile_attacker|你 们 毫 无 胜 算。现 在 投 降，否 则 我 们 就 把 你 们 杀 个 精 光……
dlga_id:close_window_498|我 们 会 死 拼 到 底！
dlga_id:close_window.1_84|别 攻 击！我 们 投 降。
dlga_id:party_encounter_hostile_defender|你 想 干 什 么？
dlga_id:party_encounter_hostile_ultimatum_surrender|投 降，或 者 死！
dlga_id:close_window_499|我 们 是 同 一 派 系 的，你 这 蠢 货！{reg33?:}
dlga_id:close_window.1_85|{s43}
dlga_id:party_encounter_hostile_defender_bandit_information|我 正 在 追 捕 一 群 土 匪，特 征 如 下……你 见 过 他 们 吗？
dlga_id:party_encounter_hostile_defender_2|{s15}
dlga_id:close_window_500|没 什 么，我 们 不 会 打 你 的。
dlga_id:battle_reason_stated|投 降 或 死。选 吧。
dlga_id:close_window_501|我 不 怕 你。要 打 就 打！
dlga_id:free|你 好。有 什 么 我 可 以 效 劳 的？
dlga_id:view_char_requested_2|说 说 你 自 己。
dlga_id:view_char|没 问 题，听 好 了。
dlga_id:free_2|还 有 别 的 吗？
dlga_id:close_window_502|[完 成]
dlga_id:threaten_1|想 活 命，就 放 下 武 器 投 降！
dlga_id:end|那 就 先 打 过 再 说！
dlga_id:member_direct_campaign_choice|遵 命，{reg33?长 官:领 主}。您 想 向 封 臣 们 传 达 什 么 命 令？
dlga_id:member_direct_campaign_call_to_arms_verify|我 想 发 动 一 次 新 的 战 役，我 们 把 部 队 都 召 集 到 这 里 吧。
dlga_id:member_give_order_disband_army_verify|我 想 停 止 战 役 并 让 所 有 人 都 回 去。
dlga_id:member_give_order_invite_feast_verify|我 想 邀 请 王 国 的 领 主 们 参 加 在 {s4} 举 办 的 宴 会。
dlga_id:member_pretalk|算 了。
dlga_id:member_give_order_invite_feast_verify_2|你 想 邀 请 王 国 的 领 主 们 参 加 宴 会 吗？
dlga_id:member_give_order_invite_feast|是 的。是 时 候 加 深 我 们 彼 此 间 的 联 系 了。
dlga_id:member_pretalk_2|再 想 想，现 在 或 许 不 是 时 候。
dlga_id:member_pretalk_3|遵 命。我 会 派 出 信 使，通 知 王 国 的 领 主 们 前 往 {s4} 赴 宴。
dlga_id:member_give_order_call_to_arms_verify_2|你 要 召 集 所 有 的 领 主 来 发 动 这 场 战 役 吗？
dlga_id:member_give_order_call_to_arms|是 的。在 进 攻 敌 人 之 前，我 们 必 须 集 中 我 们 所 有 的 力 量。
dlga_id:member_pretalk_4|再 想 想，没 必 要 动 员 所 有 人。
dlga_id:member_pretalk_5|那 好 的。我 将 派 出 使 者 召 集 所 有 人 到 这 里。
dlga_id:member_give_order_disband_army_2|你 想 停 止 当 前 的 战 役 并 让 所 有 领 主 都 回 去？
dlga_id:member_give_order_disband_army|是。我 们 再 也 不 需 要 我 们 所 有 的 军 力 都 集 中 在 这 里。
dlga_id:member_pretalk_6|再 想 想，眼 下 还 是 继 续 集 结 为 好。
dlga_id:member_pretalk_7|好 的。我 将 告 诉 所 有 人，他 们 可 以 解 散 了。
dlga_id:mayor_wealth_comparison_2|总 体 而 言，新 世 界 最 富 裕 的 城 镇 公 认 是 {s4}。我 们 {s5} 的 财 富 不 及 {reg4}座 城 镇，却 胜 过 另 外 {reg5}座。
dlga_id:mayor_wealth_comparison_3|若 论 本 地 工 业，整 片 大 陆 生 产 力 最 强 的 城 镇 公 认 是 {s4}。我 们 {s5} 的 产 量 不 及 {reg4}座 城 镇，却 胜 过 另 外 {reg5}座。产 量 当 然 会 受 原 料 供 应 与 城 镇 整 体 繁 荣 程 度 影 响。
dlga_id:mayor_wealth_comparison_4|若 论 周 边 村 庄 的 产 出，{s4} 的 腹 地 是 整 片 大 陆 最 富 饶 的。我 们 {s5} 周 边 村 庄 的 产 出 不 及 {reg4}座 城 镇 的 腹 地，却 胜 过 另 外 {reg5}座。城 镇 腹 地 的 财 富 极 易 受 战 争 潮 汐 左 右；劫 掠、焚 毁 与 领 土 易 手，都 会 带 来 巨 大 冲 击。
dlga_id:mayor_wealth_comparison_5|若 论 商 贸，近 几 个 月 接 待 商 队 最 多 的 城 镇 公 认 是 {s4}。我 们 {s5} 的 商 队 往 来 不 及 {reg4}座 城 镇，却 胜 过 另 外 {reg5}座。
dlga_id:mayor_pretalk_17|若 论 旅 人 遭 袭 的 情 况，{s4} 公 认 是 最 危 险 的 城 镇。我 们 {s5} 遭 受 强 盗 与 掠 夺 者 侵 扰 的 程 度，轻 于 {reg4}座 城 镇，却 重 于 另 外 {reg5}座。
dlga_id:dplmc_lord_ask_leave_service_rebellion|我 无 意 失 去 我 的 领 地，{s65}。
dlga_id:dplmc_lord_ask_leave_service_rebellion_verify|哼。现 在 别 急 着 说 这 种 话，{playername}。我 想 我 应 该 得 到 更 多 的 尊 重。那 些 土 地 属 于 我 和 我 的 继 承 人，正 如 你 所 宣 誓 的。如 果 你 继 续 走 这 条 路，将 是 对 我 的 极 大 冒 犯，而 我 们 没 必 要 为 此 兵 戎 相 见。
dlga_id:dplmc_lord_ask_leave_service_rebellion_verify.1|你 变 得 鲁 莽 了，{playername}。你 的 誓 言 将 你 与 我 绑 定，你 治 理 的 领 地 也 需 遵 从 我 的 意 志。想 想 你 在 说 什 么，这 绝 非 明 智 之 举，对 你 也 不 会 有 好 结 果。你 最 好 重 新 考 虑 一 下。
dlga_id:lord_ask_leave_service_3_2|您 说 得 对，{s65}。那 些 领 地 属 于 您，但 我 仍 必 须 离 开。
dlga_id:dplmc_lord_ask_leave_rebellion_confirm|那 些 土 地 是 我 用 鲜 血 与 汗 水 挣 来 的，不 是 你。它 们 属 于 我。
dlga_id:dplmc_lord_ask_leave_rebellion_confirm_final|你 让 我 大 失 所 望，{playername}。你 或 许 曾 得 到 过 我 的 信 任，但 这 已 超 出 理 智 范 围。不 要 怀 疑，我 将 捍 卫 我 家 族 的 荣 誉，不 容 你 的 侮 辱。我 们 之 间，这 就 是 战 争。
dlga_id:dplmc_lord_ask_leave_rebellion_confirm_final.1|我 早 该 料 到 你 的 背 叛。我 一 定 是 心 软 了，才 会 愚 蠢 到 没 看 出 你 的 阴 谋。没 关 系，你 的 末 日 总 会 到 来，{playername}。正 义 在 战 场 上 最 为 迅 捷。
dlga_id:dplmc_lord_ask_leave_rebellion_end|我 并 不 憎 恨 您，{s65}。我 只 是 在 做 自 己 认 为 正 义 的 事。
dlga_id:dplmc_lord_ask_leave_rebellion_end.1|我 们 都 做 必 须 做 的 事。再 会。
dlga_id:dplmc_lord_ask_leave_rebellion_end.2|那 么 我 期 待 在 战 场 上 相 见 的 那 一 天。
dlga_id:close_window_503|{playername}，这 是 黑 暗 的 一 天。整 个 {s1} 都 会 记 住 并 痛 悔 此 事。你 的 背 叛 不 会 被 轻 易 遗 忘。你 最 好 赶 紧 离 开。
dlga_id:close_window.1_86|{playername}，你 已 不 再 是 我 当 初 收 为 封 臣 的 那 个 {reg33?女 人 :人 } 了。趁 我 还 没 亲 手 了 结 此 事，立 刻 从 我 眼 前 消 失。{reg33?:}
dlga_id:close_window_504|再 见。
dlga_id:close_window.1_87|【离 开】
dlga_id:close_window_505|很 高 兴 你 没 有 忘 记 我！
dlga_id:close_window.1_88|能 为 您 效 力 是 我 的 荣 幸，{reg33?我 的 女 士 :阁 下 }！
dlga_id:lord_request_enlistment_confirm|我 的 队 伍 正 好 容 得 下 你 这 样 的 人，{playername}。我 可 以 让 你 以 {s1} 身 份 服 役，周 薪 {s2}，晋 升 机 会 也 很 多。战 斗 中 能 搜 集 到 的 战 利 品，你 也 可 以 分 一 份。^^顺 便 说 一 句，合 同 期 为 两 周。服 役 超 过 一 个 月，离 队 时 还 会 得 到 奖 金，以 及 与 你 军 阶 相 匹 配 的 装 备。^^^（注：服 役 满 一 个 月 后 离 队，才 能 领 取 免 费 装 备；服 役 期 间 可 选 择 以 该 派 系 兵 种 身 份 作 战。）
dlga_id:close_window_506|这 份 差 事 看 来 公 道，也 算 安 稳。我 愿 追 随 您，大 人。
dlga_id:lord_pretalk_200|不 过 转 念 一 想，大 人，我 还 想 独 自 闯 荡 一 阵。多 谢 您 的 好 意。
dlga_id:lord_pretalk_201|我 还 不 够 信 任 你，不 能 让 你 加 入 我 的 队 伍。
dlga_id:lord_pretalk_202|{playername}，你 两 周 的 合 同 尚 未 履 行 完 毕。请 返 回 岗 位。
dlga_id:lord_pretalk.1_43|很 好，{playername}。你 的 服 役 到 此 为 止。
dlga_id:lord_pretalk_203|{playername}，离 开？！你 为 我 效 劳 还 不 到 一 周！晚 些 时 候 再 问 我，我 或 许 会 批 准 你 的 请 求。
dlga_id:lord_pretalk.1_44|很 好，{playername}。我 准 你 暂 时 离 开 军 务，两 周 后 回 来 报 到。{reg33?:}
dlga_id:lord_pretalk_204|欢 迎 回 来，{playername}。我 想 你 的 同 袍 们 已 经 开 始 想 念 你 了。现 在 回 到 岗 位 上 去。
dlga_id:lord_pretalk.1_45|抱 歉，{playername}，但 我 不 再 认 为 让 你 继 续 服 役 是 合 适 的。
