menu_1164|Dummy first line
menu_id_1|欢 迎 来 到《中 古 战 锤：战 剑 征 服》，冒 险 者。在 踏 上 征 途 之 前，你 必 须 先 创 建 角 色。首 先，请 选 择 角 色 的 物 种 或 种 族。
mno_id_1|{s2}
mno_id_2|返 回
mno_id_3|快 速 开 始 测 试 
menu_id_2|你 生 活 在 旧 世 界—— 一 片 被 诸 国 与 诸 族 撕 裂、为 争 夺 霸 权 而 永 无 休 止 厮 杀 的 土 地。骑 士、佣 兵、亡 命 徒 与 冒 险 家 汇 聚 于 此，无 不 愿 为 财 富、权 势 或 荣 耀 赌 上 性 命……你 深 吸 一 口 气，开 始 谋 划 自 己 的 未 来。你 或 许 会 成 为 骁 勇 的 战 士、富 有 的 商 人、声 名 赫 赫 的 佣 兵、竞 技 大 会 冠 军、一 方 领 主，甚 至 登 上 王 座。无 论 命 运 将 你 引 向 其 中 哪 条 道 路，抑 或 让 你 兼 得 数 种 身 份，你 都 必 须 果 敢 无 畏，并 精 通 战 争 之 道。为 前 方 的 冒 险 做 好 准 备 吧。命 运 掌 握 在 你 手 中；若 没 有 足 以 取 胜 的 力 量 与 技 艺，你 终 将 只 是 万 千 无 名 亡 魂 中 的 一 个。
mno_id_4|前 往 西 格 玛 帝 国 的 阿 尔 道 夫 
mno_id_5|起 始 于 矮 人 王 国 的 卡 拉 克 · 卡 德 林。
mno_id_6|前 往 夜 地 精 领 地 的 血 角 山 
mno_id_7|前 往 绿 皮 兽 人 的 葛 罗 姆 峰 
mno_id_8|随 商 队 前 往 古 墓 王 帝 国 的 喀 穆 里。
mno_id_9|随 商 队 前 往 大 计 划 守 护 者 的 斯 兰 雾 佩 克。
mno_id_10|坐 船 前 往 高 等 精 灵 的 洛 瑟 恩 
mno_id_11|前 往 巴 托 尼 亚 王 国 的 哥 隆 尼 
mno_id_12|前 往 混 沌 勇 士 的 瓦 纳 海 姆
mno_id_13|起 始 于 斯 卡 文 鼠 人 地 下 世 界 的 魔 鼠 废 都。
mno_id_14|前 往 黑 暗 精 灵 的 克 拉 卡 隆 德 
mno_id_15|前 往 混 沌 矮 人 殖 民 地 的 大 奥 格 姆
mno_id_16|从 野 兽 人 的 巨 角 城 开 始
mno_id_17|起 始 于 吸 血 鬼 海 岸 的 盐 沼 镇。
mno_id_18|起 始 于 吸 血 鬼 伯 爵 的 城 镇 邓 肯 霍 夫。
mno_id_19|更 多 选 项。
mno_id_20|起 始 于 艾 索 罗 伦 的 首 都 君 王 林。
mno_id_21|起 始 于 阿 拉 比 苏 丹 国 的 拉 新 科。
mno_id_22|从 基 斯 里 夫 沙 皇 国 的 基 斯 里 夫 城 开 始
mno_id_23|起 始 于 尼 朋 殖 民 地 在 新 大 陆 最 大 的 定 居 点 渠 港。
mno_id_24|从 半 身 人 的 卢 根 巴 特 尔 开 始
mno_id_25|上 一 页 选 项。
menu_id_3|选 择 剧 本：
menu_id_4|角 色 声 望：{reg5}^角 色 荣 誉：{reg6}^部 队 士 气：{reg8}^部 队 人 数 上 限：{reg7}^{s1}
mno_id_28|查 看 兵 种 树。
mno_id_29|查 看 角 色 报 告。
mno_id_30|查 看 部 队 人 数 上 限 报 告。
mno_id_31|查 看 同 伴 任 务 报 告。
mno_id_32|查 看 每 周 预 算 报 告。
mno_id_33|查 看 部 队 士 气 报 告。
mno_id_34|查 看 派 系 关 系 报 告。
mno_id_35|按 关 系 查 看 已 知 领 主 列 表。
mno_id_36|查 看 关 联 家 族 成 员 /配 偶 报 告。
mno_id_37|查 看 求 偶 关 系。
mno_id_39|参 考 资 料 
mno_id_40|继 续 旅 行。
menu_id_5|参 考 资 料：使 用 笔 记 与 最 近 消 息 查 看 结 果。
mno_id_41|查 看 贸 易 路 线 
mno_id_42|显 示 前 5种 种 族 的 原 始 偏 见
mno_id_43|显 示 第 2组 5种 种 族 的 原 始 偏 见
mno_id_44|显 示 第 3组 5种 种 族 的 原 始 偏 见
mno_id_45|显 示 第 4组 6种 种 族 的 原 始 偏 见
mno_id_46|显 示 偏 见：玩 家 部 队 与 随 机 兵 种
mno_id_47|启 用 详 细 调 试 信 息（可 通 过 PBOD作 弊 模 式 开 关 恢 复 正 常）
mno_id_48|查 看 繁 荣 报 告 
mno_id_49|查 看 所 有 派 系 兵 种
mno_id_50|查 看 所 有 领 主 
mno_id_51|查 看 所 有 雇 佣 兵 与 杂 项 单 位
mno_id_52|查 看 所 有 物 品 
mno_id_54|返 回 
menu_id_6|{s16}^{s17}^{s15}
menu_id_7|贸 易 路 线 子 菜 单
mno_id_56|列 出 前 7个 城 市 的 贸 易 路 线
mno_id_57|列 出 第 2组 7个 城 市 的 贸 易 路 线
mno_id_58|列 出 第 3组 7个 城 市 的 贸 易 路 线
mno_id_59|列 出 第 4组 7个 城 市 的 贸 易 路 线
mno_id_60|列 出 第 5组 7个 城 市 的 贸 易 路 线
mno_id_61|列 出 第 6组 7个 城 市 的 贸 易 路 线
mno_id_62|列 出 第 7组 7个 城 市 的 贸 易 路 线
menu_id_8|请 选 择 角 色 的 种 族、物 种 和／或 性 别。
mno_id_64|人 类
mno_id_65|野 兽 人
mno_id_66|混 沌
mno_id_67|蜥 人
mno_id_68|绿 皮 兽 人 
mno_id_69|夜 地 精 
mno_id_70|混 沌 矮 人
mno_id_71|精 灵
mno_id_72|骷 髅
mno_id_73|矮 人
mno_id_74|斯 卡 文 鼠 人 
mno_id_75|半 身 人
mno_id_76|吸 血 鬼 
mno_id_77|灵 蜥
mno_id_78|食 人 魔
menu_id_9|你 是：
mno_id_80|男 性 人 类
mno_id_81|女 性 人 类
menu_id_10|请 选 择 一 种 骷 髅 出 身。你 将 成 为：
mno_id_82|一 位 古 墓 王。
mno_id_83|一 位 亡 灵 海 盗。
mno_id_84|一 位 希 尔 瓦 尼 亚 的 骷 髅。
menu_id_11|多 年 前，你 降 生 于 世，血 脉 可 追 溯 至……
mno_id_85|西 格 玛 帝 国。
mno_id_86|巴 托 尼 亚 王 国。
mno_id_87|阿 拉 比 苏 丹 国。
mno_id_88|基 斯 里 夫 沙 皇 国。
mno_id_89|尼 朋 帝 国。
mno_id_90|海 盗 兄 弟 会。
mno_id_91|信 奉 混 沌 的 诺 斯 卡 部 落。
menu_id_12|你 选 择 了 精 灵 诸 族 之 一。你 将 成 为：
mno_id_92|高 等 精 灵 之 子（阿 苏 尔）
mno_id_93|高 等 精 灵 之 女（阿 苏 尔）
mno_id_94|木 精 灵 之 子（阿 斯 莱）
mno_id_95|木 精 灵 之 女（阿 斯 莱）
mno_id_96|黑 暗 精 灵 之 子（杜 鲁 奇）
mno_id_97|黑 暗 精 灵 之 女（杜 鲁 奇）
menu_id_13|多 年 前，你 出 生 在 旧 世 界 的 一 片 广 袤 森 林 中。你 的 父 亲 是……
mno_id_98|一 名 咆 哮 萨 满。
mno_id_99|一 位 战 术 家。
mno_id_100|一 头 大 角 兽。
mno_id_101|一 名 狩 猎 大 师。
mno_id_102|一 名 战 车 骑 手。
mno_id_103|一 名 战 争 领 主。
mno_id_104|重 新 开 始
menu_id_14|多 年 前，你 出 生 在 宁 静 的 议 会 地 腹 地。你 的 父 亲 是……
mno_id_105|一 名 旅 店 老 板。
mno_id_106|一 名 昆 斯 贝 里 议 员。
mno_id_107|一 名 神 偷。
mno_id_108|一 位 游 侠。
mno_id_109|一 位 郡 长。
mno_id_110|一 位 地 牢 冒 险 家。
menu_id_15|帝 国 行 省 施 蒂 尔 兰 的 东 部 坐 落 着 希 尔 瓦 尼 亚：一 片 被 迷 雾 森 林 与 沼 泽 荒 原 笼 罩 的 诅 咒 之 地，遍 布 古 堡 与 墓 园 的 遗 迹。尽 管 这 里 寂 静 如 鬼 域，据 说 仍 有 人 类 居 住 在 小 村 落 中，多 为 在 高 塔 城 市 阴 影 下 生 活 的 农 民，并 受 不 可 名 状 的 存 在 统 治。又 一 个 人 正 穿 过 希 尔 瓦 尼 亚 边 境—— 那 是 你 的 父 亲，而 他 曾 是……
mno_id_112|一 位 宝 藏 猎 人。
mno_id_113|一 名 被 流 放 的 异 端。
mno_id_114|一 个 突 变 异 种。
mno_id_115|一 位 西 尔 凡 尼 亚 贵 族。
mno_id_116|一 位 吸 血 鬼 仆 从。
mno_id_117|一 位 斯 提 尔 领 商 人。
menu_id_16|艾 索 洛 伦 森 林 宛 如 一 只 翡 翠 之 眼，镶 嵌 在 巴 托 尼 亚 与 人 类 帝 国 之 间，是 精 灵 昔 日 殖 民 旧 世 界 所 留 下 的 最 后 遗 迹。巍 峨 古 木 间 魔 力 充 盈，精 魂 与 远 古 生 灵 同 你 的 族 人 并 肩 而 居，与 自 然 万 物 和 谐 共 生。你 的 先 祖 正 是 在 那 段 久 远 而 被 遗 忘 的 岁 月 里 从 奥 苏 安 来 到 此 地，而 他 们 当 时 的 身 份 是……
mno_id_119|一 位 铁 匠。
mno_id_120|一 名 寻 路 者。
mno_id_121|一 位 士 兵。
mno_id_122|一 名 传 承 守 护 者。
mno_id_123|一 名 使 节。
mno_id_124|一 位 小 贵 族。
menu_id_17|明 戈 尔·扎 尔·纳 格 隆 德—— 火 焰 之 塔—— 阴 森 地 俯 瞰 着 扎 尔 杜 克 平 原，熔 岩 如 鲜 血 般 从 塔 腹 流 淌。塔 巅 的 哈 苏 特 神 庙 里，献 给 黑 暗 之 父 的 残 酷 祭 祀 回 声 不 绝，高 阶 先 知 们 以 恶 毒 的 欢 愉 旁 观 这 一 切。随 后，万 籁 俱 寂。公 牛 之 神 哈 苏 特 开 口 了，一 项 神 圣 使 命 随 之 降 下。混 沌 矮 人 的 秘 社 开 始 筹 备 远 征，准 备 踏 上 陌 生 土 地；而 你 也 被 编 入 其 中，身 份 是……
mno_id_126|一 名 恶 魔 缚 者。
mno_id_127|一 位 拷 问 者。
mno_id_128|一 位 奴 隶 主。
mno_id_129|一 名 军 团 兵。
mno_id_130|一 名 铁 誓 卫 士。
mno_id_131|一 名 商 人。
menu_id_18|露 丝 契 亚 是 一 片 笼 罩 在 葱 郁 幽 暗 的 雨 林、湿 热 沼 泽 与 太 古 遗 迹 之 中 的 神 秘 大 陆，传 说 与 神 话 在 此 交 织。险 恶 丛 林 深 处，诸 神 之 子 建 立 的 古 老 文 明 仍 在 繁 盛；这 些 被 热 血 种 称 为 蜥 人 的 生 灵，由 古 圣 在 原 初 时 代 创 造，并 不 断 从 神 圣 而 莫 测 的 孵 化 池 中 诞 生，以 各 自 不 同 的 形 态 履 行 大 计 划。很 久 以 前，你 作 为 一 只 灵 蜥 降 生 于 世—— 灵 蜥 是 这 个 社 会 中 最 常 见、也 最 灵 巧 多 才 的 一 族。你 的 孵 化 池 位 于 以 下 神 殿 都 市：
mno_id_133|伊 塔 扎，起 始 之 城 
mno_id_134|赫 斯 欧 塔，太 阳 之 城 
mno_id_135|塔 拉 克 斯 兰，月 亮 之 城 
mno_id_136|斯 兰 雾 佩 克，迷 雾 之 城 
mno_id_137|阿 克 索 特 尔，星 辰 之 城。
mno_id_138|胡 塔，觉 醒 之 城 
menu_id_19|{s10}^^多 年 前，你 出 生 在 熊 神 与 冰 雪 魔 法 的 国 度。你 的 父 亲 曾 是……
mno_id_140|乌 里 克 祭 司。
mno_id_141|女 沙 皇 秘 密 警 察 的 一 员。
mno_id_142|一 位 波 雅 尔。
mno_id_143|一 名 克 萨 弓 手。
mno_id_144|一 名 卡 扎 克 游 牧 民。
mno_id_145|一 位 猎 人。
menu_id_20|{s11}^^你 很 快 便 长 大 成 人，并 将 族 人 的 力 量 与 精 神 融 入 血 脉。年 少 时，你 曾 是……
mno_id_147|一 名 炉 边 帮 工。
mno_id_148|一 名 厄 孙 漫 游 者。
mno_id_149|一 名 冰 巫 女 的 亲 随。
mno_id_150|一 名 阿 塔 曼 顾 问。
mno_id_151|一 名 卡 扎 克 掠 夺 者。
mno_id_152|一 名 德 鲁 日 纳 侍 从。
menu_id_21|多 年 前，你 出 生 在 旧 世 界 极 北 之 地。你 的 父 亲 曾 是……
mno_id_154|一 位 混 沌 勇 士。
mno_id_156|一 位 狂 战 士。
mno_id_157|一 位 伐 木 工。
mno_id_158|一 名 剽 悍 的 蛮 族。
mno_id_159|一 名 酋 长。
menu_id_22|多 年 前，你 出 生 在 丰 饶 的 露 丝 契 亚。你 的 父 亲 曾 是……
mno_id_161|一 位 神 殿 守 卫。
mno_id_163|一 名 古 血 战 士。
mno_id_164|一 名 冷 蜥 冠 军 骑 手。
mno_id_165|一 位 建 筑 师。
mno_id_166|一 名 巨 蜥 训 练 师。
menu_id_23|笨 重、恶 臭、粗 暴、好 战、绿 色—— 完 美 兽 人 的 一 切 特 质。兽 人 受 许 多 人 鄙 视，也 令 大 多 数 人 畏 惧；自 远 古 以 来，他 们 不 断 壮 大 繁 衍。无 论 走 到 哪 里、住 在 哪 里，兽 人 都 会 播 下 未 来 族 群 的 孢 子，而 你 的 故 事 便 由 此 开 始。你 的 躯 体 在 众 多 地 下 真 菌 囊 之 一 中 成 形；你 被 种 在……
mno_id_168|岩 石 地 带。
mno_id_169|火 山 地 带。
mno_id_170|干 旱 地 带。
mno_id_171|森 林 地 带。
mno_id_172|丰 饶 地 带。
mno_id_173|雪 原 地 带。
menu_id_24|过 去 有 绿 皮 的 地 方，未 来 也 必 有 绿 皮，这 是 事 实。而 大 多 数 新 生 绿 皮 都 会 像 你 一 样，是 个 地 精。矮 小、绿 色、秃 顶，尖 鼻 子 大 得 不 合 比 例，嗓 音 嘶 哑 又 尖 利，热 衷 伏 击 与 掠 夺—— 地 精 是 最 常 见、数 量 最 多 的 绿 皮 种 类，几 乎 遍 布 整 个 旧 世 界。你 在 众 多 地 下 真 菌 囊 之 一 中 发 育 成 熟，准 备 破 囊 而 出；你 的 孢 子 被 种 在……
mno_id_175|岩 石 地 带。
mno_id_176|雪 原 地 带。
mno_id_177|森 林 地 带。
mno_id_178|干 旱 地 带。
mno_id_179|草 原 地 带。
mno_id_180|丰 饶 地 带。
menu_id_25|多 年 前，你 出 生 在 遥 远 的 异 域。你 的 父 亲 曾 是……
mno_id_182|一 位 龙 王 子。
mno_id_184|一 名 竞 技 大 会 英 雄。
mno_id_185|一 名 荷 思 剑 圣。
mno_id_186|一 位 战 车 驭 者。
mno_id_187|一 名 贵 族。
mno_id_189|一 位 保 镖。
mno_id_190|一 位 海 盗。
mno_id_191|一 位 刽 子 手。
mno_id_192|一 位 刺 客。
mno_id_193|一 名 弩 术 专 家。
mno_id_194|一 位 恐 惧 骑 士。
menu_id_26|多 年 前，你 出 生 在 矮 人 群 山 终 年 雾 锁 的 深 处。你 的 父 亲 曾 是……
mno_id_196|一 位 酿 酒 大 师。
mno_id_197|一 位 碎 铁 战 士。
mno_id_198|一 名 旋 翼 机 驾 驶 员。
mno_id_199|一 位 符 文 铁 匠。
mno_id_201|一 位 抄 写 员。
menu_id_27|你 出 生 在 旧 世 界 最 阴 暗、最 潮 湿 的 下 水 道 中。你 的 父 亲 曾 是……
mno_id_203|一 位 暴 风 鼠。
mno_id_204|一 位 瘟 疫 祭 司。
mno_id_205|一 名 血 碗 明 星。
mno_id_206|一 位 阴 沟 奔 行 鼠。
mno_id_207|一 名 次 元 石 狙 击 枪 手。
menu_id_28|{s10}^^ 你 的 父 亲 是……
mno_id_210|一 位 战 斗 牧 师。
mno_id_211|一 位 猎 巫 人。
mno_id_212|一 位 工 程 师。
mno_id_213|一 位 瑞 克 禁 卫。
mno_id_214|一 位 巨 剑 士。
mno_id_215|一 位 农 民。
mno_id_217|一 位 圣 杯 骑 士。
mno_id_218|一 名 育 马 人。
mno_id_219|一 名 自 耕 农 守 卫。
mno_id_222|一 名 竞 技 大 会 主 持 人。
mno_id_224|一 位 富 有 的 旅 行 商 人。
mno_id_226|一 名 伊 玛 目。
mno_id_227|一 名 苏 丹 亲 兵。
mno_id_228|一 位 马 穆 鲁 克。
mno_id_229|一 名 苏 丹 亲 卫。
mno_id_231|一 名 倭 寇 海 盗。
mno_id_232|一 位 忍 者。
mno_id_233|一 名 烟 火 匠。
mno_id_234|一 位 园 丁。
mno_id_235|一 位 书 法 家。
mno_id_236|一 位 旗 本。
mno_id_238|一 位 剑 客。
mno_id_239|一 名 醉 汉。
mno_id_240|一 名 领 航 员。
mno_id_241|一 位 船 长。
mno_id_242|一 名 商 人。
mno_id_243|一 位 厨 师。
menu_id_29|{s10}^^在 北 方，当 你 刚 能 感 知 外 界 时，就 别 无 选 择，只 能 学 会 生 存。你 的 少 年 时 光 是 以……的 身 份 度 过 的。
mno_id_245|一 名 坑 斗 士。
mno_id_246|一 名 长 船 领 航 员。
mno_id_247|一 名 掠 夺 者。
mno_id_249|一 位 牧 民。
menu_id_30|{s10}^^你 刚 学 会 走 路 与 说 话，便 开 始 认 识 这 个 世 界。年 少 时，你 曾 是……
mno_id_251|一 名 斥 候。
mno_id_252|一 名 间 谍。
mno_id_253|一 位 格 斗 学 校 的 学 员。
mno_id_254|一 位 监 狱 守 卫。
mno_id_255|一 名 翻 译。
mno_id_256|一 位 商 队 护 卫。
menu_id_31|{s10}^^你 很 早 便 投 身 部 族 生 活。年 少 时，你 曾 是……
mno_id_258|一 位 猎 人。
mno_id_259|一 名 投 石 机 工 程 师。
mno_id_260|一 位 野 猪 骑 手。
mno_id_261|一 名 鼻 涕 精 投 掷 手。
mno_id_263|一 位 萨 满。
menu_id_32|{s10}^^你 或 许 身 材 矮 小，却 怀 有 远 大 野 心。年 少 时，你 曾 是……
mno_id_265|一 名 抢 掠 小 子。
mno_id_266|一 名 捅 刺 小 子。
mno_id_267|史 奎 格 诱 饵。
mno_id_268|一 位 蘑 菇 农。
mno_id_269|一 名 建 造 者。
mno_id_270|一 名 蜘 蛛 教 徒。
mno_id_272|一 位 学 生。
mno_id_273|一 名 盔 甲 匠 学 徒。
mno_id_274|一 位 民 兵。
mno_id_275|一 位 领 主 的 信 使。
mno_id_276|一 位 音 乐 家。
mno_id_277|一 位 哨 兵。
menu_id_33|{s10}^^你 从 小 便 投 身 于 黑 暗 精 灵 的 事 业。年 少 时，你 曾 接 受……
mno_id_279|敏 捷 训 练。
mno_id_282|医 术 训 练。
mno_id_283|连 弩 工 艺 训 练。
mno_id_285|重 新 开 始
mno_id_286|一 位 矿 工。
mno_id_288|一 位 隧 道 工。
mno_id_289|一 名 武 器 匠 学 徒。
mno_id_290|一 位 暴 徒。
menu_id_34|{s10}^^你 的 家 园 阴 暗 而 潮 湿；为 了 活 下 去，你 必 须 在 下 水 道 这 个 鼠 吃 鼠 的 世 界 里 磨 硬 心 肠。年 少 时，你 曾 是……
mno_id_293|一 位 掘 穴 者。
mno_id_294|一 位 次 元 石 矿 工。
mno_id_295|一 位 盾 牌 工 匠。
mno_id_296|一 位 奴 隶。
mno_id_297|一 名 地 牢 跑 腿。
mno_id_298|一 名 地 鼠。
menu_id_35|{s10}^^孩 提 时，你 的 日 子 多 半 是 在 以 下 身 份 中 度 过：
mno_id_300|一 名 田 间 劳 动 者。
mno_id_301|一 名 学 者 门 徒。
mno_id_302|一 名 商 人 学 徒。
mno_id_303|一 名 心 灵 奴 隶。
mno_id_304|一 名 街 头 流 浪 儿。
mno_id_305|一 名 盗 墓 贼。
menu_id_36|{s10}^^
mno_id_307|一 名 树 歌 者。
mno_id_308|一 名 森 林 守 卫。
mno_id_309|一 名 高 裔 者。
mno_id_310|一 位 驯 兽 师。
mno_id_311|一 名 唤 灵 者。
mno_id_312|一 位 狂 野 骑 手。
mno_id_314|一 个 战 场。
mno_id_315|一 幅 符 文 地 图。
mno_id_316|一 次 仪 式。
mno_id_317|一 次 盛 宴。
mno_id_318|一 支 战 争 大 军。
mno_id_319|一 处 船 舶 墓 地。
mno_id_321|索 提 克，蛇 神。
mno_id_322|太 阳 神 柯 泰 戈 
mno_id_323|野 兽 之 神 伊 奇 
mno_id_324|阿 斯 霍 托，冠 军 遴 选 者。
mno_id_325|万 奇，美 洲 虎 神。
mno_id_326|特 拉 佐 科 特 尔，冷 漠 之 神。
menu_id_37|{s11}^^你 刚 学 会 走 路 与 说 话，便 开 始 认 识 这 个 世 界。年 少 时，你 曾 是……
mno_id_329|一 名 法 警。
mno_id_331|一 名 血 碗 球 员。
mno_id_332|一 名 枪 匠。
mno_id_333|一 位 信 使。
mno_id_335|一 名 农 民 弓 箭 手。
mno_id_336|一 名 吟 游 诗 人。
mno_id_337|一 名 前 哨 骑 手。
mno_id_338|一 名 血 碗 球 员。
mno_id_339|一 位 捕 鼠 人。
mno_id_340|一 位 投 石 机 手。
mno_id_342|一 位 医 师。
mno_id_343|一 名 飞 毯 制 造 者。
mno_id_345|一 名 狱 卒。
mno_id_346|一 位 沙 漠 骑 手。
menu_id_38|{s11}^^你 的 家 族 效 忠 于 哪 个 氏 族……
mno_id_349|苇 原 氏 族。
mno_id_350|白 米 氏 族。
mno_id_351|花 细 氏 族。
mno_id_352|真 济 氏 族。
mno_id_353|木 沙 氏 族。
mno_id_354|达 麻 氏 族。
mno_id_356|一 名 使 者。
mno_id_357|一 位 盗 墓 贼。
mno_id_359|一 名 医 护 兵。
mno_id_360|一 位 雇 佣 兵。
menu_id_39|{s11}^^后 来，你 步 入 青 年，人 生 也 随 之 改 变。你 成 为 了……
mno_id_363|一 名 猎 人 与 剥 皮 匠。
mno_id_365|一 名 劫 掠 斥 候。
mno_id_366|一 名 漫 游 者。
mno_id_367|一 名 劫 掠 者。
mno_id_368|一 位 盾 牌 工 匠。
mno_id_371|一 名 冷 蜥 牧 者。
mno_id_372|一 名 武 器 匠。
mno_id_373|一 名 虔 诚 信 徒。
mno_id_374|一 名 竞 技 场 大 师。
mno_id_375|一 位 管 家。
mno_id_377|一 名 头 目。
mno_id_378|一 位 先 知。
mno_id_379|一 位 军 需 官。
mno_id_380|一 名 牙 齿 囤 积 者。
mno_id_381|一 位 隧 道 居 民。
mno_id_382|一 名 海 盗。
mno_id_385|一 名 毒 瘾 者。
mno_id_386|一 名 末 日 俯 冲 者。
mno_id_387|一 名 卑 劣 潜 行 者。
mno_id_388|一 名 狼 骑 手。
mno_id_389|一 名 狡 诈 小 子。
mno_id_391|一 名 行 会 会 长。
mno_id_394|一 位 弓 箭 手。
mno_id_395|一 名 驯 马 师。
mno_id_396|一 名 弩 炮 手。
mno_id_401|一 名 传 令 官。
mno_id_403|一 名 骑 士 学 徒。
mno_id_406|一 名 刺 青 师。
mno_id_407|一 位 狙 击 手。
mno_id_409|一 名 铁 砧 守 卫。
menu_id_40|{s11}^^随 着 身 躯 日 渐 长 成，你 的 人 生 也 随 之 改 变。你 成 为 了……
mno_id_412|一 位 制 毒 师。
mno_id_414|一 名 鼠 辈 打 手。
mno_id_415|一 名 驯 兽 师。
mno_id_416|一 位 武 器 专 家。
menu_id_41|{s11}^^生 命 永 远 消 逝，永 恒 死 亡 取 而 代 之；你 饮 下 了 不 朽 的 诅 咒 之 杯。凭 借 新 获 得 的 力 量，你 立 志 成 为……
mno_id_419|一 位 吸 血 鬼 领 主。
mno_id_420|一 位 血 骑 士。
mno_id_421|一 位 吸 血 鬼 随 从。
mno_id_422|一 名 亡 灵 大 师。
mno_id_423|一 位 掠 夺 者。
mno_id_424|一 名 迷 雾 徘 徊 者。
menu_id_42|{s11}^^
mno_id_426|知 识 之 王，荷 斯。
mno_id_427|丰 收 女 神，艾 莎。
mno_id_428|锻 造 之 神，瓦 尔。
mno_id_429|高 精 女 神，莉 莉 丝。
mno_id_430|罗 伊 克，暗 影 舞 者。
mno_id_431|复 仇 和 追 猎 女 神，安 埃 斯 · 莱 玛。
mno_id_433|一 名 炼 狱 指 挥 官。
mno_id_434|一 位 恶 魔 铁 匠。
mno_id_435|一 名 哈 苏 特 学 者。
mno_id_436|一 位 锻 造 大 师。
mno_id_437|一 位 矿 坑 领 主。
mno_id_438|一 位 游 荡 的 掠 夺 者。
mno_id_440|一 位 酋 长。
mno_id_441|一 名 魔 祭 司。
mno_id_442|一 位 潜 行 者。
mno_id_443|一 位 建 筑 师。
mno_id_444|一 位 丛 林 斗 士。
mno_id_445|一 位 牧 民。
menu_id_43|{s10}^^你 崇 拜 哪 一 位 神 祇？
mno_id_447|恐 虐 
mno_id_448|色 孽 
mno_id_449|纳 垢。
mno_id_450|奸 奇 
menu_id_44|{s10}^^你 的 主 要 饮 食 是 什 么？
mno_id_452|炖 菜 与 土 豆。
mno_id_453|鱼 与 蒸 蔬 菜。
mno_id_454|红 肉 与 肉 汁。
mno_id_455|奶 酪 与 香 肠。
mno_id_456|啤 酒 与 葡 萄 酒。
menu_id_45|{s11}^^年 少 时，你 曾 是……
mno_id_458|一 名 吟 游 诗 人。
mno_id_459|一 位 猎 犬 训 师。
mno_id_460|一 名 箭 匠。
mno_id_461|一 名 厨 师
mno_id_462|一 名 民 兵。
mno_id_463|一 名 斥 候
menu_id_46|{s11}^^你 最 为 人 津 津 乐 道 的 事 迹 是？
mno_id_465|吸 干 一 整 支 帝 国 巡 逻 队 的 鲜 血。
mno_id_466|胸 口 挨 了 一 记 符 文 之 牙 而 幸 存。
mno_id_467|谋 杀 掉 一 名 巴 托 尼 亚 公 主。
mno_id_468|散 播 瘟 疫 的 恶 臭 屁。
mno_id_469|从 未 败 北 的 头 槌 冠 军。
mno_id_470|驯 服 剃 刀 兽。
menu_id_47|食 人 魔^^你 是 一 名 离 开 部 族、踏 上 冒 险 旅 途 的 年 轻 食 人 魔。注 意！你 尚 未 像 旧 世 界 中 那 些 其 他 食 人 魔 一 样 强 大，许 多 大 门 也 会 向 你 关 闭；但 你 拥 有 成 为 强 大 战 士 的 巨 大 潜 力。^^^离 开 食 人 魔 王 国 后，你 在 何 处 落 脚？^(这 将 决 定 你 的 个 人 文 化 与 道 德 倾 向。)
mno_id_472|西 格 玛 帝 国 的 卢 根 巴 特 尔。
mno_id_473|恶 地，与 兽 人 为 伍。
mno_id_474|投 身 受 混 沌 腐 化 的 诺 斯 卡 部 落。
menu_id_48|{s12}^^然 而 不 久 后，一 切 都 变 了。你 决 定 离 开 原 本 的 生 活，独 自 踏 上 冒 险 之 路。促 使 你 作 出 这 一 决 定 的 是……
mno_id_476|私 人 恩 怨。
mno_id_477|失 去 至 亲 的 痛 苦。
mno_id_478|漫 游 癖。
mno_id_479|一 则 预 言。
mno_id_480|被 迫 离 开 家 园。
mno_id_481|对 于 权 力 与 财 富 的 渴 望。
mno_id_482|一 桩 血 誓。
menu_id_49|{s13}
mno_id_484|成 为 冒 险 者，策 马 奔 向 你 的 命 运。
mno_id_485|返 回。
menu_id_50|{s3}
mno_id_486|{s5}
mno_id_487|继 续……
menu_id_52|{s1}
menu_id_53|{s7}{s2}
menu_id_55|{s9}^锦 标 赛 胜 场：{reg19}/{reg20}。
mno_id_505|查 看 特 殊 战 斗 能 力
mno_id_506|查 看 详 细 报 告
mno_id_507|查 看 当 前 作 用 于 你 的 全 部 效 果
menu_id_56|以 下 是 你 已 经 掌 握 的 特 殊 战 斗 能 力：
mno_id_515|闪 避 
mno_id_516|无 视 痛 苦 
mno_id_517|高 级 无 视 痛 苦
mno_id_518|强 力 一 击
mno_id_519|魔 法 抗 性 6+
mno_id_520|魔 法 抗 性 5+
mno_id_521|魔 法 抗 性 4+
mno_id_522|魔 法 抗 性 3+
mno_id_523|魔 法 抗 性 2+
mno_id_524|返 回 角 色 报 告。
menu_id_57|以 下 是 当 前 作 用 于 你 的 效 果：
mno_id_525|4+守 护 豁 免
mno_id_526|5+守 护 豁 免
mno_id_527|6+守 护 豁 免
mno_id_528|再 生 
mno_id_529|+5强 击（饮 用 了 力 量 药 水）。
mno_id_530|+5铁 骨（饮 用 了 韧 性 药 水）。
mno_id_531|+10敏 捷（饮 用 了 战 斗 药 水）。
mno_id_532|灵 体（6+灵 体 豁 免）。
mno_id_533|跑 动 设 为 10（饮 用 了 元 素 迅 捷 药 水）。
mno_id_534|感 官 麻 木（止 痛 药 水 激 活 了 无 视 痛 苦）。
mno_id_535|飘 忽 光 环（伪 装 药 水 激 活 了 自 动 潜 行）。
mno_id_536|身 染 瘟 疫（力 量、敏 捷-3，强 击、铁 骨、跑 动-2）。
mno_id_537|膝 盖 与 足 部 受 伤（因 坠 落 导 致 跑 动-2）。
mno_id_538|身 中 剧 毒（持 续 受 到 伤 害）。
mno_id_539|你 已 醉 酒（具 体 效 果 见 近 期 消 息，战 斗 中 亦 会 生 效）。
menu_id_58|你 找 到 了 一 座 地 下 城。{s1}^^^冒 险 者 队 伍：^{s31}^{s32}^{s33}^^^难 度：{reg3}^^完 成 次 数：{reg4}/{reg5}^平 均 难 度：{reg6}
mno_id_543|进 入 地 下 城 
mno_id_544|选 择 你 的 3位 同 伴。
mno_id_545|加 载 特 定 的 地 下 城 1
mno_id_546|加 载 特 定 的 地 下 城 2
mno_id_547|加 载 特 定 的 地 下 城 3
mno_id_548|指 南 与 选 项。
mno_id_549|离 开。
menu_id_59|设 置 地 牢 的 额 外 难 度（1为 标 准）。^当 前 地 牢 难 度 修 正：{s10}^^^^每 一 层 都 藏 有 一 个 可 选 宝 箱，有 时 位 于 隐 蔽 之 处。^难 度 越 高，敌 人 越 强，也 越 有 机 会 获 得 更 好 的 战 利 品。^地 牢 越 长，通 关 奖 励 通 常 越 丰 厚。^掠 夺 技 能 会 略 微 提 高 最 终 宝 藏 获 得 更 高 品 质 物 品 的 几 率。^^等 级 较 高 的 玩 家 与 同 伴 会 引 来 更 可 怕 的 敌 人。^枪 声、爆 炸、体 型 庞 大 的 同 伴 以 及 召 唤 物，都 可 能 引 来 敌 军 增 援。
mno_id_550|提 高 地 牢 难 度 修 正 值。
mno_id_551|降 低 地 牢 难 度 修 正 值。
mno_id_552|敌 人 选 择 为：经 典 随 机。
mno_id_553|敌 人 选 择 为：针 对 性。
mno_id_554|初 始 移 动 顺 序 为：{s11}。
mno_id_555|初 始 射 击 顺 序 为：{s12}。
mno_id_556|返 回 地 下 城 菜 单 
menu_id_60|你 找 到 一 个 地 下 城。{s1}
mno_id_557|加 载 地 下 城 1监 狱 单 人 间 
mno_id_558|加 载 地 下 城 2斯 卡 文 竞 技 场 
mno_id_559|载 入 地 牢 3夜 地 精 瓦 尔 查 斯 要 塞
mno_id_560|加 载 地 下 城 4克 拉 格 的 陷 阱 走 廊 
mno_id_561|加 载 地 下 城 5矮 人 卡 拉 克 · 卡 德 林 
mno_id_562|加 载 地 下 城 6监 狱 楼 梯 
mno_id_563|加 载 地 下 城 7旧 阿 尔 道 夫 秘 密 隧 道 
mno_id_564|加 载 地 下 城 8斯 卡 文 风 暴 大 厅 
mno_id_565|加 载 地 下 城 9矮 人 码 头 巴 拉 克 · 海 门 关 
mno_id_566|加 载 地 下 城 10兽 人 竞 技 场 
mno_id_567|加 载 地 下 城 11兽 人 王 座 室 
mno_id_568|加 载 地 下 城 12矮 人 城 堡 水 晶 通 道 
mno_id_569|加 载 地 下 城 13死 亡 谷 
mno_id_570|加 载 地 下 城 14斯 卡 文 小 裂 缝 木 桥 
mno_id_571|加 载 地 下 城 15矮 人 永 恒 峰 锻 造 炉 中 心 
mno_id_572|返 回。
mno_id_573|加 载 地 下 城 16暗 夜 地 精 隧 道 /裂 缝 
mno_id_574|加 载 地 下 城 17斯 卡 文 竞 技 场 岩 架 和 隧 道 
mno_id_575|加 载 地 下 城 18斯 卡 文 酒 馆 索 桥 
mno_id_576|加 载 地 下 城 19斯 卡 文 镇 朽 毒 桩 
mno_id_577|加 载 地 下 城 20不 死 城 堡 邓 肯 霍 夫 
mno_id_578|加 载 地 下 城 21矮 人 矿 木 墙 
mno_id_579|加 载 地 下 城 22卡 扎 德 激 流 关 内 部 
mno_id_580|载 入 地 牢 23卡 扎 德 黑 暗 房 间 01入 口
mno_id_581|加 载 地 下 城 24卡 扎 德 埃 雷 博 尔 湖 
mno_id_582|载 入 地 牢 25卡 扎 德 黑 暗 房 间 楼 梯 右 侧
mno_id_583|载 入 地 牢 26卡 扎 德 黑 暗 房 间 路 障 办 公 室
mno_id_584|载 入 地 牢 27卡 扎 德 黑 暗 房 间 楼 梯 左 侧
mno_id_585|载 入 地 牢 28卡 扎 德 黑 暗 房 间 短 楼 梯 /走 廊
mno_id_586|载 入 地 牢 29卡 扎 德 黑 暗 房 间 贪 婪 之 井
mno_id_587|载 入 地 牢 30卡 扎 德 黑 暗 房 间 酿 酒 厂
mno_id_589|加 载 地 下 城 31死 眼 洞 穴 
mno_id_590|载 入 地 牢 32索 斯 本 亡 灵 地 下 墓 穴
mno_id_591|载 入 地 牢 33索 斯 本 海 盗 水 道 船
mno_id_592|载 入 地 牢 34教 程 1
mno_id_593|载 入 地 牢 35教 程 2
mno_id_594|载 入 地 牢 36内 部 圆 形 堡 垒 A
mno_id_595|载 入 地 牢 37内 部 方 形 堡 垒 A
mno_id_596|载 入 地 牢 38塔 拉 比 姆 城 墙
mno_id_597|载 入 地 牢 39斯 特 罗 马 斯 特 德 大 厅
mno_id_598|载 入 地 牢 40瑞 克 加 德 隧 道
mno_id_599|载 入 地 牢 41斯 莱 加 黑 暗 隧 道
menu_id_61|你 找 到 一 个 地 下 城。
mno_id_601|地 牢 菜 单。
menu_id_62|{s34}
mno_id_605|深 入 险 境。
mno_id_606|使 用 药 水 治 疗 自 己（{reg40}%）。
mno_id_607|使 用 药 水 治 疗 {s41}（{reg41}%）。
mno_id_608|使 用 药 水 治 疗 {s42}（{reg42}%）。
mno_id_609|使 用 药 水 治 疗 {s43}（{reg43}%）。
mno_id_610|收 拢 战 利 品，离 开 地 牢。
mno_id_611|带 上 目 前 搜 集 的 战 利 品 离 开。
menu_id_63|你 已 经 征 服 了 这 座 地 牢，并 将 其 中 的 财 宝 尽 数 收 入 囊 中。回 到 军 中 时，士 兵 们 以 胜 利 的 欢 呼 迎 接 你，随 后 重 新 列 队，准 备 踏 上 接 下 来 的 征 程。
menu_id_64|你 扎 下 营 地。你 想 做 什 么？
mno_id_614|检 视 部 队
mno_id_615|执 行 行 动
mno_id_616|在 腰 带 上 存 放 最 多 {reg2}瓶 药 水
mno_id_617| 
mno_id_618|更 改 战 剑 征 服 设 置 
mno_id_619|PBOD模 组 偏 好 设 置
mno_id_620|管 理 自 动 拾 取 /装 备 设 置
mno_id_621|自 动 拾 取 需 要 物 品 管 理 或 掠 夺 达 到 2级。
mno_id_622|布 尔 斯 帕 的 额 外 选 项
mno_id_623|在 这 里 待 一 会 儿。
mno_id_624|作 弊 菜 单 
menu_id_65|选 择 作 弊 功 能：
mno_id_626|前 往 第 二 页 营 地 作 弊 菜 单［测 试 人 员 专 用］
mno_id_627|寻 找 物 品……
mno_id_638|获 得 250金 币 
mno_id_639|治 疗 队 伍 
mno_id_640|增 加 队 伍 经 验 
mno_id_646|改 变 天 气 
menu_id_68|选 择 你 要 做 的 事：
mno_id_660|前 往 第 二 页 
mno_id_661|将 卷 轴 存 入 法 术 书（战 斗 中 仍 可 使 用）
mno_id_662|建 立 一 个 营 地。
mno_id_663|从 俘 虏 中 招 募 一 部 分 人 加 入 队 伍。
mno_id_664|选 一 本 书 读。
mno_id_665|按 等 级 对 玩 家 部 队 进 行 排 序 
mno_id_666|导 出 /导 入 NPC
mno_id_667|更 改 角 色 或 王 国 的 文 化 与 默 认 兵 种。
mno_id_669|饮 用 一 瓶 药 水 或 使 用 物 品
mno_id_670|激 活 伊 兹 尔 护 身 符 
mno_id_671|伊 兹 尔 护 身 符 已 激 活 
mno_id_672|伊 兹 尔 护 身 符 已 经 失 去 力 量，只 有 伊 兹 尔 能 恢 复 护 符 的 能 量 
mno_id_673|退 回 营 地 菜 单。
menu_id_69|选 择 你 要 做 的 事：
mno_id_674|作 弊 菜 单：成 为 神 祇（测 试 用）
mno_id_675|调 整 范 围 伤 害 修 正
mno_id_676|调 整 恶 魔 显 现 等 级
mno_id_677|关 闭 新 音 乐（当 前 开 启，可 能 对 视 频 制 作 者 造 成 问 题）
mno_id_678|开 启 新 音 乐（当 前 关 闭）
mno_id_679|战 争 模 式（警 告：可 能 导 致 AI问 题）
mno_id_680|作 弊：定 位 特 殊 人 物
mno_id_681|返 回 营 地 行 动 菜 单。
menu_id_70|设 置 范 围 伤 害 修 正 百 分 比（正 常 伤 害 为 100%）。^当 前 范 围 伤 害 修 正：{s10}%
mno_id_682|将 范 围 伤 害 修 正 设 为 125%
mno_id_683|将 范 围 伤 害 修 正 设 为 100%
mno_id_684|将 范 围 伤 害 修 正 设 为 75%
mno_id_685|将 范 围 伤 害 修 正 设 为 50%
mno_id_686|将 范 围 伤 害 修 正 设 为 25%
mno_id_687|将 范 围 伤 害 修 正 设 为 10%
mno_id_688|将 范 围 伤 害 修 正 设 为 1%
mno_id_689|返 回 布 尔 斯 帕 菜 单。
menu_id_71|设 置 因 过 量 魔 法 杀 戮 而 引 发 的 恶 魔 显 现 等 级。^当 前 等 级：{s10}^^普 通 与 严 重 等 级 下，施 法 者 以 范 围 法 术 杀 敌 时 会 获 得 少 量 额 外 经 验。
mno_id_690|将 恶 魔 显 现 设 为 轻 微
mno_id_691|将 恶 魔 显 现 设 为 普 通
mno_id_692|将 恶 魔 显 现 设 为 严 重
menu_id_72|正 在 定 位 特 殊 人 物：^{s10}^{s11}^{s12}
menu_id_73|战 争 模 式 
mno_id_695|启 用 全 面 混 战 模 式
mno_id_696|激 活 世 界 大 战 模 式 
mno_id_697|激 活 世 界 和 平 模 式 
mno_id_698|将 世 界 战 争 状 态 重 置 为 游 戏 开 局
mno_id_699|登 上 敌 舰。
mno_id_700|允 许 AI派 系 缔 结 和 平（当 前 禁 用）
mno_id_703|更 改 你 的 王 国 配 色。
mno_id_704|重 命 名 你 的 王 国。
mno_id_705|结 束 冒 险 生 涯。
mno_id_706|管 理 分 队 兵 种 编 组。
mno_id_707|更 换 外 观。
mno_id_708|作 弊：显 示 强 盗 巢 穴。
mno_id_709|重 命 名 你 的 队 伍 
mno_id_710|禁 用 攻 城 战 中 的 魔 法
mno_id_711|启 用 攻 城 战 中 的 魔 法
mno_id_712|每 日 按 等 级 整 理 NPC队 伍：关 闭
mno_id_713|每 日 按 等 级 整 理 NPC队 伍：开 启
mno_id_714|非 施 法 者 显 示 魔 法 之 风 检 定：关 闭
mno_id_715|非 施 法 者 显 示 魔 法 之 风 检 定：开 启
menu_id_74|你 想 更 换 为 哪 种 外 观？
mno_id_717|人 类 男 性
mno_id_718|人 类 女 性
mno_id_723|大 型 生 物
mno_id_724|精 灵 男 性
mno_id_729|地 精 
menu_id_75|你 想 喝 哪 瓶 药 水：
mno_id_733|喝 一 瓶 治 疗 药 水 
mno_id_734|喝 一 瓶 力 量 药 水 
mno_id_735|喝 一 瓶 韧 性 药 水 
mno_id_736|点 燃 治 疗 熏 香
mno_id_737|喝 一 瓶 不 稳 定 药 水 
mno_id_738|喝 一 瓶 迅 捷 药 水 
mno_id_739|饮 用 知 识 药 水
mno_id_740|喝 一 瓶 止 痛 药 水 
mno_id_741|喝 一 瓶 伪 装 药 水
mno_id_742|喝 一 瓶 祛 病 药 水。
menu_id_76|你 答 应 给 予 这 些 俘 虏 自 由，条 件 是 他 们 必 须 以 士 兵 身 份 加 入 你 的 队 伍。{s18}
mno_id_744|接 纳 他 们。
mno_id_745|拒 绝 他 们。
menu_id_77|你 没 有 俘 虏 可 以 招 募。
menu_id_78|选 一 本 书 读：
mno_id_748|{s1}.
menu_id_79|修 改 {s27} 的 旗 帜（最 近 交 谈 的 领 主）。
menu_id_80|你 的 冒 险 已 经 来 到 第 {reg0}天，当 前 运 势 为 {reg1}。^你 确 定 要 结 束 冒 险 生 涯 吗？
mno_id_759|是 的。
mno_id_760|不。
menu_id_81|主 意 已 定，你 决 心 告 别 冒 险 者 的 生 活，从 此 安 顿 下 来。你 变 卖 武 器 与 盔 甲，带 上 所 有 积 蓄，策 马 消 失 在 落 日 余 晖 之 中……
mno_id_761|别 了。
menu_id_82|你 遇 到 了 一 群 牛。
mno_id_762|驱 赶 牛 群 继 续 前 进。
mno_id_763|带 着 牛 群 随 队 而 行。
mno_id_764|让 牛 群 停 下
mno_id_765|宰 杀 部 分 牲 畜
menu_id_83|你 想 宰 杀 多 少 牲 畜？^^你 的 物 品 栏 还 有 {reg28}个 空 位，每 头 牲 畜 会 产 出 2组 肉。
mno_id_767|{reg5}.
mno_id_768|一。
mno_id_769|二。
mno_id_770|三。
mno_id_771|四。
mno_id_772|五。
mno_id_773|十 头。
mno_id_774|二 十 头。
menu_id_85|你 与 对 手 各 自 做 好 了 决 斗 准 备。
menu_id_87|{s2} 你 有 {reg10}名 可 以 投 入 战 斗 的 士 兵，敌 军 则 有 {reg11}人。^^（P、C与 I快 捷 键 已 启 用。）{s4}
mno_id_778|选 择 谁 与 你 一 起 加 入 战 斗。
mno_id_779|部 署 与 敌 军 交 战 的 战 术。
mno_id_780|计 划 已 定。开 战！
mno_id_781|重 新 评 估 形 势。
mno_id_782|进 入 战 场。
mno_id_783|亲 自 率 领 部 队。
mno_id_784|冲 锋 杀 敌！
mno_id_785|逼 近 敌 舰 并 发 起 接 舷 战。
mno_id_786|留 在 后 方，下 令 部 队 自 行 进 攻。
mno_id_787|作 弊：以 你 所 属 文 化 的 部 队 大 致 复 制 敌 军 阵 容。
mno_id_789|后 撤，留 下 部 分 士 兵 断 后。
mno_id_790|投 降。
menu_id_88|作 为 队 伍 中 战 术 最 高 的 成 员（{reg2}级），{reg3?你 制 定:{s3} 制 定}了 一 项 计 划，可 以 让 你 和 其 余 部 下 保 住 性 命 并 成 功 撤 离，但 必 须 留 下 {reg4}名 士 兵 阻 挡 追 兵。
mno_id_791|执 行 计 划。这 些 人 的 牺 牲 将 拯 救 其 余 部 队。
mno_id_792|不，我 们 绝 不 抛 下 任 何 战 友。
menu_id_89|你 命 令 {reg4}名 士 兵 留 下 阻 挡 敌 军，自 己 则 率 领 其 余 部 队 撤 退。
menu_id_90|你 的 部 队 开 始 准 备 向 敌 军 发 起 进 攻。
mno_id_794|下 令 进 攻（此 举 始 终 伴 随 风 险）。
mno_id_795|召 回 他 们
menu_id_91|{s4}^^我 军 伤 亡：{s8}^^敌 军 伤 亡：{s9}
mno_id_796|命 令 士 兵 继 续 进 攻。
mno_id_797|召 回 你 的 士 兵。
menu_id_92|{s11}^^击 杀 统 计：^^我 军 伤 亡：{s8}{s10}^^敌 军 伤 亡：{s9}
menu_id_93|你 不 该 看 这 个……{s9}
menu_id_94|{s17}
menu_id_96|你 借 助 暮 色 与 阴 影 躲 过 了 胜 利 者 的 搜 捕。
menu_id_97|{s0}
mno_id_803|{s0}
menu_id_98|你 撞 见 {s2} 与 {s1} 正 在 交 战。你 决 定……
mno_id_804|介 入 帮 助 {s2}。（{s21}）
mno_id_805|前 去 援 助 {s1}。（{s21}）
mno_id_806|不 插 手。
menu_id_99|你 正 协 助 {s2} 对 抗 {s1}。你 有 {reg10}名 可 以 投 入 战 斗 的 士 兵，敌 军 则 有 {reg11}人。^^（P、C与 I快 捷 键 已 启 用。）{s4}
mno_id_814|登 舰 攻 击 敌 军
mno_id_815|留 在 后 方，命 令 部 队 与 盟 军 一 同 进 攻。
mno_id_817|你 伤 势 过 重，无 法 战 斗 {reg33?:}
menu_id_100|{s4}^^ 我 军 伤 亡：{s8}^^ 盟 军 伤 亡：{s9}^^ 敌 军 伤 亡：{s10}
menu_id_101|进 入 森 达 弗。
mno_id_617_door|通 往 城 镇 中 心 的 门。
menu_id_102|你 进 入 了 盐 矿。
mno_id_824|进 入 
menu_id_103|你 进 入 了 四 方 客 栈。
menu_id_105|你 进 入 了 多 拉 克 要 塞。
menu_id_106|{s1} 正 遭 到 {s2} 围 攻。^^（P、C与 I快 捷 键 已 启 用。）
mno_id_836|前 往 围 城 营 地。
mno_id_837|穿 过 围 城 阵 线，进 入 {s1}。
menu_id_107|围 城 者 没 有 阻 拦，任 由 你 靠 近 城 门。
menu_id_108|{s1} 仍 在 遭 受 围 攻。{s2} 的 旗 帜 飘 扬 在 围 城 营 地 上 方，你 和 部 下 在 那 里 受 到 了 欢 迎。^^（P、C与 I快 捷 键 已 启 用。）{s4}
mno_id_840|要 求 和 指 挥 官 会 面。
mno_id_845|参 加 下 一 轮 攻 城。
mno_id_846|留 在 后 方，命 令 部 队 参 加 下 一 轮 攻 城。
menu_id_109|你 在 {s2} 的 外 面。{s11}{s3}{s4}
mno_id_849|靠 近 城 门，向 守 卫 喊 话。
mno_id_850|乔 装 打 扮，尝 试 潜 入 {s7}。
mno_id_851|围 攻 {reg6?城 镇 :城 堡 }，镇 压 叛 乱。
mno_id_852|开 始 谈 判。
mno_id_853|围 攻 {reg6?城 镇 :城 堡 }。
menu_id_110|你 来 到 城 门 前，城 墙 上 的 守 卫 正 严 密 注 视 着 你。
mno_id_857|要 求 进 入 城 堡。
mno_id_858|要 求 和 城 堡 中 的 某 人 会 面。
menu_id_111|片 刻 后，守 卫 打 开 城 门，准 许 你 的 队 伍 进 入。
menu_id_112|此 地 领 主 已 经 禁 止 你 入 内。卫 队 长 警 告 说，若 你 再 向 前 一 步，城 墙 上 的 弓 手 便 会 放 箭。
menu_id_113|你 想 要 见 谁？
mno_id_862|{s5}.
mno_id_872|算 了。
menu_id_114|你 的 会 面 请 求 被 送 入 城 中。不 久 后，{s6} 来 到 庭 院 与 你 交 谈。
menu_id_115|你 正 在 围 攻 {s1}。{s2}{s3}^^（P、C与 I快 捷 键 已 启 用。）{s4}
mno_id_874|要 求 和 城 堡 的 指 挥 官 会 面。
mno_id_875|等 到 明 天。
mno_id_880|亲 自 率 领 士 兵 攻 城。
mno_id_881|率 领 士 兵 攻 城（为 低 配 置 电 脑 使 用 简 化 原 版 场 景）。
mno_id_882|留 在 后 方，命 令 士 兵 发 起 进 攻……
mno_id_883|准 备 云 梯，进 攻 城 墙。
mno_id_884|建 立 攻 城 塔。
mno_id_885|在 攻 城 战 中 禁 用 巨 人（可 能 引 发 问 题）
mno_id_886|在 攻 城 战 中 启 用 巨 人（可 能 引 发 问 题）
mno_id_889|放 弃 围 城。
menu_id_116|守 军 出 城 迎 战，试 图 击 退 你 的 进 攻。
mno_id_892|继 续……（若 担 心 崩 溃，使 用 简 化 场 景）
menu_id_117|作 为 队 伍 中 工 程 学 最 高 的 成 员（{reg2}级），{reg3?你 估 计:{s3} 估 计}建 造 足 够 攻 城 使 用 的 云 梯 需 要 {reg4}小 时。
mno_id_893|开 始 准 备。
menu_id_118|作 为 队 伍 中 工 程 学 最 高 的 成 员（{reg2}级），{reg3?你 制 定 :{s3} 制 定 }建 造 一 座 攻 城 塔 需 要 {reg4}小 时。
mno_id_895|开 始 建 造。
menu_id_119|{s4}^^ 我 军 伤 亡：{s8}^^ 敌 军 伤 亡：{s9}
menu_id_120|这 里 没 什 么 可 看 的。
menu_id_121|{s3} 已 经 落 入 你 的 军 队 之 手，你 如 今 完 全 控 制 了 这 座 {reg2?城 镇:城 堡}。你 可 以 掠 取 价 值 {reg3}枚 金 币 的 战 利 品。{reg1?你 可 以 在 此 驻 军，抵 御 试 图 {reg2:夺 回 它:夺 回 它} 的 敌 人；还 必 须 决 定 是 将 这 座 {reg2?城 镇:城 堡} 留 给 自 己，还 是 封 给 可 信 赖 的 封 臣。:}
mno_id_899|洗 劫 此 地，将 所 有 战 利 品 据 为 己 有。
mno_id_900|洗 劫 此 地，并 与 随 军 封 臣 平 分 战 利 品。
mno_id_901|洗 劫 此 地，并 与 所 有 封 臣 平 分 战 利 品。
menu_id_122|{s3} 已 经 落 入 你 的 军 队 之 手，你 如 今 完 全 控 制 了 这 座 城 堡。该 派 人 向 {s9} 禀 报 胜 利 了。{s5}
mno_id_903|请 求 将 {s3} 封 给 你。
mno_id_904|请 求 将 {s3} 封 给 你 的 配 偶。
mno_id_905|什 么 也 不 要 求。
menu_id_123|你 收 到 了 君 主 {s3} 的 消 息。^^{reg4?她:他} 决 定 将 {s2}{reg3?以 及 附 近 的 {s4} 村:} 封 给 你，其 全 部 头 衔 与 收 入 也 一 并 授 予；只 要 你 继 续 以 {reg4?她:他} 之 名 履 行 效 忠 誓 言，这 份 封 赏 便 始 终 有 效。
mno_id_906|继 续
menu_id_124|你 收 到 了 君 主 {s3} 的 消 息。^^{reg4?她:他} 决 定 将 {s2}{reg3?以 及 附 近 的 {s4} 村:} 封 给 你 的 配 偶 {s7}。
menu_id_125|你 收 到 了 君 主 {s3} 的 信。^^恭 喜 你 建 立 战 功 并 攻 占 {s2}，这 是 一 场 令 人 振 奋 的 胜 利！^你 也 请 求 获 得 此 地，但 遗 憾 的 是，我 无 法 答 应，因 为 你 在 我 的 王 国 中 已 经 拥 有 领 地。我 已 送 去 {reg6}枚 金 币，以 补 偿 你 的 征 战 开 销。^至 于 {s2}，我 已 行 使 权 力，将 其 封 给 {s5}。
mno_id_908|接 受 你 的 君 主 的 决 定。
mno_id_909|你 受 到 了 不 公！向 你 的 君 主 宣 布 放 弃 你 的 誓 言！{reg33?:}
menu_id_126|你 收 到 了 君 主 {s3} 的 消 息。^^恭 喜 你 建 立 战 功 并 攻 占 {s2}，这 是 一 场 令 人 振 奋 的 胜 利！^你 请 求 将 征 服 之 地 封 给 你 的 {reg33?丈 夫:妻 子}，但 遗 憾 的 是，我 无 法 答 应，因 为 你 的 {reg33?丈 夫:妻 子} 在 我 的 王 国 中 已 经 拥 有 大 片 领 地。为 作 补 偿，请 收 下 {reg6}枚 金 币，用 于 弥 补 征 战 开 销。^至 于 {s2}，我 已 决 定 将 其 封 给 {s5}。
menu_id_127|背 弃 誓 言 是 一 项 严 重 之 举。你 的 领 主 可 能 会 谴 责 你，并 没 收 你 的 土 地 与 产 业。然 而，若 你 自 愿 将 这 些 领 地 交 还，领 主 也 许 会 放 下 这 场 背 叛，不 诉 诸 武 力。
mno_id_911|背 弃 誓 言，并 交 出 你 的 全 部 领 地。
mno_id_912|背 弃 誓 言，并 以 自 己 的 名 义 统 治 包 括 {s2} 在 内 的 领 地。
mno_id_913|保 持 忠 诚 并 接 受 决 定 {reg33?:}
menu_id_128|你 的 领 主 提 议 扩 大 你 的 领 地！{s1} 告 知 你，{reg4?她:他} 愿 将 {s2} 交 给 你，作 为 对 你 忠 诚 服 务 的 报 酬，且 不 影 响 你 现 有 的 领 地。你 如 何 答 复？
mno_id_914|接 受 封 赏。
mno_id_915|拒 绝。你 无 意 领 有 {s2}。
menu_id_129|在 简 短 的 仪 式 上，你 被 正 式 宣 布 为 {s2}{reg3?及 其 附 属 村 庄 {s4}:} 的 新 领 主。{reg3?它 们 将:它 将} 构 成 你 领 地 的 重 要 部 分。现 在 你 可 以 收 取 私 人 领 地 的 租 金 与 收 入，从 民 众 中 征 募 士 兵，并 按 意 愿 治 理 土 地；同 时 也 必 须 保 护 领 地 及 居 民 免 遭 袭 击，维 护 法 律 与 秩 序。
menu_id_130|你 曾 以 雇 佣 兵 身 份 与 {s1} 订 立 契 约，须 为 {reg4?她:他} 效 力 一 段 时 日。如 今 契 约 期 满，你 想 怎 么 做？
mno_id_917|继 续 向 {s1} 发 誓，再 服 务 一 个 月。
mno_id_918|摆 脱 契 约 的 束 缚，重 获 自 由
menu_id_131|{s1} 正 向 {s2} 的 城 墙 发 起 猛 攻。你 有 {reg10}名 可 以 投 入 战 斗 的 士 兵，敌 军 则 有 {reg11}人。你 决 定……{s4}
mno_id_919|与 围 城 方 谈 判。
mno_id_924|参 加 战 斗。
mno_id_925|参 加 战 斗（若 担 心 崩 溃，可 使 用 简 化 原 版 场 景）。
mno_id_926|作 弊：离 开
mno_id_927|命 令 你 的 士 兵 自 行 加 入 战 斗。
mno_id_928|将 部 队 交 给 你 配 偶 在 {s11} 的 驻 军。
mno_id_929|管 理 {s10} 的 驻 军。
menu_id_132|{s10}
menu_id_133|{s20}^^{s10}{s12}^{s11}^{s6}{s7}^^（P、C与 I快 捷 键 已 启 用。）
mno_id_933|管 理 此 村 庄
mno_id_934|与 村 长 交 谈
mno_id_934_door|村 庄 中 心 的 大 门。
mno_id_935|{s46}
mno_id_936|前 往 村 中 心。
mno_id_936_door|村 庄 中 心 的 大 门。
mno_id_937|向 村 民 购 买 补 给。
mno_id_938|自 动 出 售 物 品 
mno_id_939|自 动 购 买 食 物 
mno_id_940|进 攻 强 盗。
mno_id_941|在 此 等 待 一 段 时 间（仍 可 能 被 攻 击）{reg33?:}
mno_id_942|采 取 敌 对 行 动。
mno_id_943|离 开……
mno_id_944|！作 弊：取 消 村 庄 的 被 掠 夺 状 态
mno_id_945|镇 压 叛 乱。
mno_id_947|{reg5?继 续 收 缴 :收 缴 } 应 付 给 {s1} 的 税 款
mno_id_948|训 练 这 些 农 民。
mno_id_949|要 求 会 见 {s50} 的 家 人。
mno_id_950|使 用 作 弊 功 能
menu_id_134|你 打 算 采 取 什 么 行 动？
mno_id_951|强 迫 农 民 交 出 补 给。
mno_id_952|偷 走 牲 畜。
mno_id_953|洗 劫 并 焚 毁 这 座 村 庄。
menu_id_135|{s18}
mno_id_955|我 没 有 足 够 的 钱……
mno_id_956|招 募 他 们（{reg6}金 币）。
mno_id_957|招 募 一 个（10金 币）。
mno_id_958|招 募 五 个（50金 币）。
mno_id_959|招 募 十 个（100金 币）。
mno_id_960|招 募 二 十 个（200金 币）。
mno_id_961|招 募 五 十 个（500金 币）。
mno_id_962|继 续—— 但 没 有 招 募 到 任 何 人。
menu_id_136|逃 犯 的 一 记 重 击 将 你 打 倒 在 地。你 脚 步 踉 跄，随 即 失 去 意 识。时 间 缓 缓 流 逝……再 次 睁 眼 时，你 仍 头 脑 昏 沉、浑 身 是 伤；幸 好，似 乎 没 有 一 处 伤 口 足 以 致 命。
menu_id_137|作 为 队 伍 中 说 服 力 最 高 的 成 员，{reg3?你:{s3}} 终 于 从 {s50} 守 口 如 瓶 的 亲 属 那 里 套 出 了 其 藏 身 处。在 更 强 武 力 的 支 持 下，你 的 正 当 要 求 产 生 了 效 果，村 民 不 情 愿 地 加 入 了 追 捕。{reg4?但 逃 犯 听 到 了 你 到 来 的 消 息，似 乎 已 经 自 尽:不 到 一 小 时，你 便 替 {s4} 抓 获 了 逃 犯}。
menu_id_138|{s9}
menu_id_139|你 虽 竭 尽 全 力，却 仍 无 法 阻 挡 兽 人。它 们 将 你 和 遭 到 践 踏 的 队 伍 丢 在 地 上；远 处，商 人 的 绝 望 呼 喊 依 稀 可 闻，兽 群 正 紧 追 在 他 身 后。
menu_id_140|你 虽 竭 尽 全 力，却 仍 无 法 阻 挡 朗·德 隆 屠 夫 们 的 猛 攻。他 们 放 声 大 笑，把 你 和 部 下 打 得 落 花 流 水，脸 朝 下 扔 在 泥 地 里。
menu_id_141|你 虽 竭 尽 全 力，却 仍 无 法 阻 挡 兽 人 的 猛 攻。绿 皮 们 欢 呼 庆 祝，把 你 和 部 下 打 得 落 花 流 水，脸 朝 下 扔 在 泥 地 里。
menu_id_142|等 兽 人 意 识 到 自 己 犯 下 大 错 时，一 切 已 经 太 迟。你 击 溃 了 它 们，并 以 此 警 告 所 有 怀 有 同 样 意 图 的 兽 人 巡 逻 队。你 的 队 伍 士 气 高 昂，继 续 前 进。
menu_id_143|远 道 杀 戮 者 绝 非 易 与 之 辈，因 此 这 场 胜 利 绝 非 小 事。你 的 队 伍 信 心 大 振，继 续 踏 上 征 途。
menu_id_144|力 量 和 纪 律 都 站 在 你 们 这 边，你 们 已 经 取 得 了 胜 利。你 提 醒 你 的 斥 候 要 保 持 警 惕。
menu_id_145|伏 击 成 功 了，你 的 军 队 被 彻 底 摧 毁 了。你 剩 下 的 任 务 是 舔 舐 伤 口 和 埋 葬 死 者。
menu_id_146|在 一 场 足 以 写 入 歌 谣 的 战 斗 中，你 和 部 下 将 强 盗 逐 出 村 庄，再 次 消 除 了 威 胁。村 民 经 历 苦 难 后 已 无 多 少 财 富 可 献，但 仍 送 上 了 {reg10:他 们 能 找 到 的 一 切:几 头 牲 畜}。
mno_id_981|收 下 报 酬，这 是 你 应 得 的。
mno_id_982|拒 绝 报 酬，告 诉 他 们 这 些 东 西 对 村 民 更 为 重 要。
menu_id_147|{s19}^{reg6?^^{s7} 正 在 建 设 中。^工 程 将 在 {reg8}天 后 完 工 {reg9?:}。:}
mno_id_983|为 你 的 幕 僚 雇 用 一 名 宫 廷 总 管。
mno_id_984|建 造 一 个 庄 园。
mno_id_985|建 造 一 个 磨 坊。
mno_id_986|建 造 一 个 了 望 塔。
mno_id_987|建 造 一 个 学 校。
mno_id_988|建 造 一 个 驿 站。
mno_id_989|建 造 一 座 囚 犯 塔。
mno_id_990|建 造 一 个 军 事 学 院。
mno_id_991|建 造 一 座 血 碗 球 场。
mno_id_992|建 造 一 个 神 庙。
mno_id_993|建 造 一 个 市 场。
mno_id_994|建 造 一 座 医 师 公 会。
mno_id_995|修 筑 更 好 的 道 路。
mno_id_996|建 造 一 个 军 营。
mno_id_997|建 造 一 个 神 社。
mno_id_998|建 造 一 个 矿 井。
mno_id_999|聘 请 一 个 药 剂 师。
mno_id_1000|组 建 村 庄 守 卫 队。
mno_id_1001|取 消 建 造 {s7}。
menu_id_148|{s19} 作 为 队 伍 中 最 优 秀 的 工 程 师（{reg2}级），{reg3?你 估 计:{s3} 估 计} 建 造 {s4} 需 要 {reg5}枚 金 币，并 耗 时 {reg6}天。
mno_id_1003|继 续（由 国 库 支 付）。
mno_id_1004|国 库 资 金 不 足。
mno_id_1005|开 始 吧。
mno_id_1006|我 没 有 足 够 的 钱 支 付 这 笔 费 用。
menu_id_149|{s4} {s5}
menu_id_150|{reg4?{s4} 们 倒 下 了:{s4} 倒 下 了}，如 同 麦 穗 倒 在 镰 刀 之 下！很 快，街 道 上 只 剩 你 一 人，身 旁 只 有 {reg4?那 些 胆 敢 袭 击 你 的 人 的 尸 体:那 个 胆 敢 袭 击 你 的 人 的 尸 体}。^^搜 查 {reg4?这 些 尸 体:这 具 尸 体} 时，你 找 到 一 个 钱 袋。它 或 许 属 于 袭 击 者 先 前 的 受 害 者，也 可 能 是 某 个 想 要 你 性 命 的 幕 后 主 使 交 给 {reg4?他 们:他} 的 酬 金。
menu_id_151|村 庄 共 有 {reg5}头 牲 畜。^^作 为 队 伍 中 掠 夺 技 能 最 高 的 成 员（{reg2}级），{reg3?你 估 计:{s1} 估 计} 最 多 可 以 偷 走 {reg4}头 牲 畜—— 实 际 数 量 可 能 更 少。
menu_id_152|想 强 迫 或 威 胁 农 民 交 出 珍 贵 的 补 给 并 不 容 易。你 估 计 至 少 需 要 一 个 小 时。
mno_id_1014|开 始 吧。
menu_id_153|村 民 们 满 心 不 情 愿 地 把 能 拿 出 的 补 给 搬 到 你 面 前。
mno_id_1016|带 走。
mno_id_1017|算 了。
menu_id_154|一 些 愤 怒 的 村 民 抓 起 农 具，准 备 反 抗。若 你 执 意 继 续，恐 怕 免 不 了 一 场 战 斗。{s1}
mno_id_1018|向 他 们 冲 锋。
mno_id_1019|放 过 这 个 村 子。
menu_id_155|这 里 的 村 民 人 数 不 多，又 早 已 吓 破 了 胆；你 的 部 队 一 逼 近，他 们 便 四 散 而 逃。^整 座 村 庄 如 今 任 你 处 置。
mno_id_1020|洗 劫 村 庄，然 后 将 其 夷 为 平 地。
mno_id_1021|追 捕 剩 下 的 村 民 并 奴 役 他 们。
menu_id_156|奉 你 之 命，部 队 将 村 庄 洗 劫 一 空，夺 走 一 切 值 钱 之 物，随 后 纵 火 焚 烧 房 屋。你 从 搜 出 的 金 币 与 贵 重 物 品 中 分 得 {reg17}枚 金 币。
mno_id_1023|拿 走 最 贵 的 {reg18}/{reg19}件 物 品，然 后 手 动 搜 刮。
mno_id_1024|手 动 搜 刮。
menu_id_157|奉 你 之 命，士 兵 们 在 村 中 横 冲 直 撞，把 农 民 从 破 屋 中 拖 出，夺 走 他 们 身 上 的 一 切。短 短 数 小 时，你 便 抓 获 了 {reg1}名 俘 虏，只 留 下 病 弱 者 与 幼 童。你 押 着 被 捆 缚 的 村 民 离 开 仍 冒 着 余 烟 的 残 破 家 园 时，远 处 传 来 一 声 凄 厉 的 嚎 叫……
menu_id_158|村 民 们 以 极 大 的 勇 气 和 决 心，团 结 一 致，赶 跑 了 你 的 军 队。
menu_id_159|你 还 想 继 续 洗 劫 这 个 村 子 吗？
menu_id_160|什 么 也 没 有 发 生。
menu_id_161|^{s4}^{s5}^{s10} ^{s14}^{s11}{s12}{s13}{s15}^^(P，C & I快 捷 键 已 激 活)。
mno_id_1029|前 往 领 主 的 大 厅 {s1}。
mno_id_1029_door|城 堡 大 门。
mno_id_1030|城 镇 活 动：拜 访、魔 法 学 派、锦 标 赛、任 务 与 城 镇 管 理。
mno_id_1031|进 入 城 堡 {s1}。
mno_id_1031_door|城 堡 大 门。
mno_id_1032|到 街 道 上 走 走。
mno_id_1032_door|通 往 镇 中 心 的 大 门。
mno_id_1033|去 酒 馆。
mno_id_1033_door|通 往 酒 馆 的 大 门。
mno_id_1034|与 商 人 交 谈。
mno_id_1034_door|通 往 商 店 的 大 门。
mno_id_1035|进 入 竞 技 场。
mno_id_1035_door|通 往 竞 技 场 的 大 门。
mno_id_1036|永 不：进 入 监 狱。
mno_id_1036_door|地 牢 大 门。
mno_id_1037|在 庭 院 里 四 处 走 走。
mno_id_1037_door|通 往 城 堡 庭 院。
mno_id_1038|前 往 你 的 {s3}。
mno_id_1038_door|你 的 工 厂 大 门。
mno_id_1039|去 市 场。
mno_id_1040|管 理 {s10} 的 驻 军。
mno_id_1041|将 部 队 交 给 你 配 偶 在 {s11} 的 驻 军。
mno_id_1042|在 这 里 休 息 一 会 儿 {s1}。
mno_id_1043|会 见 行 会 会 长。
mno_id_943_door|离 开 此 地。
menu_id_162|城 镇 活 动
mno_id_1046|参 加 锦 标 赛。
mno_id_1047|寻 找 恐 虐 的 信 徒。
mno_id_1048|尝 试 拜 访 一 位 女 士。
mno_id_1048_door|花 园 大 门。
mno_id_1049|管 理 此 {reg0?城 镇 :城 堡 }。
mno_id_1050|存 取 {reg0?城 镇 :城 堡 } 的 箱 子。
mno_id_1051|将 你 的 宫 廷 迁 至 此 地。
mno_id_1054|将 部 队 移 交 予 驻 军（不 可 移 除）
mno_id_1055|调 整 驻 军 内 部 的 部 队 编 组。
mno_id_1056|按 等 级 对 驻 军 进 行 排 序 
mno_id_1057|作 弊：将 驻 军 转 换 为 营 地 菜 单 中 选 定 的 玩 家 兵 种 体 系。
mno_id_1059|购 买 一 艘 船（5000金 币）。
mno_id_1060|从 艾 凯 迪 处 领 取 你 的 船。
mno_id_1061|发 出 信 号，让 你 的 船 接 你 出 海。
mno_id_1062|造 访 {s13} 公 会。
mno_id_1063|造 访 守 护 者 神 庙。
mno_id_1064|拜 访 符 文 熔 炉。
mno_id_1065|招 募 部 队。
mno_id_1066|更 改 你 的 定 居 点 名 称。
mno_id_1067|返 回 城 镇 菜 单……
menu_id_163|{s12}
mno_id_1068|了 解 我 能 从 {s13} 学 习 哪 些 魔 法 学 派。
mno_id_1069|魔 法 操 作 与 指 南。
mno_id_1070|我 希 望 能 提 高 我 的 魔 法 抗 性。
mno_id_1071|我 想 买 一 些 新 的 法 术 和 装 备。
menu_id_164|以 下 是 你 可 以 选 择 投 身 的 魔 法 学 派……
mno_id_1074|光 明 魔 法。
mno_id_1075|黄 金 魔 法。
mno_id_1076|生 命 魔 法。
mno_id_1077|天 空 魔 法。
mno_id_1078|阴 影 魔 法。
mno_id_1079|死 亡 魔 法。
mno_id_1080|火 焰 魔 法。
mno_id_1081|野 兽 魔 法。
mno_id_1082|高 等 魔 法。
mno_id_1083|黑 暗 魔 法。
mno_id_1084|亡 灵 魔 法。
mno_id_1085|奸 奇 魔 法。
mno_id_1086|色 孽 魔 法。
mno_id_1087|纳 垢 魔 法。
mno_id_1088|大 Waagh魔 法。
mno_id_1089|小 Waagh魔 法。
mno_id_1090|毁 灭 魔 法。
mno_id_1091|瘟 疫 魔 法。
mno_id_1092|尼 赫 喀 拉 魔 法。
mno_id_1093|寒 冰 魔 法。
mno_id_1094|沙 漠 魔 法。
mno_id_1095|荒 野 魔 法。
mno_id_1096|吸 血 鬼 魔 法。
mno_id_1097|边 缘 魔 法 合 集。
mno_id_1098|我 稍 后 再 作 决 定。
menu_id_165|你 要 作 何 选 择？^{s1}
mno_id_1099|我 想 将 我 的 魔 法 抗 性 提 升 至 6+（10000金 币）。
mno_id_1100|我 想 将 我 的 魔 法 抗 性 提 升 至 5+（25000金 币）。
mno_id_1101|我 想 将 我 的 魔 法 抗 性 提 升 至 4+（50000金 币）。
mno_id_1102|我 想 将 我 的 魔 法 抗 性 提 升 至 3+（75000金 币）。
mno_id_1103|我 想 将 我 的 魔 法 抗 性 提 升 至 2+（100000金 币）。
mno_id_1104|保 持 目 前 的 魔 法 抗 性。
menu_id_166|翡 翠 魔 法—— 生 命 学 派
mno_id_1105|了 解 生 命 魔 法。
mno_id_1106|这 个 学 派 有 何 特 性？
mno_id_1107|我 能 学 习 哪 些 法 术？
mno_id_1108|选 择 生 命 魔 法 作 为 我 的 学 派。
mno_id_1109|返 回
menu_id_167|黄 金 魔 法—— 黄 金 学 派
mno_id_1110|了 解 黄 金 魔 法。
mno_id_1112|我 能 学 习 哪 些 法 术？
mno_id_1113|选 择 黄 金 魔 法 作 为 我 的 学 派。
menu_id_168|光 明 魔 法—— 光 明 学 派
mno_id_1115|了 解 光 明 魔 法。
mno_id_1118|选 择 光 明 魔 法 作 为 我 的 学 派。
menu_id_169|乡 野 魔 法
mno_id_1120|了 解 边 缘 魔 法。
mno_id_1121|边 缘 魔 法 有 学 派 特 性 吗？
mno_id_1123|选 择 修 习 乡 野 魔 法。
menu_id_170|天 空 魔 法—— 天 空 学 派
mno_id_1125|了 解 天 空 魔 法。
mno_id_1128|选 择 天 空 魔 法 作 为 我 的 学 派。
menu_id_171|阴 影 魔 法—— 阴 影 学 派
mno_id_1130|了 解 阴 影 魔 法。
mno_id_1133|选 择 阴 影 魔 法 作 为 我 的 学 派。
menu_id_172|死 亡 魔 法—— 紫 晶 学 派
mno_id_1135|了 解 死 亡 魔 法。
mno_id_1138|选 择 死 亡 魔 法 作 为 我 的 学 派。
menu_id_173|火 焰 魔 法—— 火 焰 学 派
mno_id_1140|了 解 火 焰 魔 法。
mno_id_1143|选 择 火 焰 魔 法 作 为 我 的 学 派。
menu_id_174|野 兽 魔 法—— 琥 珀 学 派
mno_id_1145|了 解 野 兽 魔 法。
mno_id_1148|选 择 野 兽 魔 法 作 为 我 的 学 派。
menu_id_175|高 等 魔 法
mno_id_1150|了 解 高 等 魔 法。
mno_id_1153|选 择 高 等 魔 法 作 为 我 的 学 派。
menu_id_176|黑 暗 魔 法
mno_id_1155|了 解 黑 暗 魔 法。
mno_id_1158|选 择 黑 暗 魔 法 作 为 我 的 学 派。
menu_id_177|亡 灵 魔 法
mno_id_1160|了 解 亡 灵 魔 法。
mno_id_1163|选 择 亡 灵 魔 法 作 为 我 的 学 派。
menu_id_178|吸 血 鬼 魔 法
mno_id_1165|了 解 吸 血 鬼 魔 法。
mno_id_1168|选 择 吸 血 鬼 魔 法 作 为 我 的 学 派。
menu_id_179|奸 奇 魔 法
mno_id_1170|了 解 奸 奇 魔 法。
mno_id_1173|选 择 奸 奇 魔 法 作 为 我 的 学 派。
menu_id_180|色 孽 魔 法
mno_id_1175|了 解 色 孽 魔 法。
mno_id_1178|选 择 色 孽 魔 法 作 为 我 的 学 派。
menu_id_181|纳 垢 魔 法
mno_id_1180|了 解 纳 垢 魔 法。
mno_id_1183|选 择 纳 垢 魔 法 作 为 我 的 学 派。
menu_id_182|小 Waagh！魔 法
mno_id_1185|了 解 小 Waaagh！魔 法。
mno_id_1188|选 择 小 Waaagh！魔 法 作 为 我 的 学 派。
menu_id_183|大 Waagh！魔 法
mno_id_1190|了 解 大 Waaagh！魔 法。
mno_id_1193|选 择 大 Waaagh！魔 法 作 为 我 的 学 派。
menu_id_184|毁 灭 魔 法
mno_id_1195|了 解 毁 灭 魔 法。
mno_id_1198|选 择 毁 灭 魔 法 作 为 我 的 学 派。
menu_id_185|瘟 疫 魔 法
mno_id_1200|了 解 瘟 疫 魔 法。
mno_id_1203|选 择 瘟 疫 魔 法 作 为 我 的 学 派。
menu_id_186|寒 冰 魔 法
mno_id_1205|了 解 寒 冰 魔 法。
mno_id_1208|选 择 寒 冰 魔 法 作 为 我 的 学 派。
menu_id_187|沙 漠 魔 法
mno_id_1210|了 解 沙 漠 魔 法。
mno_id_1213|选 择 沙 漠 魔 法 作 为 我 的 学 派。
menu_id_188|荒 野 魔 法
mno_id_1215|了 解 荒 野 魔 法。
mno_id_1218|选 择 荒 野 魔 法 作 为 我 的 学 派。
menu_id_189|尼 赫 喀 拉 魔 法
mno_id_1220|了 解 尼 赫 喀 拉 魔 法。
mno_id_1223|选 择 尼 赫 喀 拉 魔 法 作 为 我 的 学 派。
menu_id_190|吉 兰 之 风 象 征 生 命 与 繁 衍，流 淌 于 世 界 各 地。凡 人 从 它 丰 沛 而 慷 慨 的 波 动 中，领 悟 了 生 命 魔 法，也 就 是 翡 翠 魔 法。
mno_id_1225|明 白 了。
menu_id_191|每 次 成 功 施 法，都 会 为 施 法 者 恢 复 生 命 值。
menu_id_192|翡 翠 魔 法 能 治 疗 和 保 护 你 的 部 队，甚 至 唤 醒 失 去 意 识 的 盟 友。该 学 派 没 有 魔 法 飞 弹，但 拥 有 两 个 伤 害 型 范 围 法 术，其 中 包 括 强 大 的“地 灵 觉 醒”。
menu_id_193|选 定 这 个 学 派 后 就 无 法 更 换。你 确 定 要 专 精 翡 翠 魔 法 吗？
mno_id_1228|是 的，我 要 专 精 生 命 魔 法。
mno_id_1229|我 现 在 还 不 愿 作 出 承 诺。
menu_id_194|查 蒙 之 风 是 魔 法 之 风 中 的 异 类。它 与 物 质 元 素 紧 密 相 连，物 质 越 沉 重，联 系 就 越 强。黄 金 魔 法 借 此 操 控 黄 金 的 本 质，并 按 照 现 实 严 密 的 法 则 完 成 嬗 变。长 年 研 究 查 蒙 的 法 师，也 会 逐 渐 变 得 像 黄 金 一 样 冷 硬、理 性 而 不 近 人 情。
menu_id_195|对 重 甲 部 队 造 成 额 外 伤 害；魔 法 攻 击 视 为 火 焰 伤 害：
menu_id_196|黄 金 魔 法 能 摧 毁 敌 人 的 盔 甲，让 他 们 暴 露 在 你 的 部 队 面 前。你 还 可 以 用“灼 热 毁 灭”和 强 大 的 范 围 法 术“终 极 嬗 变”造 成 伤 害。不 过，与 大 多 数 学 派 不 同，这 些 法 术 以 施 法 者 为 中 心，所 以 你 必 须 靠 近 敌 人。该 学 派 也 有 强 大 的 增 益 法 术，可 以 保 护 并 强 化 盟 友。
menu_id_197|选 定 这 个 学 派 后 就 无 法 更 换。你 确 定 要 专 精 黄 金 魔 法 吗？
mno_id_1233|是 的，我 要 专 精 黄 金 魔 法。
menu_id_198|辉 煌 而 耀 眼 的 海 希 之 风，是 光 明 魔 法 的 源 泉。它 象 征 纯 洁、真 理、守 护 与 治 愈。驾 驭 海 希 的 法 师 能 以 光 明 照 破 最 深 的 黑 暗，治 愈 肉 体 与 灵 魂 的 重 创，并 无 情 地 驱 散、摧 毁 邪 恶 的 化 身。
menu_id_199|光 明 魔 法 对 亡 灵 和 恶 魔 造 成 双 倍 伤 害。
menu_id_200|光 明 魔 法 擅 长 提 高 盟 友 的 移 动 与 武 器 挥 舞 速 度，并 减 慢 敌 人。“比 罗 纳 的 时 光 扭 曲”是 游 戏 中 最 强 的 加 速 法 术；对 援 军 施 放 后，他 们 能 以 两 倍 速 度 赶 到 战 场。该 学 派 还 有 一 个 魔 法 飞 弹 和 一 个 专 门 消 灭 亡 灵 的 范 围 法 术。
menu_id_201|选 定 这 个 学 派 后 就 无 法 更 换。你 确 定 要 专 精 光 明 魔 法 吗？
mno_id_1238|是 的，我 要 专 精 光 明 魔 法。
menu_id_202|边 缘 法 师 不 受 正 规 魔 法 学 派 的 束 缚，可 以 自 行 摸 索 并 使 用 所 能 掌 握 的 法 术；不 过，他 们 的 法 术 往 往 更 弱，也 不 如 学 院 法 术 那 般 壮 观。
menu_id_203|边 缘 魔 法 并 非 正 规 的 魔 法 学 派，因 此 没 有 专 属 的 学 派 特 性。
menu_id_204|你 可 以 学 习 边 缘 法 师 多 年 来 摸 索 出 的 优 秀 法 术。它 们 涉 猎 八 大 魔 法 学 派 中 的 多 个 领 域，威 力 各 有 不 同，但 主 要 以 伤 害 与 增 益 法 术 为 主。
menu_id_205|选 定 之 后 便 无 法 更 换 其 他 学 派。你 确 定 要 专 精 边 缘 魔 法 吗？
mno_id_1243|是 的，我 愿 投 身 边 缘 魔 法。
menu_id_206|天 空 魔 法 源 自 阿 兹 尔 之 风。它 流 经 天 空、星 辰，甚 至 时 间 本 身。与 阿 兹 尔 建 立 联 系 的 法 师，会 逐 渐 学 会 操 控 天 气、召 唤 苍 穹 之 力、预 见 乃 至 改 变 未 来；随 着 灵 魂 超 越 物 质 束 缚，他 们 的 力 量 也 会 越 来 越 强。
menu_id_207|与 天 气 有 关 的 随 机 事 件 不 会 产 生 负 面 结 果。
menu_id_208|天 空 魔 法 是 进 攻 性 很 强 的 学 派，拥 有 多 种 魔 法 飞 弹 和 范 围 法 术。“谐 律 汇 聚”能 让 弱 小 的 部 队 也 有 机 会 伤 到 任 何 敌 人；“子 夜 之 风 诅 咒”则 可 以 封 锁 敌 人 的 特 殊 能 力。
menu_id_209|选 定 这 个 学 派 后 就 无 法 更 换。你 确 定 要 专 精 天 空 魔 法 吗？
mno_id_1248|是 的，我 要 专 精 天 空 魔 法。
menu_id_210|迷 雾 般 的 乌 尔 古 之 风，是 阴 影 魔 法 的 源 泉。它 将 万 物 笼 罩 在 昏 暗 的 浓 雾 中，象 征 幻 象、猜 疑 与 隐 匿。驾 驭 乌 尔 古 的 法 师 能 隐 去 身 形，扭 曲 他 人 对 现 实 的 感 知，并 从 聚 集 的 阴 影 中 发 动 袭 击。
menu_id_211|每 点 魔 法 等 级 提 供 10%的 战 败 后 逃 脱 几 率，最 高 80%。
menu_id_212|灰 袍 法 师 擅 长 操 控 战 局，既 能 强 化 盟 友，也 能 诅 咒 敌 人。阴 影 魔 法 尤 其 适 合 削 弱 敌 军，让 他 们 暴 露 在 你 的 前 线 部 队 面 前。该 学 派 虽 然 也 有 魔 法 飞 弹 和 范 围 攻 击，但 主 要 定 位 是 辅 助；“阴 影 骏 马”还 能 随 时 为 你 召 唤 一 匹 阴 影 坐 骑。
menu_id_213|选 定 这 个 学 派 后 就 无 法 更 换。你 确 定 要 专 精 阴 影 魔 法 吗？{reg33?:}
mno_id_1253|是 的，我 要 专 精 阴 影 魔 法。
menu_id_214|阴 森 而 无 可 逃 避 的 煞 伊 许 之 风，是 紫 晶 魔 法 的 源 泉。它 从 万 物 缓 慢 却 必 然 的 终 结 中 汲 取 力 量，让 驾 驭 者 掌 控 死 亡 的 领 域。死 亡 法 师 能 召 来 漂 浮 在 彼 岸 的 灵 魂 碎 片，也 能 把 敌 人 送 入 那 个 国 度。
menu_id_215|如 果 法 术 杀 死 敌 人，下 一 个 魔 法 阶 段 有 33%几 率 获 得 额 外 法 力。被 死 亡 魔 法 降 至 0生 命 值 的 敌 人 一 定 会 死 亡，不 会 只 是 昏 迷。
menu_id_216|死 亡 魔 法 擅 长 带 有 特 殊 条 件 的 魔 法 飞 弹，对 不 同 类 型 的 敌 人 会 产 生 不 同 效 果。该 学 派 还 有 能 迅 速 打 击 敌 军 士 气 的 法 术，而“泽 雷 尔 斯 的 紫 晶 邪 阳”则 是 旧 世 界 最 强 大 的 范 围 法 术 之 一。
menu_id_217|选 定 这 个 学 派 后 就 无 法 更 换。你 确 定 要 专 精 死 亡 魔 法 吗？
mno_id_1258|是 的，我 要 专 精 死 亡 魔 法。
menu_id_218|灼 热 的 阿 克 夏 之 风，是 炽 焰 魔 法 的 源 泉。它 象 征 激 情、野 心 与 纯 粹 的 愤 怒，力 量 强 大，却 同 样 危 险。驾 驭 阿 克 夏 的 法 师 必 须 时 刻 保 持 完 美 的 控 制，否 则 火 焰 就 会 失 控，吞 噬 周 围 的 一 切—— 首 当 其 冲 的 往 往 就 是 施 法 者 自 己。
menu_id_219|火 焰 魔 法 造 成 的 攻 击 全 部 视 为 火 焰 伤 害。成 功 施 放 一 个 法 术 后，本 魔 法 阶 段 后 续 所 有 法 术 都 会 获 得 施 法 检 定 加 成。
menu_id_220|火 焰 魔 法 主 要 依 靠 魔 法 飞 弹 和 范 围 法 术 造 成 伤 害，也 有 能 保 护、强 化 盟 友 的 增 益 法 术。该 学 派 没 有 减 益 法 术，但“燃 烧 穿 透 弩 矢”十 分 独 特，能 把 所 有 箭 矢 和 弩 矢 变 成 火 焰 弹 药。
menu_id_221|选 定 这 个 学 派 后 就 无 法 更 换。你 确 定 要 专 精 火 焰 魔 法 吗？
mno_id_1263|是 的，我 要 专 精 火 焰 魔 法。
menu_id_222|古 尔 是 魔 法 之 风 中 最 原 始、最 狂 野 的 一 股，也 是 琥 珀 魔 法 的 源 泉。追 随 古 尔 的 法 师 会 直 接 接 触 自 然 最 纯 粹 的 本 质，与 动 物 和 野 兽 建 立 越 来 越 深 的 联 系，并 借 此 向 敌 人 释 放 荒 野 中 古 老 而 狂 暴 的 力 量。
menu_id_223|安 抚 野 兽：每 2点 魔 法 控 制 使 骑 术 提 高 1点。
menu_id_224|野 兽 魔 法 拥 有 强 大 的 增 益 法 术，可 提 高 盟 友 的 移 动 速 度、伤 害 和 武 器 挥 舞 速 度。它 有 一 个 威 力 很 强、可 重 复 施 放 的 魔 法 飞 弹，却 完 全 没 有 范 围 法 术。最 强 的 法 术 能 把 一 名 友 军 士 兵 变 成 野 熊。
menu_id_225|选 定 这 个 学 派 后 就 无 法 更 换。你 确 定 要 专 精 野 兽 魔 法 吗？
mno_id_1268|是 的，我 要 专 精 野 兽 魔 法。
menu_id_226|奎 许，又 称 高 等 魔 法，是 将 所 有 魔 法 之 风 和 谐 编 织 成 宏 伟 法 术 的 技 艺，远 远 超 出 大 多 数 凡 人 乃 至 不 朽 生 灵 的 能 力。想 成 为 高 等 魔 法 大 师，就 必 须 把 全 部 心 智 与 灵 魂 投 入 对 每 一 股 魔 法 之 风 及 其 领 域 的 理 解。
menu_id_227|每 次 成 功 施 法 都 会 获 得 6+守 护 豁 免；之 后 再 次 成 功 施 法 会 让 豁 免 提 高 一 级，最 高 达 到 4+。守 护 豁 免 成 功 抵 挡 一 次 攻 击 后，效 果 会 重 置。
menu_id_228|高 等 魔 法 汇 集 八 大 魔 法 学 派 的 精 华，因 此 几 乎 能 应 付 任 何 局 面。它 是 唯 一 能 驱 散 魔 法 的 学 派；独 特 法 术“法 力 风 暴”还 可 以 投 入 法 力，让 你 和 盟 友 施 法 者 在 接 下 来 的 魔 法 阶 段 获 得 更 多 法 力。
menu_id_229|选 定 这 个 学 派 后 就 无 法 更 换。你 确 定 要 专 精 高 等 魔 法 吗？
mno_id_1273|是 的，我 要 专 精 高 等 魔 法。
menu_id_230|达 尔，也 就 是 世 人 所 说 的 黑 暗 魔 法，是 对 魔 法 本 质 最 阴 暗 的 运 用。魔 法 之 风 本 身 只 是 现 实 各 个 方 面 的 中 性 化 身，但 黑 暗 法 师 会 强 行 压 服 它 们，只 留 下 最 污 秽、最 恶 毒 的 部 分，把 混 乱 的 负 面 能 量 编 织 成 只 为 给 他 人 带 来 痛 苦 的 法 术。
menu_id_231|施 放 直 接 伤 害 法 术 时，有 17%几 率 获 得 伤 害 加 成。
menu_id_232|黑 暗 魔 法 拥 有 三 个 带 有 特 殊 条 件 的 范 围 法 术。它 们 能 瞬 间 杀 死 敌 人，甚 至 在 敌 人 死 亡 时 治 疗 施 法 者。“黑 暗 之 力”则 是 世 界 上 最 强 的 增 益 法 术 之 一，能 大 幅 提 高 盟 友 造 成 的 伤 害。
menu_id_233|选 定 这 个 学 派 后 就 无 法 更 换。你 确 定 要 专 精 黑 暗 魔 法 吗？
mno_id_1278|是 的，我 要 专 精 黑 暗 魔 法。
menu_id_234|亡 灵 魔 法 是 被 达 尔 腐 化 的 煞 伊 许 之 力，目 的 是 战 胜 死 亡、夺 取 对 死 者 的 控 制。它 通 常 被 称 为 死 灵 法 术，由 纳 迦 什 创 造，并 在 漫 长 岁 月 中 被 无 数 邪 恶 存 在 继 承。死 灵 法 师 愿 意 以 永 恒 的 灵 魂 为 代 价，换 取 超 越 凡 人 领 域 的 禁 忌 力 量。
menu_id_235|成 功 施 放 召 唤 法 术 后，下 一 次 召 唤 更 高 阶 亡 灵 的 几 率 会 提 高。
menu_id_236|亡 灵 魔 法 的 高 阶 法 术 在 等 级 较 低 时 很 难 施 放，但 效 果 十 分 强 大，例 如 召 唤 亡 灵 盟 友 或 提 高 近 战 伤 害。你 还 可 以 学 到 一 个 能 治 疗 目 标 的 魔 法 飞 弹，以 及 一 个 威 力 中 等 的 范 围 法 术。
menu_id_237|选 定 这 个 学 派 后 就 无 法 更 换。你 确 定 要 专 精 亡 灵 魔 法 吗？
mno_id_1283|是 的，我 要 专 精 亡 灵 魔 法。
menu_id_238|对 不 朽 生 灵 而 言，没 有 什 么 比 掌 握 吸 血 鬼 魔 法 更 能 带 来 荣 耀 与 力 量。用 诅 咒 摧 毁 敌 人，再 让 尸 体 站 起 来 为 自 己 作 战—— 这 样 的 力 量 足 以 让 精 灵 与 人 类 胆 寒。
menu_id_239|亡 者 诅 咒：每 次 成 功 施 法，都 会 按 魔 法 控 制 等 级 为 施 法 者 恢 复 生 命 值。
menu_id_240|吸 血 鬼 魔 法 与 亡 灵 魔 法 不 同，必 须 利 用 战 场 上 的 尸 体 才 能 召 唤 亡 者；不 过，它 的 进 攻 性 更 强，拥 有 两 个 范 围 法 术、一 个 强 大 的 自 身 增 益 法 术，以 及 能 让 附 近 敌 人 变 得 脆 弱 的 减 益 法 术。
menu_id_241|选 定 这 个 学 派 后 就 无 法 更 换。你 确 定 要 专 精 吸 血 鬼 魔 法 吗？
mno_id_1288|是 的，我 要 专 精 吸 血 鬼 魔 法。
menu_id_242|魔 法 之 风 从 混 沌 魔 域 涌 入 现 世，混 沌 诸 神 借 助 它 们，让 腐 化 的 意 志 在 物 质 世 界 化 为 实 体。万 变 之 主 奸 奇 的 魔 法 尤 其 危 险 而 具 有 毁 灭 性；它 会 带 来 突 然、剧 烈 的 变 化，让 被 巫 术 击 中 的 可 怜 灵 魂 遭 受 灾 难 性 的 后 果。
menu_id_243|当 魔 法 之 风 掷 出 8点 时，额 外 获 得 2点 法 力。
menu_id_244|奸 奇 魔 法 拥 有 多 个 威 力 不 同 的 范 围 法 术，以 及 极 其 强 大 的 魔 法 飞 弹“变 幻 之 箭”。“窃 取 魔 法”还 能 干 扰 敌 方 施 法 者。
menu_id_245|选 定 这 个 学 派 后 就 无 法 更 换。你 确 定 要 专 精 奸 奇 魔 法 吗？
mno_id_1293|是 的，我 要 专 精 奸 奇 魔 法。
menu_id_246|魔 法 之 风 从 混 沌 魔 域 涌 入 现 世，混 沌 诸 神 借 助 它 们，让 腐 化 的 意 志 在 物 质 世 界 化 为 实 体。痛 苦 与 欢 愉 之 神 色 孽 的 魔 法，是 一 套 卑 劣 而 阴 险 的 心 灵 巫 术。它 会 扭 曲 感 官、放 大 欲 望、激 起 非 理 性 的 冲 动，最 终 让 受 害 者 的 意 志 在 欢 愉 王 子 面 前 彻 底 崩 溃。
menu_id_247|如 果 法 术 伤 害 杀 死 一 个 目 标，有 17%几 率 召 唤 一 名 色 孽 魔 女。
menu_id_248|可 重 复 施 放 的 魔 法 飞 弹“色 孽 之 鞭”威 力 稍 弱，但 该 学 派 拥 有 两 个 非 常 强 大 的 范 围 法 术，以 及 顶 尖 的 增 益 法 术“歇 斯 底 里 的 疯 狂”。封 锁 敌 方 特 殊 能 力 的 效 果，对 巴 托 尼 亚 和 受 祝 福 的 骑 士 尤 其 有 用。
menu_id_249|选 定 这 个 学 派 后 就 无 法 更 换。你 确 定 要 专 精 色 孽 魔 法 吗？
mno_id_1298|是 的，我 要 专 精 色 孽 魔 法。
menu_id_250|魔 法 之 风 从 混 沌 魔 域 涌 入 现 世，混 沌 诸 神 借 助 它 们，让 腐 化 的 意 志 在 物 质 世 界 化 为 实 体。瘟 疫 之 主 纳 垢 的 魔 法，是 一 套 让 受 祂 祝 福 的 施 法 者 散 播 疾 病、痛 苦 与 腐 朽 的 邪 恶 巫 术，以 此 实 现 腐 朽 之 主 的 计 划。
menu_id_251|每 次 成 功 施 法，都 有 17%几 率 获 得“无 视 痛 苦”；成 功 后 再 有 17%几 率 升 级 为“高 级 无 视 痛 苦”，之 后 还 有 17%几 率 升 级 为“大 师 级 无 视 痛 苦”。效 果 会 持 续 到 本 场 战 斗 结 束。
menu_id_252|纳 垢 魔 法 的 进 攻 性 不 如 另 外 两 个 混 沌 学 派，却 是 三 者 中 最 独 特 的。它 是 唯 一 能 治 疗 盟 友 的 混 沌 魔 法，增 益 法 术 还 能 赋 予 毒 素 攻 击 和 无 视 痛 苦。纳 垢 的 伤 害 法 术 需 要 满 足 特 定 条 件，但 条 件 达 成 时 威 力 极 强。
menu_id_253|选 定 这 个 学 派 后 就 无 法 更 换。你 确 定 要 专 精 纳 垢 魔 法 吗？
mno_id_1303|是 的，我 要 专 精 纳 垢 魔 法。
menu_id_254|绿 皮 的 心 智 并 不 与 魔 法 之 风 共 鸣，而 是 自 行 产 生 一 种 奇 特 的 魔 法 能 量。兽 人 萨 满 能 感 觉 到 这 股 力 量，并 在 向 搞 哥 和 毛 哥 吼 出 祷 告 时，把 它 引 导 成 原 始 的 魔 法。“大 Waagh！”正 是 这 种 力 量 的 产 物，是 双 神 砸 向 一 切 胆 敢 反 抗 兽 人 的 弱 者 的 铁 拳。
menu_id_255|每 个 魔 法 阶 段 结 束 时，都 会 比 较 友 方 兽 人 击 中 敌 人 与 被 敌 人 击 中 的 次 数。如 果 友 方 命 中 次 数 更 多，所 有 法 术 都 会 获 得 伤 害 加 成；差 距 越 大，加 成 越 高。
menu_id_256|兽 人 魔 法 主 要 依 靠 魔 法 飞 弹。其 中 有 一 个 独 特 飞 弹，比 同 等 威 力 的 法 术 更 容 易 施 放，但 只 对 敌 方 施 法 者 生 效。该 学 派 还 有 能 加 速 友 方 兽 人 的 增 益 法 术，以 及 少 数 能 强 化 施 法 者 近 战 能 力 的 法 术。
menu_id_257|选 定 这 个 学 派 后 就 无 法 更 换。你 确 定 要 专 精 兽 人 魔 法 吗？
mno_id_1308|是 的，我 要 专 精 大 Waagh魔 法。
menu_id_258|绿 皮 的 心 智 并 不 与 魔 法 之 风 共 鸣，而 是 自 行 产 生 一 种 奇 特 的 魔 法 能 量。地 精 萨 满 会 被 同 族 脑 海 中 嗡 鸣 的 力 量 拖 入 恍 惚，并 借 此 向 搞 哥 和 毛 哥 求 助。“小 Waagh！”就 是 这 种 狡 猾、阴 险 的 地 精 魔 法。
menu_id_259|成 功 施 法 后，下 一 个 魔 法 阶 段 有 33%几 率 从 每 名 敌 方 施 法 者 身 上 窃 取 法 力。
menu_id_260|地 精 魔 法 威 力 较 弱，但 消 耗 低、容 易 施 放，萨 满 也 总 有 大 量 法 力。没 有 其 他 学 派 能 像 地 精 一 样 获 得 这 么 多 法 力。它 还 有 很 多 实 用 法 术，可 赋 予 盟 友 毒 素 攻 击、提 高 穿 刺 伤 害，或 封 锁 敌 人 的 特 殊 能 力。
menu_id_261|选 定 这 个 学 派 后 就 无 法 更 换。你 确 定 要 专 精 地 精 魔 法 吗？
mno_id_1313|是 的，我 要 专 精 小 Waagh魔 法。
menu_id_262|毁 灭 魔 法 也 常 被 称 为 次 元 魔 法，是 斯 卡 文 灰 先 知 运 用 达 尔 的 方 式。它 以 次 元 力 量 为 源，并 由 施 法 者 吞 食 的 次 元 石 强 化，会 腐 化 接 触 的 一 切。编 织 这 种 魔 法 的 灰 先 知 也 会 逐 渐 身 心 变 异：毛 发 变 成 灰 白 色，头 上 长 出 犄 角。
menu_id_263|毁 灭 魔 法 蕴 含 强 大 的 奥 术 工 程 力 量。每 点 魔 法 等 级 使 攻 城 塔 的 建 造 速 度 提 高 5%。
menu_id_264|毁 灭 魔 法 是 世 界 上 最 强、最 具 进 攻 性 的 学 派 之 一，以 相 对 较 低 的 法 力 消 耗 造 成 高 额 伤 害。“战 风 咆 哮”能 减 慢 整 支 敌 军，让 盟 友 冲 上 去 将 他 们 撕 碎；“杀 戮 狂 热”的 影 响 足 以 与“黑 暗 之 力”相 提 并 论。不 过，魔 法 等 级 较 低 时，这 个 学 派 很 难 驾 驭。
menu_id_265|选 定 这 个 学 派 后 就 无 法 更 换。你 确 定 要 专 精 毁 灭 魔 法 吗？
mno_id_1318|是 的，我 要 专 精 毁 灭 魔 法。
menu_id_266|瘟 疫 魔 法 是 大 角 鼠 赐 给 佩 斯 提 伦 氏 族 瘟 疫 祭 司 的 污 秽 礼 物，并 在 他 们 与 世 隔 绝 的 露 丝 契 亚 岁 月 中 发 展 成 形。瘟 疫 祭 司 把 肉 体 腐 烂 视 为 祝 福，奉 大 角 鼠 之 命，毫 无 怜 悯 地 向 敌 人 散 播 麻 风、瘟 疫 与 污 染。
menu_id_267|瘟 疫 会 吓 跑 村 民。每 点 魔 法 等 级 使 村 庄 掠 夺 速 度 提 高 3%。
menu_id_268|瘟 疫 魔 法 专 注 于 不 同 威 力 的 范 围 法 术。高 阶“瘟 疫”会 感 染 敌 人，每 当 感 染 者 死 亡 时，都 可 能 再 次 引 发 瘟 疫 爆 发。“凋 萎”会 让 敌 人 承 受 更 多 伤 害，“污 秽 赐 福”则 赋 予 盟 友 毒 素 攻 击。该 学 派 没 有 魔 法 飞 弹。
menu_id_269|选 定 这 个 学 派 后 就 无 法 更 换。你 确 定 要 专 精 瘟 疫 魔 法 吗？
mno_id_1323|是 的，我 要 专 精 瘟 疫 魔 法。
menu_id_270|尼 赫 喀 拉 魔 法 源 自 被 遗 忘 古 国 的 远 古 仪 式，是 巫 妖 祭 司 的 宗 教 法 术，并 随 古 墓 诸 王 的 诅 咒 跨 越 岁 月 留 存 至 今。祭 司 们 用 古 老 的 高 阶 尼 赫 喀 拉 语 吟 唱 祷 文，从 冥 界 与 时 间 的 褶 皱 中 呼 唤 尼 赫 喀 拉 被 遗 忘 的 诸 神。
menu_id_271|增 益 法 术 还 会 治 疗 你 麾 下 的 古 墓 诸 王 部 队。
menu_id_272|尼 赫 喀 拉 魔 法 以 强 化 古 墓 诸 王 部 队、利 用 敌 人 弱 点 的 法 术 为 核 心。训 练 有 素 的 巫 妖 祭 司 几 乎 能 应 对 任 何 局 面；善 于 运 用 这 些 法 术 的 人，能 赢 下 许 多 原 本 必 败 的 战 斗。“乌 瑟 霍 普 的 干 枯 咒”是 游 戏 中 最 强 的 法 术 之 一，也 是 巫 妖 祭 司 最 致 命 的 武 器。尼 赫 喀 拉 魔 法 没 有 魔 法 飞 弹。
menu_id_273|选 定 这 个 学 派 后 就 无 法 更 换。你 确 定 要 专 精 尼 赫 喀 拉 魔 法 吗？
mno_id_1328|是 的，我 要 专 精 尼 赫 喀 拉 魔 法。
menu_id_274|早 在 精 灵 把 魔 法 知 识 传 给 旧 世 界 的 人 类 部 族 之 前，基 斯 里 夫 冰 原 上 天 赋 异 禀 的 女 巫 就 已 经 掌 握 了 强 大 而 原 始 的 奥 术。冰 雪 魔 法 是 永 冬 的 呼 吸，也 是 少 数 完 全 属 于 人 类 的 魔 法，由 睿 智 而 强 大 的 戈 斯 波 达 女 巫 编 织。
menu_id_275|在 雪 地 上 移 动 时，生 命 恢 复 得 更 快。魔 法 控 制 越 高，恢 复 速 度 越 快。
menu_id_276|冰 雪 魔 法 偏 重 防 御，能 保 护 施 法 者 与 盟 友、减 轻 伤 害，也 能 拖 慢 敌 军。它 没 有 威 力 极 强 的 瞬 发 法 术，但“寒 冷 冲 击”是 最 强 的 可 重 复 施 放 飞 弹 之 一；“召 唤 霜 熊”虽 然 难 以 施 放，却 威 力 惊 人。
menu_id_277|选 定 这 个 学 派 后 就 无 法 更 换。你 确 定 要 专 精 冰 雪 魔 法 吗？
mno_id_1333|是 的，我 要 专 精 寒 冰 魔 法。
menu_id_278|在 阿 拉 比 的 沙 漠 中，强 大 的 神 秘 术 士 钻 研 如 何 束 缚 元 素 精 灵—— 巨 灵—— 并 让 它 们 服 从 自 己 的 意 志。沙 漠 魔 法 正 是 这 种 奥 术：法 师 借 助 沙 漠 元 素 之 灵 的 天 生 魔 力，并 通 过 与 巨 灵 的 契 约 完 成 原 本 不 可 能 的 奇 迹。
menu_id_279|在 沙 漠 地 形 上，施 法 检 定 +1。
menu_id_280|沙 漠 魔 法 没 有 范 围 法 术，四 个 增 益 法 术 也 只 对 阿 拉 比 部 队 生 效；不 过，每 个 法 术 都 十 分 强 大，能 与 阿 拉 比 军 队 很 好 地 配 合。“烈 日 打 击”是 威 力 强 大 的 魔 法 飞 弹，“巨 灵 诅 咒”则 是 最 出 色 的 法 术 之 一。
menu_id_281|选 定 这 个 学 派 后 就 无 法 更 换。你 确 定 要 专 精 沙 漠 魔 法 吗？
mno_id_1338|是 的，我 要 专 精 沙 漠 魔 法。
menu_id_282|在 已 知 世 界 的 森 林 深 处，生 活 着 被 混 沌 扭 曲 的 半 人 半 兽 怪 物。荒 野 魔 法 是 野 兽 人 独 有 的 奥 术，以 古 尔 与 野 兽 魔 法 为 根 基，又 被 达 尔 的 邪 恶 教 义 腐 化，专 注 于 兽 性 世 界 最 狂 野、最 残 暴 的 一 面。
menu_id_283|荒 野 萨 满 的 腐 化 力 量 能 扭 曲、偏 转 敌 方 魔 法。你 初 始 拥 有 5+魔 法 抗 性。
menu_id_284|荒 野 魔 法 偏 重 进 攻，专 注 于 高 伤 害 法 术 和 强 化 施 法 者 的 近 战 能 力。它 唯 一 的 增 益 法 术 会 提 高 盟 友 速 度，而 且 没 有 魔 法 飞 弹；不 过，“叛 亲 术”能 将 敌 方 骑 兵 击 落 坐 骑，“野 性 支 配”则 是 所 有 学 派 中 最 强 的 召 唤 法 术。
menu_id_285|选 定 这 个 学 派 后 就 无 法 更 换。你 确 定 要 专 精 荒 野 魔 法 吗？
mno_id_1343|是 的，我 要 专 精 荒 野 魔 法。
menu_id_286|你 走 进 守 护 者 神 殿，与 殿 内 正 在 训 练 的 战 士 们 会 合。你 想 做 什 么？
mno_id_1345|我 想 学 习 一 项 新 的 能 力。
mno_id_1346|购 买 一 件 特 殊 物 品。
menu_id_287|你 希 望 获 得 哪 一 种 神 灵 赐 福？
mno_id_1348|我 希 望 获 得“奎 特 兹 尔 的 祝 福”。{reg33?:}
mno_id_1349|我 希 望 获 得“万 奇 的 祝 福”。{reg33?:}
mno_id_1350|我 希 望 获 得“特 波 克 的 祝 福”。{reg33?:}
mno_id_1351|我 希 望 获 得“伊 兹 尔 的 祝 福”。{reg33?:}
mno_id_1352|我 希 望 获 得“乔 特 克 的 祝 福”。{reg33?:}
mno_id_1353|我 暂 时 不 想 购 买 任 何 祝 福。
menu_id_288|奎 特 兹 尔 是 神 圣 的 守 护 者。获 得 祂 的 祝 福 后，一 种 具 有 保 护 力 量 的 特 殊 黏 液 会 流 入 你 的 血 液，并 渗 入 鳞 片 之 间，帮 助 你 在 战 斗 中 不 断 再 生。
mno_id_1354|你 已 经 获 得“奎 特 兹 尔 的 祝 福”。
mno_id_1355|你 没 有 足 够 的 金 币 购 买 这 项 祝 福（需 要 100000金 币）。
mno_id_1356|捐 献 100000金 币，获 得 奎 特 兹 尔 的 祝 福。
mno_id_1357|我 现 在 不 想 获 得 奎 特 兹 尔 的 祝 福。
menu_id_289|你 站 在 光 环 之 中，感 到 奎 特 兹 尔 的 祝 福 流 遍 全 身。战 士 之 神 催 促 你 迎 战 混 沌 势 力，抵 抗 世 间 的 一 切 邪 恶。
mno_id_1358|你 获 得 了“奎 特 兹 尔 的 祝 福”。
menu_id_290|万 奇 是 豹 神。祂 的 祝 福 会 增 强 你 的 感 官 与 对 丛 林 的 亲 和 力，让 你 更 容 易 察 觉 危 险，并 听 懂 鸟 兽 的 警 告。在 露 丝 契 亚 丛 林 中，你 的 侦 查 技 能 恒 定 为 10。
mno_id_1359|你 已 经 获 得“万 奇 的 祝 福”。
mno_id_1360|你 没 有 足 够 的 金 币 购 买 这 项 祝 福（需 要 10000金 币）。
mno_id_1361|捐 献 10000金 币，获 得 万 奇 的 祝 福。
mno_id_1362|我 现 在 不 想 获 得 万 奇 的 祝 福。
menu_id_291|你 站 在 光 环 中，感 受 万 奇 的 祝 福 流 遍 全 身。豹 神 命 令 你 守 护 露 丝 契 亚 的 神 圣 土 地。
mno_id_1363|你 获 得 了“万 奇 的 祝 福”。
menu_id_292|特 波 克 是 空 气 之 神，也 是 抗 衡 魔 法 之 风 的 强 大 力 量。获 得 祂 的 祝 福 后，你 将 拥 有 4+魔 法 抗 性。
mno_id_1364|你 已 经 获 得“特 波 克 的 祝 福”。
mno_id_1365|你 没 有 足 够 的 金 币 购 买 这 项 祝 福（需 要 40000金 币）。
mno_id_1366|捐 献 40000金 币，获 得 特 波 克 的 祝 福。
mno_id_1367|我 现 在 不 想 获 得 特 波 克 的 祝 福。
menu_id_293|你 站 在 光 环 中，感 受 特 波 克 的 祝 福 流 遍 全 身。紫 色 雾 气 环 绕 着 你，让 你 仿 佛 漂 浮 在 云 端。
mno_id_1368|你 获 得 了“特 波 克 的 祝 福”。
menu_id_294|伊 兹 尔 与 露 丝 契 亚 的 巨 型 爬 行 兽 有 着 深 厚 联 系，蜥 蜴 人 喜 欢 骑 乘 它 们 投 入 战 斗。伊 兹 尔 的 祝 福 会 吸 引 这 些 巨 兽 来 到 你 身 边，并 让 它 们 更 易 驾 驭。骑 术 +4（最 高 10）。
mno_id_1369|你 已 经 获 得“伊 兹 尔 的 祝 福”。
mno_id_1370|你 没 有 足 够 的 金 币 购 买 这 项 祝 福（需 要 20000金 币）。
mno_id_1371|捐 献 20000金 币，获 得 伊 兹 尔 的 祝 福。
mno_id_1372|我 现 在 不 想 获 得 伊 兹 尔 的 祝 福。
menu_id_295|你 站 在 光 环 之 中，感 到 伊 兹 尔 的 祝 福 流 遍 全 身。一 阵 奇 异 雾 气 将 你 笼 罩，你 的 身 体 开 始 散 发 出 一 种 从 未 闻 过 的 气 味。
mno_id_1373|你 获 得 了“伊 兹 尔 的 祝 福”。
menu_id_296|乔 特 克 是 太 阳 神，会 在 蜥 蜴 人 需 要 时 带 来 能 量。祂 的 祝 福 让 你 在 露 丝 契 亚 丛 林 中 移 动 得 更 快；在 蜥 蜴 人 领 地 内，你 的 寻 路 技 能 恒 定 为 10。
mno_id_1374|你 已 经 获 得“乔 特 克 的 祝 福”。
mno_id_1375|你 没 有 足 够 的 金 币 获 得 这 项 祝 福（需 要 15000金 币）。
mno_id_1376|捐 献 15000金 币，获 得 乔 特 克 的 祝 福。
mno_id_1377|我 此 时 不 想 获 得 乔 特 克 祝 福。
menu_id_297|你 站 在 光 环 中，感 受 乔 特 克 的 祝 福 流 遍 全 身。一 股 净 化 的 暖 流 贯 穿 你 的 身 体，并 向 整 座 神 殿 辐 射。
mno_id_1378|你 获 得 了“乔 特 克 的 祝 福”。
menu_id_298|你 走 进 巨 大 的 符 文 锻 炉。首 席 符 文 铁 匠 上 前 迎 接，身 后 的 工 匠 们 正 在 烈 火 旁 忙 碌。你 想 做 什 么？
mno_id_1379|我 想 知 道 符 文 是 怎 么 工 作 的。
mno_id_1380|购 买 一 件 符 文 物 品。战 斗 中 仅 有 一 面 符 文 旗 帜 会 生 效。
mno_id_1381|为 你 的 物 品 购 买 符 文。
mno_id_1382|熔 毁 你 的 一 件 物 品。
menu_id_299|每 件 物 品 最 多 可 铭 刻 3枚 符 文。部 分 符 文 可 在 同 一 件 物 品 上 重 复 铭 刻，以 增 强 效 果；每 种 大 师 符 文 只 能 购 买 一 次。若 想 再 次 购 买 某 种 大 师 符 文，必 须 熔 毁 铭 刻 它 的 物 品。^若 物 品 遗 失，你 可 以 重 新 购 买 其 上 的 大 师 符 文。若 拥 有 多 面 符 文 战 旗，进 入 战 斗 前 可 选 择 要 使 用 的 一 面。只 有 矮 人 同 伴 能 够 使 用 符 文 装 备。
menu_id_300|你 想 熔 毁 哪 件 物 品？
mno_id_1385|符 文 王 国 旗 帜
mno_id_1386|符 文 铁 砧 旗 帜
mno_id_1387|符 文 熔 炉 旗 帜
mno_id_1388|矮 人 符 文 步 枪 1
mno_id_1389|矮 人 符 文 步 枪 2
mno_id_1390|矮 人 符 文 步 枪 3
mno_id_1391|矮 人 符 文 手 枪 1
mno_id_1392|矮 人 符 文 手 枪 2
mno_id_1393|矮 人 符 文 手 枪 3
mno_id_1394|矮 人 符 文 弩 1
mno_id_1395|矮 人 符 文 弩 2
mno_id_1396|矮 人 符 文 弩 3
mno_id_1397|矮 人 符 文 甲 1
mno_id_1398|矮 人 符 文 甲 2
mno_id_1399|矮 人 符 文 甲 3
mno_id_1400|符 文 屠 夫 身 体 1
mno_id_1401|符 文 屠 夫 身 体 2
mno_id_1402|符 文 屠 夫 身 体 3
mno_id_1403|矮 人 符 文 战 锤 1
mno_id_1404|矮 人 符 文 战 锤 2
mno_id_1405|矮 人 符 文 战 锤 3
mno_id_1406|矮 人 符 文 斧 1
mno_id_1407|矮 人 符 文 斧 2
mno_id_1408|矮 人 符 文 斧 3
mno_id_1409|矮 人 符 文 扳 手 1
mno_id_1410|矮 人 符 文 扳 手 2
mno_id_1411|矮 人 符 文 扳 手 3
mno_id_1412|矮 人 双 手 符 文 斧 1
mno_id_1413|矮 人 双 手 符 文 斧 2
mno_id_1414|矮 人 双 手 符 文 斧 3
mno_id_1415|矮 人 符 文 单 手 锤 1
mno_id_1416|矮 人 符 文 单 手 锤 2
mno_id_1417|矮 人 符 文 单 手 锤 3
mno_id_1418|暂 时 不 铭 刻 任 何 符 文。
menu_id_301|你 确 定 要 熔 毁 这 件 物 品，换 取 金 币 吗？
mno_id_1419|是 的，熔 毁 我 的 {s1}。
mno_id_1420|不，我 暂 时 留 着 它。
menu_id_302|你 想 在 哪 件 物 品 上 铭 刻 符 文？
mno_id_1436|矮 人 符 文 屠 夫 身 体 1
mno_id_1437|矮 人 符 文 屠 夫 身 体 2
mno_id_1438|矮 人 符 文 屠 夫 身 体 3
menu_id_303|你 想 铭 刻 哪 一 枚 符 文？
mno_id_1455|瓦 拉 亚 大 师 符 文：+2魔 法 抗 性（15000金 币）
mno_id_1456|勇 气 符 文：附 近 盟 友 牢 不 可 破（2000金 币）
mno_id_1457|圣 殿 符 文：+1魔 法 抗 性（4000金 币）
mno_id_1458|另 一 个 圣 殿 符 文：+2魔 法 抗 性（4000金 币）
mno_id_1459|惊 惧 大 师 符 文：附 近 盟 友 会 令 敌 人 恐 惧（1000金 币）
mno_id_1460|破 法 符 文：尝 试 驱 散 20米 内 所 有 部 队 身 上 的 魔 法 效 果（10000金 币）
mno_id_1461|暂 时 不 铭 刻 新 符 文。
mno_id_1462|精 准 符 文：精 准 度 +5（2000金 币）
mno_id_1463|第 二 枚 精 准 符 文：精 准 度 +5（2000金 币）
mno_id_1465|穿 透 符 文：伤 害 +12（5000金 币）
mno_id_1466|第 二 枚 穿 透 符 文：伤 害 +25（5000金 币）
mno_id_1467|燃 烧 符 文：伤 害 +1，并 使 攻 击 造 成 火 焰 伤 害（1000金 币）
mno_id_1468|穿 刺 符 文：精 准 度 +20%（5000金 币）
mno_id_1469|装 填 符 文：装 填 速 度 +25%（2500金 币）
mno_id_1470|第 二 枚 装 填 符 文：装 填 速 度 +50%（2500金 币）
mno_id_1472|铁 之 符 文：6+守 护 豁 免（20000金 币）
mno_id_1473|第 二 枚 铁 之 符 文：5+守 护 豁 免（20000金 币）
mno_id_1474|钢 铁 大 师 符 文：3个 防 护 部 位 的 护 甲 均 +10（10000金 币）
mno_id_1475|钢 铁 大 师 符 文：所 有 3个 防 护 区 域 护 甲 +10（10000金 币）
mno_id_1476|格 罗 姆 里 尔 大 师 符 文：3个 防 护 部 位 的 护 甲 均 +15（15000金 币）
mno_id_1477|陨 铁 大 师 符 文：所 有 3个 防 护 区 域 护 甲 +15（15000金 币）
mno_id_1478|护 佑 符 文：对 远 程 攻 击 与 魔 法 飞 弹 的 守 护 豁 免 提 高 2级（50000金 币）
mno_id_1479|护 佑 符 文：对 远 程 攻 击 与 魔 法 飞 弹 的 守 护 豁 免 提 高 2级（50000金 币）
mno_id_1480|斯 诺 里·闪 盔 大 师 符 文：武 器 挥 舞 速 度 +5（5000金 币）
mno_id_1482|斯 诺 里 · 斯 潘 格 勒 大 师 符 文：+5武 器 挥 舞 速 度（5000金 币）
mno_id_1483|破 甲 大 师 符 文：命 中 时 有 几 率 摧 毁 敌 人 的 盔 甲（5000金 币）
mno_id_1484|疯 狂 阿 拉 里 克 大 师 符 文：+5伤 害；攻 击 可 无 视 敌 人 的 守 护 豁 免 与 无 视 痛 苦（20000金 币）
mno_id_1485|破 甲 符 文 大 师：击 中 时 有 概 率 摧 毁 盔 甲（5000金 币）
mno_id_1486|迅 捷 大 师 符 文：+10武 器 挥 舞 速 度（10000金 币）
mno_id_1487|愤 怒 符 文：挥 舞 速 度 +3（1000金 币）
mno_id_1488|另 一 个 愤 怒 符 文：挥 舞 速 度 +6（1000金 币）
mno_id_1489|另 一 个 愤 怒 符 文：挥 舞 速 度 +9（1000金 币）
mno_id_1490|劈 裂 符 文：+2伤 害（200金 币）
mno_id_1491|另 一 个 劈 裂 符 文：+4伤 害（200金 币）
mno_id_1492|另 一 个 劈 裂 符 文：+6伤 害（200金 币）
mno_id_1493|屠 龙 符 文：对 大 型 敌 人 造 成 1D2倍 伤 害（5000金 币；无 法 与 重 击 符 文 同 时 生 效）
mno_id_1494|第 二 枚 屠 龙 符 文：对 大 型 敌 人 造 成 1D3倍 伤 害（5000金 币）
mno_id_1495|重 击 符 文：50%几 率 造 成 双 倍 伤 害（25000金 币；会 覆 盖 屠 龙 符 文）
mno_id_1496|力 量 符 文：+8% 伤 害（4000金 币）
mno_id_1497|另 一 个 力 量 符 文：+16% 伤 害（4000金 币）
mno_id_1498|武 技 符 文：装 备 时 武 器 掌 握 +2（1000金 币）
mno_id_1499|第 二 枚 武 技 符 文：装 备 时 武 器 掌 握 +4（1000金 币）
mno_id_1500|第 三 枚 武 技 符 文：装 备 时 武 器 掌 握 提 升 至 10（1000金 币）
mno_id_1501|火 焰 符 文：伤 害 +1，并 使 攻 击 造 成 火 焰 伤 害（1500金 币）
menu_id_304|你 确 定 要 完 成 这 笔 交 易 吗？
mno_id_1503|是 的，我 要 购 买 这 枚 符 文。
mno_id_1504|不，我 还 没 有 作 出 最 终 决 定。
menu_id_305|你 来 到 恐 虐 信 徒 的 试 炼 斗 技 场 前。^^{s40}^^{s41}^^{s42}
mno_id_1509|{s13}
mno_id_1510|尽 管 他 们 态 度 敌 视，仍 礼 貌 询 问 如 何 成 为 恐 虐 的 门 徒。
menu_id_306|恐 虐 狂 暴 {s40}^^在 战 斗 中 快 速 连 续 杀 敌，便 可 触 发 恐 虐 狂 暴，并 获 得：^{s41}^{s42}^{s49}^{s43}^{s44}^{s47}^{s45}^{s48}^你 拥 有 的 恐 虐 印 记 越 多，这 些 能 力 就 越 强。^^{s46}
mno_id_1512|接 受 恐 虐 的 试 炼。
menu_id_307|大 厅 中 正 在 举 行 宴 会，但 你 目 前 的 身 份 不 足 以 参 加。想 获 准 入 场，你 必 须 赢 得 一 定 声 望……或 者 在 节 庆 期 间 的 锦 标 赛 上 设 法 引 人 注 目。
mno_id_1513|继 续
menu_id_308|你 想 拜 访 谁？
mno_id_1514|拜 访 {s12}
mno_id_1514_door|花 园 大 门。
mno_id_1522|离 开。
menu_id_309|城 镇 作 弊 菜 单
menu_id_310|你 在 锦 标 赛 中 被 淘 汰 了。{s8}
menu_id_311|你 赢 得 了 {s3} 的 锦 标 赛！周 围 的 人 群 高 呼 你 的 名 字，一 股 骄 傲 油 然 而 生。除 了 荣 誉、名 声 与 荣 光，你 还 获 得 了 {reg9}枚 金 币。{s8}
menu_id_312|作 为 唯 一 保 持 不 败 的 {reg3?女 战 士:战 士}，{s1} 赢 得 了 本 届 锦 标 赛 的 奖 励 与 荣 耀。
menu_id_313|{s1}你 正 在 参 加 锦 标 赛 第 {reg0}轮，场 上 还 剩 {reg1}名 参 赛 者。本 轮 将 有 {reg2}支 队 伍，每 队 {reg3}名 战 士。^^你 已 经 赢 得 {reg25}场 锦 标 赛。
mno_id_1534|查 看 参 赛 者 名 单。
mno_id_1535|押 注 自 己。
mno_id_1536|提 议 举 办 一 场 无 规 则 锦 标 赛！（现 有 赌 注 将 重 置。）
mno_id_1537|参 加 下 一 轮 战 斗
mno_id_1538|参 加 下 一 轮 比 赛（硬 核 模 式）。
mno_id_1539|退 出 锦 标 赛。
menu_id_314|你 确 定 要 退 出 锦 标 赛 吗？
mno_id_1540|是 的，这 不 过 是 徒 劳 的 逞 强。
mno_id_1541|不，只 要 还 有 一 丝 机 会 胜 利！
menu_id_315|你 的 赔 率 是 {reg5}比 {reg6}。{reg1?你 已 经 在 自 己 身 上 下 注 {reg1}枚 金 币；如 果 获 胜，将 赢 得 {reg2}枚 金 币。:}^你 想 下 注 多 少？
mno_id_1542|500金 币 
mno_id_1543|250金 币。
mno_id_1544|100金 币。
mno_id_1545|50金 币。
mno_id_1546|20金 币。
mno_id_1547|10金 币。
mno_id_1548|5金 币。
menu_id_316|如 果 押 注 {reg1}枚 金 币，赢 得 锦 标 赛 后 可 获 得 {reg2}枚 金 币。你 接 受 吗？
menu_id_317|你 向 一 名 传 令 员 询 问 锦 标 赛 参 赛 者 的 姓 名。参 赛 者 如 下：^{s11}
menu_id_318|队 伍 中 交 易 技 能 最 高 的 成 员 是 {reg2}级，{reg3?你 估 计:{s1} 估 计} 在 这 里 征 收 税 款 需 要 {reg4}天……
mno_id_1553|开 始 征 税。
mno_id_1554|稍 后 再 处 理。
menu_id_319|你 从 {s3} 征 收 了 {reg3}枚 金 币。{s19} 正 等 着 你 尽 快 把 税 金 送 去。
menu_id_320|你 迅 速 而 有 力 地 平 息 了 叛 乱。今 后 谁 再 想 反 抗 你，都 会 先 想 清 楚 后 果。
menu_id_321|叛 乱 爆 发 前，你 只 从 {s3} 征 收 到 {reg3}枚 金 币。{s1} 会 感 到 不 满，但 应 该 仍 会 勉 强 接 受—— 总 比 一 枚 金 币 都 没 有 好。
menu_id_322|{s3} 的 人 们 对 你 的 要 求 十 分 愤 怒，认 为 这 根 本 就 是 勒 索。他 们 越 来 越 躁 动；如 果 你 继 续 压 榨，恐 怕 很 快 就 会 爆 发 反 抗。
mno_id_1558|无 视 他 们，继 续 征 税。
mno_id_1559|同 意 将 税 额 减 半（{s1} 可 能 会 不 满）。
menu_id_323|你 在 {s3} 征 税 时 被 人 打 断。一 大 群 愤 怒 的 {reg9?农 民:居 民} 挥 舞 火 把 和 武 器，高 喊 着 抗 议 苛 捐 杂 税，正 向 你 逼 近。看 来 他 们 打 算 袭 击 你！
menu_id_324|作 为 队 伍 中 教 练 技 能 最 高 的 成 员（{reg2}级），{reg3?你 估 计:{s1} 估 计} 让 农 民 做 好 训 练 准 备 需 要 {reg4}小 时。
mno_id_1561|训 练 他 们。
menu_id_325|你 向 农 民 讲 解 了 军 旅 生 活、纪 律 与 服 从 的 基 础。你 认 为 其 中 {reg0}人 {reg1?已 经 全 部:已 经} 掌 握 训 练 内 容，{reg1?可 以:可 以} 开 始 实 战 演 练。
mno_id_1563|开 始 实 战 演 练。
menu_id_326|正 当 你 准 备 继 续 训 练 时，一 名 村 庄 哨 兵 高 喊 着 跑 来：强 盗 正 直 奔 {s3} 而 来！^村 长 恳 求 你 带 领 刚 组 建 的 民 兵 防 守 村 庄。
mno_id_1565|准 备 迎 战！
menu_id_327|强 盗 被 击 败 了！少 数 幸 存 者 仓 皇 逃 走，被 农 民 和 他 们 的 新 英 雄 吓 破 了 胆。村 民 刚 刚 经 历 灾 难，已 经 没 有 多 少 财 物，却 仍 把 能 找 到 的 一 切 送 给 你，以 表 达 感 激。
menu_id_328|你 要 登 岸 吗？
menu_id_329|你 要 登 船 吗？
menu_id_330|城 镇：{s1}^租 金 收 入：{reg1}枚 金 币^税 收：{reg2}枚 金 币^食 物 储 备：可 供 应 {reg3}天
mno_id_1573|报 告 价 格 与 产 品。
menu_id_331|当 地 出 产：^（说 明：基 础 产 量 /原 材 料 修 正 后 的 产 量 /原 材 料 与 繁 荣 度 共 同 修 正 后 的 产 量）^{s1}^^价 格 影 响 因 素：^{s2}
menu_id_332|前 往 市 场。
mno_id_1578|评 估 当 地 物 价。
mno_id_1579|与 武 器 商 人 交 易 
mno_id_1580|与 盔 甲 商 人 交 易 
mno_id_1581|与 马 匹 贩 子 交 易 
mno_id_1582|与 杂 货 商 人 交 易 
mno_id_1583|返 回 
menu_id_333|库 存 中 标 记 为 可 出 售、且 价 格 低 于 {reg1}枚 金 币 的 物 品，会 自 动 卖 给 {reg2?城 镇 中 合 适 的 商 人:村 庄 长 老}。食 物、制 成 品、独 特 物 品、药 剂、法 术 卷 轴、魔 法 符 号、魔 杖、领 主 物 品、地 牢 宝 物、符 文 武 器 和 书 籍 永 远 不 会 自 动 出 售。^^注 意：库 存 最 前 面 的 9个 栏 位 不 参 与 自 动 出 售。
mno_id_1585|调 整 设 置。
menu_id_334|你 可 以 按 照 清 单 自 动 购 买 食 物。要 继 续 吗？^^你 可 以 查 看 并 配 置 购 物 清 单。
mno_id_1588|配 置 你 的 购 物 清 单 
menu_id_335|你 无 意 间 听 到 几 段 关 于 当 地 商 品 价 格 的 谈 话。^你 仔 细 倾 听，试 图 找 到 最 划 算 的 生 意。
menu_id_336|作 为 队 伍 中 交 易 技 能 最 高 的 成 员（{reg2}级），{reg3?你 尝 试 找 出:{s1} 尝 试 找 出} 最 适 合 倒 卖 的 商 品。{s2}
menu_id_337|你 骗 过 守 卫，进 入 了 城 镇。
menu_id_338|你 正 要 悄 悄 混 进 去，一 名 守 卫 却 认 出 了 你，并 拉 响 警 报！你 必 须 在 全 城 守 卫 赶 来 前 逃 出 城 门！
mno_id_1594|杀 出 一 条 血 路！
menu_id_339|你 甩 掉 守 卫、掩 去 踪 迹，在 迷 宫 般 的 街 道 中 巧 妙 误 导 追 兵，成 功 逃 脱。
menu_id_340|你 转 身 穿 过 城 门，迅 速 回 到 郊 外 的 安 全 地 带。{s11}
menu_id_341|{s2} 愿 以 {reg12}枚 金 币 购 买 你 的 {s1}。
mno_id_1599|拒 绝 报 价。
menu_id_342|你 来 到 一 处 训 练 场，可 以 在 此 练 习 战 斗 技 巧。你 想 进 行 哪 种 训 练？
mno_id_1600|与 训 练 师 交 谈。
mno_id_1601|近 身 对 练。
mno_id_1602|远 程 武 器 训 练。
menu_id_343|你 想 同 时 面 对 多 少 名 对 手？
mno_id_1610|取 消。
menu_id_344|选 择 你 的 {reg1}号 对 手：
mno_id_1631|随 机 选 择。
menu_id_345|你 想 使 用 哪 种 武 器 训 练？
mno_id_1633|单 手 武 器。
mno_id_1634|长 杆 武 器。
mno_id_1635|弓。
mno_id_1636|投 掷 武 器。
menu_id_346|你 想 要 用 哪 种 远 程 武 器 进 行 训 练？
mno_id_1638|弓 箭。
mno_id_1639|弩。
mno_id_1640|飞 刀。
menu_id_347|你 想 要 在 距 标 靶 多 远 的 距 离 练 习？
mno_id_1642|10码。
mno_id_1643|20码。
mno_id_1644|30码。
mno_id_1645|40码。
mno_id_1646|50码。
mno_id_1647|60码。
mno_id_1648|70码。
menu_id_348|{s15} 将 会 很 快 从 {s23} 选 出 一 名 元 帅。一 些 领 主 建 议 你 的 名 字 是 个 很 可 能 的 候 选 者。
mno_id_1652|让 {s15} 知 道，你 愿 意 担 任 元 帅。
mno_id_1653|告 诉 众 人，你 近 来 无 暇 担 任 此 职。
menu_id_349|突 然 之 间，整 个 世 界 在 你 周 围 摇 晃、陷 入 黑 暗。^数 小 时 后，你 在 失 去 知 觉 的 地 方 醒 来。敌 人 一 定 以 为 你 已 经 死 去 {reg33?:}，把 你 留 在 了 原 地 {reg33?:}。^所 幸 伤 势 并 不 致 命；尽 管 情 况 糟 糕，你 仍 能 行 走。^你 站 起 身，寻 找 队 伍 中 的 其 他 幸 存 者。
menu_id_350|战 斗
menu_id_351|你 被 敌 人 俘 虏 了。
menu_id_352|战 斗
menu_id_353|在 被 拖 作 俘 虏、受 尽 折 磨 的 漫 长 日 子 后，你 终 于 抓 住 机 会，从 看 守 手 中 逃 脱！
menu_id_354|守 卫 迅 速 将 你 包 围，夺 走 你 的 武 器。他 们 一 边 咒 骂 羞 辱，一 边 把 你 扔 进 阴 冷 的 地 牢；接 下 来，你 只 能 在 囚 禁 的 苦 日 子 里 熬 下 去。
menu_id_355|你 尽 可 能 长 久 地 维 持 伪 装，最 终 还 是 暴 露 了 身 份。守 卫 因 受 骗 而 暴 怒，将 你 狠 狠 毒 打 一 顿，又 把 你 扔 回 牢 房—— 天 知 道 这 次 要 关 到 什 么 时 候……
menu_id_356|被 囚 禁 多 日 后，你 在 一 次 俘 虏 交 换 中 获 得 释 放。
menu_id_357|你 在 不 见 天 日、阴 冷 潮 湿 的 地 牢 中 熬 过 了 数 不 清 的 漫 长 时 辰。忽 然，一 名 狱 卒 走 进 牢 房，提 出 一 桩 交 易：只 要 你 从 藏 匿 的 财 富 中 支 付 {reg5}枚 金 币，他 便 放 你 自 由。你 决 定……
mno_id_1661|拒 绝 交 易，等 待 更 好 的 机 会。
menu_id_358|更 多 日 子 在 牢 房 的 黑 暗 中 流 逝。你 只 能 竭 力 熬 下 去，忍 受 守 卫 的 拳 脚 与 咒 骂，眼 看 着 营 养 不 良 的 身 体 日 渐 衰 弱……
menu_id_359|{s8} 告 知 你，{reg4?她:他} 希 望 你 加 入 新 的 军 事 行 动。军 中 至 少 须 有 {reg13}名 士 兵；若 人 数 不 足，你 奉 命 尽 快 补 充 兵 员。
menu_id_360|{s8} 告 知 你，{reg4?她:他} 想 与 你 商 谈 一 项 待 办 任 务。{reg4?她:他} 请 求 尽 快 见 你。
menu_id_361|{s8} 传 令，要 你 前 往 {s9} 参 加 围 城，并 为 最 后 的 总 攻 做 好 准 备。你 的 部 队 必 须 不 惜 一 切 代 价 夺 下 {s9}。
menu_id_362|你 没 有 跟 随 {s8}。元 帅 认 为 你 在 其 他 地 方 另 有 任 务，但 他 原 本 很 希 望 得 到 你 的 支 援。
menu_id_363|你 收 到 了 一 份 效 忠 邀 请！^^{s9} 的 {s8} 派 皇 家 使 者 亲 手 交 给 你 一 封 邀 请。看 来，{s8} 愿 意 授 予 你 成 为 {s9}{reg33?女 领 主:领 主} 封 臣 的 荣 誉；作 为 回 报，你 必 须 向 其 宣 誓 效 忠 并 参 加 军 事 远 征，不 过 不 会 立 刻 得 到 土 地 或 头 衔。若 拒 绝，对 方 必 定 会 感 到 受 辱……
mno_id_1667|接 受 邀 请！
mno_id_1668|婉 拒 邀 请。
menu_id_364|你 收 到 了 一 份 效 忠 邀 请！^^{s9} 的 {s8} 派 皇 家 使 者 送 来 一 份 亲 笔 签 署 的 提 议。^你 将 有 幸 成 为 尊 贵 {s9} 的 {reg33?女 封 臣:封 臣}；作 为 回 报，你 须 向 {s8} 宣 誓 效 忠 并 为 其 作 战，同 时 {s2} 也 会 作 为 忠 诚 服 务 的 奖 赏 封 给 你。^拒 绝 将 被 视 为 冒 犯。
menu_id_365|要 成 为 封 臣，你 必 须 向 {s3} 宣 誓 效 忠。你 须 亲 自 与 {reg4?她:他} 会 面，并 献 上 效 忠 誓 言。{s5}
menu_id_366|你 收 到 一 个 和 平 建 议^^{s1} 提 出 和 平 协 定。你 的 答 案 是 什 麽？
mno_id_1672|接 受 
mno_id_1673|口 述 和 平 条 款
mno_id_1674|拒 绝 
menu_id_367|停 战 协 定 到 期 ^^{s1} 和 {s2} 之 间 的 停 战 协 定 已 经 到 期。
menu_id_368|敌 报：已 经 在 {s4} 的 城 墙 外 发 现 敌 人。{s5} 和 其 他 领 主 正 准 备 出 击。如 果 愿 意 的 话 你 可 以 加 入 他 们。
menu_id_369|没 有 王 国 的 回 答^^那 个 {s1} 他 们 没 有 回 应 {s2} 和 {s3} 在 他 最 好 战 的 臣 民 面 前 感 到 耻 辱……^
menu_id_370|叛 逃：{s4}已 背 弃{s5}，转 投{s7}，并 带 走 了 自 己 的 全 部 封 地。
menu_id_371|叛 国 控 告 ^^{s9}
menu_id_372|边 境 事 件！^^你 学 的 {s9} 你 不 知 道 这 些 谣 言 是 否 属 实，但 你 知 道，这 个 无 关 紧 要 的 事 件 已 经 激 起 了 以 前 的 愤 怒。{s4} 他 们 可 能 利 用 这 个 机 会 向 {s3} 如 果 他 愿 意 的 话
menu_id_373|你 现 在 拥 有 自 己 的 土 地，不 依 赖 任 何 王 国。这 使 你 成 为 一 个 权 利 君 主，其 法 院 暂 时 在 {s12} 但 旧 世 界 其 他 国 王 很 快 会 认 为 你 是 一 种 威 胁，因 为 在 他 们 眼 中，一 个 设 法 建 立 王 位 的 军 阀 也 会 质 疑 他 们 的 合 法 性。^^此 时，你 可 能 更 愿 意 加 入 一 个 现 存 的 王 国。如 果 你 选 择 以 独 立 君 主 的 身 份 走 自 己 的 道 路，那 么 你 的 首 要 任 务 是 使 自 己 的 统 治 权 得 到 承 认。要 做 到 这 一 点，你 们 有 几 种 手 段，可 以 娶 一 个 高 贵 的 家 族，招 募 新 的 领 主，指 导 你 们 的 土 地，处 理 其 他 国 王 或 派 同 伴 执 行 任 务。^^无 论 你 选 择 什 么，第 一 步 是 从 你 的 同 伴 中 任 命 一 名 总 理 来 管 理 国 家 事 务。同 伴 的 能 力 并 不 都 一 样。^您 可 不 时 指 派 一 位 新 部 长。也 可 以 通 过 联 系 部 长，命 令 撤 职。
mno_id_1682|任 命 你 的 {reg0?妻 子 :丈 夫 }，{s10}……
mno_id_1684|任 命 {s10}
mno_id_1700|从 当 地 任 命 一 位 显 要 公 民……
menu_id_374|我 们 可 以 找 到 {s9} 在 你 的 宫 廷 {s12} 定 期 协 商 将 避 免 积 累 可 能 最 终 损 害 你 权 威 的 问 题。
menu_id_375|你 没 有 土 地 了
menu_id_376|{s8} 通 知 你 婚 礼 的 准 备 情 况 {s10} 并 明 确 预 计 您 将 出 席。
menu_id_377|{s11}
menu_id_378|{s1} 被 {s3} 的 {s2} 围 攻 了！
menu_id_379|敌 人 袭 击 了 你 的 领 地 ^^{s1} 被 {s3} 的 {s2} 洗 劫 了！
menu_id_380|你 的 村 子 正 受 到 袭 击！^^{s3} 的 {s2} 正 在 破 坏 {s1}。
menu_id_381|新 大 陆 被 一 个 王 国 征 服 了 ^^{s1} 击 败 所 有 对 手，建 立 了 一 个 统 一 的 王 国。
menu_id_382|你 原 先 所 属 的 派 系 已 被 击 败。^^你 取 得 胜 利，彻 底 战 胜 了 {s1}！这 终 结 了 你 背 弃 效 忠 誓 言 后 爆 发 的 敌 对 行 动。
menu_id_383|失 去 一 处 封 地！^^你 已 将 {s1} 失 给 {s2}。
menu_id_384|背 叛！^^ {s1} 从 {s2} 离 开 了，并 加 入 了 {s3}。
menu_id_385|好 消 息！^^{s1} 已 经 离 开 {s2}，转 而 加 入 {s3}。
menu_id_386|宣 战 ^^{s1} 向 {s2} 宣 战！
menu_id_387|停 战 协 议^^{s1} 与 {s2} 暂 时 停 止 了 敌 对 行 动。^{s57}
menu_id_388|派 系 灭 亡^^{s13} 已 不 复 存 在！
menu_id_389|叛 乱 胜 利^^你 的 叛 乱 取 得 了 胜 利！如 今，在 {s12} 的 统 治 下，你 的 派 系 已 成 为 {s11} 头 衔 唯 一 合 法 的 继 承 者。
menu_id_390|{reg0?你 的 首 席 大 臣:{s11}} 告 知 你，王 国 内 正 酝 酿 着 一 些 问 题；若 不 解 决，可 能 会 削 弱 你 的 权 威。你 应 尽 快 找 {reg4?她:他} 商 议。
menu_id_391|宴 会 筹 备 中^^你 的 {reg33?丈 夫:妻 子} 已 开 始 在 {s11} 的 大 厅 里 筹 备 宴 会。
menu_id_392|一 名 老 妇 来 到 你 的 队 伍 前，将 一 封 以 素 蜡 封 口、写 着 你 名 字 的 信 交 给 一 名 士 兵。拆 开 封 印 后，你 发 现 来 信 者 是 {s15}。信 中 写 道：“上 次 见 面 令 我 十 分 愉 快。{s14} 我 目 前 身 在 {s10}。{s12}”
mno_id_1720|让 老 妇 转 告 她 的 女 主 人，你 很 快 便 会 前 去。
mno_id_1721|让 老 妇 转 告 她 的 女 主 人，你 身 体 不 适，暂 时 无 法 赴 约。
mno_id_1722|进 入
mno_id_1723|跟 护 士 走
mno_id_1724|跟 随 女 侍 前 去。
menu_id_393|你 发 现 了 目 标，并 一 路 跟 踪，直 到 对 方 拐 进 一 条 昏 暗 小 巷。^机 不 可 失！
menu_id_394|调 试 警 告：{s65}
mno_id_1728|袭 击 藏 身 处……
mno_id_1729|测 试
mno_id_1733|击 退 他 们……
menu_id_395|与 王 国 贵 族 商 议 后，{s10} 决 定 将 {s11} 授 予 {s12}。
menu_id_396|经 过 和 王 国 贵 族 们 的 商 议，{s10} 已 经 决 定 授 予 你 {s11}。你 可 以 拒 绝 这 项 任 命，但 是 这 也 许 意 味 着 短 时 间 内 你 不 会 再 收 到 其 它 任 何 授 予。{s12}
mno_id_1737|接 受 这 项 荣 誉。
mno_id_1738|谢 绝 这 项 荣 誉。
menu_id_397|要 在 {s4} 设 立 宫 廷，需 要 进 行 一 番 小 规 模 修 缮。你 需 要 工 具 和 两 卷 布 料；目 前 分 别 拥 有 {reg1}件 和 {reg0}卷。^部 分 拥 护 者 搬 到 此 地 还 需 要 一 些 时 间。^你 准 备 好 了 吗？
mno_id_1740|将 {s4} 设 为 你 的 宫 廷 所 在 地。
mno_id_1741|查 看 家 族 仓 库。
mno_id_1742|暂 缓 进 行……
menu_id_398|{s4} 告 知 你，不 再 需 要 你 担 任 元 帅。不 过，鉴 于 你 过 去 {reg4}天 为 王 国 所 作 的 英 勇 贡 献，{reg8?她:他} 赠 予 你 {reg5}枚 金 币。
menu_id_399|请 选 择 一 名 NPC，然 后 按 C键 查 看、导 出 或 导 入 该 角 色。^^你 {reg0?选 择 了 {s0}:尚 未 选 择 任 何 角 色}。
mno_id_1753|下 一 页 
mno_id_1754|上 一 页 
menu_id_400|你 只 能 采 用 与 你 关 系 达 到 {reg38}或 更 高 的 民 族 文 化。^^改 换 自 身 文 化（若 适 用，也 包 括 你 的 王 国）需 要 付 出 代 价。第 一 次 免 费，之 后 每 次 费 用 都 会 提 高。^^在 同 一 文 化 的 亚 文 化 之 间 切 换 时，这 些 费 用 与 限 制 不 适 用（例 如 从 帝 国 切 换 为 北 方 帝 国）。^^本 次 费 用：^{reg35}枚 金 币^-关 系 变 化：{reg33}点（{s34}）。
mno_id_1853|帝 国 
mno_id_1854|矮 人 
mno_id_1855|高 精 灵 
mno_id_1856|木 精 灵 
mno_id_1857|海 盗。
mno_id_1858|混 沌 未 分。
mno_id_1859|古 墓 王 
mno_id_1860|蜥 蜴 人 
mno_id_1861|森 林 地 精 
mno_id_1862|暗 夜 地 精 
mno_id_1863|阿 拉 比 
mno_id_1864|兽 人。
mno_id_1865|巴 托 尼 亚 
mno_id_1866|暗 精 灵 
mno_id_1867|第 2页
menu_id_401|哪 个 派 系？
mno_id_1869|斯 卡 文 魔 鼠 
mno_id_1870|基 斯 里 夫 
mno_id_1871|野 兽 人 
mno_id_1872|尼 朋 
mno_id_1873|半 身 人。
mno_id_1874|吸 血 鬼 
mno_id_1876|混 沌 恐 虐。
mno_id_1877|混 沌 色 孽。
mno_id_1878|纳 垢 
mno_id_1879|混 沌 奸 奇
mno_id_1880|混 沌 矮 人
mno_id_1881|北 方 帝 国 
mno_id_1882|南 方 帝 国
mno_id_1883|亡 灵 海 盗
menu_id_402|你 的 士 兵（以 及 玩 家 派 系 文 化，如 适 用）已 经 更 改。
menu_id_403|你 的 宗 教 领 袖 号 召 信 众 奉 上 贡 品，以 建 造 一 尊 新 神 像。你 要 响 应 号 召 吗？
mno_id_1886|捐 出 250金 币，资 助 神 像 的 建 造
mno_id_1887|打 发 信 使 离 开，不 做 任 何 指 示。
menu_id_404|一 个 鬼 鬼 祟 祟 的 半 身 人 朝 你 的 队 伍 扔 来 一 枚 燃 烧 弹，随 即 撒 腿 就 跑。烈 火 熊 熊 燃 起，炽 热 得 足 以 熔 化 众 人 携 带 的 金 币。
mno_id_1888|你 拼 命 抢 救 金 币，但 仍 有 许 多 被 烧 熔 得 不 成 样 子
mno_id_1889|你 抢 救 下 金 币，随 即 追 赶 那 个 半 身 人，并 在 他 逃 脱 前 将 其 抓 住。还 没 等 你 发 落，他 便 乖 乖 交 出 了 自 己 的 金 币
mno_id_1890|幸 好 你 的 金 币 安 然 无 恙。你 追 赶 那 个 半 身 人，但 他 在 被 抓 住 前 逃 进 了 荒 野
menu_id_405|你 偶 然 发 现 一 座 供 奉 你 所 信 奉 神 祇 的 神 龛。你 可 以 捐 献 金 币，并 在 此 祈 祷。
mno_id_1891|捐 出 300金 币 并 祈 祷 
mno_id_1892|不 予 理 会，径 直 走 过。
menu_id_406|在 一 处 十 字 路 口，一 名 陌 生 人 引 起 了 你 的 注 意。他 说 听 说 过 你，并 希 望 加 入 你 的 队 伍。
mno_id_1893|他 是 一 名 来 自 尼 朋、全 副 武 装 的 年 轻 武 士。你 欢 迎 他 加 入 队 伍
mno_id_1894|她 是 一 名 骑 乘 冷 蜥 的 巫 婆。你 欢 迎 她 加 入 队 伍
mno_id_1895|他 是 一 名 白 须 苍 苍 的 老 矮 人。你 欢 迎 他 加 入 队 伍
mno_id_1896|他 是 一 头 体 型 庞 大 的 巨 魔，看 起 来 远 比 普 通 巨 魔 聪 明。你 欢 迎 他 加 入 队 伍
mno_id_1897|他 是 一 头 身 披 重 甲 的 巨 型 猩 猩。你 欢 迎 他 加 入 队 伍
mno_id_1899|他 是 一 名 沃 兰 斯 的 复 仇 者。你 欢 迎 他 加 入 队 伍
mno_id_1900|他 是 一 名 于 斯 罗 熊 人。你 欢 迎 他 加 入 队 伍
mno_id_1901|你 让 陌 生 人 继 续 赶 路，别 再 来 打 扰
menu_id_407|你 的 队 伍 遭 遇 了 龙 卷 风。狂 暴 的 风 势 仿 佛 要 将 你 们 的 行 囊 与 物 资 尽 数 卷 走。
mno_id_1902|你 保 住 了 物 品，但 损 失 了 一 些 金 币。
mno_id_1904|你 拼 命 抓 住 随 身 物 品，但 仍 有 一 件 东 西 被 可 怕 的 狂 风 生 生 扯 走
mno_id_1905|凭 借 对 天 空 魔 法 的 掌 控，你 平 息 了 风 暴，保 住 了 所 有 财 物
menu_id_408|你 穿 过 一 片 遭 瘟 疫 蹂 躏 的 土 地。
mno_id_1906|你 自 己 已 在 与 瘟 疫 抗 争，眼 前 那 些 痛 苦 垂 死 的 人 令 你 的 身 体 更 加 虚 弱
mno_id_1907|不 过，你 对 瘟 疫 免 疫，无 须 为 此 担 忧
mno_id_1908|你 以 最 快 的 速 度 穿 过 此 地，幸 运 地 没 有 染 上 疾 病
mno_id_1909|你 匆 匆 穿 过 此 地，却 仍 未 能 逃 过 感 染。你 染 上 了 瘟 疫
menu_id_409|你 看 到 一 群 野 兽 人 正 在 追 赶 一 名 矮 人 商 人。你 无 法 看 清 野 兽 人 究 竟 有 多 少；若 想 救 他，就 必 须 立 即 行 动。
mno_id_1910|向 野 兽 人 发 起 冲 锋
mno_id_1911|让 商 人 自 生 自 灭。
menu_id_410|你 遇 到 一 名 女 巫。她 展 示 了 一 小 瓶 粉 红 色 药 水，声 称 喝 下 后 会 让 你 变 得 极 其 强 大。她 只 收 300枚 金 币，但 要 求 你 当 场 饮 用。
mno_id_1912|给 她 金 币，喝 下 药 水。
mno_id_1913|拒 绝 她 的 提 议，让 她 离 开。
menu_id_411|你 来 到 一 片 饱 受 饥 荒 与 旱 灾 蹂 躏 的 土 地。农 民 虽 已 竭 尽 所 能，今 年 的 收 成 仍 是 有 史 以 来 最 糟。放 眼 所 见，尽 是 苦 难。
mno_id_1914|拿 出 500金 币，帮 助 他 们 渡 过 难 关 
mno_id_1915|拿 出 250金 币，这 样 每 个 人 都 能 吃 上 一 两 顿 饭 
mno_id_1916|拿 出 100金 币，确 保 小 孩 和 病 人 都 能 吃 饱 饭 
mno_id_1917|给 他 们 一 些 食 物，这 样 一 家 人 就 可 以 做 饭 了 
mno_id_1918|视 而 不 见，继 续 你 的 旅 程 
menu_id_412|你 来 到 传 说 中 的 梦 境 之 池。据 说，意 志 坚 定 之 人 凝 视 池 水，便 能 瞥 见 自 己 的 未 来。你 要 看 看 吗？
mno_id_1919|望 向 池 中。
mno_id_1922|这 次 不 看。
menu_id_413|你 长 久 凝 视 着 清 澈 如 晶 的 池 水，却 始 终 只 看 到 自 己 的 倒 影。最 终，你 失 望 地 转 身 离 去。
menu_id_414|你 仿 佛 看 见 自 己 正 在 成 就 一 番 伟 业。曾 经 认 为 自 己 能 做 到 的 一 切，如 今 都 触 手 可 及。这 让 你 充 满 新 的 自 信，坚 信 自 己 无 往 不 利。
mno_id_1924|魅 力 +1
menu_id_415|你 刚 刚 望 入 池 中，影 像 便 在 眼 前 逐 渐 成 形。你 看 见 自 己 统 领 着 一 个 强 盛 无 匹 的 国 度，令 一 切 胆 敢 与 之 为 敌 者 心 生 恐 惧。
mno_id_1925|统 治 权 +10。
menu_id_416|你 们 行 经 一 连 串 空 旷 的 山 丘 时，天 色 迅 速 恶 化。突 然，一 场 雷 暴 在 众 人 头 顶 炸 响。为 免 遭 雷 火 灼 伤，或 让 铠 甲 与 衣 物 被 毁，所 有 人 都 加 快 脚 步 寻 找 掩 护。
mno_id_1926|你 冲 向 一 处 岩 层，希 望 在 闪 电 击 中 你 之 前 躲 开。
menu_id_417|一 道 闪 电 擦 过 你 的 脸 颊，灼 热 之 气 扑 面 而 来。近 旁 不 断 传 来 士 兵 中 雷 的 惨 叫，队 伍 很 快 陷 入 慌 乱。你 奋 力 一 跃，扑 到 岩 石 后 方，蜷 缩 身 体 躲 避 雷 击。
mno_id_1929|当 你 毫 发 无 伤 地 出 现 时，你 欣 慰 地 看 到 你 的 部 队 虽 有 些 狼 狈，但 无 人 受 重 伤。
menu_id_418|一 道 闪 电 擦 过 你 的 脸 颊，灼 热 之 气 扑 面 而 来。近 旁 不 断 传 来 士 兵 中 雷 的 惨 叫，队 伍 很 快 陷 入 慌 乱。你 正 要 扑 向 岩 石 后 方，一 道 闪 电 却 击 中 了 你 的 肩 膀，将 你 抛 出 约 6米。剧 痛 令 你 至 少 3分 钟 无 法 动 弹。
mno_id_1930|你 恢 复 了 力 气，站 起 来 查 看 自 己 装 备 的 状 况。
menu_id_419|你 来 到 一 处 遭 突 发 风 暴 与 龙 卷 风 严 重 摧 毁 的 小 聚 落。居 民 请 求 你 帮 忙 修 缮 房 屋。此 事 会 耽 搁 一 些 时 间，但 他 们 愿 意 付 给 你 金 币 作 为 酬 劳。你 要 帮 助 他 们 吗？
mno_id_1931|命 令 队 伍 停 下，帮 助 居 民 修 缮 家 园
mno_id_1932|告 诉 他 们 你 没 有 时 间 
menu_id_420|伏 击！一 大 群 森 林 地 精 突 然 从 四 面 八 方 扑 向 你 的 队 伍。立 即 拿 起 武 器！
mno_id_1933|迎 战 袭 击 者
menu_id_421|你 们 沿 山 脚 行 军 时，一 场 浅 层 地 震 突 然 袭 来，大 地 在 脚 下 剧 烈 摇 晃。你 刚 刚 失 去 平 衡，便 听 见 山 体 崩 裂 的 巨 响；大 片 土 石 以 惊 人 的 速 度 朝 队 伍 倾 泻 而 下。泥 土 与 碎 石 掩 埋 了 许 多 士 兵，所 幸 其 余 人 反 应 迅 速，才 未 酿 成 更 大 灾 难。即 便 如 此，你 仍 有 大 批 伤 员 需 要 照 料。
menu_id_422|这 是 阳 光 灿 烂 的 一 天。天 气 好 得 出 奇，一 支 巡 回 艺 团 来 到 营 地，为 你 的 军 队 带 来 数 小 时 的 欢 笑 与 消 遣。^最 后，你 发 表 了 一 番 振 奋 人 心 的 演 说，又 举 办 了 盛 大 宴 会。众 人 精 神 高 昂，准 备 踏 上 接 下 来 的 旅 程。
menu_id_423|毫 无 征 兆，一 场 反 常 风 暴 遮 黑 了 天 空，狂 风 与 暴 雨 随 之 倾 泻。行 军 和 视 野 都 变 得 极 为 困 难，但 你 的 军 队 纪 律 严 明，仍 在 恶 劣 天 候 中 保 持 着 不 错 的 速 度。风 暴 平 息 后，你 才 发 现 所 有 食 物 不 是 被 风 卷 走，就 是 已 彻 底 毁 坏。
menu_id_424|你 们 行 经 一 段 挤 满 旅 人 与 冒 险 队 伍 的 道 路。沿 途 商 贩 和 工 匠 纷 纷 上 前 向 你 与 士 兵 兜 售 商 品，但 没 有 一 件 能 打 动 你。就 在 众 人 分 心 之 际，一 个 半 身 人 悄 悄 把 手 伸 进 你 的 口 袋，偷 走 了 一 些 金 币。等 他 钻 进 高 草 逃 之 夭 夭 时，你 只 来 得 及 听 见 一 阵 得 意 的 窃 笑。
menu_id_425|你 来 到 一 处 偏 僻 的 小 型 前 哨，发 现 那 里 有 家 极 不 寻 常 的 店 铺。石 砌 建 筑 嵌 在 小 悬 崖 底 部，门 外 招 牌 写 着：“蒸 汽 浴，100金 币。”你 曾 听 说 过 这 种 地 方，据 说 体 验 极 佳，只 是 不 知 道 自 己 是 否 抽 得 出 时 间。
mno_id_1938|命 令 队 伍 停 下，进 去 好 好 休 息 一 番
mno_id_1939|继 续 你 的 旅 程 
menu_id_426|你 享 受 了 此 生 从 未 有 过 的 周 到 服 侍，欣 然 接 受 了 店 家 提 供 的 一 切 额 外 项 目，在 近 乎 极 乐 的 享 受 中 度 过 了 90分 钟。
mno_id_1940|这 是 一 次 难 忘 的 经 历，对 你 产 生 了 持 久 的 影 响。你 肯 定 会 再 来 的。
mno_id_1941|这 番 享 受 令 你 神 清 气 爽。你 兴 致 高 昂 地 离 开，感 觉 已 准 备 好 面 对 任 何 挑 战
menu_id_427|你 收 到 消 息：麾 下 一 名 {s2} 因 谋 杀 罪 遭 到 通 缉，必 须 立 即 出 庭 受 审。若 你 马 上 将 此 人 交 给 死 者 家 属 派 来 的 武 装 卫 兵，对 方 愿 意 给 予 补 偿。
mno_id_1942|同 意 立 即 交 出 {s2}
mno_id_1943|拒 绝 交 出 {s2}。只 要 仍 在 你 麾 下，任 何 士 兵 都 将 得 到 你 的 庇 护
menu_id_428|你 仔 细 查 看 文 书，确 认 这 的 确 是 一 份 正 式 传 召。你 将 那 名 士 兵 交 给 卫 兵，此 举 令 军 中 众 人 大 为 不 满。
menu_id_429|卫 兵 似 乎 一 度 想 要 动 手，但 权 衡 再 三 后 还 是 阴 沉 着 脸 退 去。你 的 士 兵 爆 发 出 欢 呼，显 然 对 你 的 决 断 颇 为 敬 佩。
menu_id_430|你 突 然 闯 入 一 场 地 精 与 海 盗 之 间 的 混 战。你 的 士 兵 很 快 赶 走 了 所 有 靠 得 太 近 的 交 战 者，但 在 此 之 前，一 枚 飞 镖 已 扎 进 你 的 脖 颈，你 当 场 倒 地。
menu_id_431|数 小 时 后，你 终 于 醒 来，费 了 好 大 力 气 才 踉 跄 起 身。你 意 识 到 自 己 中 了 麻 药，不 禁 咒 骂 那 个 下 手 的 地 精。士 兵 告 诉 你，那 家 伙 已 和 许 多 其 他 人 一 同 死 在 混 战 中。
menu_id_432|你 的 士 兵 请 求 由 你 出 钱，让 全 军 享 受 几 个 小 时 的 狂 欢 与 娱 乐，声 称 此 举 有 助 于 提 振 士 气。这 场 庆 典 将 花 费 400金 币。
mno_id_1948|我 的 军 队 理 应 得 到 犒 赏，这 也 能 振 奋 士 气。把 金 币 交 给 他 们
menu_id_433|一 名 男 子 专 程 找 到 你，神 情 绝 望 地 恳 求 援 助。你 要 听 听 他 有 何 难 处 吗？
mno_id_1950|与 这 个 男 人 交 谈。
mno_id_1952|告 诉 他 你 没 有 时 间 处 理 他 的 麻 烦 
menu_id_434|你 发 现 一 具 遭 到 肢 解、浑 身 流 脓 的 尸 体。此 人 显 然 并 非 自 然 死 亡，看 来 也 不 像 是 战 死。正 当 你 准 备 离 开 时，忽 然 瞥 见 尸 体 手 中 闪 过 一 点 钻 石 的 微 光。若 想 拿 到 那 颗 钻 石，你 就 必 须 亲 手 碰 触 尸 体。你 要 怎 么 做？
mno_id_1953|俯 身 查 看 尸 体 手 中 究 竟 握 着 什 么
mno_id_1954|离 开 尸 体 并 继 续 你 的 旅 程 
menu_id_435|你 在 光 滑 的 岩 石 上 滑 倒 了，伤 了 脚 和 膝 盖。伤 势 需 要 一 段 时 间 才 能 痊 愈。
menu_id_436|你 遇 到 一 名 药 水 商 人—— 这 类 商 贩 在 旧 世 界 十 分 罕 见。你 要 与 他 交 易 吗？
mno_id_1956|同 商 人 交 易 
menu_id_437|队 伍 停 下 用 餐 时，你 发 现 一 只 上 着 沉 重 锁 具 的 宝 箱。你 要 强 行 打 开 它 吗？
mno_id_1958|打 开 箱 子 
menu_id_438|费 了 好 一 番 力 气，你 终 于 破 开 宝 箱，箱 盖 猛 地 弹 起……
mno_id_1960|你 难 掩 震 惊：一 串 真 正 的 珍 珠 项 链 正 包 在 精 美 布 料 之 中
mno_id_1961|你 在 一 堆 金 子 中 发 现 了 一 些 有 趣 的 东 西。
mno_id_1962|箱 子 刚 一 打 开，绿 色 毒 气 便 喷 涌 而 出，将 你 团 团 包 围。你 被 毒 雾 呛 得 无 法 呼 吸。箱 中 空 无 一 物，而 你 已 倒 在 地 上，眼 中 不 断 渗 出 黏 液
menu_id_439|你 们 摸 黑 前 行 时，一 道 身 影 突 然 出 现 在 山 脚 的 一 处 壁 龛 旁。她 不 住 招 手，似 乎 在 对 你 说 话，可 你 完 全 听 不 清 她 的 声 音。你 要 跟 上 去 吗？
mno_id_1963|跟 随 她 走 进 壁 龛
menu_id_440|你 回 头 一 看，惊 讶 地 发 现 没 有 一 名 士 兵 愿 意 跟 来。你 稍 作 迟 疑，仍 壮 起 胆 子 走 进 壁 龛，跟 在 那 幽 灵 身 后 数 步。此 时 你 才 看 清，她 是 一 名 中 年 女 子。
mno_id_1965|你 刚 踏 入 壁 龛，她 便 直 视 你 的 双 眼，随 后 指 向 一 旁 的 金 币 袋。她 微 微 点 头，转 眼 消 失 在 夜 色 中。你 无 从 知 道 她 为 何 选 中 你，但 还 是 收 下 了 这 份 礼 物
mno_id_1966|你 刚 踏 进 去，便 绊 动 了 一 根 陷 阱 线，一 枚 飞 镖 随 即 扎 进 腿 部。你 立 刻 感 到 毒 液 在 体 内 扩 散。伴 随 一 声 凄 厉 惨 叫，你 僵 直 地 倒 在 地 上
menu_id_441|你 经 过 一 支 押 送 阿 拉 比 囚 犯 的 小 型 队 伍 时，后 排 几 个 男 人 朝 你 大 声 呼 救，声 称 只 要 你 放 他 们 自 由，便 愿 奉 上 金 币。守 卫 很 快 让 他 们 闭 了 嘴，但 你 注 意 到 这 支 押 送 队 防 备 松 懈；若 有 心 动 手，你 的 人 很 快 就 能 解 决 他 们。你 要 怎 么 做？
mno_id_1968|杀 死 守 卫，救 出 那 些 人。
mno_id_1969|无 视 他 们，继 续 你 的 旅 程 
menu_id_442|你 的 士 兵 很 快 制 服 守 卫，解 开 了 囚 犯 的 镣 铐。获 救 者 声 称 自 己 都 是 无 辜 被 捕 的 商 人。他 们 在 货 舱 中 找 回 财 物，并 将 所 有 金 币 赠 给 你 作 为 报 答。
menu_id_443|你 正 要 过 桥，一 名 身 披 黑 斗 篷 的 矮 人 迎 面 走 来，声 称 这 片 土 地 归 他 所 有，过 路 必 须 缴 纳 500金 币。你 的 士 兵 哄 笑 起 来，矮 人 却 警 告 说，动 武 只 会 给 你 带 来 痛 苦，乖 乖 付 钱 才 是 明 智 之 举。你 要 怎 么 做？
mno_id_1971|受 够 了 这 个 傻 瓜。杀 了 他！
mno_id_1972|我 没 空 陪 你 胡 闹。拿 去 这 500金 币
menu_id_444|你 原 以 为 会 遭 到 伏 击，或 有 什 么 邪 恶 法 术 降 临；可 那 矮 人 终 究 只 是 迅 速 倒 在 你 士 兵 的 冰 冷 刀 锋 下。临 死 前，他 用 自 己 的 方 言 对 你 发 出 了 诅 咒……
mno_id_1973|诅 咒 没 有 生 效。
mno_id_1974|永 久 失 去 1点 强 击。
mno_id_1975|永 久 失 去 1点 铁 骨 
mno_id_1976|永 久 失 去 2点 力 量 
menu_id_445|一 名 不 过 8岁 的 年 幼 精 灵 女 孩 哭 喊 着 朝 你 奔 来：“纳 垢 夺 走 了 我，救 救 我！”她 的 脸 与 双 臂 显 然 已 被 某 种 可 怕 疾 病 侵 蚀。她 惊 恐 万 分，泪 水 沿 脸 颊 不 断 滑 落，正 径 直 冲 向 你。你 要 怎 么 做？
mno_id_1977|让 她 倒 进 你 的 怀 中
mno_id_1978|命 一 名 士 兵 在 她 靠 近 你 前 将 她 击 倒
menu_id_446|你 在 道 路 旁 发 现 一 大 堆 陈 旧 骸 骨。一 名 当 地 人 指 出，这 堆 骨 头 里 竟 同 时 混 有 人 类、动 物 与 地 精 的 遗 骸，实 在 古 怪。你 要 继 续 调 查 吗？
mno_id_1979|调 查 那 堆 枯 骨 
mno_id_1980|让 死 者 安 息，继 续 前 进。
menu_id_447|你 开 始 搬 开 外 围 骨 头，却 发 现 内 部 由 各 种 形 状 与 大 小 的 骨 骼 交 错 成 一 张 巨 网。骨 堆 中 露 出 一 个 足 以 伸 手 探 入 的 空 洞，于 是 你 把 手 伸 了 进 去……
mno_id_1981|你 摸 到 一 些 金 币，还 有 一 件 意 料 之 外 的 物 品
mno_id_1982|你 摸 到 了 一 些 金 币
mno_id_1983|忽 然，那 堆 骨 头 就 在 你 眼 前 消 失，没 留 下 任 何 可 见 或 可 触 的 痕 迹。原 来 一 切 都 只 是 幻 象
mno_id_1984|陷 阱！一 道 闪 电 从 天 而 降，正 中 你 两 片 肩 胛 骨 之 间
menu_id_448|麾 下 一 名 士 兵 请 求 离 开 军 队，以 处 理 一 桩 私 事。对 方 愿 奉 上 750金 币 作 为 补 偿。
mno_id_1985|告 诉 {s1}，他 可 以 带 着 你 的 祝 福 自 由 离 去
mno_id_1986|告 诉 {s1}，他 可 以 带 着 你 的 祝 福 自 由 离 去（同 伴 日 后 会 归 队）
mno_id_1987|拒 绝 {s1} 的 请 求。他 对 你 的 事 业 至 关 重 要
menu_id_449|风 势 越 来 越 猛，队 伍 中 的 人 很 难 抓 牢 随 身 物 品。你 努 力 护 住 自 己 的 行 囊，但 仍 有 一 些 金 币 从 口 袋 里 被 吹 了 出 去。
mno_id_1988|失 去 {reg1}金 币。
menu_id_450|独 自 散 步 时，你 注 意 到 当 地 一 栋 房 屋 外 墙 上 刻 着 几 枚 兽 人 符 文。
mno_id_1989|身 为 兽 人，你 看 得 懂 这 些 符 文：它 们 指 向 附 近 一 处 藏 宝 地。你 立 即 前 去 查 看
mno_id_1990|你 不 太 懂 兽 人 语，但 勉 强 辨 出 这 些 符 文 指 向 附 近 一 处 藏 宝 地。你 立 即 前 去 查 看
mno_id_1991|然 而 你 无 法 解 读 它 们 
menu_id_451|你 偶 遇 一 位 少 年 时 的 老 友。多 年 不 见，他 已 成 为 一 名 伟 大 战 士，并 饶 有 兴 致 地 听 你 讲 述 迄 今 为 止 的 旅 程，以 及 未 来 的 抱 负。他 随 队 同 行 了 一 段 时 日，借 此 指 点 你 的 战 斗 训 练 与 武 器 技 巧。
mno_id_1992|武 器 掌 握 +1。
menu_id_452|你 们 经 过 一 支 被 遗 弃 的 小 型 商 队。看 来 它 曾 偏 离 道 路，猛 烈 撞 上 几 块 巨 岩。现 场 不 见 活 人，车 上 大 部 分 货 物 也 已 被 洗 劫；不 过，你 仍 在 一 只 小 箱 子 里 找 到 了 些 食 物，便 拿 来 与 士 兵 分 享。
mno_id_1993|继 续 你 的 旅 程。
menu_id_453|一 大 群 远 道 杀 戮 者 向 你 索 要 1000金 币，否 则 便 要 将 你 们 尽 数 毁 灭。你 要 付 钱，还 是 开 战？
mno_id_1994|向 朗 德 龙 屠 夫 发 起 冲 锋
mno_id_1995|向 他 们 的 队 长 支 付 1000金 币
mno_id_1996|你 没 有 1000金 币。给 他 们 你 所 拥 有 的，看 看 他 们 是 否 会 接 受 
menu_id_454|你 发 现 一 支 破 损 商 队 的 残 骸，看 来 可 用 之 物 早 已 被 路 人 搜 刮 一 空。仔 细 检 查 后，你 却 在 车 轮 旁 找 到 一 处 暗 格，里 面 藏 着 一 袋 金 币。
menu_id_455|你 来 到 一 汪 晶 莹 清 澈、受 魔 法 之 风 眷 顾 的 池 水 旁。五 彩 法 力 在 水 面 与 岸 边 芦 苇 之 间 流 转 跃 动，闪 烁 不 息。
mno_id_1998|将 自 己 浸 入 池 水
mno_id_1999|经 过 水 池，继 续 前 行。
menu_id_456|你 让 你 的 队 伍 停 下 来，慢 慢 地 走 进 池 塘，直 到 只 能 看 到 头 顶 上 的 一 些 气 泡 和 涟 漪 
mno_id_2000|法 力 流 遍 你 的 全 身。魔 法 控 制 +1
mno_id_2001|你 感 觉 心 灵 纯 净，精 神 焕 发，但 没 有 其 他 变 化 
menu_id_457|一 名 年 迈 的 炼 金 术 士 找 上 你，声 称 能 以 合 理 的 价 格 提 供 一 瓶 强 化 体 能 的 药 水。你 要 听 听 他 怎 么 说 吗？
mno_id_2002|听 听 他 怎 么 说 
mno_id_2003|告 诉 他 你 没 有 时 间 
menu_id_458|他 声 称，这 些 药 水 能 永 久 强 化 你 的 体 魄，让 你 更 接 近 自 身 潜 能 的 极 限。他 提 供 3种 药 水 供 你 选 择。你 要 购 买 吗？
mno_id_2004|花 费 2000金 币 购 买 一 瓶 药 水，能 使 1项 技 能 提 升 1点
mno_id_2005|花 费 3000金 币 购 买 一 瓶 药 水，能 使 2项 技 能 各 提 升 1点
mno_id_2006|花 费 5000金 币 购 买 一 瓶 药 水，能 使 3项 技 能 各 提 升 1点
mno_id_2007|拒 绝 他，继 续 你 的 旅 程 
menu_id_459|药 水 的 力 量 在 数 秒 间 紧 紧 攫 住 你 的 心 神。那 感 觉 十 分 古 怪，令 你 不 确 定 自 己 是 否 喜 欢；但 你 的 确 感 受 到 了 它 的 好 处，甚 至 希 望 日 后 能 再 次 遇 见 那 名 商 人。
menu_id_460|你 注 意 到 路 旁 有 一 支 被 砸 毁 的 货 运 商 队。你 要 前 去 调 查 吗？
mno_id_2009|调 查 这 支 商 队。
mno_id_2010|不 理 会 商 队 残 骸，继 续 沿 路 前 行
menu_id_461|地 面 上 的 痕 迹 显 示 商 队 曾 遭 伏 击，却 看 不 到 任 何 守 卫 或 马 匹 的 尸 体。无 论 袭 击 者 是 谁，现 在 应 该 都 已 远 去。
menu_id_462|想 在 这 个 世 界 立 足，唯 有 不 断 磨 炼 本 领、追 求 卓 越。为 此，你 为 队 伍 中 的 每 个 人—— 包 括 自 己—— 安 排 了 一 场 艰 苦 的 训 练。
mno_id_2012|你 获 得 1个 技 能 点。
mno_id_2013|你 获 得 1个 属 性 点。
mno_id_2014|你 获 得 20个 熟 练 点。
menu_id_463|一 群 屠 夫 经 过 你 的 军 队，并 在 先 锋 队 中 看 到 了 高 崔 克。他 们 怀 着 敬 畏 之 心 上 前 拜 会，与 他 交 谈 许 久，各 自 讲 述 冒 险 经 历。
mno_id_2015|他 们 认 为，再 没 有 比 死 在 高 崔 克 身 旁 更 大 的 荣 耀，于 是 无 偿 加 入 你 的 军 队。获 得 5名 巨 人 屠 夫
mno_id_2016|不 过，他 们 看 你 很 不 顺 眼，很 快 便 继 续 上 路
menu_id_464|你 决 定 加 入 高 崔 克 的 日 常 训 练。他 看 出 你 有 些 吃 力，便 依 据 你 的 体 格 与 力 量，传 授 了 几 项 锻 炼 肌 肉 的 诀 窍。
mno_id_2017|你 无 法 拒 绝 一 位 大 师 的 指 点，于 是 热 切 地 接 受 训 练。力 量 +3
mno_id_2018|你 无 法 拒 绝 一 位 大 师 的 指 点，于 是 热 切 地 接 受 训 练。力 量 +1
mno_id_2019|你 无 法 拒 绝 一 位 大 师 的 指 点，于 是 热 切 地 接 受 训 练。力 量 +2
mno_id_2020|或 者 只 做 一 轮 简 短 训 练，勉 强 让 他 满 意。体 质 +1
menu_id_465|高 崔 克 今 天 心 情 糟 透 了。迟 迟 找 不 到 一 场 配 得 上 自 己 的 死 亡，令 他 怒 不 可 遏；任 何 细 微 冒 犯 或 烦 心 之 事，都 会 让 他 变 得 极 具 破 坏 性、充 满 攻 击 欲。全 军 上 下 都 绷 紧 了 神 经。
mno_id_2021|你 的 部 队 士 气 受 到 重 挫。
menu_id_466|高 崔 克 狂 怒 失 控 的 传 闻 越 来 越 多。听 见 一 阵 激 烈 骚 动 后，你 很 快 得 知：他 一 心 想 找 人 厮 杀，已 杀 死 了 你 麾 下 最 精 锐 的 士 兵 之 一。
mno_id_2022|你 前 去 查 看，只 见 一 名 {s2} 血 肉 模 糊 地 躺 在 地 上；至 于 他 的 头 颅 去 了 哪 里，谁 也 说 不 清
menu_id_467|菲 力 克 斯 从 家 中 收 到 一 批 古 老 文 物 与 家 传 遗 物，其 中 包 括 一 枚 能 赋 予 他 特 殊 力 量 的 护 身 符。此 后 一 整 天，他 的 心 情 都 十 分 愉 快。
mno_id_2023|从 今 往 后，每 场 战 斗 结 束 时，菲 力 克 斯 都 会 立 即 恢 复 全 部 生 命 值
menu_id_468|菲 力 克 斯 暂 时 搁 下 高 崔 克 的 传 记，转 而 为 你 写 了 一 篇 精 彩 报 道，并 交 给 当 地 信 使 商 行。商 行 将 这 份 新 闻 卷 轴 张 贴 在 各 城 镇 与 村 庄 的 广 场 上。
mno_id_2024|获 得 声 望 和 统 治 权。
menu_id_469|如 今 菲 力 克 斯 不 再 只 与 高 崔 克 两 人 穿 行 于 地 牢 和 山 谷，他 决 定 在 战 场 上 骑 马 作 战，并 买 下 一 匹 优 良 的 帝 国 纯 种 马。
mno_id_2025|他 利 用 训 练 时 间 提 高 了 自 己 的 骑 术 和 马 背 射 箭 技 巧。
menu_id_470|菲 力 克 斯 离 开 军 队 采 买 补 给 时，因 曾 参 与 帝 国 抗 税 骚 乱 而 被 一 支 帝 国 巡 逻 队 逮 捕。你 及 时 赶 上，在 他 们 动 身 前 将 巡 逻 队 团 团 围 住。^队 长 告 诉 你：支 付 2000金 币 便 可 撤 销 指 控，否 则 菲 力 克 斯 必 须 入 狱。你 也 可 以 用 武 力 救 下 他，但 这 会 损 害 你 的 名 誉，并 使 你 与 帝 国 为 敌。
mno_id_2026|支 付 2000金 币
mno_id_2027|任 由 他 们 带 走 菲 力 克 斯
mno_id_2028|以 武 力 逼 退 巡 逻 队，不 准 他 们 带 走 菲 力 克 斯
menu_id_471|贾 利 勒 决 定 让 你 军 中 的 弓 箭 手 亲 身 领 教 一 番 禁 卫 军 的 严 苛 训 练。
mno_id_2029|所 有 弓 箭 手 均 获 得 晋 升（须 存 在 可 用 的 晋 升 路 线）
menu_id_472|苏 丹 得 知 备 受 敬 重 的 贾 利 勒 正 在 你 麾 下 效 力，对 此 颇 为 赞 赏。
mno_id_2030|与 阿 拉 比 关 系 提 升。
menu_id_473|贾 利 勒 经 由 信 使 收 到 一 套 新 盔 甲—— 这 是 苏 丹 为 嘉 奖 他 的 功 绩 而 赐 下 的 礼 物。
mno_id_2031|这 是 他 应 得 的
menu_id_474|贾 利 勒 收 到 苏 丹 的 召 令，要 求 他 回 国 继 续 效 力。荣 誉 不 容 他 拒 绝，他 必 须 踏 上 归 途。
mno_id_2032|贾 利 勒 离 开 了 你 的 队 伍
menu_id_475|奥 叽 渐 渐 对 你 产 生 了 好 感，也 十 分 感 激 你 能 理 解 并 赏 识 他 的 才 能。
mno_id_2033|为 表 谢 意，他 亲 手 制 作 了 一 件 礼 物 送 给 你
menu_id_476|奥 叽 凭 借 精 湛 医 术，以 及 打 破 隔 阂、冲 破 偏 见 的 成 就，获 颁“大 药 剂 师 终 身 成 就 奖”。^一 场 盛 大 典 礼 为 他 举 行，你 允 许 全 军 共 同 参 与 庆 祝。
mno_id_2034|作 为 奖 励，长 老 会 将 翡 翠 魔 法 的 奥 秘 传 授 给 奥 叽
menu_id_477|队 伍 中 带 着 一 名 兽 人，难 免 令 你 招 来 流 言 蜚 语。尤 其 在 上 流 社 会，人 们 总 会 因 你 坚 持 收 留 奥 叽·波 叽 而 投 来 异 样 目 光。
mno_id_2035|奥 叽 留 在 队 伍 中，使 你 损 失 了 一 些 声 誉
menu_id_478|所 有 兽 人 都 憎 恨 奥 叽，因 为 他 背 弃 了 自 己 的 种 族、投 靠 敌 人。一 支 搜 寻 他 的 兽 人 大 军 找 到 了 你 的 部 队，号 角 声 随 即 响 起。
mno_id_2036|他 们 宣 称 要 将 你 的 军 队 碾 成 齑 粉，再 用 奥 叽 的 头 骨 饮 酒。准 备 战 斗
menu_id_479|瑞 普 尼 吱 把 大 部 分 闲 暇 都 用 在 秘 密 训 练 上。今 天，他 告 诉 你 自 己 已 经 开 始 接 受 刺 客 大 师 训 练，并 刚 刚 完 成 第 一 阶 段。
mno_id_2037|瑞 普 尼 吱 获 得 5点 敏 捷 与 3点 武 器 掌 握
menu_id_480|瑞 普 尼 吱 继 续 钻 研 艾 辛 氏 族 的 技 艺，如 今 已 掌 握 调 制 毒 药 并 将 其 涂 在 兵 刃 上 的 手 法。
mno_id_2038|从 今 往 后，裂 爪 的 所 有 攻 击 都 带 有 毒 性
menu_id_481|艾 辛 议 会 交 给 瑞 普 尼 吱 一 项 任 务：刺 杀 一 名 涉 嫌 操 纵 赌 局 的 锦 标 赛 英 雄。
mno_id_2039|他 暂 时 离 开 你 的 队 伍，去 刺 杀 {s1}。
menu_id_482|瑞 普 尼 吱 是 一 流 好 手，也 清 楚 若 自 立 门 户，定 能 接 到 不 少 报 酬 丰 厚 的 契 约。为 体 现 自 己 的 身 价，他 要 求 将 薪 水 翻 倍，否 则 就 离 开 队 伍。他 声 称，即 便 付 三 倍 也 仍 算 便 宜；对 你 这 样 受 人 敬 重 的 主 子 而 言，这 笔 买 卖 再 划 算 不 过。你 如 何 答 复？
mno_id_2040|同 意 给 他 加 薪。
mno_id_2041|拒 绝 加 薪。
menu_id_483|图 尔 曼 召 集 了 几 位 正 在 附 近 活 动 的 资 深 猎 巫 人，邀 请 他 们 与 自 己 并 肩 行 动，亲 自 向 他 学 习。
mno_id_2042|他 们 认 为 这 是 无 法 推 辞 的 莫 大 荣 誉。获 得 5名 猎 巫 人 大 师。
mno_id_2043|然 而，他 们 看 你 不 太 顺 眼，礼 貌 地 拒 绝 了。
menu_id_484|威 名 赫 赫 的 马 提 亚 斯·图 尔 曼 正 在 你 军 中 效 力 的 消 息，已 渐 渐 传 开。
mno_id_2044|获 得 声 望 与 正 面 声 誉
menu_id_485|马 提 亚 斯·图 尔 曼 正 在 军 中 发 起 一 场 审 判。他 逐 一 审 视 士 兵 的 操 守 与 纪 律，试 图 揪 出 任 何 同 情 黑 暗 邪 术 之 人。
menu_id_486|你 遇 到 一 小 队 举 止 可 疑 的 旅 人。马 提 亚 斯·图 尔 曼 在 其 中 一 人 的 腰 带 上 发 现 了 死 灵 护 符；搜 身 过 后，他 宣 布 这 些 人 皆 为 异 端，必 须 绑 上 火 刑 柱 烧 死。
mno_id_2046|营 中 虽 有 人 心 怀 疑 虑，却 无 人 胆 敢 质 疑 马 提 亚 斯。你 只 能 等 着 他 将 那 些 人 活 活 烧 死
menu_id_487|布 拉 甘 扎 虽 已 为 你 效 力，却 仍 密 切 关 注 自 己 的 佣 兵 团，督 促 他 们 保 持 训 练 与 军 纪。他 麾 下 的 围 城 者 常 来 营 中 拜 访，偶 尔 也 会 有 人 留 下。
mno_id_2047|免 费 获 得 5名 布 拉 甘 扎 围 城 者。
menu_id_488|在 海 盗、继 而 又 是 斯 卡 文 占 领 米 拉 格 连 诺 之 前，布 拉 甘 扎 曾 以 那 里 为 根 据 地。他 总 怀 念 商 人 亲 王 统 治 的 岁 月—— 那 是 其 佣 兵 团 最 为 财 源 滚 滚 的 日 子。为 表 达 敬 意，他 赠 给 你 一 件 礼 物。
mno_id_2048|获 得 一 把 米 拉 格 连 诺 弩。
menu_id_489|布 拉 甘 扎 的 围 城 者 以 长 途 徒 步 行 军 和 坚 韧 不 拔 闻 名；即 便 身 处 最 恶 劣 的 地 形，他 们 也 能 顶 住 任 何 迎 面 而 来 的 攻 势。布 拉 甘 扎 满 肚 子 都 是 故 事，而 且 总 是 讲 个 不 停。
mno_id_2049|队 伍 士 气 提 升。
menu_id_490|斯 卡 文 攻 陷 海 盗 王 国、迫 使 海 盗 逃 往 海 上 后，海 盗 们 对 每 一 桩 旧 怨 都 更 加 耿 耿 于 怀，并 四 处 寻 求 报 复。其 中 一 笔 便 是 布 拉 甘 扎 当 年 在“围 城 者”博 尔 乔 麾 下 效 力 时 给 他 们 造 成 的 损 失。海 盗 已 经 查 明 布 拉 甘 扎 身 在 你 军 中，于 是 连 你 也 被 列 为 复 仇 目 标。
mno_id_2050|与 不 法 海 盗 的 关 系 下 降。
menu_id_491|伦 波 德 曾 答 应，隔 一 阵 便 分 给 你 一 部 分 收 入。今 天，他 终 于 来 兑 现 诺 言。
mno_id_2051|获 得 {reg7}枚 金 币
menu_id_492|伦 波 德 为 全 军 炖 了 一 锅 自 己 的 拿 手 浓 汤，佐 以 蒜 香 土 豆，最 后 还 摆 出 一 盘 精 选 奶 酪。
menu_id_493|今 天，伦 波 德 离 队 去 探 索 一 处 听 来 的 小 地 牢。后 来 他 追 上 队 伍 时，脸 上 挂 着 得 意 的 大 笑。
mno_id_2053|他 悄 无 声 息 地 穿 过 整 座 地 牢，找 到 一 枚 护 身 符，使 自 己 始 终 拥 有 最 高 闪 避 几 率。
menu_id_494|你 停 留 在 {s5} 期 间，伦 波 德 大 肆 入 室 行 窃，调 查 者 已 经 认 定 他 就 是 罪 魁 祸 首。
mno_id_2054|{s5} 的 居 民 对 他 怒 不 可 遏，也 怨 恨 你 竟 允 许 他 代 表 自 己。与 {s5} 的 关 系 下 降
menu_id_495|沃 兰 斯 的 维 内 托 佣 兵 声 名 赫 赫，营 中 也 常 能 见 到 他 们 与 队 长 沃 兰 斯 交 谈。这 一 次，几 名 维 内 托 决 定 留 下，继 续 追 随 自 己 的 队 长。
mno_id_2055|免 费 获 得 5名 沃 兰 斯 维 内 托 佣 兵。
menu_id_496|沃 兰 斯 过 去 没 少 让 巴 托 尼 亚 与 帝 国 的 骑 兵 冲 锋 铩 羽 而 归。如 今 他 决 定 向 你 传 授 一 些 临 阵 战 术 与 作 战 筹 划 的 心 得。
mno_id_2056|战 术 +2
menu_id_497|多 年 前，沃 兰 斯 与 他 的 维 内 托 靠 加 长 骑 枪 作 弊，在 一 场 巴 托 尼 亚 锦 标 赛 中 大 获 全 胜。经 过 多 年 政 治 角 力，哥 隆 尼 终 于 对 此 展 开 调 查，而 国 王 也 向 审 议 团 施 加 了 影 响。
mno_id_2057|从 此 以 后，沃 兰 斯 被 禁 止 参 加 一 切 锦 标 赛
menu_id_498|沃 兰 斯 曾 在 一 场 大 型 锦 标 赛 中 作 弊，还 把 巴 托 尼 亚 的 骑 士 准 则 与 礼 法 当 成 笑 话，因 此 深 受 巴 托 尼 亚 人 憎 恨。
mno_id_2058|沃 兰 斯 在 你 军 中 的 消 息 已 传 遍 巴 托 尼 亚，你 与 巴 托 尼 亚 的 关 系 因 此 受 损。
menu_id_499|贝 奥 尔·熊 击 是 乌 尔 斯 峡 湾 人 的 酋 长，也 是 混 沌 无 分 的 冠 军。他 的 族 人—— 于 斯 罗 熊 人—— 是 世 间 最 凶 悍 的 雇 佣 战 士 之 一。如 今 一 群 熊 人 决 定 投 奔 酋 长，为 你 而 战。
mno_id_2059|免 费 获 得 5名 于 斯 罗 熊 人。
menu_id_500|贝 奥 尔·熊 击 是 名 震 天 下 的 混 沌 冠 军，所 有 南 方 人 都 畏 惧 他 的 名 字。他 在 你 军 中 现 身，既 为 你 带 来 声 望，也 带 来 恶 名。
mno_id_2060|获 得 声 望 与 恶 名
menu_id_501|贝 奥 尔·熊 击 是 混 沌 无 分 的 冠 军，也 是 军 阀 阿 尔 乔 恩 深 受 信 赖 的 盟 友。你 竟 能 令 他 投 身 麾 下，这 让 那 位 混 沌 统 治 者 颇 为 赞 赏。
mno_id_2061|与 军 阀 阿 尔 乔 恩 的 关 系 提 升。
menu_id_502|贝 奥 尔·熊 击 时 常 陷 入 嗜 血 狂 怒。一 次 狂 暴 发 作 中，他 袭 击 了 你 队 伍 里 所 有 来 自 善 良 阵 营 王 国 的 士 兵。
mno_id_2062|你 走 出 帐 篷，望 向 狂 怒 过 后 留 下 的 惨 状
menu_id_503|艾 凯 迪 派 出 一 队 黑 暗 精 灵 海 盗，强 行 接 管 了 几 艘 在 黑 暗 精 灵 水 域 航 行 的 海 盗 船，并 将 其 中 一 艘 赠 给 你。
mno_id_2063|可 在 任 意 港 口 领 取 这 艘 船。
menu_id_504|舰 队 重 建 期 间，艾 凯 迪 虽 获 准 休 假，他 麾 下 的 海 盗 却 从 未 停 止 操 练。如 今 有 几 人 决 定 加 入 你 的 队 伍，与 他 们 的 指 挥 官 并 肩 作 战。
mno_id_2064|免 费 获 得 5名 黑 方 舟 海 盗。
menu_id_505|艾 凯 迪 抱 怨 自 己 的 盔 甲 有 失 身 份 已 经 很 久 了。攒 够 军 饷 后，他 终 于 亲 自 解 决 了 这 件 事。
mno_id_2065|艾 凯 迪 买 下 了 一 套 新 盔 甲。
menu_id_506|黑 暗 精 灵 重 建 海 军 的 工 程 进 展 神 速，如 今 正 在 召 回 数 名 最 优 秀 的 舰 长，主 持 最 后 阶 段 的 筹 备。
mno_id_2066|艾 凯 迪 被 舰 队 召 回，只 得 遗 憾 地 离 开 你 的 队 伍。他 祝 你 此 后 一 切 顺 利。
menu_id_507|臭 虫 调 制 出 了 旧 世 界 前 所 未 见 的 猛 烈 药 剂，里 面 塞 满 蘑 菇、毒 草 和 各 种 天 然 致 幻 物。整 座 营 地 都 能 闻 到 那 股 气 味。士 兵 们 拼 命 阻 止 他 喝 下 去，却 根 本 拉 不 住 他。
mno_id_2067|臭 虫 一 口 喝 光 整 瓶 药 水，随 即 倒 在 地 上 剧 烈 抽 搐。你 与 士 兵 们 只 能 围 在 一 旁，等 待 结 果……
menu_id_508|臭 虫 瘫 在 地 上 两 三 分 钟 后，突 然 一 跃 而 起，朝 远 方 狂 奔 而 去。稍 后，他 带 着 几 头 牛 和 一 颗 牛 头 怪 的 脑 袋 回 来，看 上 去 明 显 比 从 前 更 加 自 信。
mno_id_2068|臭 虫 的 身 体 属 性 获 得 巨 幅 提 升，并 掌 握 高 级 无 视 痛 苦 与 强 力 一 击
menu_id_509|众 人 沉 默 地 盯 着 臭 虫，等 他 有 所 反 应。几 分 钟 过 去，大 家 互 相 看 了 几 眼，终 于 明 白—— 他 再 也 站 不 起 来 了。
mno_id_2069|臭 虫 死 了。
menu_id_510|花 了 不 少 时 间，臭 虫 终 于 调 出 一 种 不 只 是 拿 来 把 自 己 灌 倒 的 药 汁：他 学 会 了 为 武 器 制 作 剧 毒 黏 液。
mno_id_2070|臭 虫 的 攻 击 获 得 毒 性。
menu_id_511|臭 虫 为 了 满 足 自 己 的 瘾 头，向 军 中 不 少 人 借 了 金 币；可 每 到 还 债 时，他 总 是 两 手 空 空。营 中 众 人 的 耐 心 已 经 快 要 耗 尽。
mno_id_2071|你 在 小 路 旁 的 沟 里 发 现 了 昏 迷 不 醒 的 臭 虫。
menu_id_512|臭 虫 又 把 蘑 菇 酿 成 的 怪 酒 分 给 众 人。这 一 次，一 种 格 外 容 易 令 人 上 瘾 的 酒 浆 让 全 军 吃 尽 了 苦 头。
mno_id_2072|全 军 必 须 停 下 来，等 众 人 从 宿 醉 中 恢 复。
menu_id_513|阿 里 斯 蒂 德 爵 士 不 仅 忠 于 你，也 虔 诚 侍 奉 湖 中 女 神。为 嘉 奖 他 的 勇 武 与 纯 洁 之 心，女 神 赐 予 了 他 新 的 祝 福。
mno_id_2073|阿 里 斯 蒂 德 爵 士 获 得 5+守 护 豁 免
menu_id_514|伟 大 的 阿 里 斯 蒂 德 爵 士 在 你 队 伍 中 的 消 息 传 到 了 莱 昂 库 尔 国 王 的 宫 廷，国 王 对 此 颇 为 赞 赏。
mno_id_2074|与 巴 托 尼 亚 的 关 系 提 升
menu_id_515|你 收 到 消 息：阿 里 斯 蒂 德 爵 士 的 叔 父 死 于 痘 疫，家 族 宝 剑 因 而 由 他 继 承。
menu_id_516|阿 里 斯 蒂 德 爵 士 那 副 虔 诚 得 近 乎 自 命 圣 洁 的 作 派，已 经 让 部 分 士 兵 忍 无 可 忍。他 们 不 敢 当 面 顶 撞，最 后 只 得 选 择 离 队。
mno_id_2076|一 部 分 邪 恶 阵 营 的 士 兵 离 开 队 伍
menu_id_517|梅 菲 林 的 马 厩 培 育 出 了 一 批 难 得 一 见 的 良 驹。他 把 其 中 一 匹 珍 品 送 给 了 你。
mno_id_2077|.
menu_id_518|梅 菲 林 的 马 厩 生 意 蒸 蒸 日 上。为 庆 祝 这 份 成 功，他 购 置 了 一 套 新 盔 甲，又 以 丰 盛 酒 食 款 待 全 军，士 气 随 之 高 涨。
mno_id_2078|妙 极 了。
menu_id_519|梅 菲 林 低 估 了 在 你 军 中 服 役 时 战 斗 的 频 繁 与 惨 烈。为 了 改 善 自 己 的 表 现，他 开 始 进 行 更 严 苛 的 训 练。
mno_id_2079|梅 菲 林 的 骑 射 +2
menu_id_520|一 只 不 知 从 何 处 蹦 出 来 的 巨 大 野 生 史 奎 格 惊 了 梅 菲 林 的 坐 骑。马 把 他 重 重 甩 下，摔 断 了 他 的 腿。
mno_id_2080|梅 菲 林 永 久 失 去 2点 跑 动
menu_id_521|阿 卜 杜 勒·哈 利 克 深 谙 政 治 与 外 交，笔 下 文 字 更 是 极 具 说 服 力。他 写 出 一 批 书 信 寄 往 各 地，为 你 美 言 扬 名。
mno_id_2081|与 多 个 派 系 的 关 系 提 升
menu_id_522|阿 卜 杜 勒·哈 利 克 精 通 政 治 与 外 交，也 懂 得 如 何 措 辞 才 能 令 对 方 更 愿 意 接 受。他 向 你 传 授 了 几 种 雄 辩 与 游 说 之 术。
mno_id_2082|说 服 +2
menu_id_523|阿 卜 杜 勒·哈 利 克 出 身 富 裕 之 家，家 人 时 常 给 他 寄 来 礼 物 与 补 给。
mno_id_2083|他 从 最 近 收 到 的 物 资 里 挑 出 一 件 送 给 你，以 示 友 谊。
menu_id_524|亡 灵 海 盗 的 出 现 令 阿 卜 杜 勒·哈 利 克 心 神 不 宁。他 既 出 于 信 仰，也 出 于 迷 信，对 亡 灵 怀 有 深 深 的 忌 惮。
mno_id_2084|他 用 一 贯 深 沉 而 富 有 感 染 力 的 口 吻，连 续 数 小 时 诉 说 忧 虑。队 伍 士 气 下 降。
menu_id_525|史 基 佐 一 心 想 达 到 里 克 图 斯 氏 族 对 族 鼠 的 要 求，只 要 有 机 会 便 会 给 自 己 加 练。
mno_id_2085|史 基 佐 获 得 若 干 可 分 配 的 属 性 点
menu_id_526|史 基 佐 极 擅 搜 刮 与 掠 夺，任 何 金 属 反 光 或 形 状 古 怪 的 土 堆 都 会 引 起 他 的 注 意。今 天，他 在 浅 土 下 挖 出 了 一 袋 金 币。
mno_id_2086|他 决 定 把 其 中 一 半 分 给 你。
menu_id_527|史 基 佐 急 于 在 高 压 环 境 下 证 明 自 己 的 战 斗 本 领。他 请 求 你 下 次 探 索 地 牢 时 带 上 他。
mno_id_2087|获 得 新 任 务。任 务 失 败 不 会 造 成 任 何 负 面 后 果
menu_id_528|最 近 盛 传 史 基 佐 是 个 糟 糕 透 顶 的 竞 技 场 斗 士，这 让 他 的 自 信 遭 受 重 创，骄 傲 与 自 尊 也 大 为 受 损。
mno_id_2088|史 基 佐 害 怕 传 闻 得 到 证 实，从 此 不 再 参 加 锦 标 赛
menu_id_529|斯 卡 洛 克 的 传 奇 长 弓 失 踪 已 久，他 每 周 总 要 为 此 阴 郁 许 久。不 过，一 队 精 灵 斥 候 刚 刚 找 回 了 他 的 箭 袋，并 火 速 送 到 营 中。
mno_id_2089|斯 卡 洛 克 获 得 死 亡 箭 矢。
menu_id_530|斯 卡 洛 克 虽 在 你 麾 下 效 力，却 依 旧 是 阿 瑟 尔·洛 伦 的 冠 军，也 仍 肩 负 着 森 林 的 职 责。训 练 新 一 代 森 林 守 卫 便 是 其 中 之 一；如 今 几 名 新 兵 随 他 加 入 了 你 的 队 伍。
mno_id_2090|免 费 获 得 5名 森 林 斥 候。
menu_id_531|外 来 者 极 少 能 赢 得 木 精 灵 的 青 睐，但 只 要 斯 卡 洛 克 认 可 你，他 的 一 句 话 便 足 以 让 你 成 为 例 外。
mno_id_2091|斯 卡 洛 克 的 举 荐 提 升 了 你 与 阿 瑟 尔·洛 伦 的 关 系
menu_id_532|阿 瑟 尔·洛 伦 的 使 者 前 来 传 令，称 斯 卡 洛 克 必 须 返 回，参 加 一 场 可 能 旷 日 持 久 的 重 要 战 役。他 们 知 道 斯 卡 洛 克 与 你 有 契 约，却 坚 持 认 为 他 对 议 会 的 职 责 高 于 对 你 的 义 务。反 复 交 涉 后，他 们 同 意：只 要 支 付 5000枚 金 币，雇 佣 另 一 位 顶 尖 游 侠 代 替 他，他 便 可 以 留 下。
mno_id_2092|支 付 5000金 币，让 斯 卡 洛 克 继 续 留 在 你 麾 下
mno_id_2093|拒 绝 付 费，准 许 斯 卡 洛 克 离 开。
mno_id_2094|你 无 力 支 付 费 用，只 能 解 除 斯 卡 洛 克 的 契 约。
menu_id_533|埃 莉 诺 是 世 间 经 验 最 丰 富 的 地 牢 探 险 家 之 一。今 天 她 把 你 拉 到 一 旁，表 示 只 要 你 带 她 一 同 深 入 地 牢，她 便 愿 意 传 授 自 己 的 秘 密。
mno_id_2095|今 后，只 要 埃 莉 诺 作 为 地 牢 同 伴 同 行 且 仍 保 持 清 醒，每 只 宝 箱 都 会 多 出 两 件 宝 物。
menu_id_534|埃 莉 诺 并 未 躺 在 旧 日 功 绩 上 吃 老 本。近 几 周 来，她 一 直 在 强 化 近 身 战 斗 与 敏 捷 训 练。
mno_id_2096|埃 莉 诺 获 得 闪 避。
menu_id_535|卢 瑟·哈 肯 亵 渎 她 族 人 的 安 宁，并 将 他 们 从 死 亡 中 唤 回，因 此 埃 莉 诺 对 他 怀 有 刻 骨 仇 恨。她 发 誓，面 对 哈 肯 及 其 邪 恶 大 军 时 绝 不 退 却。
mno_id_2097|埃 莉 诺 获 得 永 不 溃 败。
menu_id_536|在 斯 卡 文 入 侵 中 幸 存 的 海 盗 分 散 成 小 股 部 队，奉 包 括 埃 莉 诺 在 内 的 海 盗 高 层 之 命，不 断 袭 扰 斯 卡 文。埃 莉 诺 的 突 击 队 给 斯 卡 文 的 行 动 造 成 了 巨 大 破 坏，而 且 她 总 会 留 下 标 记，让 敌 人 清 楚 是 谁 所 为。艾 辛 氏 族 已 悬 赏 她 的 首 级，而 你 也 被 视 为 可 能 的 共 谋。{reg33?:}{reg33?:}{reg33?:}
mno_id_2098|与 斯 卡 文 鼠 人 的 关 系 下 降
menu_id_537|体 操 与 敏 捷 训 练 是 亚 马 逊 女 子 的 日 常 功 课。那 克 瓦 查 一 向 脚 步 轻 灵，如 今 已 将 闪 避 技 巧 磨 炼 至 炉 火 纯 青。
mno_id_2099|那 克 瓦 查 获 得 闪 避。
menu_id_538|那 克 瓦 查 的 姐 妹 会 得 知 她 安 然 无 恙，也 感 激 你 当 初 收 留 了 她。为 了 让 她 更 安 全，她 们 送 来 一 头 新 坐 骑 作 为 礼 物。
mno_id_2100|亚 马 逊 斥 候 队 送 来 一 头 角 蜥，并 教 会 那 克 瓦 查 如 何 骑 乘。
menu_id_539|那 克 瓦 查 迷 恋 年 轻 的 巴 托 尼 亚 冒 险 者 弗 罗 林·达 尔 托 已 不 是 什 么 秘 密。人 们 常 见 她 给 他 写 信，也 常 听 见 她 独 自 念 叨 他 的 名 字。
mno_id_2101|她 请 求 你，若 在 酒 馆 见 到 弗 罗 林 便 将 他 招 入 队 伍，并 以 自 己 的 名 誉 担 保 他 的 身 手 与 勇 气。
menu_id_540|那 克 瓦 查 不 习 惯 前 线 士 兵 经 常 面 对 的 恶 劣 环 境，因 此 频 频 染 病。
mno_id_2102|她 今 天 发 烧 且 呼 吸 急 促，一 段 时 间 内 无 法 全 力 作 战。
menu_id_541|弗 罗 林 十 分 珍 视 自 己 冒 险 家 的 名 声，也 渴 望 在 功 绩 簿 上 添 上 几 桩 真 正 的 大 事。遍 布 世 界、恶 名 昭 彰 的 艰 险 地 牢 正 合 他 意；他 决 心 将 它 们 一 一 征 服。
mno_id_2103|今 后，弗 罗 林 在 地 牢 中 的 表 现 会 得 到 加 成。
menu_id_542|弗 罗 林 出 身 豪 富，却 不 愿 谈 论 家 世，也 几 乎 从 不 返 回 家 族 庄 园。不 过 他 一 直 与 家 中 管 家 保 持 联 络，最 近 还 托 对 方 寄 来 一 套 新 盔 甲。
mno_id_2104|新 盔 甲 今 天 送 到 了。
menu_id_543|自 信 与 傲 慢 只 隔 一 线，军 中 也 常 争 论 弗 罗 林 究 竟 站 在 哪 一 边。他 自 信 十 足，却 也 确 有 本 事，这 点 无 人 能 够 否 认。近 来 的 冒 险 更 锻 造 出 钢 铁 般 的 意 志，正 配 得 上 他 那 永 不 言 败 的 性 情。
mno_id_2105|弗 罗 林 获 得 永 不 溃 败。
menu_id_544|弗 罗 林 酷 爱 打 牌，却 完 全 不 懂 牌 技。今 天 他 输 掉 大 笔 金 钱，欠 下 了 根 本 无 力 偿 还 的 债，随 后 又 挑 起 一 场 斗 殴，把 全 军 的 兴 致 搅 得 一 塌 糊 涂。
mno_id_2106|军 队 士 气 下 降
menu_id_545|复 仇 对 矮 人 而 言 是 最 强 烈 的 动 力 之 一，而 少 有 团 体 比 巴 格 曼 游 侠 更 能 感 受 那 团 复 仇 之 火。几 名 游 侠 投 奔 你 与 他 们 的 队 长，只 盼 能 多 放 些 绿 皮 的 血。
mno_id_2107|免 费 获 得 5名 巴 格 曼 游 侠。
menu_id_546|约 瑟 夫·巴 格 曼 在 商 界 人 脉 广 泛，也 乐 于 帮 助 自 己 喜 欢 且 信 得 过 的 人。因 此，他 在 卡 拉 克·号 角 堡 的 商 界 领 袖 面 前 替 你 说 了 不 少 好 话。
mno_id_2108|从 今 以 后，卡 拉 克·号 角 堡 的 所 有 产 业 价 格 减 半。
menu_id_547|约 瑟 夫·巴 格 曼 经 常 收 到 自 家 啤 酒 的 货 运 样 品，以 确 认 酒 厂 仍 维 持 最 高 水 准。每 逢 酒 桶 送 到，营 中 便 如 过 节 一 般，而 且 从 来 人 人 有 份。
mno_id_2109|约 瑟 夫·巴 格 曼 送 给 你 3桶 顶 级 啤 酒
menu_id_548|歉 收、机 器 损 坏 以 及 矮 人 王 国 的 债 务 危 机，正 在 威 胁 巴 格 曼 酒 厂 的 未 来。货 运 难 以 为 继，金 库 也 已 所 剩 无 几。
mno_id_2110|约 瑟 夫·巴 格 曼 致 歉 后 离 开 了 队 伍；他 必 须 回 去 挽 救 自 己 的 酒 厂，也 不 知 道 何 时 才 能 归 来。
menu_id_549|蜥 人 是 凶 猛 的 近 战 战 士，鳞 片 还 会 随 着 年 岁 增 长 而 愈 发 坚 硬。他 们 的 训 练 也 堪 称 世 间 最 严 苛 之 一；配 合 天 生 的 种 族 防 护，几 乎 就 是 坚 韧 不 屈 的 化 身。
mno_id_2111|金 席 查 完 成 尊 贵 守 卫 训 练 的 又 一 阶 段，并 获 得 高 级 无 视 痛 苦
menu_id_550|金 席 查 对 其 他 种 族 权 势 滔 天 的 统 治 精 英 毫 无 好 感，并 把 世 间 的 纵 欲、战 争 与 混 乱 都 归 咎 于 他 们。任 何 落 入 你 俘 虏 队 列 的 贵 人，都 会 受 到 他 鹰 隼 般 严 密 的 监 视。
mno_id_2112|金 席 查 在 队 伍 中 时，敌 方 领 主 的 逃 脱 几 率 降 低 50%
menu_id_551|蜥 人 视 混 沌 为 头 号 大 敌，会 把 战 士 训 练 到 足 以 与 任 何 受 腐 化 的 混 沌 爪 牙 单 独 厮 杀。要 达 到 这 种 境 界，唯 有 最 严 苛 的 纪 律 与 操 练。
mno_id_2113|金 席 查 完 成 尊 贵 守 卫 训 练 的 又 一 阶 段，并 获 得 若 干 可 分 配 的 武 器 熟 练 度
menu_id_552|蜥 蜴 人 不 仅 是 抵 御 混 沌 的 第 一 道 防 线，更 自 认 为 是 诸 神 之 子 与 旧 世 界 最 初 的 统 治 者。他 们 将 自 己 视 作 守 护 者，也 认 定 自 身 比 其 他 种 族 更 为 开 明。^^近 来，人 们 常 听 见 金 席 查 在 士 兵 和 访 客 面 前 贬 低 你 的 命 运 与 重 要 性。在 他 看 来，你 虽 颇 具 气 度，却 并 非 受 祝 福 的 种 族，因 此 你 的 成 就 不 会 在 历 史 长 河 中 留 下 多 少 痕 迹。
menu_id_553|上 周，巴 斯 汀 遇 到 一 位 老 朋 友—— 一 个 年 过 五 十，却 仍 保 持 着 巅 峰 体 魄 的 海 盗。相 形 之 下，巴 斯 汀 深 感 羞 愧，自 那 以 后 抓 住 每 一 刻 空 闲 拼 命 训 练。
mno_id_2115|巴 斯 汀 因 新 燃 起 的 斗 志 而 获 得 属 性 提 升。
menu_id_554|巴 斯 汀 近 来 总 在 追 忆 往 昔 与 那 些 好 日 子。海 盗 覆 灭 以 后，他 一 向 少 言 寡 语，但 这 几 周 渐 渐 愿 意 敞 开 心 扉。他 让 人 送 来 了 旧 日 外 套，以 及 一 些 小 饰 物 和 纪 念 品。
mno_id_2116|他 穿 上 旧 外 套，眼 中 既 有 骄 傲，也 有 哀 伤。
menu_id_555|巴 斯 汀 在 海 上 学 会 了 许 多 歌。每 当 喝 得 过 量—— 而 这 几 乎 天 天 发 生—— 他 便 喜 欢 拉 着 整 支 队 伍 齐 声 高 唱。今 天 他 格 外 兴 奋，竟 带 得 众 人 欢 快 地 唱 起《抬 高 膝 盖，布 朗 大 妈》。
menu_id_556|巴 斯 汀 的 酗 酒 已 经 到 了 新 的 境 界，军 需 仓 库 几 乎 跟 不 上 他 的 消 耗。他 自 己 的 酒 通 常 不 到 中 午 便 喝 光，随 后 就 会 四 处 搜 寻 更 多。
mno_id_2118|今 后，只 要 巴 斯 汀 在 队 伍 中，物 品 栏 里 的 葡 萄 酒 和 麦 芽 酒 都 会 以 双 倍 速 度 消 耗
menu_id_557|艾 德 琳 的 姨 母 曾 是 圣 杯 侍 女，也 总 说 艾 德 琳 身 边 萦 绕 着 魔 法 气 息。艾 德 琳 一 直 心 存 好 奇，却 直 到 几 年 前 才 开 始 钻 研 魔 法。她 常 行 走 于 危 险 禁 地，为 了 隐 匿 身 形、摆 脱 追 踪，最 终 被 灰 色 魔 法 所 吸 引。经 过 缓 慢 而 谨 慎 的 练 习 与 冥 想，她 的 努 力 终 于 结 出 果 实。
mno_id_2119|艾 德 琳 成 为 灰 色 魔 法 的 初 学 施 法 者。
menu_id_558|艾 德 琳 的 外 交 本 领 虽 不 及 闻 名 遐 迩 的 阿 卜 杜 勒·哈 利 克，却 也 在 旅 途 中 积 累 了 不 少 见 识。她 花 了 些 时 间 向 你 讲 解，面 对 旧 世 界 的 统 治 者 时 应 如 何 通 信 措 辞，才 能 博 得 对 方 好 感。
mno_id_2120|统 治 权 提 高 3点。
menu_id_559|若 要 在 艾 德 琳 常 去 的 荒 野 乡 间 穿 行，最 好 熟 知 各 种 草 木 的 性 质，以 便 调 制 实 用 的 药 剂 与 药 物。艾 德 琳 正 是 此 道 专 家。
mno_id_2121|她 调 制 了 一 批 解 毒 药 水，并 分 给 你 一 些。
menu_id_560|军 队 经 过 一 处 十 字 路 口 时，一 辆 马 车 沿 路 疾 驰 而 来，车 夫 强 行 勒 停，车 架 随 即 失 控 翻 覆。残 骸 虽 避 开 了 大 军，艾 德 琳 却 被 一 匹 倒 下 的 马 压 在 下 面，髋 部 遭 受 重 创。
mno_id_2122|艾 德 琳 的 移 动 速 度 永 久 降 低 20%
menu_id_561|伊 拉 斯 谟 不 仅 以 训 练 锦 标 赛 斗 士 闻 名，也 擅 长 操 练 军 中 士 兵。他 在 竞 技 场 大 师 行 会 和 地 下 赌 局 组 织 中 都 颇 有 人 脉；这 一 次，他 在 后 者 面 前 替 你 说 了 好 话。
mno_id_2123|今 后，你 可 以 在 锦 标 赛 每 一 轮 下 注 更 多 金 币。
menu_id_562|伊 拉 斯 谟 掌 握 了 几 招 非 同 寻 常 的 长 柄 武 器 技 巧，曾 靠 它 们 在 诺 斯 卡 斗 坑 中 赢 下 数 场 关 键 对 决。如 今 他 决 定 亲 自 传 授 给 你。
mno_id_2124|长 柄 武 器 熟 练 度 +50
menu_id_563|伊 拉 斯 谟 是 声 名 远 扬 的 教 官，职 业 斗 士 常 会 追 到 营 中 求 他 指 点。偶 尔 有 人 为 了 亲 眼 观 察 他 在 战 场 上 的 表 现，干 脆 留 下 来 为 你 作 战。
mno_id_2125|获 得 5名 深 坑 斗 士 王。
menu_id_564|斗 坑 与 锦 标 赛 中 的 一 切，伊 拉 斯 谟 都 见 过、也 都 经 历 过。如 今 他 决 定 退 出 这 些 赛 场，专 心 成 为 你 军 中 的 高 级 军 事 教 官。
mno_id_2126|伊 拉 斯 谟 从 此 不 再 参 加 锦 标 赛。
menu_id_565|乌 格 拉 克 的 王 国 里，仍 有 少 数 食 人 魔 把 他 视 为 合 法 统 治 者。有 时，这 些 忠 诚 的 食 人 魔 食 人 者 会 主 动 寻 来，加 入 你 的 队 伍。
mno_id_2127|获 得 3名 雇 佣 食 人 魔 食 人 者。
menu_id_566|在 争 夺 王 冠 的 决 斗 中 差 点 被 活 活 打 死 以 前，乌 格 拉 克 远 比 现 在 强 壮。康 复 之 路 漫 长 艰 难，但 他 终 于 开 始 找 回 昔 日 的 感 觉。
mno_id_2128|乌 格 拉 克 获 得 20点 力 量 与 3点 强 击
menu_id_567|碰 上 一 名 食 人 魔 商 人，概 率 大 概 和 被 雷 劈 差 不 多。然 而 今 天，这 件 近 乎 不 可 能 的 事 真 发 生 了，乌 格 拉 克 高 兴 得 完 全 压 不 住 自 己。
mno_id_2129|乌 格 拉 克 给 自 己 买 了 一 套 新 盔 甲。
menu_id_568|赢 得 王 冠 决 斗 的 食 人 魔 暴 君 通 常 不 会 满 足 于 战 利 品；若 败 者 侥 幸 存 活，他 们 还 会 不 断 羞 辱 追 杀。击 败 乌 格 拉 克 的 暴 君 便 经 常 派 出 佣 兵，把 他 揍 倒 在 泥 里，好 提 醒 他 如 今 是 什 么 身 份。
mno_id_2130|今 天 正 是 这 种 日 子：乌 格 拉 克 小 解 时 遭 人 突 袭，受 了 伤。
menu_id_569|斯 露 德 荣 获“年 度 最 佳 臀 部”，整 个 旧 世 界 都 为 此 议 论 纷 纷。他 有 些 不 满，认 为 自 己 每 一 处 体 魄 都 值 得 赞 美；不 过，源 源 不 断 涌 入 营 地、求 见 面 和 签 名 的 访 客 与 崇 拜 者，还 是 让 他 相 当 受 用。
mno_id_2131|尽 管 起 初 令 人 烦 恼，你 很 快 意 识 到 这 份 关 注 是 极 好 的 宣 传。
menu_id_570|许 多 年 前，斯 露 德 曾 在 北 方 一 座 地 牢 中 救 下 一 名 遭 地 精 狼 骑 兵 折 磨 的 德 鲁 伊。那 人 寻 找 你 军 数 周，今 天 终 于 赶 到，请 求 会 见 斯 露 德。你 准 许 了。两 人 在 帐 篷 里 谈 了 约 十 分 钟 后，里 面 传 出 德 鲁 伊 举 行 仪 式 或 念 诵 咒 文 的 声 音。
mno_id_2132|为 报 答 昔 日 恩 情，斯 露 德 获 得 6+魔 法 抗 性
menu_id_571|斯 露 德 时 常 独 自 溜 出 大 队，单 枪 匹 马 闯 荡 地 牢 或 巢 穴。若 战 利 品 不 合 心 意，他 通 常 会 怒 气 冲 冲 地 回 来，把 找 到 的 东 西 随 手 送 人。
mno_id_2133|今 天 正 是 这 种 日 子，他 把 找 到 的 一 些 金 币 送 给 了 你
menu_id_572|今 天，一 群 阴 影 法 师 无 情 嘲 笑 斯 露 德，说 这 样 一 位 以 强 悍 闻 名 的 勇 士 竟 开 始 穿 盔 甲。斯 露 德 挥 刀 乱 砍，但 那 些 人 身 法 飘 忽，只 让 他 不 断 劈 中 空 气。受 尽 羞 辱 的 他 暴 怒 之 下，把 自 己 的 盔 甲 砸 成 废 铁，并 发 誓 再 也 不 披 甲。
mno_id_2134|斯 露 德 失 去 了 自 己 的 盔 甲
menu_id_573|阿 尔 伯 图 斯 男 爵 生 前 与 埃 尔 斯 佩 特·冯·德 拉 肯 交 情 深 厚，也 曾 拼 命 向 她 学 习。他 熟 知 理 论，却 始 终 缺 乏 驾 驭 魔 法 之 风 的 控 制 力 与 力 量。巫 妖 诅 咒 不 知 为 何 改 变 了 这 一 切：旧 日 知 识 并 未 遗 忘，一 股 新 的 力 量 却 已 在 亡 躯 中 流 淌，他 终 于 能 够 施 展 曾 经 学 到 的 魔 法。
mno_id_2135|阿 尔 伯 图 斯 男 爵 成 为 一 名 熟 练 的 紫 晶 魔 法 施 法 者。
menu_id_574|阿 尔 伯 图 斯 男 爵 自 幼 爱 马。化 为 亡 灵 后，他 一 直 渴 望 仍 能 被 活 马 接 纳，但 无 论 怎 样 努 力，都 无 法 与 任 何 坐 骑 建 立 联 系。最 后，他 只 好 用 假 名 订 购 一 套 马 铠，亲 手 造 出 属 于 自 己 的 坐 骑。
mno_id_2136|阿 尔 伯 图 斯 男 爵 获 得 一 匹 亡 灵 帝 国 战 马。
menu_id_575|阿 尔 伯 图 斯 男 爵 曾 是 威 森 领 一 座 宁 静 聚 落 的 领 主，名 下 有 葡 萄 园 与 果 园。人 们 常 听 他 哀 叹 失 去 的 旧 日 生 活。今 天 你 收 到 他 的 一 封 信：他 渴 望 再 次 成 为 有 地 领 主，并 称 若 有 机 会 管 理 你 王 国 中 的 一 处 封 地，必 能 成 为 出 色 的 领 地 总 管。
menu_id_576|阿 尔 伯 图 斯 男 爵 以 骷 髅 之 身 返 回 帝 国 后，遭 到 了 毫 不 留 情 的 追 杀，险 些 再 死 一 次。猎 巫 人 行 会 与 至 高 大 导 师 都 颁 布 命 令，要 么 逮 捕 拘 禁 他，要 么 就 地 处 决。如 今 帝 国 当 局 已 经 得 知，你 把 他 收 到 了 麾 下。
mno_id_2138|与 帝 国 的 关 系 下 降
menu_id_577|更 改 你 的 王 国 配 色。
mno_id_2139|蓝 色 
mno_id_2140|红 色 
mno_id_2141|绿 色 
mno_id_2142|紫 色 
mno_id_2143|深 绿 色 
mno_id_2144|钢 铁 色
mno_id_2145|冬 日 蓝
mno_id_2146|柠 檬 绿 
mno_id_2147|深 蓝 色 
mno_id_2148|暗 红 色
mno_id_2149|暗 绿 色
mno_id_2150|金 色
menu_id_578|{s10}^^（P、C与 I快 捷 键 已 启 用）
mno_id_2151|让 你 的 英 雄 从 地 上 的 物 品 中 自 行 挑 选 装 备
mno_id_2152|战 利 品 池 空 间 不 足，无 法 自 动 升 级
mno_id_2153|同 伴 自 动 装 备 菜 单
mno_id_2154|查 看 {reg0?地 上 的 {reg20}件 物 品:地 上 的 物 品}。
mno_id_2155|从 你 的 库 存 中 将 未 穿 戴 的 装 备 丢 弃 到 战 利 品 池。
mno_id_2156|查 看 {s4} 的 物 品 栏
mno_id_2157|查 看 配 偶 的 物 品 栏
mno_id_2158|将 当 前 角 色 重 置 为 玩 家
mno_id_2159|{s20}
mno_id_2160|从 地 上 的 {reg20}件 物 品 中 拿 取 {reg0}件，然 后 离 开
mno_id_2161|收 集 所 有 价 值 不 低 于 {reg21}金 币 的 物 品，然 后 离 开
mno_id_2162|你 的 背 包 已 无 剩 余 空 间。
menu_id_579|你 的 英 雄 会 按 照 预 先 设 定 的 升 级 偏 好，自 动 从 战 利 品 中 挑 选 装 备。队 伍 名 单 中 排 位 越 靠 前 的 英 雄，选 择 顺 序 越 优 先。不 再 需 要 的 旧 装 备 会 放 回 战 利 品 堆。离 开 后，战 利 品 堆 中 仍 未 取 走 的 物 品 将 全 部 消 失。^确 定 要 继 续 吗？^^^注 意：该 系 统 只 能 粗 略 判 断 装 备 上 的 魔 法 效 果，因 此 这 类 装 备 可 能 仍 需 手 动 分 配。
mno_id_2163|不，我 改 变 主 意 了 
mno_id_2164|是 的，执 行 升 级 
mno_id_2165|是 的，仅 升 级 {s1}
menu_id_580|联 盟 协 议^^{s1} 与 {s2} 结 成 了 联 盟！^{s57}
menu_id_581|防 御 协 议^^{s1} 与 {s2} 缔 结 了 防 御 协 议！^{s57}
menu_id_582|贸 易 协 议^^{s1} 与 {s2} 签 署 了 贸 易 协 议！^{s57}
menu_id_583|互 不 侵 犯 条 约^^{s1} 与 {s2} 缔 结 了 互 不 侵 犯 条 约！^{s57}
menu_id_584|收 到 联 盟 提 议^^{s1} 希 望 与 你 结 成 联 盟。你 如 何 答 复？
menu_id_585|收 到 防 御 协 议 提 议^^{s1} 希 望 与 你 缔 结 防 御 协 议。你 如 何 答 复？
menu_id_586|收 到 贸 易 协 议 提 议^^{s1} 希 望 与 你 签 订 贸 易 协 议。你 如 何 答 复？
menu_id_587|收 到 互 不 侵 犯 条 约 提 议^^{s1} 希 望 与 你 缔 结 互 不 侵 犯 条 约。你 如 何 答 复？
menu_id_588|联 盟 到 期^^{s1} 与 {s2} 的 联 盟 已 到 期，双 方 关 系 降 为 防 御 协 议。
menu_id_589|防 御 协 议 到 期^^{s1} 与 {s2} 的 防 御 协 议 已 到 期，双 方 关 系 降 为 贸 易 协 议。
menu_id_590|贸 易 协 议 到 期^^{s1} 与 {s2} 的 贸 易 协 议 已 到 期，双 方 关 系 降 为 互 不 侵 犯 条 约。
menu_id_592|你 现 在 可 以 决 定 王 国 的 内 政 方 针。要 立 即 调 整 国 家 政 策 吗？
mno_id_2181|是，我 要 调 整 国 家 政 策
mno_id_2182|不，我 暂 时 不 调 整 国 家 政 策
menu_id_593|隐 藏 文 本
menu_id_594|提 出 你 的 和 平 条 件。
mno_id_2186|索 要 4000金 币
mno_id_2187|索 要 8000金 币
mno_id_2188|索 要 {s2}
menu_id_595|{s1} 拒 绝 了 你 的 条 件，并 中 止 谈 判。
menu_id_596|在 血 腥 的 战 斗 中，你 和 你 的 部 下 屠 杀 了 叛 军，夺 回 了 村 庄 的 控 制 权。但 你 能 控 制 的 已 经 所 剩 无 几 了。
menu_id_597|在 血 腥 的 战 斗 中，你 和 你 的 人 屠 杀 了 叛 军，夺 回 了 对 城 镇 的 控 制 权。
menu_id_598|你 接 近 愤 怒 的 人 群，开 始 谈 判。暴 动 的 领 导 人 要 求 {reg0}金 币。如 果 你 愿 意 付 钱，他 们 同 意 放 下 武 器。
mno_id_2194|指 示 你 的 财 政 大 臣 从 国 库 支 付 这 笔 钱。
mno_id_2195|支 付 现 金 
mno_id_2196|返 回 
menu_id_599|{s1} 的 农 民 发 动 暴 乱，公 然 反 抗 你！在 一 场 突 袭 中，忠 于 你 的 人 遭 到 杀 害，幸 存 者 也 加 入 了 愤 怒 的 人 群。
menu_id_600|身 为 一 处 封 地 的 领 主，你 现 在 可 以 任 命 一 名 财 政 大 臣，让 他 驻 于 宫 廷，每 周 薪 水 15枚 金 币。他 将 处 理 财 务、制 定 税 率、发 放 薪 饷 并 管 理 你 的 产 业；此 外，他 还 会 监 督 王 国 间 的 资 金 转 移，为 你 提 供 更 多 外 交 选 项。
mno_id_2198|从 当 地 贵 族 中 任 命 一 位 显 赫 人 物
mno_id_2199|不 设 财 政 大 臣，继 续。
menu_id_601|财 政 大 臣 就 在 你 的 宫 廷。若 想 处 理 财 务 问 题，或 需 要 调 用 更 多 资 金，就 去 找 他。务 必 确 保 国 库 中 留 有 足 够 的 钱，以 支 付 政 务 开 销。
menu_id_602|身 为 一 处 设 防 据 点 的 领 主，你 现 在 可 以 任 命 一 名 治 安 官，让 他 驻 于 宫 廷，每 周 薪 水 15枚 金 币。他 会 训 练 新 部 队，并 提 供 军 队 情 报。
mno_id_2202|不 设 治 安 官，继 续。
menu_id_603|治 安 官 就 在 你 的 宫 廷。若 想 招 募 新 兵，或 查 看 军 队 的 详 细 情 报，就 去 找 他。
menu_id_604|身 为 一 国 之 主、又 拥 有 一 座 城 镇，你 现 在 可 以 任 命 一 名 掌 玺 大 臣，让 他 驻 于 宫 廷，每 周 薪 水 20枚 金 币。他 将 保 管 你 的 印 玺，并 负 责 你 与 重 要 人 物 之 间 的 通 信。
mno_id_2205|不 设 掌 玺 大 臣，继 续。
menu_id_605|掌 玺 大 臣 就 在 你 的 宫 廷。若 想 发 送 信 件 或 礼 物，就 去 找 他。
menu_id_606|一 些 士 兵 认 为 你 不 会 支 付 军 饷，因 而 选 择 逃 亡。你 共 失 去 {s11} 名 士 兵。
menu_id_607|你 站 上 城 墙，挥 起 白 旗。片 刻 后，{s11} 派 来 一 名 谈 判 使 者。他 要 求 你 交 出 {s6} 及 其 所 有 附 属 村 庄，并 支 付 {reg0}枚 金 币，才 肯 保 证 你 安 全 撤 离。
mno_id_2208|同 意 并 指 示 你 的 财 政 大 臣 从 国 库 支 付 这 笔 钱。
mno_id_2209|同 意 并 支 付 金 币。
mno_id_2210|中 止 谈 判
menu_id_608|大 人，我 已 经 找 到 {s10}，并 传 达 了 您 的 口 信。对 方 的 回 答 是：{s11}
menu_id_609|你 派 往 {s10} 的 间 谍 回 来 了。^^{s11}{s12}
mno_id_2214|按 关 系 高 低 查 看 所 有 已 知 领 主
menu_id_610|游 戏 所 描 绘 的 旧 世 界 社 会 中，战 争 与 政 治 通 常 由 男 性 贵 族 主 导。因 此，女 性 角 色 起 初 可 能 会 遭 受 偏 见，某 些 对 男 性 开 放 的 机 会 也 不 会 出 现；但 女 性 同 样 拥 有 男 性 没 有 的 机 会。部 分 玩 家 可 能 不 喜 欢 这 项 设 定，你 可 以 选 择 忽 略 旧 世 界 社 会 的 这 一 面。^^之 后 仍 可 通 过 营 地 菜 单 更 改 选 择。
mno_id_2216|我 不 介 意 遭 遇 性 别 歧 视 
mno_id_2217|我 不 想 遇 到 那 么 多 的 性 别 歧 视 
menu_id_611|在 此 选 择 一 项 与 城 镇 互 动 的 操 作。
mno_id_2220|下 一 页
mno_id_2221|围 攻 此 据 点……
mno_id_2222|强 制 防 守 围 攻
mno_id_2223|（作 弊）强 制 当 前 围 城 方 发 起 进 攻
mno_id_2224|举 办 锦 标 赛
mno_id_2225|召 集 所 有 未 激 活 的 NPC
mno_id_2226|{reg10?解 雇 :招 募 } 一 个 酒 鬼。
mno_id_2227|{reg11?吓 跑 :雇 佣 } 一 名 刺 客。
mno_id_2228|{reg12?驱 逐 :被 一 些 }{s12} 伏 击。
mno_id_2229|{reg13?净 化:感 染} {s13} 村……
mno_id_2230|刷 新 所 有 商 人
mno_id_2231|刷 新 村 庄 商 品
mno_id_2232|刷 新 新 兵 
mno_id_2233|刷 新 雇 佣 兵 
mno_id_2234|返 回
menu_id_612|选 择 一 项 直 接 作 用 于 此 据 点 的 操 作。当 前 繁 荣 度 为 {reg1}，关 系 为 {reg2}，城 内 有 {reg3}支 部 队。
mno_id_2236|上 一 页
mno_id_2237|{reg1?恢 复 :摧 毁 } 此 村 庄。
mno_id_2238|管 理 此 据 点
mno_id_2239|提 升 关 系 
mno_id_2240|降 低 关 系 
mno_id_2241|提 升 繁 荣 度 
mno_id_2242|降 低 繁 荣 度 
mno_id_2247|显 示 报 告 
mno_id_2249|进 入 商 店 场 景
menu_id_613|按 {s41} 打 开 {s1} 的 角 色 界 面，然 后 点 击 左 下 角 的 统 计 按 钮。
mno_id_2252|我 从 来 都 不 喜 欢 {s1} 这 个 名 字……
menu_id_614|你 即 将 潜 入 {s1}。带 入 城 中 的 金 币 与 物 品 若 有 损 失，后 果 自 负。{s2}
mno_id_2254|选 择 最 多 {reg1}件 物 品 携 带。
mno_id_2255|选 择 携 带 多 少 金 币。
mno_id_2256|尝 试 潜 入……
mno_id_2257|换 上 平 民 服 装
mno_id_2258|穿 着 当 前 武 器 与 盔 甲 进 入（若 被 发 现，敌 人 的 反 抗 会 更 加 激 烈）
mno_id_2259|算 了……
menu_id_615|招 募 属 于 此 城 镇 所 属 派 系 的 部 队。
mno_id_2260|通 过 商 队 从 贸 易 路 线 上 的 城 镇 招 募
menu_id_616|选 择 要 从 哪 座 贸 易 伙 伴 城 镇 招 募：
mno_id_2262|我 要 从 {s10} 招 募 {s11}；现 有 {reg59}名，每 名 费 用 {reg58}金 币，路 程 需 要 {reg60}天。
mno_id_2275|第 二 页
menu_id_617|选 择 订 单 的 规 模，必 要 时 还 可 选 择 类 型：
mno_id_2280|现 有 {reg59}名 可 供 招 募；我 要 从 {s10} 招 募 全 部 {s11}，总 费 用 {reg58}金 币。
mno_id_2281|现 有 {reg59}名 可 供 招 募；我 要 从 {s10} 招 募 其 中 一 半 的 {s11}，总 费 用 {reg58}金 币。
mno_id_2282|什 么，还 得 付 钱？[搓 手] 取 消 订 单 吧，我 再 等 几 天
menu_id_618|你 来 到 一 处 奇 怪 的 地 方，看 起 来 像 是 矮 人 遗 迹。部 队 在 身 后 扎 营，而 你 开 始 向 深 处 探 索……
mno_id_2283|调 查
menu_id_619|选 择 进 攻 方（你 将 与 其 敌 对）：
mno_id_2285|{s16}
mno_id_2299|下 一 页
mno_id_2306|最 后 一 页
menu_id_620|退 出
menu_id_621|提 示^^$非 战 斗 状 态 下，按 住 左 Alt键 即 可 冲 刺。^^$被 俘 领 主 可 卖 给 友 方 狱 卒，但 售 价 较 低。^^$可 用 快 捷 键 批 量 转 移 部 队 和 俘 虏，详 见“游 戏 概 念”。^^$武 器 掌 握 越 高，双 持 攻 击 速 度 越 快。^^$部 分 种 族 可 通 过 近 战 杀 敌 赢 得 恐 虐 青 睐。^^$在 城 镇 学 习 魔 法 至 少 需 要 1点 魔 法 控 制。^^$施 法 时 应 尽 量 减 轻 负 重。^^$法 师 只 会 偶 尔 出 现 在 酒 馆 中。^^$与 竞 技 场 大 师 交 谈，可 学 习 闪 避、无 视 痛 苦 等 特 殊 战 斗 能 力。^^$在 自 有 城 镇 建 造 战 争 学 院 后，每 周 会 产 出 大 型 或 特 殊 部 队。^^$酒 馆 中 的 流 浪 药 剂 商 可 以 治 疗 中 毒。^^$冠 军 模 式 可 让 你 在 战 斗 中 控 制 一 名 同 伴，双 方 都 能 获 得 经 验。^^$可 在 营 地“采 取 行 动”菜 单 中 设 定 王 国 的 部 队 与 文 化。^^$只 能 从 其 他 王 国 招 募 同 种 族 的 领 主。^^$招 募 现 有 领 主 需 要 较 高 关 系、声 望 和 荣 誉 或 恶 名。^^$地 牢 约 一 周 后 会 重 新 滋 生 敌 人。^^$每 层 地 牢 都 有 一 个 战 利 品 宝 箱，最 深 处 另 有 特 殊 奖 励。^^$战 斗 中 按 Backspace键 可 打 开 指 挥 界 面。
menu_id_622|选 择 场 景：（第 1页，共 95页）
mno_id_2310|下 一 页……
mno_id_2311|营 地 场 景：生 成
mno_id_2312|营 地 场 景：生 成｜自 动 入 口 点
mno_id_2313|营 地 马 匹 赛 道 场 景：生 成｜自 动 入 口 点
mno_id_2314|城 堡 内 部 100：内 部
mno_id_2315|城 堡 100内 部：室 内
mno_id_2316|城 堡 101外 部：生 成
mno_id_2317|城 堡 内 部 101：内 部
mno_id_2318|城 堡 101内 部：室 内
mno_id_2319|城 堡 102外 部：生 成
mno_id_2320|城 堡 101监 狱：室 内
mno_id_2321|城 堡 102外 部：生 成
mno_id_2322|城 堡 103外 部：生 成
mno_id_2323|城 堡 102监 狱：室 内
menu_id_623|选 择 场 景：（第 2页，共 95页）
mno_id_2326|上 一 页……
mno_id_2327|城 堡 103监 狱：室 内
mno_id_2328|城 堡 104外 部：生 成
mno_id_2329|城 堡 104内 部：室 内
mno_id_2330|城 堡 104监 狱：室 内
mno_id_2331|城 堡 105外 部：生 成
mno_id_2332|城 堡 105内 部：室 内
mno_id_2333|城 堡 105监 狱：室 内
mno_id_2334|城 堡 106外 部：生 成
mno_id_2335|城 堡 106内 部：室 内
mno_id_2336|城 堡 106监 狱：室 内
mno_id_2337|城 堡 107外 部：生 成
mno_id_2338|城 堡 107内 部：室 内
mno_id_2339|城 堡 107监 狱：室 内
menu_id_624|选 择 场 景：（第 3页，共 95页）
mno_id_2343|城 堡 108外 部：生 成
mno_id_2344|城 堡 108内 部：室 内
mno_id_2345|城 堡 108监 狱：室 内
mno_id_2346|城 堡 109外 部：生 成
mno_id_2347|城 堡 109内 部：室 内
mno_id_2348|城 堡 109监 狱：室 内
mno_id_2349|城 堡 10外 部：生 成
mno_id_2350|城 堡 10内 部：室 内
mno_id_2351|城 堡 10监 狱：生 成
mno_id_2352|城 堡 110外 部：生 成
mno_id_2353|城 堡 110内 部：室 内
mno_id_2354|城 堡 110监 狱：室 内
mno_id_2355|城 堡 111外 部：生 成
menu_id_625|选 择 场 景：（第 4页，共 95页）
mno_id_2359|城 堡 111内 部：室 内
mno_id_2360|城 堡 111监 狱：室 内
mno_id_2361|城 堡 112外 部：生 成
mno_id_2362|城 堡 112内 部：生 成
mno_id_2363|城 堡 112监 狱：室 内
mno_id_2364|城 堡 113外 部：生 成
mno_id_2365|城 堡 113内 部：生 成
mno_id_2366|城 堡 113监 狱：室 内
mno_id_2367|城 堡 114外 部：生 成
mno_id_2368|城 堡 114内 部：生 成
mno_id_2369|城 堡 114监 狱：室 内
mno_id_2370|城 堡 115外 部：生 成
mno_id_2371|城 堡 115内 部：生 成
menu_id_626|选 择 场 景：（第 5页，共 95页）
mno_id_2375|城 堡 115监 狱：室 内
mno_id_2376|城 堡 116外 部：生 成
mno_id_2377|城 堡 116内 部：生 成
mno_id_2378|城 堡 116监 狱：室 内
mno_id_2379|城 堡 117外 部：生 成
mno_id_2380|城 堡 117内 部：生 成
mno_id_2381|城 堡 117监 狱：室 内
mno_id_2382|城 堡 118外 部：生 成
mno_id_2383|城 堡 118内 部：室 内
mno_id_2384|城 堡 118监 狱：室 内
mno_id_2385|城 堡 119外 部：生 成
mno_id_2386|城 堡 119内 部：室 内
mno_id_2387|城 堡 119监 狱：室 内
menu_id_627|选 择 场 景：（第 6页，共 95页）
mno_id_2391|城 堡 11外 部：生 成
mno_id_2392|城 堡 11内 部：室 内
mno_id_2393|城 堡 11监 狱：室 内
mno_id_2394|城 堡 120外 部：生 成
mno_id_2395|城 堡 120内 部：室 内
mno_id_2396|城 堡 120监 狱：室 内
mno_id_2397|城 堡 12外 部：生 成
mno_id_2398|城 堡 12内 部：室 内
mno_id_2399|城 堡 12监 狱：室 内
mno_id_2400|城 堡 13外 部：生 成
mno_id_2401|城 堡 13内 部：生 成
mno_id_2402|城 堡 13监 狱：室 内
mno_id_2403|城 堡 14外 部：生 成
menu_id_628|选 择 场 景：（第 7页，共 95页）
mno_id_2407|城 堡 14内 部：室 内
mno_id_2408|城 堡 14监 狱：室 内
mno_id_2409|城 堡 15外 部：生 成
mno_id_2410|城 堡 15内 部：室 内
mno_id_2411|城 堡 15监 狱：室 内
mno_id_2412|城 堡 16外 部：生 成
mno_id_2413|城 堡 16内 部：室 内
mno_id_2414|城 堡 16监 狱：室 内
mno_id_2415|城 堡 17外 部：生 成
mno_id_2416|城 堡 17内 部：室 内
mno_id_2417|城 堡 17监 狱：室 内
mno_id_2418|城 堡 18外 部：生 成
mno_id_2419|城 堡 18内 部：室 内
menu_id_629|选 择 场 景：（第 8页，共 95页）
mno_id_2423|城 堡 18监 狱：室 内
mno_id_2424|城 堡 19外 部：生 成
mno_id_2425|城 堡 19内 部：室 内
mno_id_2426|城 堡 19监 狱：室 内
mno_id_2427|城 堡 1外 部：生 成
mno_id_2428|城 堡 1内 部：室 内
mno_id_2429|城 堡 1监 狱：室 内
mno_id_2430|城 堡 20外 部：生 成
mno_id_2431|城 堡 20内 部：室 内
mno_id_2432|城 堡 20监 狱：室 内
mno_id_2433|城 堡 21外 部：生 成
mno_id_2434|城 堡 21内 部：室 内
mno_id_2435|城 堡 21监 狱：室 内
menu_id_630|选 择 场 景：（第 9页，共 95页）
mno_id_2439|城 堡 22外 部：生 成
mno_id_2440|城 堡 22内 部：室 内
mno_id_2441|城 堡 22监 狱：室 内
mno_id_2442|城 堡 23外 部：生 成
mno_id_2443|城 堡 23内 部：生 成
mno_id_2444|城 堡 23监 狱：生 成
mno_id_2445|城 堡 24外 部：生 成
mno_id_2446|城 堡 24内 部：生 成
mno_id_2447|城 堡 24监 狱：室 内
mno_id_2448|城 堡 25外 部：生 成
mno_id_2449|城 堡 25内 部：生 成
mno_id_2450|城 堡 25监 狱：室 内
mno_id_2451|城 堡 26外 部：生 成
menu_id_631|选 择 场 景：（第 10页，共 95页）
mno_id_2455|城 堡 26内 部：生 成
mno_id_2456|城 堡 26监 狱：室 内
mno_id_2457|城 堡 27外 部：生 成
mno_id_2458|城 堡 27内 部：生 成
mno_id_2459|城 堡 27监 狱：室 内
mno_id_2460|城 堡 28外 部：生 成
mno_id_2461|城 堡 28内 部：室 内
mno_id_2462|城 堡 28监 狱：室 内
mno_id_2463|城 堡 29外 部：生 成
mno_id_2464|城 堡 29内 部：室 内
mno_id_2465|城 堡 29监 狱：室 内
mno_id_2466|城 堡 2外 部：生 成
mno_id_2467|城 堡 2内 部：生 成
menu_id_632|选 择 场 景：（第 11页，共 95页）
mno_id_2471|城 堡 2监 狱：室 内
mno_id_2472|城 堡 30外 部：生 成
mno_id_2473|城 堡 30内 部：生 成
mno_id_2474|城 堡 30监 狱：室 内
mno_id_2475|城 堡 31外 部：生 成
mno_id_2476|城 堡 31内 部：室 内
mno_id_2477|城 堡 31监 狱：室 内
mno_id_2478|城 堡 32外 部：生 成
mno_id_2479|城 堡 32内 部：室 内
mno_id_2480|城 堡 32监 狱：室 内
mno_id_2481|城 堡 33外 部：生 成
mno_id_2482|城 堡 33内 部：室 内
mno_id_2483|城 堡 33监 狱：室 内
menu_id_633|选 择 场 景：（第 12页，共 95页）
mno_id_2487|城 堡 34外 部：生 成
mno_id_2488|城 堡 34内 部：生 成
mno_id_2489|城 堡 34监 狱：室 内
mno_id_2490|城 堡 35外 部：生 成
mno_id_2491|城 堡 35内 部：生 成
mno_id_2492|城 堡 35监 狱：室 内
mno_id_2493|城 堡 36外 部：生 成
mno_id_2494|城 堡 36内 部：室 内
mno_id_2495|城 堡 36监 狱：室 内
mno_id_2496|城 堡 37外 部：生 成
mno_id_2497|城 堡 37内 部：室 内
mno_id_2498|城 堡 37监 狱：室 内
mno_id_2499|城 堡 38外 部：生 成
menu_id_634|选 择 场 景：（第 13页，共 95页）
mno_id_2503|城 堡 38内 部：生 成
mno_id_2504|城 堡 38监 狱：室 内
mno_id_2505|城 堡 39外 部：生 成
mno_id_2506|城 堡 39内 部：室 内
mno_id_2507|城 堡 39监 狱：室 内
mno_id_2508|城 堡 3外 部：生 成
mno_id_2509|城 堡 3内 部：生 成
mno_id_2510|城 堡 3监 狱：室 内
mno_id_2511|城 堡 40外 部：生 成
mno_id_2512|城 堡 40内 部：室 内
mno_id_2513|城 堡 40监 狱：室 内
mno_id_2514|城 堡 41外 部：生 成
mno_id_2515|城 堡 41内 部：室 内
menu_id_635|选 择 场 景：（第 14页，共 95页）
mno_id_2519|城 堡 41监 狱：室 内
mno_id_2520|城 堡 42外 部：生 成
mno_id_2521|城 堡 42内 部：室 内
mno_id_2522|城 堡 42监 狱：室 内
mno_id_2523|城 堡 43外 部：生 成
mno_id_2524|城 堡 43内 部：室 内
mno_id_2525|城 堡 43监 狱：室 内
mno_id_2526|城 堡 44外 部：生 成
mno_id_2527|城 堡 44内 部：室 内
mno_id_2528|城 堡 44监 狱：室 内
mno_id_2529|城 堡 45外 部：生 成
mno_id_2530|城 堡 45内 部：室 内
mno_id_2531|城 堡 45监 狱：室 内
menu_id_636|选 择 场 景：（第 15页，共 95页）
mno_id_2535|城 堡 46外 部：生 成
mno_id_2536|城 堡 46内 部：室 内
mno_id_2537|城 堡 46监 狱：室 内
mno_id_2538|城 堡 47外 部：生 成
mno_id_2539|城 堡 47内 部：室 内
mno_id_2540|城 堡 47监 狱：室 内
mno_id_2541|城 堡 48外 部：生 成
mno_id_2542|城 堡 48内 部：室 内
mno_id_2543|城 堡 48监 狱：室 内
mno_id_2544|城 堡 49外 部：生 成
mno_id_2545|城 堡 49内 部：室 内
mno_id_2546|城 堡 49监 狱：室 内
mno_id_2547|城 堡 4外 部：生 成
menu_id_637|选 择 场 景：（第 16页，共 95页）
mno_id_2551|城 堡 4内 部：室 内
mno_id_2552|城 堡 4监 狱：室 内
mno_id_2553|城 堡 50外 部：生 成
mno_id_2554|城 堡 50内 部：室 内
mno_id_2555|城 堡 50监 狱：室 内
mno_id_2556|城 堡 51外 部：生 成
mno_id_2557|城 堡 51内 部：室 内
mno_id_2558|城 堡 51监 狱：室 内
mno_id_2559|城 堡 52外 部：生 成
mno_id_2560|城 堡 52内 部：生 成
mno_id_2561|城 堡 52监 狱：室 内
mno_id_2562|城 堡 53外 部：生 成
mno_id_2563|城 堡 53内 部：室 内
menu_id_638|选 择 场 景：（第 17页，共 95页）
mno_id_2567|城 堡 53监 狱：室 内
mno_id_2568|城 堡 54外 部：生 成
mno_id_2569|城 堡 54内 部：室 内
mno_id_2570|城 堡 54监 狱：室 内
mno_id_2571|城 堡 55外 部：生 成
mno_id_2572|城 堡 55内 部：室 内
mno_id_2573|城 堡 55监 狱：室 内
mno_id_2574|城 堡 56外 部：生 成
mno_id_2575|城 堡 56内 部：室 内
mno_id_2576|城 堡 56监 狱：室 内
mno_id_2577|城 堡 57外 部：生 成
mno_id_2578|城 堡 57内 部：生 成
mno_id_2579|城 堡 57监 狱：室 内
menu_id_639|选 择 场 景：（第 18页，共 95页）
mno_id_2583|城 堡 58外 部：生 成
mno_id_2584|城 堡 58内 部：室 内
mno_id_2585|城 堡 58监 狱：室 内
mno_id_2586|城 堡 59外 部：生 成
mno_id_2587|城 堡 59内 部：室 内
mno_id_2588|城 堡 59监 狱：室 内
mno_id_2589|城 堡 5外 部：生 成
mno_id_2590|城 堡 5内 部：室 内
mno_id_2591|城 堡 5监 狱：室 内
mno_id_2592|城 堡 60外 部：生 成
mno_id_2593|城 堡 60内 部：室 内
mno_id_2594|城 堡 60监 狱：室 内
mno_id_2595|城 堡 61外 部：生 成
menu_id_640|选 择 场 景：（第 19页，共 95页）
mno_id_2599|城 堡 61内 部：生 成
mno_id_2600|城 堡 61监 狱：生 成
mno_id_2601|城 堡 62外 部：生 成
mno_id_2602|城 堡 62内 部：生 成
mno_id_2603|城 堡 62监 狱：生 成
mno_id_2604|城 堡 63外 部：生 成
mno_id_2605|城 堡 63内 部：生 成
mno_id_2606|城 堡 63监 狱：生 成
mno_id_2607|城 堡 64外 部：生 成
mno_id_2608|城 堡 64内 部：室 内
mno_id_2609|城 堡 64监 狱：室 内
mno_id_2610|城 堡 65外 部：生 成
mno_id_2611|城 堡 65内 部：室 内
menu_id_641|选 择 场 景：（第 20页，共 95页）
mno_id_2615|城 堡 65监 狱：室 内
mno_id_2616|城 堡 66外 部：生 成
mno_id_2617|城 堡 66内 部：室 内
mno_id_2618|城 堡 66监 狱：室 内
mno_id_2619|城 堡 67外 部：生 成
mno_id_2620|城 堡 67内 部：室 内
mno_id_2621|城 堡 67监 狱：室 内
mno_id_2622|城 堡 68外 部：生 成
mno_id_2623|城 堡 68内 部：室 内
mno_id_2624|城 堡 68监 狱：室 内
mno_id_2625|城 堡 69外 部：生 成
mno_id_2626|城 堡 69内 部：室 内
mno_id_2627|城 堡 69监 狱：室 内
menu_id_642|选 择 场 景：（第 21页，共 95页）
mno_id_2631|城 堡 6外 部：生 成
mno_id_2632|城 堡 6内 部：生 成
mno_id_2633|城 堡 6监 狱：室 内
mno_id_2634|城 堡 70外 部：生 成
mno_id_2635|城 堡 70内 部：室 内
mno_id_2636|城 堡 70监 狱：室 内
mno_id_2637|城 堡 71外 部：生 成
mno_id_2638|城 堡 71内 部：生 成
mno_id_2639|城 堡 71监 狱：室 内
mno_id_2640|城 堡 72外 部：生 成
mno_id_2641|城 堡 72内 部：室 内
mno_id_2642|城 堡 72监 狱：室 内
mno_id_2643|城 堡 73外 部：生 成
menu_id_643|选 择 场 景：（第 22页，共 95页）
mno_id_2647|城 堡 73内 部：室 内
mno_id_2648|城 堡 73监 狱：室 内
mno_id_2649|城 堡 74外 部：生 成
mno_id_2650|城 堡 74内 部：室 内
mno_id_2651|城 堡 74监 狱：室 内
mno_id_2652|城 堡 75外 部：生 成
mno_id_2653|城 堡 75内 部：生 成
mno_id_2654|城 堡 75监 狱：室 内
mno_id_2655|城 堡 76外 部：生 成
mno_id_2656|城 堡 76内 部：生 成
mno_id_2657|城 堡 76监 狱：室 内
mno_id_2658|城 堡 77外 部：生 成
mno_id_2659|城 堡 77内 部：室 内
menu_id_644|选 择 场 景：（第 23页，共 95页）
mno_id_2663|城 堡 77监 狱：室 内
mno_id_2664|城 堡 78外 部：生 成
mno_id_2665|城 堡 78内 部：室 内
mno_id_2666|城 堡 78监 狱：室 内
mno_id_2667|城 堡 79外 部：生 成
mno_id_2668|城 堡 79内 部：室 内
mno_id_2669|城 堡 79监 狱：室 内
mno_id_2670|城 堡 7外 部：生 成
mno_id_2671|城 堡 7内 部：室 内
mno_id_2672|城 堡 7监 狱：室 内
mno_id_2673|城 堡 80外 部：生 成
mno_id_2674|城 堡 80内 部：室 内
mno_id_2675|城 堡 80监 狱：室 内
menu_id_645|选 择 场 景：（第 24页，共 95页）
mno_id_2679|城 堡 81外 部：生 成
mno_id_2680|城 堡 81内 部：室 内
mno_id_2681|城 堡 81监 狱：室 内
mno_id_2682|城 堡 82外 部：生 成
mno_id_2683|城 堡 82内 部：室 内
mno_id_2684|城 堡 82监 狱：室 内
mno_id_2685|城 堡 83外 部：生 成
mno_id_2686|城 堡 83内 部：室 内
mno_id_2687|城 堡 83监 狱：室 内
mno_id_2688|城 堡 84外 部：生 成
mno_id_2689|城 堡 84内 部：室 内
mno_id_2690|城 堡 84监 狱：室 内
mno_id_2691|城 堡 85外 部：生 成
menu_id_646|选 择 场 景：（第 25页，共 95页）
mno_id_2695|城 堡 85内 部：室 内
mno_id_2696|城 堡 85监 狱：室 内
mno_id_2697|城 堡 86外 部：生 成
mno_id_2698|城 堡 86内 部：室 内
mno_id_2699|城 堡 86监 狱：室 内
mno_id_2700|城 堡 87外 部：生 成
mno_id_2701|城 堡 87内 部：室 内
mno_id_2702|城 堡 87监 狱：室 内
mno_id_2703|城 堡 88外 部：生 成
mno_id_2704|城 堡 88内 部：室 内
mno_id_2705|城 堡 88监 狱：室 内
mno_id_2706|城 堡 89外 部：生 成
mno_id_2707|城 堡 89内 部：室 内
menu_id_647|选 择 场 景：（第 26页，共 95页）
mno_id_2711|城 堡 89监 狱：室 内
mno_id_2712|城 堡 8外 部：生 成
mno_id_2713|城 堡 8内 部：室 内
mno_id_2714|城 堡 8监 狱：室 内
mno_id_2715|城 堡 90外 部：生 成
mno_id_2716|城 堡 90内 部：室 内
mno_id_2717|城 堡 90监 狱：室 内
mno_id_2718|城 堡 91外 部：生 成
mno_id_2719|城 堡 91内 部：生 成
mno_id_2720|城 堡 91监 狱：室 内
mno_id_2721|城 堡 92外 部：生 成
mno_id_2722|城 堡 92内 部：室 内
mno_id_2723|城 堡 92监 狱：室 内
menu_id_648|选 择 场 景：（第 27页，共 95页）
mno_id_2727|城 堡 93外 部：生 成
mno_id_2728|城 堡 93内 部：室 内
mno_id_2729|城 堡 93监 狱：室 内
mno_id_2730|城 堡 94外 部：生 成
mno_id_2731|城 堡 94内 部：室 内
mno_id_2732|城 堡 94监 狱：室 内
mno_id_2733|城 堡 95外 部：生 成
mno_id_2734|城 堡 95内 部：室 内
mno_id_2735|城 堡 95监 狱：室 内
mno_id_2736|城 堡 96外 部：生 成
mno_id_2737|城 堡 96内 部：室 内
mno_id_2738|城 堡 96监 狱：室 内
mno_id_2739|城 堡 97外 部：生 成
menu_id_649|选 择 场 景：（第 28页，共 95页）
mno_id_2743|城 堡 97内 部：室 内
mno_id_2744|城 堡 97监 狱：室 内
mno_id_2745|城 堡 98外 部：生 成
mno_id_2746|城 堡 98内 部：室 内
mno_id_2747|城 堡 98监 狱：室 内
mno_id_2748|城 堡 99外 部：生 成
mno_id_2749|城 堡 99内 部：室 内
mno_id_2750|城 堡 99监 狱：室 内
mno_id_2751|城 堡 9外 部：生 成
mno_id_2752|城 堡 内 部 9：室 内
mno_id_2753|城 堡 9监 狱：室 内
mno_id_2754|场 景 对 话
mno_id_2755|crash城 堡 外 部：生 成
menu_id_650|选 择 场 景：（第 29页，共 95页）
mno_id_2759|crash城 镇 中 心：生 成
mno_id_2760|死 眼 群 岛：生 成
mno_id_2761|地 牢 多 拉 克：生 成
mno_id_2762|工 坊，酿 酒 厂：室 内
mno_id_2763|工 坊，染 坊：室 内
mno_id_2764|工 坊，亚 麻 织 坊：室 内
mno_id_2765|工 坊，磨 坊：室 内
mno_id_2766|工 坊，榨 油 坊：室 内
mno_id_2767|工 坊，铁 匠 铺：室 内
mno_id_2768|工 坊，制 革 厂：生 成
mno_id_2769|工 坊，葡 萄 酒 压 榨 坊：室 内
mno_id_2770|工 坊，毛 纺 作 坊：室 内
mno_id_2771|地 形 1：生 成
menu_id_651|选 择 场 景：（第 30页，共 95页）
mno_id_2775|地 形 2：生 成
mno_id_2776|地 形 3：生 成
mno_id_2777|地 形 4：生 成
mno_id_2778|地 形 5：生 成
mno_id_2779|烈 焰 裂 谷：生 成
mno_id_2780|浮 木：生 成
mno_id_2781|四 岔 路 旅 店：生 成
mno_id_2782|隐 藏 街 道：生 成
mno_id_2783|竞 技 场 恐 虐 挑 战：生 成
mno_id_2784|强 盗 巢 穴 沙 漠：生 成
mno_id_2785|强 盗 巢 穴 森 林：生 成
mno_id_2786|强 盗 巢 穴 山 地：生 成
mno_id_2787|巢 穴 海 盗 洞 穴：生 成
menu_id_652|选 择 场 景：（第 31页，共 95页）
mno_id_2791|海 盗 巢 穴：生 成
mno_id_2792|巢 穴 骷 髅 桥：生 成
mno_id_2793|强 盗 巢 穴 草 原：生 成
mno_id_2794|强 盗 巢 穴 针 叶 林：生 成
mno_id_2795|巢 穴 雪 地 亡 灵 地 下 墓 穴：生 成
mno_id_2796|会 面 场 景 沙 漠
mno_id_2797|会 面 场 景 沙 漠 与 森 林
mno_id_2798|会 面 场 景 平 原
mno_id_2799|会 面 场 景 平 原 与 森 林
mno_id_2800|会 面 场 景 雪 地
mno_id_2801|会 面 场 景 雪 地 与 森 林
mno_id_2802|会 面 场 景 草 原
mno_id_2803|会 面 场 景 草 原 与 森 林
menu_id_653|选 择 场 景：（第 32页，共 95页）
mno_id_2807|地 形 新 手：室 内
mno_id_2808|随 机 场 景：生 成
mno_id_2809|随 机 场 景 沙 漠：生 成
mno_id_2810|随 机 场 景 沙 漠 与 森 林：生 成
mno_id_2811|随 机 场 景 平 原：生 成
mno_id_2812|随 机 场 景 平 原 与 森 林：生 成
mno_id_2813|随 机 场 景 雪 地：生 成
mno_id_2814|随 机 场 景 雪 地 与 森 林：生 成
mno_id_2815|随 机 场 景 草 原：生 成
mno_id_2816|随 机 场 景 草 原 与 森 林：生 成
mno_id_2817|预 留 10
mno_id_2818|预 留 11
mno_id_2819|预 留 12：室 内
menu_id_654|选 择 场 景：（第 33页，共 95页）
mno_id_2823|预 留 4：生 成
mno_id_2824|预 留 5：生 成
mno_id_2825|预 留 6：生 成
mno_id_2826|预 留 7：生 成
mno_id_2827|预 留 8：生 成
mno_id_2828|预 留 9：室 内
mno_id_2829|盐 矿：生 成
mno_id_2830|海 洋：生 成｜自 动 入 口 点
mno_id_2831|海 域 1：生 成
mno_id_2832|海 洋 2：生 成
mno_id_2833|海 域 3：生 成
mno_id_2834|海 域 4：生 成
mno_id_2835|海 域 5：生 成
menu_id_655|选 择 场 景：（第 34页，共 95页）
mno_id_2839|海 域 6：生 成
mno_id_2840|海 域 cd双 方：生 成
mno_id_2841|海 域 cd敌 方：生 成
mno_id_2842|海 域 cd玩 家：生 成
mno_id_2843|海 域 敌 方：生 成
mno_id_2844|海 域 玩 家：生 成
mno_id_2845|海 域 he敌 方：生 成
mno_id_2846|海 域 he玩 家：生 成
mno_id_2847|河 岸：生 成｜自 动 入 口 点
mno_id_2848|test2：生 成
mno_id_2849|test3：生 成
mno_id_2850|场 景 test：生 成
mno_id_2851|欢 乐 之 熊：室 内
menu_id_656|选 择 场 景：（第 35页，共 95页）
mno_id_2855|城 镇 10街 道：生 成
mno_id_2856|城 镇 10竞 技 场：生 成
mno_id_2857|城 镇 10城 堡：生 成
mno_id_2858|城 镇 10中 心：生 成
mno_id_2859|城 镇 10监 狱：室 内
mno_id_2860|城 镇 10商 店：室 内
mno_id_2861|城 镇 10酒 馆：生 成
mno_id_2862|城 镇 10城 墙：生 成
mno_id_2863|城 镇 11街 道：生 成
mno_id_2864|城 镇 11竞 技 场：生 成
mno_id_2865|城 镇 11城 堡：室 内
mno_id_2866|城 镇 11中 心：生 成
mno_id_2867|城 镇 11监 狱：室 内
menu_id_657|选 择 场 景：（第 36页，共 95页）
mno_id_2871|城 镇 11商 店：室 内
mno_id_2872|城 镇 11酒 馆：室 内
mno_id_2873|城 镇 11城 墙：生 成
mno_id_2874|城 镇 12街 道：生 成
mno_id_2875|城 镇 12竞 技 场：生 成
mno_id_2876|城 镇 12城 堡：室 内
mno_id_2877|城 镇 12中 心：生 成
mno_id_2878|城 镇 12监 狱：室 内
mno_id_2879|城 镇 12商 店：室 内
mno_id_2880|城 镇 12酒 馆：室 内
mno_id_2881|城 镇 12城 墙：生 成
mno_id_2882|城 镇 13街 道：生 成
mno_id_2883|城 镇 13竞 技 场：生 成
menu_id_658|选 择 场 景：（第 37页，共 95页）
mno_id_2887|城 镇 13城 堡：室 内
mno_id_2888|城 镇 13中 心：生 成
mno_id_2889|城 镇 13监 狱：室 内
mno_id_2890|城 镇 13商 店：室 内
mno_id_2891|城 镇 13酒 馆：室 内
mno_id_2892|城 镇 13城 墙：生 成
mno_id_2893|城 镇 14街 道：生 成
mno_id_2894|城 镇 14竞 技 场：生 成
mno_id_2895|城 镇 14城 堡：室 内
mno_id_2896|城 镇 14中 心：生 成
mno_id_2897|城 镇 14监 狱：室 内
mno_id_2898|城 镇 14商 店：室 内
mno_id_2899|城 镇 14酒 馆：室 内
menu_id_659|选 择 场 景：（第 38页，共 95页）
mno_id_2903|城 镇 14城 墙：生 成
mno_id_2904|城 镇 15街 道：生 成
mno_id_2905|城 镇 15竞 技 场：生 成
mno_id_2906|城 镇 15城 堡：室 内
mno_id_2907|城 镇 15中 心：生 成
mno_id_2908|城 镇 15监 狱：室 内
mno_id_2909|城 镇 15商 店：室 内
mno_id_2910|城 镇 15酒 馆：室 内
mno_id_2911|城 镇 15城 墙：生 成
mno_id_2912|城 镇 16街 道：生 成
mno_id_2913|城 镇 16竞 技 场：生 成
mno_id_2914|城 镇 16城 堡：室 内
mno_id_2915|城 镇 16中 心：生 成
menu_id_660|选 择 场 景：（第 39页，共 95页）
mno_id_2919|城 镇 16监 狱：生 成
mno_id_2920|城 镇 16商 店：室 内
mno_id_2921|城 镇 16酒 馆：生 成
mno_id_2922|城 镇 16城 墙：生 成
mno_id_2923|城 镇 17街 道：生 成
mno_id_2924|城 镇 17竞 技 场：生 成
mno_id_2925|城 镇 17城 堡：生 成
mno_id_2926|城 镇 17中 心：生 成
mno_id_2927|城 镇 17监 狱：生 成
mno_id_2928|城 镇 17商 店：室 内
mno_id_2929|城 镇 17酒 馆：生 成
mno_id_2930|城 镇 17城 墙：生 成
mno_id_2931|城 镇 18街 道：生 成
menu_id_661|选 择 场 景：（第 40页，共 95页）
mno_id_2935|城 镇 18竞 技 场：生 成
mno_id_2936|城 镇 18城 堡：生 成
mno_id_2937|城 镇 18中 心：生 成
mno_id_2938|城 镇 18监 狱：室 内
mno_id_2939|城 镇 18商 店：室 内
mno_id_2940|城 镇 18酒 馆：生 成
mno_id_2941|城 镇 18城 墙：生 成
mno_id_2942|城 镇 19街 道：生 成
mno_id_2943|城 镇 19竞 技 场：生 成
mno_id_2944|城 镇 19城 堡：生 成
mno_id_2945|城 镇 19中 心：生 成
mno_id_2946|城 镇 19监 狱：室 内
mno_id_2947|城 镇 19商 店：室 内
menu_id_662|选 择 场 景：（第 41页，共 95页）
mno_id_2951|城 镇 19酒 馆：室 内
mno_id_2952|城 镇 19城 墙：生 成
mno_id_2953|城 镇 1街 道：生 成
mno_id_2954|城 镇 1竞 技 场：生 成
mno_id_2955|城 镇 1城 堡：室 内
mno_id_2956|城 镇 1中 心：生 成
mno_id_2957|城 镇 1监 狱：室 内
mno_id_2958|城 镇 1商 店：室 内
mno_id_2959|城 镇 1酒 馆：室 内
mno_id_2960|城 镇 1城 墙：生 成
mno_id_2961|城 镇 20街 道：生 成
mno_id_2962|城 镇 20竞 技 场：室 内
mno_id_2963|城 镇 20城 堡：室 内
menu_id_663|选 择 场 景：（第 42页，共 95页）
mno_id_2967|城 镇 20中 心：生 成
mno_id_2968|城 镇 20监 狱：室 内
mno_id_2969|城 镇 20商 店：室 内
mno_id_2970|城 镇 20酒 馆：室 内
mno_id_2971|城 镇 20城 墙：生 成
mno_id_2972|城 镇 21街 道：生 成
mno_id_2973|城 镇 21竞 技 场：生 成
mno_id_2974|城 镇 21城 堡：室 内
mno_id_2975|城 镇 21中 心：生 成
mno_id_2976|城 镇 21监 狱：室 内
mno_id_2977|城 镇 21商 店：室 内
mno_id_2978|城 镇 21酒 馆：室 内
mno_id_2979|城 镇 21城 墙：生 成
menu_id_664|选 择 场 景：（第 43页，共 95页）
mno_id_2983|城 镇 22街 道：生 成
mno_id_2984|城 镇 22竞 技 场：生 成
mno_id_2985|城 镇 22城 堡：室 内
mno_id_2986|城 镇 22中 心：生 成
mno_id_2987|城 镇 22监 狱：室 内
mno_id_2988|城 镇 22商 店：室 内
mno_id_2989|城 镇 22酒 馆：室 内
mno_id_2990|城 镇 22城 墙：生 成
mno_id_2991|城 镇 23街 道：生 成
mno_id_2992|城 镇 23竞 技 场：生 成
mno_id_2993|城 镇 23城 堡：室 内
mno_id_2994|城 镇 23中 心：生 成
mno_id_2995|城 镇 23监 狱：室 内
menu_id_665|选 择 场 景：（第 44页，共 95页）
mno_id_2999|城 镇 23商 店：室 内
mno_id_3000|城 镇 23酒 馆：室 内
mno_id_3001|城 镇 23城 墙：生 成
mno_id_3002|城 镇 24街 道：生 成
mno_id_3003|城 镇 24竞 技 场：生 成
mno_id_3004|城 镇 24城 堡：室 内
mno_id_3005|城 镇 24中 心：生 成
mno_id_3006|城 镇 24监 狱：室 内
mno_id_3007|城 镇 24商 店：室 内
mno_id_3008|城 镇 24酒 馆：室 内
mno_id_3009|城 镇 24城 墙：生 成
mno_id_3010|城 镇 25街 道：生 成
mno_id_3011|城 镇 25竞 技 场：生 成
menu_id_666|选 择 场 景：（第 45页，共 95页）
mno_id_3015|城 镇 25城 堡：室 内
mno_id_3016|城 镇 25中 心：生 成
mno_id_3017|城 镇 25监 狱：室 内
mno_id_3018|城 镇 25商 店：室 内
mno_id_3019|城 镇 25酒 馆：室 内
mno_id_3020|城 镇 25城 墙：生 成
mno_id_3021|城 镇 26街 道：生 成
mno_id_3022|城 镇 26竞 技 场：生 成
mno_id_3023|城 镇 26城 堡：室 内
mno_id_3024|城 镇 26中 心：生 成
mno_id_3025|城 镇 26监 狱：室 内
mno_id_3026|城 镇 26商 店：室 内
mno_id_3027|城 镇 26酒 馆：生 成
menu_id_667|选 择 场 景：（第 46页，共 95页）
mno_id_3031|城 镇 26城 墙：生 成
mno_id_3032|城 镇 27街 道：生 成
mno_id_3033|城 镇 27竞 技 场：生 成
mno_id_3034|城 镇 27城 堡：生 成
mno_id_3035|城 镇 27中 心：生 成
mno_id_3036|城 镇 27监 狱：室 内
mno_id_3037|城 镇 27商 店：室 内
mno_id_3038|城 镇 27酒 馆：生 成
mno_id_3039|城 镇 27城 墙：生 成
mno_id_3040|城 镇 28街 道：生 成
mno_id_3041|城 镇 28竞 技 场：生 成
mno_id_3042|城 镇 28城 堡：室 内
mno_id_3043|城 镇 28中 心：生 成
menu_id_668|选 择 场 景：（第 47页，共 95页）
mno_id_3047|城 镇 28监 狱：室 内
mno_id_3048|城 镇 28商 店：室 内
mno_id_3049|城 镇 28酒 馆：生 成
mno_id_3050|城 镇 28城 墙：生 成
mno_id_3051|城 镇 29街 道：生 成
mno_id_3052|城 镇 29竞 技 场：生 成
mno_id_3053|城 镇 29城 堡：室 内
mno_id_3054|城 镇 29中 心：生 成
mno_id_3055|城 镇 29监 狱：室 内
mno_id_3056|城 镇 29商 店：室 内
mno_id_3057|城 镇 29酒 馆：室 内
mno_id_3058|城 镇 29城 墙：生 成
mno_id_3059|城 镇 2街 道：生 成
menu_id_669|选 择 场 景：（第 48页，共 95页）
mno_id_3063|城 镇 2竞 技 场：生 成
mno_id_3064|城 镇 2城 堡：室 内
mno_id_3065|城 镇 2中 心：生 成
mno_id_3066|城 镇 2监 狱：生 成
mno_id_3067|城 镇 2商 店：室 内
mno_id_3068|城 镇 2酒 馆：室 内
mno_id_3069|城 镇 2城 墙：生 成
mno_id_3070|城 镇 30街 道：生 成
mno_id_3071|城 镇 30竞 技 场：生 成
mno_id_3072|城 镇 30城 堡：室 内
mno_id_3073|城 镇 30中 心：生 成
mno_id_3074|城 镇 30监 狱：室 内
mno_id_3075|城 镇 30商 店：室 内
menu_id_670|选 择 场 景：（第 49页，共 95页）
mno_id_3079|城 镇 30酒 馆：室 内
mno_id_3080|城 镇 30城 墙：生 成
mno_id_3081|城 镇 31街 道：生 成
mno_id_3082|城 镇 31竞 技 场：生 成
mno_id_3083|城 镇 31城 堡：生 成
mno_id_3084|城 镇 31中 心：生 成
mno_id_3085|城 镇 31监 狱：室 内
mno_id_3086|城 镇 31商 店：室 内
mno_id_3087|城 镇 31酒 馆：生 成
mno_id_3088|城 镇 31城 墙：生 成
mno_id_3089|城 镇 32街 道：生 成
mno_id_3090|城 镇 32竞 技 场：生 成
mno_id_3091|城 镇 32城 堡：室 内
menu_id_671|选 择 场 景：（第 50页，共 95页）
mno_id_3095|城 镇 32中 心：生 成
mno_id_3096|城 镇 32监 狱：室 内
mno_id_3097|城 镇 32商 店：室 内
mno_id_3098|城 镇 32酒 馆：室 内
mno_id_3099|城 镇 32城 墙：生 成
mno_id_3100|城 镇 33街 道：生 成
mno_id_3101|城 镇 33竞 技 场：生 成
mno_id_3102|城 镇 33城 堡：生 成
mno_id_3103|城 镇 33中 心：生 成
mno_id_3104|城 镇 33监 狱：室 内
mno_id_3105|城 镇 33商 店：室 内
mno_id_3106|城 镇 33酒 馆：生 成
mno_id_3107|城 镇 33城 墙：生 成
menu_id_672|选 择 场 景：（第 51页，共 95页）
mno_id_3111|城 镇 34街 道：生 成
mno_id_3112|城 镇 34竞 技 场：生 成
mno_id_3113|城 镇 34城 堡：室 内
mno_id_3114|城 镇 34中 心：生 成
mno_id_3115|城 镇 34监 狱：室 内
mno_id_3116|城 镇 34商 店：室 内
mno_id_3117|城 镇 34酒 馆：室 内
mno_id_3118|城 镇 34城 墙：生 成
mno_id_3119|城 镇 35街 道：生 成
mno_id_3120|城 镇 35竞 技 场：生 成
mno_id_3121|城 镇 35城 堡：室 内
mno_id_3122|城 镇 35中 心：生 成
mno_id_3123|城 镇 35监 狱：室 内
menu_id_673|选 择 场 景：（第 52页，共 95页）
mno_id_3127|城 镇 35商 店：室 内
mno_id_3128|城 镇 35酒 馆：生 成
mno_id_3129|城 镇 35城 墙：生 成
mno_id_3130|城 镇 36街 道：生 成
mno_id_3131|城 镇 36竞 技 场：生 成
mno_id_3132|城 镇 36城 堡：室 内
mno_id_3133|城 镇 36中 心：生 成
mno_id_3134|城 镇 36监 狱：生 成
mno_id_3135|城 镇 36商 店：室 内
mno_id_3136|城 镇 36酒 馆：生 成
mno_id_3137|城 镇 36城 墙：生 成
mno_id_3138|城 镇 37街 道：生 成
mno_id_3139|城 镇 37竞 技 场：生 成
menu_id_674|选 择 场 景：（第 53页，共 95页）
mno_id_3143|城 镇 37城 堡：室 内
mno_id_3144|城 镇 37中 心：生 成
mno_id_3145|城 镇 37监 狱：室 内
mno_id_3146|城 镇 37商 店：室 内
mno_id_3147|城 镇 37酒 馆：室 内
mno_id_3148|城 镇 37城 墙：生 成
mno_id_3149|城 镇 38街 道：生 成
mno_id_3150|城 镇 38竞 技 场：生 成
mno_id_3151|城 镇 38城 堡：生 成
mno_id_3152|城 镇 38中 心：生 成
mno_id_3153|城 镇 38监 狱：生 成
mno_id_3154|城 镇 38商 店：生 成
mno_id_3155|城 镇 38酒 馆：生 成
menu_id_675|选 择 场 景：（第 54页，共 95页）
mno_id_3159|城 镇 38城 墙：生 成
mno_id_3160|城 镇 39街 道：生 成
mno_id_3161|城 镇 39竞 技 场：室 内
mno_id_3162|城 镇 39城 堡：室 内
mno_id_3163|城 镇 39中 心：生 成
mno_id_3164|城 镇 39监 狱：室 内
mno_id_3165|城 镇 39商 店：室 内
mno_id_3166|城 镇 39酒 馆：室 内
mno_id_3167|城 镇 39城 墙：生 成
mno_id_3168|城 镇 3街 道：生 成
mno_id_3169|城 镇 3竞 技 场：生 成
mno_id_3170|城 镇 3城 堡：室 内
mno_id_3171|城 镇 3中 心：生 成
menu_id_676|选 择 场 景：（第 55页，共 95页）
mno_id_3175|城 镇 3监 狱：室 内
mno_id_3176|城 镇 3商 店：室 内
mno_id_3177|城 镇 3酒 馆：室 内
mno_id_3178|城 镇 3城 墙：生 成
mno_id_3179|城 镇 40街 道：生 成
mno_id_3180|城 镇 40竞 技 场：室 内
mno_id_3181|城 镇 40城 堡：室 内
mno_id_3182|城 镇 40中 心：生 成
mno_id_3183|城 镇 40监 狱：室 内
mno_id_3184|城 镇 40商 店：室 内
mno_id_3185|城 镇 40酒 馆：室 内
mno_id_3186|城 镇 40城 墙：生 成
mno_id_3187|城 镇 41街 道：生 成
menu_id_677|选 择 场 景：（第 56页，共 95页）
mno_id_3191|城 镇 41竞 技 场：室 内
mno_id_3192|城 镇 41城 堡：室 内
mno_id_3193|城 镇 41中 心：生 成
mno_id_3194|城 镇 41监 狱：室 内
mno_id_3195|城 镇 41商 店：室 内
mno_id_3196|城 镇 41酒 馆：室 内
mno_id_3197|城 镇 41城 墙：生 成
mno_id_3198|城 镇 42街 道：生 成
mno_id_3199|城 镇 42竞 技 场：生 成
mno_id_3200|城 镇 42城 堡：室 内
mno_id_3201|城 镇 42中 心：生 成
mno_id_3202|城 镇 42监 狱：室 内
mno_id_3203|城 镇 42商 店：室 内
menu_id_678|选 择 场 景：（第 57页，共 95页）
mno_id_3207|城 镇 42酒 馆：生 成
mno_id_3208|城 镇 42城 墙：生 成
mno_id_3209|城 镇 43街 道：生 成
mno_id_3210|城 镇 43竞 技 场：生 成
mno_id_3211|城 镇 43城 堡：生 成
mno_id_3212|城 镇 43中 心：生 成
mno_id_3213|城 镇 43监 狱：生 成
mno_id_3214|城 镇 43商 店：生 成
mno_id_3215|城 镇 43酒 馆：生 成
mno_id_3216|城 镇 43城 墙：生 成
mno_id_3217|城 镇 44街 道：生 成
mno_id_3218|城 镇 44竞 技 场：生 成
mno_id_3219|城 镇 44城 堡：室 内
menu_id_679|选 择 场 景：（第 58页，共 95页）
mno_id_3223|城 镇 44中 心：生 成
mno_id_3224|城 镇 44监 狱：室 内
mno_id_3225|城 镇 44商 店：室 内
mno_id_3226|城 镇 44酒 馆：室 内
mno_id_3227|城 镇 44城 墙：生 成
mno_id_3228|城 镇 45街 道：生 成
mno_id_3229|城 镇 45竞 技 场：生 成
mno_id_3230|城 镇 45城 堡：生 成
mno_id_3231|城 镇 45中 心：生 成
mno_id_3232|城 镇 45监 狱：室 内
mno_id_3233|城 镇 45商 店：室 内
mno_id_3234|城 镇 45酒 馆：室 内
mno_id_3235|城 镇 45城 墙：生 成
menu_id_680|选 择 场 景：（第 59页，共 95页）
mno_id_3239|城 镇 46街 道：生 成
mno_id_3240|城 镇 46竞 技 场：生 成
mno_id_3241|城 镇 46城 堡：生 成
mno_id_3242|城 镇 46中 心：生 成
mno_id_3243|城 镇 46监 狱：室 内
mno_id_3244|城 镇 46商 店：室 内
mno_id_3245|城 镇 46酒 馆：生 成
mno_id_3246|城 镇 46城 墙：生 成
mno_id_3247|城 镇 47街 道：生 成
mno_id_3248|城 镇 47竞 技 场：生 成
mno_id_3249|城 镇 47城 堡：生 成
mno_id_3250|城 镇 47中 心：生 成
mno_id_3251|城 镇 47监 狱：室 内
menu_id_681|选 择 场 景：（第 60页，共 95页）
mno_id_3255|城 镇 47商 店：室 内
mno_id_3256|城 镇 47酒 馆：生 成
mno_id_3257|城 镇 47城 墙：生 成
mno_id_3258|城 镇 48街 道：生 成
mno_id_3259|城 镇 48竞 技 场：生 成
mno_id_3260|城 镇 48城 堡：室 内
mno_id_3261|城 镇 48中 心：生 成
mno_id_3262|城 镇 48监 狱：生 成
mno_id_3263|城 镇 48商 店：室 内
mno_id_3264|城 镇 48酒 馆：生 成
mno_id_3265|城 镇 48城 墙：生 成
mno_id_3266|城 镇 49街 道：生 成
mno_id_3267|城 镇 49竞 技 场：室 内
menu_id_682|选 择 场 景：（第 61页，共 95页）
mno_id_3271|城 镇 49城 堡：生 成
mno_id_3272|城 镇 49中 心：生 成
mno_id_3273|城 镇 49监 狱：室 内
mno_id_3274|城 镇 49商 店：室 内
mno_id_3275|城 镇 49酒 馆：室 内
mno_id_3276|城 镇 49城 墙：生 成
mno_id_3277|城 镇 4街 道：生 成
mno_id_3278|城 镇 4竞 技 场：生 成
mno_id_3279|城 镇 4城 堡：生 成
mno_id_3280|城 镇 4中 心：生 成
mno_id_3281|城 镇 4监 狱：室 内
mno_id_3282|城 镇 4商 店：室 内
mno_id_3283|城 镇 4酒 馆：室 内
menu_id_683|选 择 场 景：（第 62页，共 95页）
mno_id_3287|城 镇 4城 墙：生 成
mno_id_3288|城 镇 50街 道：生 成
mno_id_3289|城 镇 50竞 技 场：室 内
mno_id_3290|城 镇 50城 堡：生 成
mno_id_3291|城 镇 50中 心：生 成
mno_id_3292|城 镇 50监 狱：生 成
mno_id_3293|城 镇 50商 店：生 成
mno_id_3294|城 镇 50酒 馆：生 成
mno_id_3295|城 镇 50城 墙：生 成
mno_id_3296|城 镇 51街 道：生 成
mno_id_3297|城 镇 51竞 技 场：生 成
mno_id_3298|城 镇 51城 堡：生 成
mno_id_3299|城 镇 51中 心：生 成
menu_id_684|选 择 场 景：（第 63页，共 95页）
mno_id_3303|城 镇 51监 狱：室 内
mno_id_3304|城 镇 51商 店：室 内
mno_id_3305|城 镇 51酒 馆：室 内
mno_id_3306|城 镇 51城 墙：生 成
mno_id_3307|城 镇 52街 道：生 成
mno_id_3308|城 镇 52竞 技 场：生 成
mno_id_3309|城 镇 52城 堡：生 成
mno_id_3310|城 镇 52中 心：生 成
mno_id_3311|城 镇 52监 狱：室 内
mno_id_3312|城 镇 52商 店：室 内
mno_id_3313|城 镇 52酒 馆：生 成
mno_id_3314|城 镇 52城 墙：生 成
mno_id_3315|城 镇 53街 道：生 成
menu_id_685|选 择 场 景：（第 64页，共 95页）
mno_id_3319|城 镇 53竞 技 场：生 成
mno_id_3320|城 镇 53城 堡：生 成
mno_id_3321|城 镇 53中 心：生 成
mno_id_3322|城 镇 53监 狱：室 内
mno_id_3323|城 镇 53商 店：室 内
mno_id_3324|城 镇 53酒 馆：室 内
mno_id_3325|城 镇 53城 墙：生 成
mno_id_3326|城 镇 54街 道：生 成
mno_id_3327|城 镇 54竞 技 场：生 成
mno_id_3328|城 镇 54城 堡：室 内
mno_id_3329|城 镇 54中 心：生 成
mno_id_3330|城 镇 54监 狱：室 内
mno_id_3331|城 镇 54商 店：室 内
menu_id_686|选 择 场 景：（第 65页，共 95页）
mno_id_3335|城 镇 54酒 馆：室 内
mno_id_3336|城 镇 54城 墙：生 成
mno_id_3337|城 镇 55街 道：生 成
mno_id_3338|城 镇 55竞 技 场：生 成
mno_id_3339|城 镇 55城 堡：室 内
mno_id_3340|城 镇 55中 心：生 成
mno_id_3341|城 镇 55监 狱：室 内
mno_id_3342|城 镇 55商 店：室 内
mno_id_3343|城 镇 55酒 馆：室 内
mno_id_3344|城 镇 55城 墙：生 成
mno_id_3345|城 镇 56街 道：生 成
mno_id_3346|城 镇 56竞 技 场：生 成
mno_id_3347|城 镇 56城 堡：室 内
menu_id_687|选 择 场 景：（第 66页，共 95页）
mno_id_3351|城 镇 56中 心：生 成
mno_id_3352|城 镇 56监 狱：室 内
mno_id_3353|城 镇 56商 店：室 内
mno_id_3354|城 镇 56酒 馆：室 内
mno_id_3355|城 镇 56城 墙：生 成
mno_id_3356|城 镇 5街 道：生 成
mno_id_3357|城 镇 5竞 技 场：生 成
mno_id_3358|城 镇 5城 堡：生 成
mno_id_3359|城 镇 5中 心：生 成
mno_id_3360|城 镇 5监 狱：室 内
mno_id_3361|城 镇 5商 店：室 内
mno_id_3362|城 镇 5酒 馆：生 成
mno_id_3363|城 镇 5城 墙：生 成
menu_id_688|选 择 场 景：（第 67页，共 95页）
mno_id_3367|城 镇 6街 道：生 成
mno_id_3368|城 镇 6竞 技 场：生 成
mno_id_3369|城 镇 6城 堡：室 内
mno_id_3370|城 镇 6中 心：生 成
mno_id_3371|城 镇 6监 狱：室 内
mno_id_3372|城 镇 6商 店：室 内
mno_id_3373|城 镇 6酒 馆：室 内
mno_id_3374|城 镇 6城 墙：生 成
mno_id_3375|城 镇 7街 道：生 成
mno_id_3376|城 镇 7竞 技 场：生 成
mno_id_3377|城 镇 7城 堡：生 成
mno_id_3378|城 镇 7中 心：生 成
mno_id_3379|城 镇 7监 狱：生 成
menu_id_689|选 择 场 景：（第 68页，共 95页）
mno_id_3383|城 镇 7商 店：生 成
mno_id_3384|城 镇 7酒 馆：生 成
mno_id_3385|城 镇 7城 墙：生 成
mno_id_3386|城 镇 8街 道：生 成
mno_id_3387|城 镇 8竞 技 场：生 成
mno_id_3388|城 镇 8城 堡：室 内
mno_id_3389|城 镇 8中 心：生 成
mno_id_3390|城 镇 8监 狱：室 内
mno_id_3391|城 镇 8商 店：室 内
mno_id_3392|城 镇 8酒 馆：室 内
mno_id_3393|城 镇 8城 墙：生 成
mno_id_3394|城 镇 9街 道：生 成
mno_id_3395|城 镇 9竞 技 场：生 成
menu_id_690|选 择 场 景：（第 69页，共 95页）
mno_id_3399|城 镇 9城 堡：室 内
mno_id_3400|城 镇 9中 心：生 成
mno_id_3401|城 镇 9监 狱：室 内
mno_id_3402|城 镇 9商 店：室 内
mno_id_3403|城 镇 9酒 馆：室 内
mno_id_3404|城 镇 9城 墙：生 成
mno_id_3405|地 形 训 练 场：生 成
mno_id_3406|训 练 场 骑 术 场 1：生 成
mno_id_3407|训 练 场 骑 术 场 2：生 成
mno_id_3408|训 练 场 骑 术 场 3：生 成
mno_id_3409|训 练 场 骑 术 场 4：生 成
mno_id_3410|训 练 场 骑 术 场 5：生 成
mno_id_3411|训 练 场 近 战 区 列 队 1：生 成
menu_id_691|选 择 场 景：（第 70页，共 95页）
mno_id_3415|训 练 场 近 战 区 列 队 2：生 成
mno_id_3416|训 练 场 近 战 区 列 队 3：生 成
mno_id_3417|训 练 场 近 战 区 列 队 4：生 成
mno_id_3418|训 练 场 近 战 区 列 队 5：生 成
mno_id_3419|教 程 1：室 内
mno_id_3420|教 程 2：室 内
mno_id_3421|教 程 3：室 内
mno_id_3422|教 程 4：生 成
mno_id_3423|教 程 5：生 成
mno_id_3424|教 程 地 形 训 练 场：生 成
mno_id_3425|村 庄 1：生 成
mno_id_3426|村 庄 10：生 成
mno_id_3427|村 庄 100：生 成
menu_id_692|选 择 场 景：（第 71页，共 95页）
mno_id_3431|村 庄 101：生 成
mno_id_3432|村 庄 102：生 成
mno_id_3433|村 庄 103：生 成
mno_id_3434|村 庄 104：生 成
mno_id_3435|村 庄 105：生 成
mno_id_3436|村 庄 106：生 成
mno_id_3437|村 庄 107：生 成
mno_id_3438|村 庄 108：生 成
mno_id_3439|村 庄 109：生 成
mno_id_3440|村 庄 11：生 成
mno_id_3441|村 庄 110：生 成
mno_id_3442|村 庄 111：生 成
mno_id_3443|村 庄 112：生 成
menu_id_693|选 择 场 景：（第 72页，共 95页）
mno_id_3447|村 庄 113：生 成
mno_id_3448|村 庄 114：生 成
mno_id_3449|村 庄 115：生 成
mno_id_3450|村 庄 116：生 成
mno_id_3451|村 庄 117：生 成
mno_id_3452|村 庄 118：生 成
mno_id_3453|村 庄 119：生 成
mno_id_3454|村 庄 12：生 成
mno_id_3455|村 庄 120：生 成
mno_id_3456|村 庄 121：生 成
mno_id_3457|村 庄 122：生 成
mno_id_3458|村 庄 123：生 成
mno_id_3459|村 庄 124：生 成
menu_id_694|选 择 场 景：（第 73页，共 95页）
mno_id_3463|村 庄 125：生 成
mno_id_3464|村 庄 126：生 成
mno_id_3465|村 庄 127：生 成
mno_id_3466|村 庄 128：生 成
mno_id_3467|村 庄 129：生 成
mno_id_3468|村 庄 13：生 成
mno_id_3469|村 庄 130：生 成
mno_id_3470|村 庄 131：生 成
mno_id_3471|村 庄 132：生 成
mno_id_3472|村 庄 133：生 成
mno_id_3473|村 庄 134：生 成
mno_id_3474|村 庄 135：生 成
mno_id_3475|村 庄 136：生 成
menu_id_695|选 择 场 景：（第 74页，共 95页）
mno_id_3479|村 庄 137：生 成
mno_id_3480|村 庄 138：生 成
mno_id_3481|村 庄 139：生 成
mno_id_3482|村 庄 14：生 成
mno_id_3483|村 庄 140：生 成
mno_id_3484|村 庄 141：生 成
mno_id_3485|村 庄 142：生 成
mno_id_3486|村 庄 143：生 成
mno_id_3487|村 庄 144：生 成
mno_id_3488|村 庄 145：生 成
mno_id_3489|村 庄 146：生 成
mno_id_3490|村 庄 147：生 成
mno_id_3491|村 庄 148：生 成
menu_id_696|选 择 场 景：（第 75页，共 95页）
mno_id_3495|村 庄 149：生 成
mno_id_3496|村 庄 15：生 成
mno_id_3497|村 庄 150：生 成
mno_id_3498|村 庄 151：生 成
mno_id_3499|村 庄 152：生 成
mno_id_3500|村 庄 153：生 成
mno_id_3501|村 庄 154：生 成
mno_id_3502|村 庄 155：生 成
mno_id_3503|村 庄 156：生 成
mno_id_3504|村 庄 157：生 成
mno_id_3505|村 庄 158：生 成
mno_id_3506|村 庄 159：生 成
mno_id_3507|村 庄 16：生 成
menu_id_697|选 择 场 景：（第 76页，共 95页）
mno_id_3511|村 庄 160：生 成
mno_id_3512|村 庄 161：生 成
mno_id_3513|村 庄 162：生 成
mno_id_3514|村 庄 163：生 成
mno_id_3515|村 庄 164：生 成
mno_id_3516|村 庄 165：生 成
mno_id_3517|村 庄 166：生 成
mno_id_3518|村 庄 167：生 成
mno_id_3519|村 庄 168：生 成
mno_id_3520|村 庄 169：生 成
mno_id_3521|村 庄 17：生 成
mno_id_3522|村 庄 170：生 成
mno_id_3523|村 庄 171：生 成
menu_id_698|选 择 场 景：（第 77页，共 95页）
mno_id_3527|村 庄 172：生 成
mno_id_3528|村 庄 173：生 成
mno_id_3529|村 庄 174：生 成
mno_id_3530|村 庄 175：生 成
mno_id_3531|村 庄 176：生 成
mno_id_3532|村 庄 177：生 成
mno_id_3533|村 庄 178：生 成
mno_id_3534|村 庄 179：生 成
mno_id_3535|村 庄 18：生 成
mno_id_3536|村 庄 180：生 成
mno_id_3537|村 庄 181：生 成
mno_id_3538|村 庄 182：生 成
mno_id_3539|村 庄 183：生 成
menu_id_699|选 择 场 景：（第 78页，共 95页）
mno_id_3543|村 庄 184：生 成
mno_id_3544|村 庄 185：生 成
mno_id_3545|村 庄 186：生 成
mno_id_3546|村 庄 187：生 成
mno_id_3547|村 庄 188：生 成
mno_id_3548|村 庄 189：生 成
mno_id_3549|村 庄 19：生 成
mno_id_3550|村 庄 190：生 成
mno_id_3551|村 庄 191：生 成
mno_id_3552|村 庄 192：生 成
mno_id_3553|村 庄 193：生 成
mno_id_3554|村 庄 194：生 成
mno_id_3555|村 庄 195：生 成
menu_id_700|选 择 场 景：（第 79页，共 95页）
mno_id_3559|村 庄 196：生 成
mno_id_3560|村 庄 197：生 成
mno_id_3561|村 庄 198：生 成
mno_id_3562|村 庄 199：生 成
mno_id_3563|村 庄 2：生 成
mno_id_3564|村 庄 20：生 成
mno_id_3565|村 庄 200：生 成
mno_id_3566|村 庄 201：生 成
mno_id_3567|村 庄 202：生 成
mno_id_3568|村 庄 203：生 成
mno_id_3569|村 庄 204：生 成
mno_id_3570|村 庄 205：生 成
mno_id_3571|村 庄 206：生 成
menu_id_701|选 择 场 景：（第 80页，共 95页）
mno_id_3575|村 庄 207：生 成
mno_id_3576|村 庄 208：生 成
mno_id_3577|村 庄 209：生 成
mno_id_3578|村 庄 21：生 成
mno_id_3579|村 庄 210：生 成
mno_id_3580|村 庄 211：生 成
mno_id_3581|村 庄 212：生 成
mno_id_3582|村 庄 213：生 成
mno_id_3583|村 庄 214：生 成
mno_id_3584|村 庄 215：生 成
mno_id_3585|村 庄 216：生 成
mno_id_3586|村 庄 217：生 成
mno_id_3587|村 庄 218：生 成
menu_id_702|选 择 场 景：（第 81页，共 95页）
mno_id_3591|村 庄 219：生 成
mno_id_3592|村 庄 22：生 成
mno_id_3593|村 庄 220：生 成
mno_id_3594|村 庄 221：生 成
mno_id_3595|村 庄 222：生 成
mno_id_3596|村 庄 223：生 成
mno_id_3597|村 庄 224：生 成
mno_id_3598|村 庄 225：生 成
mno_id_3599|村 庄 226：生 成
mno_id_3600|村 庄 227：生 成
mno_id_3601|村 庄 228：生 成
mno_id_3602|村 庄 229：生 成
mno_id_3603|村 庄 23：生 成
menu_id_703|选 择 场 景：（第 82页，共 95页）
mno_id_3607|村 庄 230：生 成
mno_id_3608|村 庄 231：生 成
mno_id_3609|村 庄 232：生 成
mno_id_3610|村 庄 233：生 成
mno_id_3611|村 庄 234：生 成
mno_id_3612|村 庄 235：生 成
mno_id_3613|村 庄 236：生 成
mno_id_3614|村 庄 237：生 成
mno_id_3615|村 庄 238：生 成
mno_id_3616|村 庄 239：生 成
mno_id_3617|村 庄 24：生 成
mno_id_3618|村 庄 240：生 成
mno_id_3619|村 庄 241：生 成
menu_id_704|选 择 场 景：（第 83页，共 95页）
mno_id_3623|村 庄 242：生 成
mno_id_3624|村 庄 243：生 成
mno_id_3625|村 庄 244：生 成
mno_id_3626|村 庄 245：生 成
mno_id_3627|村 庄 246：生 成
mno_id_3628|村 庄 247：生 成
mno_id_3629|村 庄 248：生 成
mno_id_3630|村 庄 249：生 成
mno_id_3631|村 庄 25：生 成
mno_id_3632|村 庄 250：生 成
mno_id_3633|村 庄 251：生 成
mno_id_3634|村 庄 252：生 成
mno_id_3635|村 庄 253：生 成
menu_id_705|选 择 场 景：（第 84页，共 95页）
mno_id_3639|村 庄 254：生 成
mno_id_3640|村 庄 255：生 成
mno_id_3641|村 庄 256：生 成
mno_id_3642|村 庄 257：生 成
mno_id_3643|村 庄 258：生 成
mno_id_3644|村 庄 259：生 成
mno_id_3645|村 庄 26：生 成
mno_id_3646|村 庄 260：生 成
mno_id_3647|村 庄 261：生 成
mno_id_3648|村 庄 262：生 成
mno_id_3649|村 庄 263：生 成
mno_id_3650|村 庄 264：生 成
mno_id_3651|村 庄 265：生 成
menu_id_706|选 择 场 景：（第 85页，共 95页）
mno_id_3655|村 庄 266：生 成
mno_id_3656|村 庄 267：生 成
mno_id_3657|村 庄 268：生 成
mno_id_3658|村 庄 269：生 成
mno_id_3659|村 庄 27：生 成
mno_id_3660|村 庄 270：生 成
mno_id_3661|村 庄 271：生 成
mno_id_3662|村 庄 28：生 成
mno_id_3663|村 庄 29：生 成
mno_id_3664|村 庄 3：生 成
mno_id_3665|村 庄 30：生 成
mno_id_3666|村 庄 31：生 成
mno_id_3667|村 庄 32：生 成
menu_id_707|选 择 场 景：（第 86页，共 95页）
mno_id_3671|村 庄 33：生 成
mno_id_3672|村 庄 34：生 成
mno_id_3673|村 庄 35：生 成
mno_id_3674|村 庄 36：生 成
mno_id_3675|村 庄 37：生 成
mno_id_3676|村 庄 38：生 成
mno_id_3677|村 庄 39：生 成
mno_id_3678|村 庄 4：生 成
mno_id_3679|村 庄 40：生 成
mno_id_3680|村 庄 41：生 成
mno_id_3681|村 庄 42：生 成
mno_id_3682|村 庄 43：生 成
mno_id_3683|村 庄 44：生 成
menu_id_708|选 择 场 景：（第 87页，共 95页）
mno_id_3687|村 庄 45：生 成
mno_id_3688|村 庄 46：生 成
mno_id_3689|村 庄 47：生 成
mno_id_3690|村 庄 48：生 成
mno_id_3691|村 庄 49：生 成
mno_id_3692|村 庄 5：生 成
mno_id_3693|村 庄 50：生 成
mno_id_3694|村 庄 51：生 成
mno_id_3695|村 庄 52：生 成
mno_id_3696|村 庄 53：生 成
mno_id_3697|村 庄 54：生 成
mno_id_3698|村 庄 55：生 成
mno_id_3699|村 庄 56：生 成
menu_id_709|选 择 场 景：（第 88页，共 95页）
mno_id_3703|村 庄 57：生 成
mno_id_3704|村 庄 58：生 成
mno_id_3705|村 庄 59：生 成
mno_id_3706|村 庄 6：生 成
mno_id_3707|村 庄 60：生 成
mno_id_3708|村 庄 61：生 成
mno_id_3709|村 庄 62：生 成
mno_id_3710|村 庄 63：生 成
mno_id_3711|村 庄 64：生 成
mno_id_3712|村 庄 65：生 成
mno_id_3713|村 庄 66：生 成
mno_id_3714|村 庄 67：生 成
mno_id_3715|村 庄 68：生 成
menu_id_710|选 择 场 景：（第 89页，共 95页）
mno_id_3719|村 庄 69：生 成
mno_id_3720|村 庄 7：生 成
mno_id_3721|村 庄 70：生 成
mno_id_3722|村 庄 71：生 成
mno_id_3723|村 庄 72：生 成
mno_id_3724|村 庄 73：生 成
mno_id_3725|村 庄 74：生 成
mno_id_3726|村 庄 75：生 成
mno_id_3727|村 庄 76：生 成
mno_id_3728|村 庄 77：生 成
mno_id_3729|村 庄 78：生 成
mno_id_3730|村 庄 79：生 成
mno_id_3731|村 庄 8：生 成
menu_id_711|选 择 场 景：（第 90页，共 95页）
mno_id_3735|村 庄 80：生 成
mno_id_3736|村 庄 81：生 成
mno_id_3737|村 庄 82：生 成
mno_id_3738|村 庄 83：生 成
mno_id_3739|村 庄 84：生 成
mno_id_3740|村 庄 85：生 成
mno_id_3741|村 庄 86：生 成
mno_id_3742|村 庄 87：生 成
mno_id_3743|村 庄 88：生 成
mno_id_3744|村 庄 89：生 成
mno_id_3745|村 庄 9：生 成
mno_id_3746|村 庄 90：生 成
mno_id_3747|村 庄 91：生 成
menu_id_712|选 择 场 景：（第 91页，共 95页）
mno_id_3751|村 庄 92：生 成
mno_id_3752|村 庄 93：生 成
mno_id_3753|村 庄 94：生 成
mno_id_3754|村 庄 95：生 成
mno_id_3755|村 庄 96：生 成
mno_id_3756|村 庄 97：生 成
mno_id_3757|村 庄 98：生 成
mno_id_3758|村 庄 99：生 成
mno_id_3759|水 域：生 成
mno_id_3760|婚 礼：室 内
mno_id_3761|wsq入 口 cd：室 内
mno_id_3762|wsq地 牢 01：室 内
mno_id_3763|wsq地 牢 02：生 成
menu_id_713|选 择 场 景：（第 92页，共 95页）
mno_id_3767|wsq地 牢 03：生 成
mno_id_3768|wsq地 牢 04：室 内
mno_id_3769|wsq地 牢 05：生 成
mno_id_3770|wsq地 牢 06：室 内
mno_id_3771|wsq地 牢 07：室 内
mno_id_3772|wsq地 牢 08：生 成
mno_id_3773|wsq地 牢 09：生 成
mno_id_3774|wsq地 牢 10：生 成
mno_id_3775|wsq地 牢 11：室 内
mno_id_3776|wsq地 牢 12：生 成
mno_id_3777|wsq地 牢 13：生 成
mno_id_3778|wsq地 牢 14：生 成
mno_id_3779|wsq地 牢 15：室 内
menu_id_714|选 择 场 景：（第 93页，共 95页）
mno_id_3783|wsq地 牢 16：生 成
mno_id_3784|wsq地 牢 17：生 成
mno_id_3785|wsq地 牢 18：生 成
mno_id_3786|wsq地 牢 19：生 成
mno_id_3787|wsq地 牢 20：生 成
mno_id_3788|wsq地 牢 21：室 内
mno_id_3789|wsq地 牢 22：室 内
mno_id_3790|wsq地 牢 23：室 内
mno_id_3791|wsq地 牢 24：室 内
mno_id_3792|wsq地 牢 25：室 内
mno_id_3793|wsq地 牢 26：室 内
mno_id_3794|wsq地 牢 27：室 内
mno_id_3795|wsq地 牢 28：室 内
menu_id_715|选 择 场 景：（第 94页，共 95页）
mno_id_3799|wsq地 牢 29：室 内
mno_id_3800|wsq地 牢 30：室 内
mno_id_3801|wsq地 牢 31：室 内
mno_id_3802|wsq地 牢 32：生 成
mno_id_3803|wsq地 牢 33：生 成
mno_id_3804|wsq地 牢 34：室 内
mno_id_3805|wsq地 牢 35：室 内
mno_id_3806|wsq地 牢 36：室 内
mno_id_3807|wsq地 牢 37：室 内
mno_id_3808|wsq地 牢 38：室 内
mno_id_3809|wsq地 牢 39：室 内
mno_id_3810|wsq地 牢 40：生 成
mno_id_3811|wsq地 牢 41：室 内
menu_id_716|选 择 场 景：（第 95页，共 95页）
mno_id_3814|wsq终 点：生 成
mno_id_3815|wsq入 口 he：室 内
mno_id_3816|wsq丛 林 入 口 洞 穴：生 成
mno_id_3817|wsq山 口：室 内
mno_id_3818|wsq入 口 tk：室 内
mno_id_3819|wsq入 口 tk 2：室 内
mno_id_3820|wsq入 口 tk 3：室 内
mno_id_3821|wsq入 口 vc：生 成
mno_id_3822|竞 技 场 森 达 弗：生 成
mno_id_3823|中 心 森 达 弗：生 成
mno_id_3824|商 人 森 达 弗：室 内
menu_id_717|我 不 应 该 看 到 这 段 文 本；它 本 应 被 新 的 演 示 界 面 自 动 隐 藏。
menu_id_718|{s5}
mno_id_3826|是 的，建 立 一 个 的 营 地。({reg7}金 ) 
mno_id_3827|返 回 你 的 普 通 营 地。
menu_id_719|你 已 经 到 达 你 的 营 地。这 里 由 {s3} 指 挥。你 想 做 点 什 么？
mno_id_3828|与 营 地 指 挥 交 谈。
menu_id_720|士 兵，你 要 做 什 么？^^（P、C和 I快 捷 键 已 启 用。）
mno_id_3833|跟 随 指 挥 官 进 入 战 斗。
mno_id_3834|进 入 驻 扎 的 城 镇。
mno_id_3835|请 求 面 见 指 挥 官。
mno_id_3836|正 在 使 用 玩 家 角 色（切 换 为 操 控 {s31}）
mno_id_3837|正 在 操 控 {s31}（切 换 为 使 用 玩 家 角 色）
mno_id_3838|职 业 路 线 选 项。
mno_id_3839|我 想 接 受 特 殊 训 练。
mno_id_3840|反 抗 指 挥 官！
mno_id_3841|逃 离 军 队。
mno_id_3842|指 挥 官 报 告。
mno_id_3843|返 回 岗 位。
menu_id_721|你 请 求 指 挥 官 进 行 特 殊 训 练。你 将 升 级 到 {s6}
mno_id_3845|不，没 这 个 必 要。
menu_id_722|你 已 升 级 到 {s6}
menu_id_723|你 的 面 见 请 求 被 送 往 指 挥 官 的 营 地。过 了 一 阵，{s6} 终 于 从 帐 篷 中 走 出 来 与 你 交 谈。
menu_id_724|你 确 定 要 发 动 叛 乱 吗？{reg33?:}
mno_id_3849|是 的，{s6} 迟 早 会 害 死 我 们 所 有 人。是 时 候 行 动 了！
mno_id_3850|不，我 仍 然 忠 于 {s6}{reg33?:}。
menu_id_725|你 要 释 放 囚 犯，让 他 们 协 助 你 的 人 吗？
mno_id_3851|是 的，我 愿 意 冒 险 换 取 更 大 优 势
mno_id_3852|不，我 不 信 任 这 些 囚 犯
menu_id_726|你 要 从 军 中 逃 亡 吗？
mno_id_3853|是 的，继 续 留 下 毫 无 意 义
mno_id_3854|不，我 忠 于 自 己 的 指 挥 官
menu_id_727|在 军 中 服 役 期 间，你 结 交 了 一 些 朋 友。其 中 有 人 或 许 愿 意 跟 随 你。
mno_id_3855|尝 试 说 服 他 们 跟 随 你
mno_id_3856|不，我 独 自 行 动 胜 算 更 大。
menu_id_728|鉴 于 你 忠 诚 而 出 色 的 服 役 表 现，你 获 得 了 晋 升。
mno_id_3857|{s66}
mno_id_3858|{s67}
menu_id_729|你 目 前 的 职 位：{s30}^晋 升 选 项 1：{s31} ^晋 升 选 项 2：{s32}
mno_id_3859|自 请 降 级 为 {s33}
mno_id_3860|以 所 选 文 化 的 新 兵 身 份 重 新 开 始（{s34}）
mno_id_3861|以 当 前 军 队 文 化 的 新 兵 身 份 重 新 开 始（{s35}）
