str_1164|Dummy first line
str_id_1|无 字 符 串！
str_id_2|
str_id_3|是
str_id_4|否
str_id_5|
str_id_7|无 人
str_id_12|{s50} 和 {s51}
str_id_14|{s52} 和 {s51}
str_id_15|{s5} 的 部 队
str_id_16|{s2} 的 {s1} 给 予
str_id_17|野 外 的 {s1} 给 予
str_id_18|{s7} 掠 夺 者
str_id_19|难 对 付 的 强 盗 被 别 的 队 伍 消 灭 了。
str_id_20|战 斗 胜 利！按 TAB键 离 开……
str_id_21|你 现 在 正 在 大 地 图 上。左 键 点 击 地 图，可 令 部 队 前 往 指 定 地 点、进 入 选 中 的 城 镇，或 追 击 选 中 的 队 伍。部 队 未 在 移 动、等 待 或 休 息 时，大 地 图 上 的 时 间 会 暂 停。想 在 任 意 地 点 等 待，只 需 按 住 空 格 键。
str_id_22|未 使 用 Warband Script Extender 2时，本 模 组 将 无 法 正 常 运 行。请 将 WSE2安 装 至 Mount&Blade Warband主 目 录，并 通 过 wse2_launcher.exe启 动 游 戏。^^搜 索“Warsword Conquest Wiki Install Guide”可 查 看 安 装 说 明。
str_id_28|随 机
str_id_55|冲 锋
str_id_56|颜 色
str_id_57|水 平 翻 转
str_id_58|垂 直 翻 转
str_id_59|停 火
str_id_60|钝 器 /停 止 射 击
str_id_61|弹 药 已 补 满。
str_id_62|这 一 次 你 被 击 败 了，不 过 别 灰 心。仔 细 按 照 提 示 操 作，下 次 一 定 会 做 得 更 好。按 Tab键 返 回 菜 单，即 可 重 试 本 教 程。
str_id_109|(完 成)
str_id_110|造 成 {reg60}点 伤 害。
str_id_111|距 离：{reg61}码。得 分：{reg60}
str_id_112|战 斗 中 可 通 过 出 生 点 附 近 的 行 囊 打 开 物 品 栏。
str_id_113|现 在 无 法 访 问 库 存。
str_id_114|竞 技 场 中 无 法 访 问 库 存。
str_id_115|伪 装 时 无 法 访 问 库 存。
str_id_116|训 练 营 中 无 法 访 问 库 存。
str_id_117|1金 币
str_id_118|{reg1}金 币
str_id_119|{reg2}年 夜 巫 月 {reg1}日
str_id_120|{reg2}年 2月 {reg1}日
str_id_121|{reg2}年 3月 {reg1}日
str_id_122|{reg2}年 4月 {reg1}日
str_id_123|{reg2}年 5月 {reg1}日
str_id_124|{reg2}年 6月 {reg1}日
str_id_125|{reg2}年 7月 {reg1}日
str_id_126|{reg2}年 8月 {reg1}日
str_id_127|{reg2}年 9月 {reg1}日
str_id_128|{reg2}年 寒 月 {reg1}日
str_id_129|{reg2}年 11月 {reg1}日
str_id_130|{reg2}年 12月 {reg1}日
str_id_131|夜 已 深，安 分 守 己 的 人 早 已 离 开 街 道。
str_id_132|门 锁 上 了。
str_id_133|城 堡 里 似 乎 没 人。
str_id_134|镇 子 无 人 驻 防。
str_id_135|这 里 被 你 自 己 的 部 队 把 守 着。
str_id_136|该 地 点 由 敌 对 部 队 控 制。
str_id_137|该 地 点 由 友 好 部 队 控 制。
str_id_138|你 确 定 要 撤 退 吗？
str_id_139|放 弃 战 斗？
str_id_140|你 想 要 离 开 教 程 吗？
str_id_141|你 想 投 降 吗？
str_id_142|不 能 撤 退！附 近 有 敌 人。
str_id_143|敌 方 {s1} 加 入 战 斗。
str_id_144|我 方 {s1} 加 入 战 斗。
str_id_145|这 里 的 守 卫 正 在 搜 寻 敌 人，你 没 法 轻 易 从 大 门 溜 进 去。
str_id_146|这 里 的 守 卫 警 惕 性 很 高，不 管 你 怎 么 伪 装 都 没 法 溜 进 去。
str_id_147|你 赢 得 了 这 场 战 斗！
str_id_148|你 输 掉 了 这 场 战 斗！
str_id_149|一 场 浴 血 恶 战 过 后，你 英 勇 的 士 兵 终 于 从 敌 人 手 中 夺 下 城 墙。
str_id_150|你 的 士 兵 在 冲 锋 城 墙 时 成 批 倒 下，少 数 幸 存 者 很 快 溃 逃，再 也 见 不 到 踪 影。
str_id_151|双 方 在 血 战 中 都 表 现 得 无 比 英 勇。尽 管 你 的 部 队 拼 尽 全 力，城 堡 仍 掌 握 在 敌 人 手 中。
str_id_152|你 的 士 兵 奋 勇 击 退 了 敌 人。
str_id_153|你 绝 望 地 看 着 敌 人 砍 倒 你 的 士 兵，然 后 轻 松 驱 散 了 少 数 衣 衫 褴 褛 的 幸 存 者。
str_id_154|经 过 漫 长 的 交 锋，你 的 部 队 仍 未 能 取 得 决 定 性 胜 利。
str_id_155|你 的 士 兵 与 盟 军 并 肩 奋 战，击 败 敌 人，共 享 胜 利 的 荣 耀。
str_id_156|你 绝 望 地 看 着 敌 人 砍 倒 你 的 士 兵，然 后 轻 松 驱 散 了 少 数 衣 衫 褴 褛 的 幸 存 者。
str_id_157|经 过 漫 长 的 交 锋，你 的 部 队 与 盟 军 都 未 能 对 敌 人 取 得 决 定 性 胜 利。
str_id_158|守 军 以 技 巧 与 勇 气 坚 守 城 墙，击 溃 敌 军 的 攻 势，并 将 其 败 退 变 成 一 场 全 面 溃 逃。
str_id_159|攻 城 很 快 演 变 成 一 场 屠 杀。再 英 勇 的 抵 抗 也 无 济 于 事；寡 不 敌 众 的 守 军 无 法 坚 守 城 墙，最 后 一 名 守 军 也 倒 在 敌 人 刀 下。
str_id_160|一 次 次 血 腥 的 攻 城 都 未 能 推 进 半 步，但 敌 军 仍 然 众 多，守 军 也 无 法 宣 告 真 正 的 胜 利。围 城 仍 在 继 续。
str_id_161|{s3} 的 {s1} 被 {s2} 俘 虏。
str_id_162|{s3} 的 {s1} 被 {s2} 成 功 解 救。
str_id_163|{s2} 从 {s3} 那 里 夺 取 了 {s1}。
str_id_164|你 与 {s1} 的 关 系 从 {reg1}提 升 到 {reg2}。
str_id_165|你 与 {s1} 的 关 系 从 {reg1}恶 化 为 {reg2}。
str_id_166|你 与 {s1} 的 关 系 从 {reg1}提 升 到 {reg2}。
str_id_167|你 与 {s1} 的 关 系 从 {reg1}恶 化 为 {reg2}。
str_id_168|部 队 的 士 气 加 {reg1}。
str_id_169|部 队 的 士 气 减 {reg1}。
str_id_170|{s1} 获 得 {reg1}士 气。
str_id_171|{s1} 失 去 {reg1}士 气。
str_id_172|间 谍 发 现 了 你！他 正 在 逃 跑！
str_id_173|{s3} 的 {s2}
str_id_174|{s5} 是 {s51}。
str_id_175|{s5} 是 {s51} 的 领 主。
str_id_176|{s5} 是 {s6} 的 {reg4?贵 族 女 性 :贵 族 男 性 }。
str_id_177|复 仇 心 切
str_id_178|复 仇 心 切
str_id_179|复 仇 心 切
str_id_180|憎 恨
str_id_181|憎 恨
str_id_182|敌 对
str_id_183|愤 怒
str_id_184|怨 恨
str_id_185|抱 怨
str_id_186|怀 疑
str_id_187|冷 漠
str_id_188|合 作
str_id_189|欢 迎
str_id_190|有 利
str_id_191|支 持
str_id_192|友 好
str_id_193|亲 切
str_id_194|喜 爱
str_id_195|忠 诚
str_id_196|忠 心 耿 耿
str_id_197|{s60} 与 你 不 共 戴 天。
str_id_198|{s60} 与 你 势 同 水 火。
str_id_199|{s60} 与 你 势 同 水 火。
str_id_200|{s60} 对 你 充 满 敌 意。
str_id_201|{s60} 对 你 充 满 敌 意。
str_id_202|{s60} 对 你 充 满 敌 意。
str_id_203|{s60} 正 在 生 你 的 气。
str_id_204|{s60} 对 你 心 怀 怨 恨。
str_id_205|{s60} 对 你 颇 多 抱 怨。
str_id_206|{s60} 对 你 心 存 疑 虑。
str_id_207|{s60} 对 你 漠 不 关 心。
str_id_208|{s60} 愿 意 与 你 合 作。
str_id_209|{s60} 对 你 表 示 欢 迎。
str_id_210|{s60} 对 你 颇 有 好 感。
str_id_211|{s60} 愿 意 支 持 你。
str_id_212|{s60} 对 你 十 分 友 好。
str_id_213|{s60} 对 你 亲 切 有 礼。
str_id_214|{s60} 十 分 喜 爱 你。
str_id_215|{s60} 忠 于 你。
str_id_216|{s60} 对 你 忠 心 耿 耿。
str_id_217|关 系：{reg1}
str_id_218|民 众 对 你 极 度 憎 恨
str_id_219|当 地 居 民 对 你 恨 之 入 骨
str_id_220|当 地 民 众 对 你 恨 意 深 重
str_id_221|民 众 憎 恨 你
str_id_222|当 地 居 民 非 常 憎 恨 你
str_id_223|当 地 民 众 对 你 极 度 敌 对
str_id_224|当 地 民 众 对 你 十 分 敌 对
str_id_225|当 地 民 众 敌 视 你
str_id_226|当 地 民 众 对 你 抱 有 敌 意
str_id_227|民 众 反 对 你
str_id_228|当 地 民 众 对 你 漠 不 关 心
str_id_229|民 众 接 受 你
str_id_230|民 众 与 你 合 作
str_id_231|民 众 对 你 有 些 支 持
str_id_232|民 众 支 持 你
str_id_233|民 众 非 常 支 持 你
str_id_234|当 地 民 众 忠 于 你
str_id_235|当 地 民 众 对 你 高 度 忠 诚
str_id_236|当 地 民 众 对 你 忠 心 耿 耿
str_id_237|当 地 民 众 狂 热 地 效 忠 于 你
str_id_238|{s60} 镇 的 贫 困 已 到 令 人 难 以 忍 受 的 地 步。
str_id_239|肮 脏 破 败 的 {s60} 镇 几 乎 已 被 居 民 遗 弃。
str_id_240|{s60} 镇 看 来 凄 惨 而 荒 凉。
str_id_241|{s60} 镇 看 来 贫 困 而 疏 于 维 护。
str_id_242|{s60} 镇 的 日 子 似 乎 颇 为 艰 难。
str_id_243|{s60} 镇 看 来 平 平 无 奇。
str_id_244|{s60} 镇 正 在 日 渐 兴 旺。
str_id_245|{s60} 镇 看 来 颇 为 繁 荣。
str_id_246|{s60} 镇 富 裕 而 且 维 护 得 当。
str_id_247|{s60} 镇 富 丽 奢 华。
str_id_248|金 碧 辉 煌 的 {s60} 镇 毫 不 掩 饰 自 己 的 巨 大 财 富。
str_id_249|{s60} 村 的 贫 困 已 到 令 人 难 以 忍 受 的 地 步。
str_id_250|{s60} 村 贫 困 凄 惨，民 不 聊 生。
str_id_251|{s60} 村 看 来 十 分 贫 困 而 荒 凉。
str_id_252|{s60} 村 看 来 贫 困 而 疏 于 维 护。
str_id_253|{s60} 村 的 日 子 似 乎 有 些 艰 难。
str_id_254|{s60} 村 看 来 平 平 无 奇。
str_id_255|{s60} 村 正 在 日 渐 兴 旺。
str_id_256|{s60} 村 看 来 欣 欣 向 荣。
str_id_257|{s60} 村 富 裕 而 且 维 护 得 当。
str_id_258|{s60} 村 看 来 十 分 富 裕 繁 荣。
str_id_259|{s60} 村 四 周 是 一 望 无 际 的 肥 沃 田 野，看 来 富 庶 至 极。
str_id_260|市 场 上 寥 寥 无 几 的 商 品，价 格 也 远 非 当 地 居 民 所 能 承 受。人 们 营 养 不 良，牲 畜 患 病 或 垂 死，谋 生 的 工 具 也 大 多 损 坏。后 巷 只 剩 苍 蝇 与 癞 狗 横 行。
str_id_261|城 镇 的 建 筑 与 街 道 破 败 不 堪，市 场 上 货 物 稀 少，商 品、原 料 和 工 具 都 严 重 短 缺。许 多 人 看 来 营 养 不 良，几 乎 没 有 外 来 商 人。
str_id_262|建 筑 虽 已 陈 旧，却 还 算 完 好；市 场 上 也 有 各 类 普 通 商 品。街 上 人 来 人 往，既 有 本 地 居 民，也 有 旅 人 与 小 贩。
str_id_263|人 们 衣 食 无 忧，对 生 活 也 颇 为 满 意。工 匠 生 意 兴 隆，还 有 一 些 外 来 者 被 此 地 的 机 会 吸 引，前 来 碰 碰 运 气。
str_id_264|城 墙、街 道 与 住 宅 都 维 护 得 十 分 良 好。市 场 吸 引 了 附 近 的 移 民，货 物 与 工 作 机 会 都 很 充 足。锤 声 与 织 机 声 此 起 彼 伏，工 匠 作 坊 一 派 繁 忙。
str_id_265|只 有 少 数 人 还 有 力 气 下 地 劳 作，许 多 田 地 已 被 杂 草 吞 没。其 余 村 民 或 是 虚 弱 饥 饿，或 已 逃 往 他 乡。役 畜 早 已 饿 死 或 被 吃 掉，村 外 仍 散 落 着 几 具 被 野 兽 啃 咬 的 尸 骸。
str_id_266|田 间 只 有 少 数 农 民 与 牲 畜，他 们 的 数 量 暗 示 一 些 村 民 正 为 寻 找 食 物 而 迁 往 他 乡。农 具 锈 蚀 破 损，灌 木 与 杂 草 正 重 新 侵 占 外 围 田 地。
str_id_267|田 地 与 果 园 里 一 片 忙 碌，村 民 正 按 时 节 劳 作。人 与 牲 畜 看 来 都 颇 为 健 康，食 物 也 很 充 足。不 过，最 外 围 仍 有 少 数 田 地 尚 未 播 种，一 些 围 墙 也 急 需 修 缮，可 见 人 手 仍 有 不 足。
str_id_268|田 地 与 果 园 忙 碌 非 凡。装 满 谷 物 的 口 袋 和 晾 晒 中 的 肉 食，证 明 村 庄 的 农 田 与 牧 场 产 出 丰 厚。
str_id_269|田 地 与 果 园 忙 碌 非 凡。新 挖 的 灌 溉 渠 表 明 农 民 尚 有 余 暇 与 精 力 扩 大 耕 地。季 节 工 也 纷 纷 来 此 帮 工，共 享 村 庄 的 繁 荣。
str_id_270|棕 榈 林 几 乎 已 被 遗 弃，灌 溉 水 渠 也 被 淤 泥 堵 塞。仅 见 的 几 名 村 民 营 养 不 良、神 情 不 安。役 畜 早 已 饿 死 或 被 吃 掉，村 外 仍 有 尸 骸 任 由 沙 漠 胡 狼 啃 咬。
str_id_271|只 有 少 数 村 民 还 在 照 料 棕 榈 林，有 些 园 地 已 遭 沙 丘 侵 蚀。许 多 水 渠 被 淤 泥 堵 塞，水 井 与 蓄 水 池 也 灌 满 了 沙 子。
str_id_272|男 女 村 民 忙 着 照 料 棕 榈 林，爬 上 树 冠 为 枣 椰 授 粉。健 康 的 役 畜 拉 动 水 泵 与 水 轮，将 水 引 入 田 地。不 过，一 些 水 渠 与 蓄 水 池 已 需 要 维 修。
str_id_273|棕 榈 林 与 果 园 里 一 片 忙 碌。农 民 站 在 树 冠 间 为 枣 椰 授 粉，彼 此 欢 快 呼 喊。木 泵 的 吱 嘎 声、役 畜 的 低 吼 与 流 水 声，无 不 说 明 这 套 灌 溉 系 统 在 村 民 的 悉 心 照 料 下 运 转 良 好。
str_id_274|棕 榈 林 忙 碌 非 凡，农 民 正 将 丰 收 的 椰 枣 装 车 运 往 市 场。男 女 村 民 还 在 挖 掘 新 井 与 水 渠，将 更 多 土 地 纳 入 灌 溉。
str_id_275|成 片 的 耕 地
str_id_276|成 片 的 果 园 和 葡 萄 园
str_id_277|成 片 的 灌 溉 绿 洲 园 地
str_id_278|织 布 机
str_id_279|小 船
str_id_280|若 干 头 牛
str_id_281|若 干 只 羊
str_id_282|磨 房
str_id_283|窑 炉
str_id_284|盐 盘
str_id_285|矿 藏
str_id_286|蜂 箱
str_id_287|酿 酒 厂
str_id_288|榨 坊
str_id_289|铁 匠 铺
str_id_290|陆 地 商 队
str_id_291|陷 阱
str_id_292|小 花 园
str_id_293|鞣 革 池
str_id_294|磨 坊 大 师
str_id_295|酿 酒 大 师
str_id_296|榨 坊 大 师
str_id_297|锻 造 大 师
str_id_298|制 革 大 师
str_id_299|织 造 大 师
str_id_300|大 师 染 工
str_id_301|这 场 战 争 看 来 败 局 已 定
str_id_302|现 在 的 形 势 看 起 来 有 些 严 峻
str_id_303|战 事 进 展 得 不 太 顺 利
str_id_304|如 果 我 们 能 振 作 起 来，我 们 还 是 可 以 赢 得 这 场 战 争 的
str_id_305|我 们 与 敌 人 势 均 力 敌
str_id_306|我 们 有 一 定 机 会 赢 得 这 场 战 争
str_id_307|战 事 进 展 得 非 常 顺 利
str_id_308|打 败 他 们 完 全 不 成 问 题
str_id_309|我 们 几 乎 要 赢 得 这 场 战 争 了
str_id_310|你 竭 尽 全 力 说 服 {s50}，却 连 一 个 像 样 的 论 点 都 没 说 清。每 当 话 语 似 乎 开 始 有 些 道 理，你 又 会 说 出 完 全 错 误 的 东 西，把 自 己 带 离 正 题。最 后，你 没 能 提 出 任 何 有 利 于 自 己 的 连 贯 论 点，反 而 越 陷 越 深。毫 无 疑 问，{s50} 对 此 毫 无 好 感。
str_id_311|你 试 图 说 服 {s50}，但 {reg51?她 :他 } 从 一 开 始 就 在 言 辞 上 压 过 了 你。就 连 你 自 己 听 来，最 好 的 论 点 也 空 洞 无 力；{s50} 对 你 的 说 辞 同 样 没 有 多 少 好 评。
str_id_312|{s50} 原 来 是 一 位 思 维 敏 锐、能 言 善 辩 的 人；无 论 你 提 出 什 么 具 体 论 点，{reg51?她:他} 都 能 理 性 反 驳。讨 论 结 束 时，双 方 谁 也 没 能 占 到 上 风。
str_id_313|凭 借 敏 捷 的 思 维 与 流 畅 的 辩 论，你 清 楚 地 陈 述 了 自 己 的 立 场，迫 使 {s50} 在 几 个 问 题 上 让 步。不 过，{reg51?她 :他 } 对 你 的 请 求 仍 有 疑 虑。
str_id_314|你 发 表 了 一 番 慷 慨 激 昂 的 演 说，在 听 众 耳 中 如 诗 歌 般 回 荡，整 个 世 界 仿 佛 都 安 静 下 来 倾 听。精 彩 的 话 语 深 深 打 动 了 {s50}，{reg51?她:他} 如 今 显 然 更 愿 意 帮 助 你。
str_id_315|大 衣 柜 在 午 夜 的 时 候 跳 起 舞 来……
str_id_316|我 正 在 卖 这 些 阿 拉 比 挂 毯。你 想 买 一 条 吗？
str_id_317|一 位 朋 友 的 朋 友 托 我 带 来……
str_id_318|东 风 劲 吹，河 水 如 血……
str_id_319|可 他 究 竟 是 为 梳 妆 柜 起 舞，还 是 为 烛 台 起 舞？
str_id_320|是 的，我 想 买 一 条，你 有 蓝 色 的 吗？
str_id_321|可 是，朋 友，你 朋 友 的 朋 友 再 也 找 不 到 像 我 这 样 的 朋 友 了。
str_id_322|你 生 病 了 吗？
str_id_323|地 下 城 长 度 很 短
str_id_324|地 下 城 长 度 中 等
str_id_325|地 下 城 长 度 很 长
str_id_326|自 从 你 上 次 在 此 败 退 后，地 下 城 已 被 清 空。现 在 这 里 什 么 也 没 有。
str_id_327|你 已 经 成 功 地 征 服 了 这 个 地 下 城。没 有 额 外 的 挑 战 了。
str_id_328|你 未 能 完 成 地 下 城 便 仓 皇 逃 走，里 面 的 居 民 随 后 携 带 财 宝 离 开。现 在 这 里 什 么 也 没 有。
str_id_329|沃 巴 得
str_id_330|依 斯 卡 尔
str_id_331|西 格 马
str_id_332|泰 尔 斯 科
str_id_333|里 特 曼 德
str_id_334|艾 尔 斯
str_id_335|劳 尔 克
str_id_336|布 莱 格 马 斯
str_id_337|塔 尔
str_id_338|莱 明
str_id_339|叙 尔 科
str_id_340|普 它
str_id_341|塔 玛 斯
str_id_342|里 查 德
str_id_343|沃 奇 斯
str_id_344|鲁 尔 克
str_id_345|马 伦 德
str_id_346|奥 格 伦
str_id_347|代 纳 德
str_id_348|卓 亚
str_id_349|莱 玛
str_id_350|卡 尔 达 朗
str_id_351|布 拉 巴 斯
str_id_352|昆 均
str_id_353|帕 奇 拉 克
str_id_354|潇 洒 的 {s50}
str_id_355|米 登 海 姆 的 {s50}
str_id_356|基 斯 里 夫 的 {s50}
str_id_357|嗜 汤 如 命 的 {s50}
str_id_358|快 活 的 {s50}
str_id_359|女 王 密 语 者 {s50}
str_id_360|莫 德 海 姆 的 {s50}
str_id_361|半 醉 的 {s50}
str_id_362|驯 兽 大 师 {s50}
str_id_363|阿 尔 道 夫 的 {s50}
str_id_364|勇 者 {s50}
str_id_365|{s50} 大 师
str_id_366|阿 图 瓦 的 {s50}
str_id_367|猎 犬 {s50}
str_id_368|小 圆 子 {s50}
str_id_369|祝 福 者 {s50}
str_id_370|卢 琪 纳 的 {s50}
str_id_371|森 林 漫 步 者 {s50}
str_id_372|努 恩 的 {s50}
str_id_373|因“巴 托 尼 亚 达 人 秀”成 名 的 {s50}
str_id_374|长 人 {s50}
str_id_375|消 瘦 的 {s50}
str_id_376|丝 须 {s50}
str_id_377|麻 雀 {s50}
str_id_378|穷 汉 {s50}
str_id_379|疤 面 {s50}
str_id_380|俊 美 的 {s50}
str_id_381|冷 酷 的 {s50}
str_id_382|赤 红 的 {s50}
str_id_383|漆 黑 的 {s50}
str_id_384|高 个 子 {s50}
str_id_385|星 眸 {s50}
str_id_386|无 畏 的 {s50}
str_id_387|勇 敢 的 {s50}
str_id_388|狡 猾 的 {s50}
str_id_389|胆 小 的 {s50}
str_id_390|聪 慧 的 {s50}
str_id_391|迅 捷 的 {s50}
str_id_392|吟 游 诗 人 {s50}
str_id_393|大 胆 的 {s50}
str_id_394|暴 脾 气 {s50}
str_id_395|surnames end
str_id_396|巴 泽 拉 克
str_id_397|埃 扎 尔
str_id_398|扎 德 拉 赫
str_id_399|阿 斯 莫 鲁
str_id_400|南 多 尔
str_id_401|杀 敌 数：{reg1}
str_id_402|伤 敌 数：{reg1}
str_id_403|我 方 阵 亡：{reg1}
str_id_404|我 方 受 伤：{reg1}
str_id_405|撤 退！
str_id_406|继 续 战 斗……
str_id_407|我 方 伤 亡：{s10}^敌 方 伤 亡：{s11}^{s12}
str_id_408|你 受 到 {reg1}点 伤 害。
str_id_409|任 务 日 志 更 新……
str_id_410|你 被 授 予 携 带 旗 帜 的 权 利。旗 帜 是 身 份 与 荣 耀 的 象 征。你 想 选 择 哪 种 旗 帜？
str_id_411|直 到 太 晚 你 才 意 识 到 你 的 钱 不 够 花。你 很 快 就 把 那 点 积 蓄 挥 霍 一 空，几 次 试 图 重 新 开 始 冒 险 也 都 失 败。最 终 你 在 {s9} 沦 为 乞 丐，靠 施 舍 和 教 会 救 济 度 日。{reg33?:}
str_id_412|直 到 为 时 已 晚，你 才 发 现 自 己 的 钱 根 本 撑 不 了 多 久。那 点 微 薄 积 蓄 很 快 被 挥 霍 一 空；当 最 后 一 枚 金 币 也 从 手 中 消 失，你 被 迫 在 {s9} 的 后 街 小 巷 里 走 上 犯 罪 道 路，靠 抢 掠 妇 女 和 穷 苦 市 民 的 几 枚 铜 板 勉 强 度 日。
str_id_413|当 你 意 识 到 你 将 入 不 敷 出 的 时 候 已 经 晚 了。即 使 精 打 细 算 你 也 很 快 花 光 了 身 上 所 有 的 钱，最 后 作 为 一 个 身 无 分 文 的 流 浪 者，从 一 个 酒 馆 漂 流 到 另 一 个 酒 馆，靠 讲 些 没 人 相 信 的 战 争 故 事 来 讨 口 酒 喝。
str_id_414|你 的 积 蓄 很 快 便 所 剩 无 几，但 仍 足 够 在 {s7} 村 附 近 买 下 一 小 块 土 地。你 在 那 里 成 为 自 由 农 民，不 久 便 吸 引 了 不 少 潜 在 的 {reg33?丈 夫 :妻 子 }。久 而 久 之，村 民 把 你 当 作 当 地 英 雄：宴 会 上 总 有 你 的 尊 位，酒 馆 里 也 一 遍 遍 传 颂 你 的 事 迹，让 后 世 子 孙 永 远 记 得 你。{reg33?:}{reg33?:}
str_id_415|你 的 积 蓄 很 快 便 所 剩 无 几，但 仍 足 够 在 {s9} 买 下 一 间 小 酒 馆。起 初 当 地 人 对 你 颇 为 戒 备，却 很 快 接 纳 了 你。随 着 生 意 兴 隆，酒 馆 成 为 广 受 欢 迎 的 宴 饮 与 聚 会 场 所；人 们 从 数 里 外 赶 来 投 宿、吃 喝，只 为 一 睹 你 的 风 采，听 你 讲 述 冒 险 岁 月 的 传 奇。
str_id_416|你 在 职 业 生 涯 中 明 智 地 储 蓄，现 在 你 的 银 币 和 智 慧 让 你 能 进 行 一 些 优 质 投 资 来 巩 固 未 来。在 {s9} 买 下 几 家 店 铺 和 仓 库 后，你 的 精 明 使 你 成 为 镇 上 最 杰 出 的 商 人 之 一，你 很 快 成 为 富 有 的 {reg33?女 人 :男 人 }，以 贸 易 帝 国 和 战 斗 事 迹 同 样 闻 名。{reg33?:}
str_id_417|哪 怕 只 是 一 名 小 领 主，拥 有 土 地 也 足 以 保 证 你 的 未 来。你 定 居 于 {s7} 的 堡 邸，管 理 村 庄 与 田 地，审 理 地 方 纠 纷，并 向 封 君 履 行 义 务。偶 尔 封 君 会 召 你 随 军 出 征，但 时 间 都 不 长，你 再 也 没 有 真 正 回 到 年 轻 时 的 冒 险 生 活。你 已 功 成 名 就；凭 借 自 己 的 宅 邸、封 地 与 财 富，世 间 已 少 有 求 而 不 得 之 物。
str_id_418|毫 无 疑 问，你 已 为 自 己 赢 得 了 极 好 的 前 程。广 阔 的 领 地 与 冒 险 所 得，足 以 保 证 余 生 富 足 安 逸。你 退 居 {s8} 的 贵 族 府 邸，以 政 治 取 代 冒 险，很 快 便 在 封 君 的 王 国 中 成 为 举 足 轻 重 的 人 物。权 谋 足 以 排 遣 时 日，私 家 林 地 可 供 狩 猎，大 厅 可 供 宴 饮，更 有 上 百 个 战 争 故 事 可 供 讲 述；往 后 的 岁 月 自 然 不 会 无 趣。
str_id_419|作 为 对 你 能 干 忠 诚 服 务 的 奖 励，领 主 下 令 授 予 你 世 袭 头 衔，加 入 王 国 的 主 要 贵 族。很 快 你 完 成 授 职 成 为 {s7} 男 爵，成 为 领 主 的 亲 近 顾 问 和 副 官 之 一。你 的 名 声 带 来 大 量 隐 性 影 响 力 和 显 性 政 治 权 力。现 在 你 终 日 玩 权 力 游 戏，管 理 广 大 封 地，重 温 冒 险 与 荣 耀 的 旧 时 光。{reg33?:}{reg33?:}{reg33?:}{reg33?:}
str_id_420|虽 然 你 出 身 卑 微，但 领 主 高 度 尊 重 你，当 他 授 予 你 {s9} 的 世 袭 {reg33?女 伯 爵 :伯 爵 } 头 衔 时，王 国 震 惊。广 阔 的 封 地 和 财 富 现 在 由 你 统 治。你 迅 速 成 为 领 主 最 信 任 的 顾 问，几 乎 平 等，负 责 管 理 他 的 王 国，你 在 自 己 辉 煌 宫 殿 的 王 座 上 成 为 旧 世 界 最 有 权 势 的 人 物 之 一。{reg33?:}{reg33?:}
str_id_421|攻 击 无 辜 的 村 民
str_id_422|偷 窃 贫 穷 村 民 的 东 西
str_id_423|劫 掠 商 队
str_id_424|将 人 贩 卖 为 奴 隶
str_id_425|耗 尽 粮 食
str_id_426|无 法 支 付 军 饷
str_id_427|让 我 方 在 每 场 战 斗 中 都 血 流 成 河
str_id_428|向 敌 人 投 降
str_id_429|临 阵 逃 跑
str_id_430|向 普 通 强 盗 交 钱 买 路
str_id_431|辜 负 以 荣 誉 接 下 的 任 务
str_id_432|挥 霍 别 人 托 付 给 我 们 的 钱 财
str_id_433|卷 入 冷 血 谋 杀
str_id_434|替 某 位 贵 族 抓 捕 农 奴
str_id_435|战 斗 最 激 烈 的 时 刻 我 们 分 散 了
str_id_436|我 受 了 重 伤，躺 着 等 死
str_id_437|我 被 击 昏 了
str_id_438|我 被 俘，并 遭 到 扣 押 勒 索
str_id_439|我 被 抓 但 后 来 设 法 逃 脱
str_id_440|我 对 你 选 择 的 同 伴 {s6}，对 你 的 领 导 方 式 {s7}，对 眼 下 的 总 体 局 势 {s8}
str_id_441|满 足
str_id_442|感 到 满 意
str_id_443|感 到 担 忧
str_id_444|一 点 都 不 喜 欢
str_id_445|感 到 震 惊
str_id_446|士 气：{reg1}
str_id_447|兴 致 高 昂
str_id_448|心 满 意 足
str_id_449|疲 惫 不 堪
str_id_450|牢 骚 满 腹
str_id_451|痛 苦 不 堪
str_id_452|这 里
str_id_453|只 有 傻 瓜 才 会 在 我 喝 巴 格 曼 XXXXXX时 打 扰 我。趁 我 还 没 用 斧 头 劈 开 你 的 脑 袋，赶 紧 滚。
str_id_454|日 安，冒 险 者。若 我 没 看 错，你 正 是 一 名 冒 险 者 吧？{reg33?:}{reg33?:}
str_id_455|我 本 想 祝 你 平 安，可 你 干 的 这 一 行 恐 怕 很 难 得 到 安 宁。
str_id_456|你 好 {reg33?女 士 :先 生 }。
str_id_457|你 需 要 一 个 杀 手，是 吧？
str_id_458|告 诉 我，陌 生 人：离 开 这 座 城 市 后，你 打 算 踏 上 哪 条 道 路？{reg33?:}
str_id_459|无 敌 之 身，绝 不 另 行 加 价。
str_id_460|打 扰 一 下，你 似 乎 洒 了 一 些 饮 料 在 你 的 盔 甲 上。让 我 看 看。
str_id_461|若 你 是 那 种 自 诩 荣 誉 的 骑 士，就 给 我 滚；不 是 的 话，坐 下。
str_id_462|如 果 你 再 一 直 盯 着 我，那 你 就 活 不 了 多 久。
str_id_463|你 想 干 什 么？
str_id_464|吱————————！
str_id_465|需 要 我 帮 忙 吗，陌 生 人？{reg33?:}
str_id_466|向 你 致 意，旅 人。你 看 来 是 位 久 经 战 阵 的 人—— 需 要 一 些 骑 兵 吗？{reg33?:}{reg33?:}
str_id_467|哦！朋 友，你 近 日 可 打 算 离 开 城 镇？{reg33?:}
str_id_468|你 想 和 我 谈 谈？
str_id_469|你 最 好 真 有 理 由 来 打 扰 我。
str_id_470|你 最 好 有 要 紧 事，要 不 然 我 就 让 你 上 绞 架 跳 一 曲 麻 绳 舞。
str_id_471|求 你 帮 帮 我。
str_id_472|日 安，{reg33?女 士 :先 生 }。
str_id_473|是，是，我 知 道 了。不 必 道 谢。
str_id_474|这 是 个 危 险 的 世 道，对 吧，旅 人？{reg33?:}
str_id_475|嗨，旅 人！愿 意 陪 我 喝 上 一 杯—— 或 者 十 杯 吗？{reg33?:}
str_id_476|真 没 想 到 会 在 世 界 的 这 个 角 落 遇 见 你。
str_id_477|我 看 到 你 的 队 伍 在 外 面。
str_id_478|什 么？
str_id_479|你 是 来 找 麻 烦 的？我 已 经 有 一 阵 子 没 杀 人 了。
str_id_480|日 安，{reg33?女 士 :先 生 }。
str_id_481|你 总 算 来 了。
str_id_482|你 总 算 来 了。
str_id_483|你 总 算 来 了。
str_id_484|你 总 算 来 了。
str_id_485|你 总 算 来 了。
str_id_486|你 总 算 来 了。
str_id_487|你 总 算 来 了。
str_id_488|你 总 算 来 了。
str_id_489|你 总 算 来 了。
str_id_490|你 总 算 来 了。
str_id_491|你 总 算 来 了。
str_id_492|你 总 算 来 了。
str_id_493|你 总 算 来 了。
str_id_494|你 总 算 来 了。
str_id_495|你 总 算 来 了。
str_id_496|你 总 算 来 了。
str_id_497|你 总 算 来 了。
str_id_498|你 总 算 来 了。
str_id_499|你 总 算 来 了。
str_id_500|你 总 算 来 了。
str_id_501|你 总 算 来 了。
str_id_502|你 总 算 来 了。
str_id_503|你 总 算 来 了。
str_id_504|你 总 算 来 了。
str_id_505|你 总 算 来 了。
str_id_506|你 总 算 来 了。
str_id_507|你 总 算 来 了。
str_id_508|你 总 算 来 了。
str_id_509|你 总 算 来 了。
str_id_510|你 总 算 来 了。
str_id_511|你 总 算 来 了。
str_id_512|你 总 算 来 了。
str_id_513|你 总 算 来 了。
str_id_514|你 总 算 来 了。
str_id_515|你 总 算 来 了。
str_id_516|你 总 算 来 了。
str_id_517|你 总 算 来 了。
str_id_518|你 总 算 来 了。
str_id_519|你 总 算 来 了。
str_id_520|你 总 算 来 了。
str_id_521|幸 会，幸 会……
str_id_522|你 总 算 来 了。
str_id_523|你 总 算 来 了。
str_id_524|你 总 算 来 了。
str_id_525|你 总 算 来 了。
str_id_526|嘘，别 引 人 注 意。
str_id_527|嘘，别 引 人 注 意。
str_id_528|嘘，别 引 人 注 意。
str_id_529|嘘，别 引 人 注 意。
str_id_530|嘘，别 引 人 注 意。
str_id_531|你 总 算 来 了。
str_id_532|你 总 算 来 了。
str_id_533|你 总 算 来 了。
str_id_534|你 总 算 来 了。
str_id_535|你 总 算 来 了。
str_id_536|你 总 算 来 了。
str_id_537|你 总 算 来 了。
str_id_538|你 总 算 来 了。
str_id_539|你 总 算 来 了。
str_id_540|你 总 算 来 了。
str_id_541|勉 强 祝 你 日 安。
str_id_542|只 有 傻 瓜 才 不 会 让 你 加 入 我 的 冒 险 小 队。
str_id_543|没 错。我 率 领 着 一 支 勇 猛 的 战 士 队 伍，世 上 没 有 我 们 不 敢 踏 足 的 土 地。
str_id_544|战 争 的 确 流 淌 在 我 的 血 液 里，但 在 这 片 土 地 上，谁 又 能 置 身 事 外？不 过，你 对 我 的 营 生 又 知 道 多 少？
str_id_545|我 从 未 被 兽 人 叫 过 {reg33?女 士 :先 生 }。
str_id_546|一 名 杀 人 利 落 的 高 手，我 当 然 用 得 上。
str_id_547|我 想 走 哪 条 路 就 走 哪 条。看 来 你 自 己 也 走 过 不 少 地 方。
str_id_548|不 必 了。我 可 不 会 从 陌 生 人 手 里 买 魔 法 药 剂。
str_id_549|多 谢……等 等！你 刚 塞 进 外 套 里 的，不 是 我 的 武 器 吗？
str_id_550|我 想 我 会 坐 下。你 自 己 不 也 是 位 骑 士 吗？
str_id_551|我 不 是 在 盯 着 你。我 正 为 自 己 的 远 征，从 世 界 各 地 招 募 最 出 色 的 战 士。
str_id_552|你 是 谁？有 什 么 事 吗？
str_id_553|你 说 什 么？
str_id_554|你 看 来 颇 有 本 事。说 说 你 的 经 历 吧。
str_id_555|也 许 用 得 上。你 都 有 些 什 么 本 领？
str_id_556|我 是。这 关 你 什 么 事？
str_id_557|是。说 说 你 的 经 历。
str_id_558|你 还 真 是 一 本 正 经，不 是 吗？
str_id_559|那 你 最 好 赶 紧 说 清 楚，到 底 有 什 么 要 紧 事。
str_id_560|有 什 么 我 能 效 劳 的？
str_id_561|日 安。什 么 风 把 你 吹 来 了？
str_id_562|我 不 明 白 你 的 意 思。
str_id_563|确 实 如 此，而 你 看 来 也 是 个 危 险 的 战 士。
str_id_564|我 正 好 有 些 空 闲，何 乐 而 不 为。
str_id_565|抱 歉，我 们 见 过 吗？{reg33?:}
str_id_566|什 么？我 的 部 队？
str_id_567|你 用 这 种 口 气 说 话，哪 个 佣 兵 还 找 得 到 活 干？
str_id_568|我 要 找 的 是 打 手，不 是 麻 烦。“有 一 阵 子”究 竟 是 多 久？
str_id_569|这 口 音 真 奇 怪。你 看 来 像 位 古 墓 王，却 不 像 尼 赫 喀 拉 人。
str_id_570|抱 歉，我 们 见 过 吗？{reg33?:}
str_id_571|抱 歉，我 们 见 过 吗？{reg33?:}
str_id_572|抱 歉，我 们 见 过 吗？{reg33?:}
str_id_573|抱 歉，我 们 见 过 吗？{reg33?:}
str_id_574|抱 歉，我 们 见 过 吗？{reg33?:}
str_id_575|抱 歉，我 们 见 过 吗？{reg33?:}
str_id_576|抱 歉，我 们 见 过 吗？{reg33?:}
str_id_577|抱 歉，我 们 见 过 吗？{reg33?:}
str_id_578|抱 歉，我 们 见 过 吗？{reg33?:}
str_id_579|抱 歉，我 们 见 过 吗？{reg33?:}
str_id_580|抱 歉，我 们 见 过 吗？{reg33?:}
str_id_581|抱 歉，我 们 见 过 吗？{reg33?:}
str_id_582|抱 歉，我 们 见 过 吗？{reg33?:}
str_id_583|抱 歉，我 们 见 过 吗？{reg33?:}
str_id_584|抱 歉，我 们 见 过 吗？{reg33?:}
str_id_585|抱 歉，我 们 见 过 吗？{reg33?:}
str_id_586|抱 歉，我 们 见 过 吗？{reg33?:}
str_id_587|抱 歉，我 们 见 过 吗？{reg33?:}
str_id_588|抱 歉，我 们 见 过 吗？{reg33?:}
str_id_589|抱 歉，我 们 见 过 吗？{reg33?:}
str_id_590|抱 歉，我 们 见 过 吗？{reg33?:}
str_id_591|抱 歉，我 们 见 过 吗？{reg33?:}
str_id_592|抱 歉，我 们 见 过 吗？{reg33?:}
str_id_593|抱 歉，我 们 见 过 吗？{reg33?:}
str_id_594|抱 歉，我 们 见 过 吗？{reg33?:}
str_id_595|抱 歉，我 们 见 过 吗？{reg33?:}
str_id_596|抱 歉，我 们 见 过 吗？{reg33?:}
str_id_597|抱 歉，我 们 见 过 吗？{reg33?:}
str_id_598|抱 歉，我 们 见 过 吗？{reg33?:}
str_id_599|抱 歉，我 们 见 过 吗？{reg33?:}
str_id_600|抱 歉，我 们 见 过 吗？{reg33?:}
str_id_601|抱 歉，我 们 见 过 吗？{reg33?:}
str_id_602|抱 歉，我 们 见 过 吗？{reg33?:}
str_id_603|抱 歉，我 们 见 过 吗？{reg33?:}
str_id_604|抱 歉，我 们 见 过 吗？{reg33?:}
str_id_605|抱 歉，我 们 见 过 吗？{reg33?:}
str_id_606|抱 歉，我 们 见 过 吗？{reg33?:}
str_id_607|抱 歉，我 们 见 过 吗？{reg33?:}
str_id_608|抱 歉，我 们 见 过 吗？{reg33?:}
str_id_609|抱 歉，我 们 见 过 吗？{reg33?:}
str_id_610|怎 么 了，野 兽 人？
str_id_611|抱 歉，我 们 见 过 吗？{reg33?:}
str_id_612|抱 歉，我 们 见 过 吗？{reg33?:}
str_id_613|抱 歉，我 们 见 过 吗？{reg33?:}
str_id_614|抱 歉，我 们 见 过 吗？{reg33?:}
str_id_615|你 在 做 什 么？
str_id_616|你 在 做 什 么？
str_id_617|你 在 做 什 么？
str_id_618|你 在 做 什 么？
str_id_619|你 在 做 什 么？
str_id_620|抱 歉，我 们 见 过 吗？{reg33?:}
str_id_621|抱 歉，我 们 见 过 吗？{reg33?:}
str_id_622|抱 歉，我 们 见 过 吗？{reg33?:}
str_id_623|抱 歉，我 们 见 过 吗？{reg33?:}
str_id_624|抱 歉，我 们 见 过 吗？{reg33?:}
str_id_625|抱 歉，我 们 见 过 吗？{reg33?:}
str_id_626|抱 歉，我 们 见 过 吗？{reg33?:}
str_id_627|抱 歉，我 们 见 过 吗？{reg33?:}
str_id_628|抱 歉，我 们 见 过 吗？{reg33?:}
str_id_629|抱 歉，我 们 见 过 吗？{reg33?:}
str_id_630|听 起 来 今 天 可 不 怎 么 好。没 出 什 么 事 吧？
str_id_631|是 我 失 礼 了，屠 夫 大 师。我 这 就 离 开，万 分 抱 歉。
str_id_632|是 的，但 我 可 不 想 讨 论 我 的 工 作。
str_id_633|那 就 什 么 都 别 说 了。再 会。
str_id_634|倒 也 不 是。
str_id_635|只 和 我 信 得 过 的 人。
str_id_636|这 种 事 我 一 个 字 也 不 会 告 诉 你。
str_id_637|我 不 是 那 种 会 被 奇 幻 故 事 骗 倒 的 人。
str_id_638|那 就……多 谢 了。
str_id_639|我 不 会 与 轻 蔑 正 直 之 人 的 家 伙 同 桌 饮 酒。
str_id_640|我 没 盯 着 你，只 是 恰 好 路 过。
str_id_641|没 什 么，只 是 路 过。
str_id_642|你 那 尖 声 哀 号 简 直 是 在 糟 蹋 我 的 耳 朵。
str_id_643|不，我 不 需 要 你 帮 忙。
str_id_644|眼 下 不 必。日 安。
str_id_645|管 好 你 自 己 的 事，先 生。
str_id_646|没 有。走 开。
str_id_647|实 际 上 是 你 这 家 伙 在 打 扰 我。
str_id_648|没 什 么 要 紧 事。继 续 喝 你 的 黑 杰 克 吧。
str_id_649|恐 怕 我 没 时 间。
str_id_650|确 实 是 个 好 日 子。
str_id_651|疯 狂 确 实 是 最 奇 怪 的 折 磨。
str_id_652|没 错。所 以 你 最 好 少 管 闲 事。
str_id_653|没 门！老 头 你 真 臭！
str_id_654|也 许 吧，但 我 希 望 我 们 没 有 见 过。
str_id_655|少 管 闲 事。
str_id_656|我 与 你 这 食 人 魔 无 话 可 说。
str_id_657|我 完 全 不 想 惹 麻 烦，这 就 离 开。
str_id_658|我 与 亡 灵 无 话 可 说。
str_id_659|没 兴 趣。{reg33?:}
str_id_660|没 兴 趣。{reg33?:}
str_id_661|没 兴 趣。{reg33?:}
str_id_662|没 兴 趣。{reg33?:}
str_id_663|没 兴 趣。{reg33?:}
str_id_664|没 兴 趣。{reg33?:}
str_id_665|没 兴 趣。{reg33?:}
str_id_666|没 兴 趣。{reg33?:}
str_id_667|没 兴 趣。{reg33?:}
str_id_668|没 兴 趣。{reg33?:}
str_id_669|没 兴 趣。{reg33?:}
str_id_670|没 兴 趣。{reg33?:}
str_id_671|没 兴 趣。{reg33?:}
str_id_672|没 兴 趣。{reg33?:}
str_id_673|没 兴 趣。{reg33?:}
str_id_674|没 兴 趣。{reg33?:}
str_id_675|没 兴 趣。{reg33?:}
str_id_676|没 兴 趣。{reg33?:}
str_id_677|没 兴 趣。{reg33?:}
str_id_678|没 兴 趣。{reg33?:}
str_id_679|没 兴 趣。{reg33?:}
str_id_680|没 兴 趣。{reg33?:}
str_id_681|没 兴 趣。{reg33?:}
str_id_682|没 兴 趣。{reg33?:}
str_id_683|没 兴 趣。{reg33?:}
str_id_684|没 兴 趣。{reg33?:}
str_id_685|没 兴 趣。{reg33?:}
str_id_686|没 兴 趣。{reg33?:}
str_id_687|没 兴 趣。{reg33?:}
str_id_688|没 兴 趣。{reg33?:}
str_id_689|没 兴 趣。{reg33?:}
str_id_690|没 兴 趣。{reg33?:}
str_id_691|没 兴 趣。{reg33?:}
str_id_692|没 兴 趣。{reg33?:}
str_id_693|没 兴 趣。{reg33?:}
str_id_694|没 兴 趣。{reg33?:}
str_id_695|没 兴 趣。{reg33?:}
str_id_696|没 兴 趣。{reg33?:}
str_id_697|没 兴 趣。{reg33?:}
str_id_698|没 兴 趣。{reg33?:}
str_id_699|滚 开，卑 贱 的 乞 丐。
str_id_700|没 兴 趣。{reg33?:}
str_id_701|没 兴 趣。{reg33?:}
str_id_702|没 兴 趣。{reg33?:}
str_id_703|没 兴 趣。{reg33?:}
str_id_704|没 兴 趣。{reg33?:}
str_id_705|没 兴 趣。{reg33?:}
str_id_706|没 兴 趣。{reg33?:}
str_id_707|没 兴 趣。{reg33?:}
str_id_708|没 兴 趣。{reg33?:}
str_id_709|没 兴 趣。{reg33?:}
str_id_710|没 兴 趣。{reg33?:}
str_id_711|没 兴 趣。{reg33?:}
str_id_712|没 兴 趣。{reg33?:}
str_id_713|没 兴 趣。{reg33?:}
str_id_714|没 兴 趣。{reg33?:}
str_id_715|没 兴 趣。{reg33?:}
str_id_716|没 兴 趣。{reg33?:}
str_id_717|没 兴 趣。{reg33?:}
str_id_718|没 兴 趣。{reg33?:}
str_id_719|确 实 是 个 好 日 子。
str_id_720|你 看 起 来 不 太 像 冒 险 者……嗯……{reg33?:}
str_id_721|你 的 队 伍 引 起 我 的 兴 趣。
str_id_722|你 的 队 伍 进 城 时，我 特 地 打 听 了 一 番。听 说 你 是 位 勇 猛 的 战 士，正 在 寻 找 同 样 有 本 事 的 人 加 入 麾 下。
str_id_723|是 啊，看 来 谁 都 忘 不 了 我 身 上 缺 少 的 那 股“兽 人 味”。
str_id_724|那 么，你 的 钱 最 该 花 在 刺 客 瑞 普 尼 吱 身 上。
str_id_725|这 片 广 袤 大 地 的 每 一 个 角 落，我 都 曾 踏 足。我 是 马 提 亚 斯·图 尔 曼，猎 魔 人 大 师。
str_id_726|我 不 是 在 卖 药 剂。我 是 要 亲 自 上 战 场 为 你 效 力，也 顺 便 向 你 推 荐 我 的 人。
str_id_727|啊，被 你 看 穿 了。我 平 时 没 这 么 生 疏，只 是 吃 光 史 吉 兹 尔 的 山 羊 奶 酪 后 有 点 不 舒 服，害 得 我 发 挥 失 常。
str_id_728|我 是 骑 士，却 不 信 奉 骑 士 道 或 荣 誉 之 类 软 弱 而 压 抑 的 戒 律。它 们 只 会 欺 骗 男 人 服 从，压 制 真 正 男 人 与 生 俱 来、理 所 应 当 的 欲 望。
str_id_729|宏 大 远 征 总 少 不 了 无 数 战 斗 与 鲜 血—— 那 正 是 我 活 着 的 意 义。
str_id_730|我 不 明 白 你 为 何 要 问，不 过 既 然 一 定 想 知 道：我 叫 艾 凯 迪，是 暗 精 灵 舰 队 的 指 挥 官。
str_id_731|斯 奎 兹，斯 奎 兹，唔 唔 唔 啪...臭 虫 就 是 我，唔 唔 唔...
str_id_732|我 是 阿 里 斯 蒂 德 爵 士，曾 在 里 昂 柯 尔 国 王 的 宫 廷 中 担 任 骑 士。
str_id_733|我 叫 梅 菲 林，是 一 名 技 艺 娴 熟 的 骑 射 手。我 曾 在 旧 世 界 的 艾 利 瑞 恩 巡 逻，搜 寻 敌 踪，因 此 也 很 擅 长 侦 察。
str_id_734|我 想 找 个 人 一 起 旅 行、探 索 和 分 享 故 事，你 看 起 来 像 是 我 要 找 的 伙 伴。
str_id_735|其 实 没 什 么 故 事。我 这 一 辈 子 都 在 遭 人 嘲 笑 和 奚 落。史 基 佐—— 这 就 是 我 的 名 字。
str_id_736|我 当 然 认 真。外 面 是 个 残 酷 的 世 界，容 不 下 无 聊 的 儿 戏。
str_id_737|冒 险、欢 乐、追 猎 的 刺 激，以 及 迎 着 危 险 驰 骋 大 海—— 这 些 才 是 我 在 意 的 东 西。
str_id_738|我 的 名 字 是 那 克 瓦 查，我 完 全 迷 路 了。
str_id_739|我 只 是 暂 时 停 下 寻 宝，给 自 己 一 个 机 会，把 辛 苦 弄 来 的 财 富 好 好 挥 霍 一 番。
str_id_740|抱 歉，伙 计。我 还 以 为 你 是 又 一 个 特 地 来 感 谢 我 酿 出 心 爱 美 酒 的 酒 客。{reg33?:}
str_id_741|我 和 我 的 族 人 一 样，生 来 就 是 为 了 毁 灭。现 在 没 人 敢 挡 我 的 路。
str_id_742|我 以 前 也 是 跑 海 的，常 年 从 港 口 出 航。可 海 上 的 酒 实 在 太 少 了，懂 我 的 意 思 吧，船 长？哈 哈 哈！所 以 现 在 我 大 多 待 在 陆 地 上。
str_id_743|没 有。不 过 你 走 遍 这 片 大 地 时，我 曾 多 次 跟 踪 你 的 队 伍，对 你 的 行 踪 相 当 熟 悉。
str_id_744|他 们 看 来 还 算 像 样，不 过 仍 需 要 更 多 训 练。
str_id_745|我 可 不 是 佣 兵。你 竟 敢 这 么 说，还 没 被 我 折 成 两 截，算 你 走 运。和 大 多 数 食 人 魔 一 样，我 年 轻 时 确 实 当 过 佣 兵，但 后 来 早 已 去 追 求 更 伟 大 的 事 业。
str_id_746|两 个 小 时 前。我 在 城 门 杀 了 一 个 胆 敢 向 我 收 过 路 费 的 守 卫。可 惜 此 后 一 直 没 再 找 到 机 会。
str_id_747|因 为 我 根 本 不 是 尼 赫 喀 拉 人。我 是 帝 国 领 主—— 或 者 该 说，曾 经 是。
str_id_748|我 在 寻 找 一 位 能 带 给 我 荣 耀 与 财 富 的 领 袖。
str_id_749|我 在 寻 找 一 位 能 带 给 我 荣 耀 与 财 富 的 领 袖。
str_id_750|我 在 寻 找 一 位 能 带 给 我 荣 耀 与 财 富 的 领 袖。
str_id_751|我 在 寻 找 一 位 能 带 给 我 荣 耀 与 财 富 的 领 袖。
str_id_752|我 在 寻 找 一 位 能 带 给 我 荣 耀 与 财 富 的 领 袖。
str_id_753|我 在 寻 找 一 位 能 带 给 我 荣 耀 与 财 富 的 领 袖。
str_id_754|我 在 寻 找 一 位 能 带 给 我 荣 耀 与 财 富 的 领 袖。
str_id_755|我 在 寻 找 一 位 能 带 给 我 荣 耀 与 财 富 的 领 袖。
str_id_756|我 在 寻 找 一 位 能 带 给 我 荣 耀 与 财 富 的 领 袖。
str_id_757|我 在 寻 找 一 位 能 带 给 我 荣 耀 与 财 富 的 领 袖。
str_id_758|我 在 寻 找 一 位 能 带 给 我 荣 耀 与 财 富 的 领 袖。
str_id_759|我 在 寻 找 一 位 能 带 给 我 荣 耀 与 财 富 的 领 袖。
str_id_760|我 在 寻 找 一 位 能 带 给 我 荣 耀 与 财 富 的 领 袖。
str_id_761|我 在 寻 找 一 位 能 带 给 我 荣 耀 与 财 富 的 领 袖。
str_id_762|我 在 寻 找 一 位 能 带 给 我 荣 耀 与 财 富 的 领 袖。
str_id_763|我 在 寻 找 一 位 能 带 给 我 荣 耀 与 财 富 的 领 袖。
str_id_764|我 在 寻 找 一 位 能 带 给 我 荣 耀 与 财 富 的 领 袖。
str_id_765|我 在 寻 找 一 位 能 带 给 我 荣 耀 与 财 富 的 领 袖。
str_id_766|我 在 寻 找 一 位 能 带 给 我 荣 耀 与 财 富 的 领 袖。
str_id_767|我 在 寻 找 一 位 能 带 给 我 荣 耀 与 财 富 的 领 袖。
str_id_768|我 在 寻 找 一 位 能 带 给 我 荣 耀 与 财 富 的 领 袖。
str_id_769|我 在 寻 找 一 位 能 带 给 我 荣 耀 与 财 富 的 领 袖。
str_id_770|我 在 寻 找 一 位 能 带 给 我 荣 耀 与 财 富 的 领 袖。
str_id_771|我 在 寻 找 一 位 能 带 给 我 荣 耀 与 财 富 的 领 袖。
str_id_772|我 在 寻 找 一 位 能 带 给 我 荣 耀 与 财 富 的 领 袖。
str_id_773|我 在 寻 找 一 位 能 带 给 我 荣 耀 与 财 富 的 领 袖。
str_id_774|我 在 寻 找 一 位 能 带 给 我 荣 耀 与 财 富 的 领 袖。
str_id_775|我 在 寻 找 一 位 能 带 给 我 荣 耀 与 财 富 的 领 袖。
str_id_776|我 在 寻 找 一 位 能 带 给 我 荣 耀 与 财 富 的 领 袖。
str_id_777|我 在 寻 找 一 位 能 带 给 我 荣 耀 与 财 富 的 领 袖。
str_id_778|我 在 寻 找 一 位 能 带 给 我 荣 耀 与 财 富 的 领 袖。
str_id_779|我 在 寻 找 一 位 能 带 给 我 荣 耀 与 财 富 的 领 袖。
str_id_780|我 在 寻 找 一 位 能 带 给 我 荣 耀 与 财 富 的 领 袖。
str_id_781|我 在 寻 找 一 位 能 带 给 我 荣 耀 与 财 富 的 领 袖。
str_id_782|我 在 寻 找 一 位 能 带 给 我 荣 耀 与 财 富 的 领 袖。
str_id_783|我 在 寻 找 一 位 能 带 给 我 荣 耀 与 财 富 的 领 袖。
str_id_784|我 在 寻 找 一 位 能 带 给 我 荣 耀 与 财 富 的 领 袖。
str_id_785|我 在 寻 找 一 位 能 带 给 我 荣 耀 与 财 富 的 领 袖。
str_id_786|我 在 寻 找 一 位 能 带 给 我 荣 耀 与 财 富 的 领 袖。
str_id_787|我 在 寻 找 一 位 能 带 给 我 荣 耀 与 财 富 的 领 袖。
str_id_788|我 被 赶 出 了 我 的 兽 群。他 们 叫 我“无 用 的 阿 祖 罗 克”。
str_id_789|我 在 寻 找 一 位 能 带 给 我 荣 耀 与 财 富 的 领 袖。
str_id_790|我 在 寻 找 一 位 能 带 给 我 荣 耀 与 财 富 的 领 袖。
str_id_791|我 在 寻 找 一 位 能 带 给 我 荣 耀 与 财 富 的 领 袖。
str_id_792|我 在 寻 找 一 位 能 带 给 我 荣 耀 与 财 富 的 领 袖。
str_id_793|我 只 是 在 找 一 顿 饭。打 猎，如 果 你 愿 意 这 么 说……
str_id_794|我 只 是 在 找 一 顿 饭。打 猎，如 果 你 愿 意 这 么 说……
str_id_795|我 只 是 在 找 一 顿 饭。打 猎，如 果 你 愿 意 这 么 说……
str_id_796|我 只 是 在 找 一 顿 饭。打 猎，如 果 你 愿 意 这 么 说……
str_id_797|我 只 是 在 找 一 顿 饭。打 猎，如 果 你 愿 意 这 么 说……
str_id_798|我 在 寻 找 一 位 能 带 给 我 荣 耀 与 财 富 的 领 袖。
str_id_799|我 在 寻 找 一 位 能 带 给 我 荣 耀 与 财 富 的 领 袖。
str_id_800|我 在 寻 找 一 位 能 带 给 我 荣 耀 与 财 富 的 领 袖。
str_id_801|我 在 寻 找 一 位 能 带 给 我 荣 耀 与 财 富 的 领 袖。
str_id_802|我 在 寻 找 一 位 能 带 给 我 荣 耀 与 财 富 的 领 袖。
str_id_803|我 在 寻 找 一 位 能 带 给 我 荣 耀 与 财 富 的 领 袖。
str_id_804|我 在 寻 找 一 位 能 带 给 我 荣 耀 与 财 富 的 领 袖。
str_id_805|我 在 寻 找 一 位 能 带 给 我 荣 耀 与 财 富 的 领 袖。
str_id_806|我 在 寻 找 一 位 能 带 给 我 荣 耀 与 财 富 的 领 袖。
str_id_807|我 在 寻 找 一 位 能 带 给 我 荣 耀 与 财 富 的 领 袖。
str_id_808|我 只 是 对 城 里 人 的 不 公 平 感 到 恼 火。先 是 他 们 搬 动 了 我 的 竖 石 纪 念 碑，这 让 我 很 生 气，然 后 他 们 打 扰 了 我 的 小 狗，所 以 我 为 它 挺 身 而 出。
str_id_809|你 得 明 白，我 正 在 寻 求 一 场 光 荣 的 死 亡：与 世 上 最 强 大 的 敌 人 战 斗。这 是 我 一 生 的 使 命，但 我 绝 不 会 轻 易 倒 下；只 有 传 说 中 的 存 在，才 配 送 我 进 坟 墓。我 曾 是 工 程 师，后 来 被 氏 族 放 逐。如 今 我 只 追 寻 危 险—— 也 许 会 与 你 一 同 寻 找。
str_id_810|我 叫 菲 力 克 斯，是 冒 险 家，也 是 诗 人。等 我 退 休 后，我 想 把 自 己 追 随 过 的 领 袖 写 进 故 事。眼 下 我 本 应 跟 随 高 崔 克，可 一 夜 豪 饮 后 与 他 走 散 了。我 很 快 会 去 找 他；在 此 之 前，我 很 乐 意 加 入 你 的 队 伍。
str_id_811|我 叫 贾 利 勒·娜 迦 德，曾 为 王 国 的 多 位 哈 里 发 担 任 贴 身 护 卫。我 是 禁 卫 军 大 师，以 从 不 让 刺 客 近 身 而 闻 名。双 眼 锐 利，箭 术 无 双；只 要 被 我 看 见，而 你 又 是 敌 人，就 只 剩 几 秒 可 活。
str_id_812|我 叫 奥 叽，因 为 生 性 不 够 好 斗，被 部 落 赶 了 出 来。我 从 不 喜 欢 打 断 骨 头，只 喜 欢 把 骨 头 接 回 去。我 精 通 医 术 与 疗 伤，可 这 些 本 事 在 家 乡 换 不 来 半 点 尊 重。
str_id_813|我 杀 人，吸 食 次 元 石，再 接 着 杀。只 要 告 诉 我 谁 是 敌 人，我 的 刀 刃 就 会 让 他 们 腐 烂 在 泥 土 里。
str_id_814|我 将 一 生 献 给 铲 除 邪 恶、驱 逐 亵 渎 之 物。眼 下 我 正 从 一 场 持 续 多 年 的 女 巫 精 灵 讨 伐 中 暂 作 休 整。我 们 把 她 们 赶 出 旧 世 界，如 今 又 一 路 追 到 新 世 界。
str_id_815|我 是 布 拉 甘 扎 队 长，“布 拉 甘 扎 围 城 者”的 领 袖。我 们 精 通 攻 城 与 一 切 消 耗 战，是 旧 世 界 最 物 有 所 值 的 佣 兵。直 到 最 近，我 们 还 在 伟 大 的 波 及 欧 麾 下 效 力—— 对 任 何 佣 兵 团 而 言，再 没 有 比 这 更 高 的 赞 誉。
str_id_816|我 熟 悉 这 片 土 地 上 的 各 种 植 物，以 及 它 们 的 疗 伤 功 效。成 为 医 者 是 我 一 生 唯 一 的 愿 望，可 家 人 却 把 我 赶 到 外 面 闯 荡，说 是 要 让 我 见 识 世 界 的 危 险，学 得 更 加 稳 重。
str_id_817|山 羊 奶 酪 总 会 让 我 这 样。可 当 你 真 心 喜 爱 某 样 东 西 时，哪 还 顾 得 了 那 么 多？完 全 值 得—— 哪 怕 害 我 当 场 露 馅。
str_id_818|自 从 出 生 以 来，我 唯 一 的 欲 望 就 是 为 赐 予 我 变 形 能 力 的 神 明 杀 戮 和 毁 灭。我 如 此 成 功，以 至 于 拥 有 了 自 己 的 追 随 者，他 们 无 所 畏 惧，将 野 蛮 战 斗 至 最 后 一 息。
str_id_819|过 去 几 十 年，我 们 在 此 地 的 海 军 力 量 增 长 得 比 任 何 种 族 都 快。很 快，真 正 值 得 忧 虑 的 就 只 剩 海 盗。眼 下 我 们 正 建 造 新 舰，并 筹 划 夺 取 海 上 霸 权，所 以 我 暂 时 无 事 可 做。
str_id_820|咕 吱 呢 呵，啦 嗒 嗒 嗒 嗒 嗒 嗒 嗒 嗒 嗒...我 喜 欢 战 斗...嘣 咋 叽 咋 叽。
str_id_821|我 最 近 完 成 了 一 项 伟 大 使 命，保 全 了 故 土 的 族 人。国 王 册 封 我 为 最 伟 大 的 勇 士，并 准 我 休 假 祈 祷、探 望 家 人；可 没 过 多 久，我 又 被 召 回 了。
str_id_822|我 们 此 地 已 不 像 从 前 那 般 安 全。土 地 不 多，海 上 的 优 势 也 已 衰 退；我 们 比 以 往 任 何 时 候 都 更 加 脆 弱。有 时 海 路 太 过 危 险，我 们 只 能 横 穿 整 片 大 陆，才 能 将 消 息 送 给 彼 岸 的 兄 弟 姐 妹。所 以 我 才 会 来 到 这 里。
str_id_823|我 叫 阿 卜 杜 勒·哈 利 克，是 人 类 学 者 与 历 史 学 者。我 一 生 求 学，也 向 他 人 讲 授 异 邦 文 化 与 伟 大 阿 拉 比 的 文 明。世 上 各 个 种 族 与 国 家 之 间 充 满 误 解 和 猜 忌，一 次 误 读 便 可 催 生 偏 见，甚 至 引 发 战 争。我 希 望 年 长 后 成 为 外 交 官，让 世 人 更 加 彼 此 理 解。
str_id_824|我 大 半 辈 子 都 很 弱 小—— 弱 得 可 笑。可 我 一 直 想 成 为 刺 客，赢 得 艾 辛 氏 族 的 尊 重。我 在 旧 世 界 苦 练 多 年，明 知 自 己 天 资 有 限 也 从 未 放 弃；可 没 人 真 心 帮 我，我 始 终 只 是 众 人 的 笑 柄。
str_id_825|你 尽 可 以 快 活 一 些。可 若 你 也 曾 在 近 年 这 般 艰 难 的 世 道 中，用 一 生 守 护、服 务 自 己 的 族 人，就 会 明 白 我 为 何 如 此 严 肃。我 叫 斯 卡 洛 克，大 半 生 都 在 保 卫 拉 努 尔 隆 森 林，抵 御 入 侵 者 与 擅 闯 者，尤 其 是 那 些 绿 皮。
str_id_826|我 叫 埃 莉 诺·纳 什，曾 是“银 色 暮 光”号 的 船 长，直 到 她 被 古 墓 王 烧 成 灰 烬。
str_id_827|我 被 一 窝 巨 蛇 赶 出 了 家 附 近 的 森 林！我 们 平 时 早 已 习 惯 它 们，可 这 几 条 实 在 大 得 离 谱，足 足 追 了 我 三 天。
str_id_828|我 曾 为 一 家 地 下 城 冒 险 者 公 会 效 力，可 运 气 糟 得 要 命。各 种 倒 霉 事 都 会 落 到 我 头 上，好 在 最 后 我 总 能 找 到 办 法 扭 转 局 面。
str_id_829|我 是 约 瑟 夫·巴 格 曼，酿 造“巴 格 曼 XXXXXX”的 酿 酒 大 师。想 必 你 听 说 过 我 的 手 艺。我 的 酒 坊 就 在 卡 拉 克·号 角 堡 附 近，只 是 最 近 才 刚 刚 重 建。
str_id_830|露 斯 契 亚 对 外 界 有 着 莫 大 诱 惑。许 多 人 类、斯 卡 文 鼠 人、兽 人 和 精 灵，都 企 图 偷 走 我 们 祖 先 的 遗 物 与 索 泰 克 的 神 圣 宝 藏。
str_id_831|你 看 来 像 个 领 袖。我 曾 在 伟 大 领 袖 的 船 上 效 力—— 那 些 称 霸 七 海 的 大 海 盗。
str_id_832|我 叫 艾 德 琳，精 通 追 踪 与 寻 路。族 人 执 意 创 造 新 机 械 与 技 术，让 机 器 代 替 他 们 劳 作；我 却 更 愿 意 使 用 大 自 然 赐 予 的 工 具。
str_id_833|我 叫 伊 拉 斯 谟，曾 是 莫 德 海 姆 斗 坑 的 首 席 角 斗 士 教 练。史 上 一 些 最 出 色 的 斗 士 都 出 自 我 的 学 校；力 量、技 巧 与 永 不 松 懈，是 我 烙 在 每 位 学 生 身 上 的 品 质。别 把 他 们 与 锦 标 赛 里 那 群 人 混 为 一 谈—— 那 些 无 能 蠢 货 可 不 是 我 教 的。
str_id_834|我 叫 阿 个 陋·大 龅 牙，来 自 混 沌 荒 原 以 北 的 遥 远 土 地。我 曾 是 一 头 强 大 的 公 牛，可 在 与 暴 君 争 夺 王 国 控 制 权 的 战 斗 中 落 败 后，便 成 了 流 亡 者。
str_id_835|我 天 生 就 是 为 杀 戮 而 来。还 在 襁 褓 中 时，我 便 发 现 将 生 命 从 别 人 体 内 砸 出 去 有 多 快 活。任 何 任 务、任 何 冒 险，只 要 有 架 可 打，我 都 接。
str_id_836|我 喜 欢 探 险、寻 宝，为 帝 国 增 添 荣 耀 与 威 望。我 想 发 现 新 土 地，最 好 能 在 新 大 陆 上 为 帝 国 夺 下 无 人 居 住 的 领 土。可 惜 我 向 南 走 了，而 不 是 向 西 南。
str_id_837|我 听 说，你 就 是 那 样 的 人。
str_id_838|我 听 说，你 就 是 那 样 的 人。
str_id_839|我 听 说，你 就 是 那 样 的 人。
str_id_840|我 听 说，你 就 是 那 样 的 人。
str_id_841|我 听 说，你 就 是 那 样 的 人。
str_id_842|我 听 说，你 就 是 那 样 的 人。
str_id_843|我 听 说，你 就 是 那 样 的 人。
str_id_844|我 听 说，你 就 是 那 样 的 人。
str_id_845|我 听 说，你 就 是 那 样 的 人。
str_id_846|我 听 说，你 就 是 那 样 的 人。
str_id_847|我 听 说，你 就 是 那 样 的 人。
str_id_848|我 听 说，你 就 是 那 样 的 人。
str_id_849|我 听 说，你 就 是 那 样 的 人。
str_id_850|我 听 说，你 就 是 那 样 的 人。
str_id_851|我 听 说，你 就 是 那 样 的 人。
str_id_852|我 听 说，你 就 是 那 样 的 人。
str_id_853|我 听 说，你 就 是 那 样 的 人。
str_id_854|我 听 说，你 就 是 那 样 的 人。
str_id_855|我 听 说，你 就 是 那 样 的 人。
str_id_856|我 听 说，你 就 是 那 样 的 人。
str_id_857|我 听 说，你 就 是 那 样 的 人。
str_id_858|我 听 说，你 就 是 那 样 的 人。
str_id_859|我 听 说，你 就 是 那 样 的 人。
str_id_860|我 听 说，你 就 是 那 样 的 人。
str_id_861|我 听 说，你 就 是 那 样 的 人。
str_id_862|我 听 说，你 就 是 那 样 的 人。
str_id_863|我 听 说，你 就 是 那 样 的 人。
str_id_864|我 听 说，你 就 是 那 样 的 人。
str_id_865|我 听 说，你 就 是 那 样 的 人。
str_id_866|我 听 说，你 就 是 那 样 的 人。
str_id_867|我 听 说，你 就 是 那 样 的 人。
str_id_868|我 听 说，你 就 是 那 样 的 人。
str_id_869|我 听 说，你 就 是 那 样 的 人。
str_id_870|我 听 说，你 就 是 那 样 的 人。
str_id_871|我 听 说，你 就 是 那 样 的 人。
str_id_872|我 听 说，你 就 是 那 样 的 人。
str_id_873|我 听 说，你 就 是 那 样 的 人。
str_id_874|我 听 说，你 就 是 那 样 的 人。
str_id_875|我 听 说，你 就 是 那 样 的 人。
str_id_876|我 听 说，你 就 是 那 样 的 人。
str_id_877|我 把 所 有 时 间 都 花 在 学 些 杂 七 杂 八 的 本 事 上，却 从 未 坚 持 到 底。兽 群 厌 倦 了 我 游 手 好 闲、毫 无 用 处，最 后 把 我 赶 了 出 来。
str_id_878|我 听 说，你 就 是 那 样 的 人。
str_id_879|我 听 说，你 就 是 那 样 的 人。
str_id_880|我 听 说，你 就 是 那 样 的 人。
str_id_881|我 听 说，你 就 是 那 样 的 人。
str_id_882|我 能 闻 到 你 身 上 的 血 味，朋 友。死 亡 跟 随 你！{reg33?:}
str_id_883|朋 友，我 能 闻 到 你 身 上 的 血 腥 味。死 亡 正 紧 随 你 而 来！{reg33?:}
str_id_884|我 能 闻 到 你 身 上 的 血 味，朋 友。死 亡 跟 随 你！{reg33?:}
str_id_885|我 能 闻 到 你 身 上 的 血 味，朋 友。死 亡 跟 随 你！{reg33?:}
str_id_886|我 能 闻 到 你 身 上 的 血 味，朋 友。死 亡 跟 随 你！{reg33?:}
str_id_887|我 听 说，你 就 是 那 样 的 人。
str_id_888|我 听 说，你 就 是 那 样 的 人。
str_id_889|我 听 说，你 就 是 那 样 的 人。
str_id_890|我 听 说，你 就 是 那 样 的 人。
str_id_891|我 听 说，你 就 是 那 样 的 人。
str_id_892|我 听 说，你 就 是 那 样 的 人。
str_id_893|我 听 说，你 就 是 那 样 的 人。
str_id_894|我 听 说，你 就 是 那 样 的 人。
str_id_895|我 听 说，你 就 是 那 样 的 人。
str_id_896|我 听 说，你 就 是 那 样 的 人。
str_id_897|现 在 头 儿 说 我 把 他 们 都 痛 打 一 顿，但 我 没 有，我 敲 了 敲 他 们，他 们 的 头 骨 这 么 软 不 是 我 的 错。也 许 下 次 他 们 会 学 点 礼 貌。
str_id_898|但 你 必 须 明 白：无 论 胜 算 多 么 渺 茫，无 论 需 要 付 出 何 种 牺 牲，我 都 会 为 眼 前 的 使 命 倾 尽 一 切！我 也 绝 不 容 忍 一 个 做 不 到 同 样 事 情 的 领 袖。
str_id_899|我 剑 法 不 错，尽 管 不 是 最 顶 尖 的 战 士。但 对 付 斯 卡 文 鼠 人 这 种 渣 滓，没 人 比 我 更 拼 命。我 还 能 说 书 讲 故 事，提 振 军 营 的 士 气。
str_id_900|最 近 我 离 开 了 岗 位，尽 管 哈 里 发 很 信 任 我。但 我 想 寻 找 一 个 新 的 主 人 来 服 务，我 想 你 可 能 是 我 要 找 的 人。
str_id_901|但 是 我 希 望 避 开 更 多 的 麻 烦，如 果 你 知 道 任 何 我 可 以 加 入 的 战 斗 团 队，我 会 非 常 感 激。
str_id_902|你 肯 定 需 要 我 这 样 的 帮 手，对 不 对？
str_id_903|眼 下 情 况 不 同 了，我 们 掌 握 的 有 关 黑 暗 精 灵 领 地 的 情 报 没 以 前 准 了，所 以 得 先 按 兵 不 动，而 不 是 硬 闯。要 是 你 队 伍 里 缺 个 好 手，我 倒 是 可 以 临 时 搭 个 伙？
str_id_904|我 们 现 已 自 由，手 下 们 都 散 伙 去 历 练 各 种 战 事 了。我 愿 投 靠 你，毕 竟 我 是 他 们 的 头 儿，也 是 队 里 最 强 的。雇 我 吧，有 机 会 也 把 我 弟 兄 们 都 招 来。
str_id_905|好 了，这 事 就 算 两 清，该 干 嘛 干 嘛。本 来 想 请 你 吃 奶 酪，可 惜 没 了。
str_id_906|我 希 望 能 为 一 个 值 得 效 力 的 军 官 效 力，因 为 这 是 唯 一 和 在 我 的 领 地 上 的 出 身 相 称 的 光 荣 职 业，但 是 在 这 期 间 我 视 与 小 偷，流 浪 汉，小 贩，以 及 路 上 其 他 乱 七 八 糟 的 诸 如 此 类 的 人 混 在 一 起 为 罪 恶。
str_id_907|你 四 处 征 战，路 过 的 酒 馆 多 的 是，准 能 碰 上 他 们。这 帮 人 既 为 神 明 卖 命，也 听 我 调 遣。要 是 你 肯 带 我 一 路 打 到 底，我 说 不 定 也 替 你 效 力。
str_id_908|为 军 队 提 供 食 物，这 不 是 我 的 生 活。当 大 兵 们 到 处 花 钱 的 时 候，我 却 这 里 挣 点 那 里 挣 点，然 后 随 着 被 打 败 又 得 重 新 开 始，到 头 来 自 己 去 买 新 的 马 车 和 新 的 牛。于 是 我 决 定 不 做 这 种 生 意，不 过 我 只 熟 悉 军 旅 生 活。
str_id_909|抠 眼 珠、拔 毛 兽、胡 吃 海 塞 满 嘴 油…………你 爱 吃 不？哇 哈 哈 哈！
str_id_910|国 王 下 令 征 讨 阿 拉 比 和 墓 王，这 两 家 这 些 年 越 发 壮 大，他 怕 谁 独 大 了 就 会 打 过 来。我 们 干 脆 抢 先 下 手。可 圣 战 打 打 停 停，那 鬼 地 方 比 想 的 难 啃。敌 人 越 打 越 多，资 源 计 划 全 乱 套，只 得 推 倒 重 来。
str_id_911|我 专 精 育 马，养 的 都 是 天 下 顶 尖 的 骏 马。我 族 人 要 赶 来 这 儿，少 不 了 好 马 脚 力。我 在 此 地 建 了 三 处 马 场，很 快 就 能 出 产 良 驹，可 我 不 敢 走 开，万 一 有 啥 闪 失。
str_id_912|我 真 傻 不 该 在 签 和 约 之 前 没 有 拿 预 付 款，我 想，但 是 最 后 我 处 在 了 一 个 很 尴 尬 的 境 地，路 上 到 处 都 是 强 盗 而 我 没 有 钱 去 请 护 卫。所 以 接 下 来 几 天 如 果 有 一 支 强 大 的 武 装 队 伍 能 带 我 离 开 我 将 非 常 感 激。
str_id_913|后 来 我 流 落 到 这 地 方，瑞 克 图 斯 氏 族 对 我 挺 好，培 养 我 当 上 了 风 暴 鼠。我 这 辈 子 原 只 想 投 靠 艾 辛 族，结 果 却 是 瑞 克 图 斯 收 留 了 我。我 自 知 不 算 多 能 打，但 头 一 回 能 自 保，还 能 帮 想 帮 的 人。
str_id_914|近 来 地 盘 上 闹 邪 祟，像 是 希 尔 瓦 尼 亚 的 余 孽，本 以 为 早 清 干 净 了。大 伙 躲 进 了 秘 密 据 点，我 们 这 些 游 侠 负 责 放 哨，等 风 头 过 了 再 回 去。
str_id_915|我 到 处 流 浪，从 这 镇 到 那 镇，可 如 今 揍 人 赢 牌 捞 钱 都 腻 了。开 头 还 挺 乐，现 在 没 劲。我 想 找 点 刺 激，你 明 白 吧？我 可 不 是 为 了 跟 这 帮 瘪 三 一 样 混 日 子。
str_id_916|现 在 我 不 知 道 该 怎 么 办，因 为 我 太 年 轻，没 有 非 常 丰 富 经 验。我 看 到 你 们 人 多 势 众，所 以 我 想 加 入 你 的 队 伍，做 你 想 我 做 的 事。我 会 觉 得 这 样 安 全 多 了。
str_id_917|起 初 听 说 露 丝 契 亚 我 还 不 信，可 一 听 说 新 大 陆 遍 地 是 宝，我 差 点 乐 疯。自 打 去 了 那 儿，我 时 来 运 转，连 老 家 地 下 都 不 想 回 了。
str_id_918|前 阵 子 我 的 厂 子 被 地 精 匪 帮 端 了，工 人 全 灭。我 立 誓 报 仇，带 着 弟 兄 们 去 雪 恨。一 场 血 战，就 我 一 人 活 着 回 来。死 了 这 么 多 人，就 算 宰 了 仇 敌 也 消 不 了 我 这 口 恶 气。眼 下 我 受 不 了 回 酒 厂，太 揪 心，好 在 新 手 下 的 酒 酿 得 不 差。我 迟 早 再 找 地 精 算 账，手 下 游 侠 正 在 镇 里 比 武 练 手，到 时 候 有 他 们 好 看。
str_id_919|早 先 不 过 是 小 股 人 马，私 兵 或 官 派 的，可 现 在 人 类 大 军 压 境，真 是 要 命 了。
str_id_920|有 时 也 想 再 去 闯 荡，可，嗝，转 念 一 想，嗝 嗝。酒 馆 里 多 自 在！
str_id_921|我 打 架 不 在 行，就 爱 游 山 玩 水。世 上 不 太 平，可 只 要 入 乡 随 俗，照 样 能 平 安 惬 意。
str_id_922|我 精 通 十 八 番 武 艺，我 想 加 入 你 的 队 伍，训 练 你 的 士 兵 成 为 在 整 个 旧 世 界 最 精 英 的 战 士。
str_id_923|跟 暴 君 交 手 输 了 多 半 没 命，我 好 歹 逃 了 出 来，就 是 元 气 大 伤。如 今 在 此 地 落 脚，等 有 朝 一 日 兵 强 马 壮，必 回 去 夺 回 江 山。
str_id_924|我 看 见 你 在 外 面 的 部 队，如 果 你 是 个 冒 险 家，也 许 你 会 用 得 上 我 的 能 力，快 速 而 敏 捷 的 了 结 你 的 敌 人。{reg33?:}
str_id_925|结 果 跑 到 尼 赫 喀 拉，进 了 墓 王 金 字 塔。里 头 东 西 让 我 大 开 眼 界，可 我 真 蠢，没 看 警 告 赶 紧 溜。碰 上 个 亡 灵 祭 司，被 他 下 咒，也 成 了 不 死 族。
str_id_926|所 以 我 四 处 寻 访，终 于 找 到 了 你。
str_id_927|所 以 我 四 处 寻 访，终 于 找 到 了 你。
str_id_928|所 以 我 四 处 寻 访，终 于 找 到 了 你。
str_id_929|所 以 我 四 处 寻 访，终 于 找 到 了 你。
str_id_930|所 以 我 四 处 寻 访，终 于 找 到 了 你。
str_id_931|所 以 我 四 处 寻 访，终 于 找 到 了 你。
str_id_932|所 以 我 四 处 寻 访，终 于 找 到 了 你。
str_id_933|所 以 我 四 处 寻 访，终 于 找 到 了 你。
str_id_934|所 以 我 四 处 寻 访，终 于 找 到 了 你。
str_id_935|所 以 我 四 处 寻 访，终 于 找 到 了 你。
str_id_936|所 以 我 四 处 寻 访，终 于 找 到 了 你。
str_id_937|所 以 我 四 处 寻 访，终 于 找 到 了 你。
str_id_938|所 以 我 四 处 寻 访，终 于 找 到 了 你。
str_id_939|所 以 我 四 处 寻 访，终 于 找 到 了 你。
str_id_940|所 以 我 四 处 寻 访，终 于 找 到 了 你。
str_id_941|所 以 我 四 处 寻 访，终 于 找 到 了 你。
str_id_942|所 以 我 四 处 寻 访，终 于 找 到 了 你。
str_id_943|所 以 我 四 处 寻 访，终 于 找 到 了 你。
str_id_944|所 以 我 四 处 寻 访，终 于 找 到 了 你。
str_id_945|所 以 我 四 处 寻 访，终 于 找 到 了 你。
str_id_946|所 以 我 四 处 寻 访，终 于 找 到 了 你。
str_id_947|所 以 我 四 处 寻 访，终 于 找 到 了 你。
str_id_948|所 以 我 四 处 寻 访，终 于 找 到 了 你。
str_id_949|所 以 我 四 处 寻 访，终 于 找 到 了 你。
str_id_950|所 以 我 四 处 寻 访，终 于 找 到 了 你。
str_id_951|所 以 我 四 处 寻 访，终 于 找 到 了 你。
str_id_952|所 以 我 四 处 寻 访，终 于 找 到 了 你。
str_id_953|所 以 我 四 处 寻 访，终 于 找 到 了 你。
str_id_954|所 以 我 四 处 寻 访，终 于 找 到 了 你。
str_id_955|所 以 我 四 处 寻 访，终 于 找 到 了 你。
str_id_956|所 以 我 四 处 寻 访，终 于 找 到 了 你。
str_id_957|所 以 我 四 处 寻 访，终 于 找 到 了 你。
str_id_958|所 以 我 四 处 寻 访，终 于 找 到 了 你。
str_id_959|所 以 我 四 处 寻 访，终 于 找 到 了 你。
str_id_960|所 以 我 四 处 寻 访，终 于 找 到 了 你。
str_id_961|所 以 我 四 处 寻 访，终 于 找 到 了 你。
str_id_962|所 以 我 四 处 寻 访，终 于 找 到 了 你。
str_id_963|所 以 我 四 处 寻 访，终 于 找 到 了 你。
str_id_964|所 以 我 四 处 寻 访，终 于 找 到 了 你。
str_id_965|所 以 我 四 处 寻 访，终 于 找 到 了 你。
str_id_966|考 虑 收 留 一 个 中 年 野 兽 人 吗？教 老 牛 学 新 把 戏？
str_id_967|所 以 我 四 处 寻 访，终 于 找 到 了 你。
str_id_968|所 以 我 四 处 寻 访，终 于 找 到 了 你。
str_id_969|所 以 我 四 处 寻 访，终 于 找 到 了 你。
str_id_970|所 以 我 四 处 寻 访，终 于 找 到 了 你。
str_id_971|让 我 们 一 起 狩 猎 吧，我 肯 定 会 在 你 身 边 畅 饮。
str_id_972|让 我 们 一 起 狩 猎 吧，我 肯 定 会 在 你 身 边 畅 饮。
str_id_973|让 我 们 一 起 狩 猎 吧，我 肯 定 会 在 你 身 边 畅 饮。
str_id_974|让 我 们 一 起 狩 猎 吧，我 肯 定 会 在 你 身 边 畅 饮。
str_id_975|让 我 们 一 起 狩 猎 吧，我 肯 定 会 在 你 身 边 畅 饮。
str_id_976|所 以 我 四 处 寻 访，终 于 找 到 了 你。
str_id_977|所 以 我 四 处 寻 访，终 于 找 到 了 你。
str_id_978|所 以 我 四 处 寻 访，终 于 找 到 了 你。
str_id_979|所 以 我 四 处 寻 访，终 于 找 到 了 你。
str_id_980|所 以 我 四 处 寻 访，终 于 找 到 了 你。
str_id_981|所 以 我 四 处 寻 访，终 于 找 到 了 你。
str_id_982|所 以 我 四 处 寻 访，终 于 找 到 了 你。
str_id_983|所 以 我 四 处 寻 访，终 于 找 到 了 你。
str_id_984|所 以 我 四 处 寻 访，终 于 找 到 了 你。
str_id_985|所 以 我 四 处 寻 访，终 于 找 到 了 你。
str_id_986|每 个 人 都 生 我 的 气，所 以 我 去 散 步，不 是 像 他 们 说 的 那 样 生 气，而 是 散 步，我 可 能 走 得 太 远 了，我 甚 至 不 知 道 我 现 在 在 哪 里。
str_id_987|你 又 来 了，要 么 边 喝 边 聊，要 么 就 保 持 沉 默，不 管 怎 样，拿 稳 你 的 酒 杯。
str_id_988|我 一 直 在 兜 售 些 求 爱 的 诗 歌，这 还 挺 好 赚，你 会 认 为，人 们 能 自 己 想 到 这 些，但 我 可 不 这 么 认 为。
str_id_989|我 一 直 在 找 活 干，可 没 多 少 人 明 白 一 名 远 程 专 家 兼 护 卫 的 价 值。也 许 你 愿 意 雇 用 我？
str_id_990|我 已 经 尽 力 了，可 没 人 愿 意 雇 用 我。你 找 到 合 适 的 队 医 了 吗？若 还 没 有，别 忘 了 我 就 在 这 里。
str_id_991|你 最 好 早 点 雇 我，我 的 身 价 可 是 升 得 很 快 的。
str_id_992|我 的 提 议 仍 然 有 效，怎 样？接 受 不？
str_id_993|如 果 你 想 获 得 攻 城 的 胜 果，你 知 道 我 会 在 哪 的。
str_id_994|得 到 奶 酪 了？
str_id_995|你 到 底 要 不 要 雇 我？
str_id_996|咕 噜 噜 噜 噜 噜 噜 噜 噜 噜 噜 噜
str_id_997|又 是 你，有 屁 快 放。
str_id_998|索~索~索~
str_id_999|再 次 向 你 请 安，旅 行 者。我 相 信 你 未 来 的 路 都 会 变 得 好 走 起 来。
str_id_1000|如 果 不 是 {playername} 你 再 问，你 的 旅 行 进 度 和 我 类 似，我 仍 旧 在 找 些 真 正 的 工 作，而 不 是 打 散 工，看 来 是 遇 到 了。
str_id_1001|又 见 面 了 {playername}，如 果 还 有 位 置，那 么 请 接 受 我 作 为 一 个 朋 友 加 入 你 的 队 伍。
str_id_1002|如 果 你 需 要 只 风 暴 魔 鼠 以 帮 助 你 清 扫 你 的 敌 人，那 么 我 就 是 那 只 鼠。
str_id_1003|天 气 不 错，来，让 我 们 喝 一 杯，交 换 下 情 报。
str_id_1004|我 的 新 船 一 时 半 会 造 不 好，来 些 工 作 吧，你 这 混 蛋。
str_id_1005|请 帮 帮 我，我 不 知 道 该 怎 么 办。
str_id_1006|你 怎 么 了 旅 行 者？我 希 望 你 能 像 我 一 样 顺 利。{reg33?:}
str_id_1007|如 果 你 要 去 痛 揍 那 些 哥 布 林，没 人 比 我 更 会 打，告 诉 我 它 们 在 哪。
str_id_1008|最 近 有 太 多 太 多 敌 人 作 乱，我 的 军 队 已 日 渐 薄 弱。
str_id_1009|嗝~又 见 面 了。嗝~
str_id_1010|我 的 旅 途 还 不 会 结 束，我 想 探 索 露 斯 契 亚 最 隐 蔽 的 地 方，除 非 有 更 好 的 机 遇，那 我 可 不 会 说 不。
str_id_1011|我 认 为 你 很 快 就 会 改 变 想 法 邀 我 加 入 你 的 队 伍，你 看 看 你 的 人，没 一 个 达 标。
str_id_1012|我 一 直 为 自 己 到 处 流 浪 感 到 难 过，我 想 要 回 到 以 前。
str_id_1013|我 是 个 北 方 野 蛮 人，时 刻 准 备 着 承 担 一 切。
str_id_1014|如 果 你 见 到 巴 斯 汀 记 得 告 诉 他，我 准 备 好 饮 酒 大 赛 了，虽 然 我 以 前 酒 量 很 差，但 现 在 酒 只 是 简 单 的 穿 过 我 而 已。
str_id_1015|你 好。
str_id_1016|你 好。
str_id_1017|你 好。
str_id_1018|你 好。
str_id_1019|你 好。
str_id_1020|你 好。
str_id_1021|你 好。
str_id_1022|你 好。
str_id_1023|你 好。
str_id_1024|你 好。
str_id_1025|你 好。
str_id_1026|你 好。
str_id_1027|你 好。
str_id_1028|你 好。
str_id_1029|你 好。
str_id_1030|你 好。
str_id_1031|你 好。
str_id_1032|你 好。
str_id_1033|你 好。
str_id_1034|你 好。
str_id_1035|你 好。
str_id_1036|你 好。
str_id_1037|你 好。
str_id_1038|你 好。
str_id_1039|你 好。
str_id_1040|你 好。
str_id_1041|你 好。
str_id_1042|你 好。
str_id_1043|你 好。
str_id_1044|你 好。
str_id_1045|你 好。
str_id_1046|你 好。
str_id_1047|你 好。
str_id_1048|你 好。
str_id_1049|你 好。
str_id_1050|你 好。
str_id_1051|你 好。
str_id_1052|你 好。
str_id_1053|你 好。
str_id_1054|你 好。
str_id_1055|你 好，又 来 嘲 笑 无 能 的 阿 祖 罗 克 了 是 吧……
str_id_1056|你 好。
str_id_1057|你 好。
str_id_1058|你 好。
str_id_1059|你 好。
str_id_1060|回 到 狩 猎 中……
str_id_1061|回 到 狩 猎 中……
str_id_1062|回 到 狩 猎 中……
str_id_1063|回 到 狩 猎 中……
str_id_1064|回 到 狩 猎 中……
str_id_1065|你 好。
str_id_1066|你 好。
str_id_1067|你 好。
str_id_1068|你 好。
str_id_1069|你 好。
str_id_1070|你 好。
str_id_1071|你 好。
str_id_1072|你 好。
str_id_1073|你 好。
str_id_1074|你 好。
str_id_1075|你 知 道 我 不 知 道 我 在 哪 里，这 是 西 格 玛 帝 国 吗？
str_id_1076|如 果 你 想 找 到 所 有 你 需 要 的 啤 酒 和 想 对 付 的 家 伙，那 你 会 需 要 我 的，屠 夫 杀 手。
str_id_1077|真 不 敢 相 信 我 怎 么 没 有 早 点 遇 到 你，欢 迎 加 入 我 的 队 伍。
str_id_1078|你 是 个 高 手，我 正 在 招 募 各 路 高 手 进 入 我 的 队 伍，来 吧，加 入 我 吧。
str_id_1079|很 好，我 的 队 伍 正 需 要 你 这 样 的 特 殊 人 才。
str_id_1080|我 是 该 用 个 和 你 一 样 残 酷 的 家 伙。
str_id_1081|欢 迎 加 入，马 提 亚 斯，看 来 我 们 有 些 重 火 力 可 用 了。
str_id_1082|我 喜 欢 你 的 能 力 可 以 应 用 在 我 的 队 伍 上。
str_id_1083|你 竟 敢 如 此 冒 犯，我 本 该 当 场 杀 了 你。
str_id_1084|我 需 要 有 自 信 的 同 伴 在 我 的 队 伍，如 果 我 的 目 标 最 终 得 以 实 现，你 会 得 到 你 渴 望 的 财 富 以 及 很 好 的 保 护。
str_id_1085|我 需 要 你 的 力 量，愿 意 为 我 而 战 吗？
str_id_1086|我 将 进 行 相 当 多 的 海 上 航 行 计 划，我 的 队 伍 会 需 要 你 的 能 力。
str_id_1087|你 是 有 点 疯，既 然 你 喜 欢 战 斗 那 就 来 为 我 而 战。
str_id_1088|当 你 不 用 为 你 的 国 家 上 前 线 时，有 空 来 我 的 队 伍 吗？
str_id_1089|快 速 而 精 准，嗯，我 喜 欢，来 吧。
str_id_1090|只 要 你 上 得 了 战 场，我 很 高 兴 能 聘 用 你。
str_id_1091|你 听 起 来 很 有 信 心 嘛，如 果 你 有 空 可 以 来 为 我 服 务。
str_id_1092|我 带 领 着 一 支 将 在 整 个 大 陆 展 开 冒 险 的 队 伍，如 果 你 愿 意 加 入，你 能 得 到 更 多 你 需 要 的 情 报。
str_id_1093|如 过 你 寻 求 冒 险，那 你 应 该 会 想 知 道 我 带 着 一 支 探 险 队。
str_id_1094|我 很 大 方 的，所 以 我 可 以 接 纳 你 进 入 我 的 队 伍。
str_id_1095|只 要 你 为 我 而 战，你 可 以 获 得 更 高 的 成 就。我 将 获 得 这 个 世 界 上 除 了 石 头 的 一 切。
str_id_1096|也 许 你 能 释 放 你 的 愤 怒 为 我 而 战，也 许 会 帮 助 到 你 找 回 失 去 的 自 我。
str_id_1097|任 何 国 家 都 存 在 着 威 胁，什 么 风 吹 你 来 到 这 小 酒 馆。
str_id_1098|如 有 什 么 能 驱 动 你，那 我 应 该 就 是 引 导 你 进 行 最 后 冒 险 旅 途 的 人。
str_id_1099|好 了，跟 随 我 们？你 怎 么 不 在 看 到 我 们 时 就 加 入 我 们。
str_id_1100|我 或 许 会 给 我 的 部 下 找 个 新 教 练。
str_id_1101|我 知 道 你 不 是 个 唯 利 是 图 的 人，但 你 作 为 一 个 朋 友 而 加 入 我 的 队 伍 的 话，你 很 快 就 能 恢 复 你 的 权 力 以 及 获 得 你 所 说 的 财 富。
str_id_1102|如 果 你 跟 随 我 的 领 导，你 对 战 斗 的 渴 望 就 会 得 到 满 足。
str_id_1103|听 来 你 已 失 去 一 切。我 的 军 队 正 用 得 上 一 位 领 主 的 本 领；这 也 许 能 让 你 重 新 开 始。
str_id_1104|很 有 意 思。
str_id_1105|很 有 意 思。
str_id_1106|很 有 意 思。
str_id_1107|很 有 意 思。
str_id_1108|很 有 意 思。
str_id_1109|很 有 意 思。
str_id_1110|很 有 意 思。
str_id_1111|很 有 意 思。
str_id_1112|很 有 意 思。
str_id_1113|很 有 意 思。
str_id_1114|很 有 意 思。
str_id_1115|很 有 意 思。
str_id_1116|很 有 意 思。
str_id_1117|很 有 意 思。
str_id_1118|很 有 意 思。
str_id_1119|很 有 意 思。
str_id_1120|很 有 意 思。
str_id_1121|很 有 意 思。
str_id_1122|很 有 意 思。
str_id_1123|很 有 意 思。
str_id_1124|很 有 意 思。
str_id_1125|很 有 意 思。
str_id_1126|很 有 意 思。
str_id_1127|很 有 意 思。
str_id_1128|很 有 意 思。
str_id_1129|很 有 意 思。
str_id_1130|很 有 意 思。
str_id_1131|很 有 意 思。
str_id_1132|很 有 意 思。
str_id_1133|很 有 意 思。
str_id_1134|很 有 意 思。
str_id_1135|很 有 意 思。
str_id_1136|很 有 意 思。
str_id_1137|很 有 意 思。
str_id_1138|很 有 意 思。
str_id_1139|很 有 意 思。
str_id_1140|很 有 意 思。
str_id_1141|很 有 意 思。
str_id_1142|很 有 意 思。
str_id_1143|很 有 意 思。
str_id_1144|精 彩 纷 呈……
str_id_1145|很 有 意 思。
str_id_1146|很 有 意 思。
str_id_1147|很 有 意 思。
str_id_1148|很 有 意 思。
str_id_1149|很 有 意 思。
str_id_1150|很 有 意 思。
str_id_1151|很 有 意 思。
str_id_1152|很 有 意 思。
str_id_1153|很 有 意 思。
str_id_1154|很 有 意 思。
str_id_1155|很 有 意 思。
str_id_1156|很 有 意 思。
str_id_1157|很 有 意 思。
str_id_1158|很 有 意 思。
str_id_1159|很 有 意 思。
str_id_1160|很 有 意 思。
str_id_1161|很 有 意 思。
str_id_1162|很 有 意 思。
str_id_1163|很 有 意 思。
str_id_1164|你 知 道 我 的 敌 人 需 要 好 好 教 训 一 下，我 听 说 他 们 讨 厌 狗。你 为 什 么 不 加 入 我，我 们 可 以 边 冒 险 边 交 朋 友？
str_id_1165|没 门，我 可 不 想 为 你 不 听 从 我 的 领 导 而 会 砍 下 我 的 头 担 心。
str_id_1166|改 天 吧，呵 呵，大 诗 人 菲 力 克 斯。
str_id_1167|我 恐 怕 并 不 需 要 保 镖，贾 利 勒，但 祝 你 好 运。
str_id_1168|一 个 消 极 的 兽 人，算 了 吧，连 我 都 看 不 下 去 了。
str_id_1169|我 的 队 伍 需 要 的 是 比 你 还 要 有 道 德 的 人。
str_id_1170|我 不 能 冒 险 让 你 在 个 不 好 的 时 机 离 开。从 而 破 坏 我 的 计 划。
str_id_1171|我 不 需 要 你 的 能 力，不 过 我 会 记 得 你 的。
str_id_1172|你 知 道 刚 才 想 偷 的 人 是 谁 吗？
str_id_1173|我 认 为 你 会 给 我 的 队 伍 带 来 不 良 影 响，所 以 我 会 去 找 别 人 当 我 的 新 伙 伴。
str_id_1174|我 可 不 想 一 直 参 与 战 争，或 许 你 去 当 个 强 盗 比 较 好。
str_id_1175|这 听 起 来 事 态 不 乐 观，我 希 望 你 会 失 败。
str_id_1176|闪 边 去，你 这 疯 癫 的 怪 物。
str_id_1177|好 吧，当 你 入 侵 另 一 片 土 地，这 算 什 么 事。
str_id_1178|我 知 道 你 不 适 合 我 的 队 伍。
str_id_1179|你 也 许 是 很 有 学 识，但 我 不 需 要 个 骑 射 手。
str_id_1180|祝 你 好 运 史 基 佐，希 望 你 的 一 切 变 好。
str_id_1181|他 们 可 能 是 故 意 把 你 留 下 的，斯 卡 洛 克，为 了 摆 脱 你 这 个 单 调 的 混 蛋。
str_id_1182|是 的，嗯，对 此 我 无 能 为 力。
str_id_1183|若 你 寻 求 的 是 安 全，那 就 相 信 我：最 好 别 与 我 同 行。
str_id_1184|真 令 人 印 象 深 刻。不 过 别 想 偷 我 的 任 何 宝 藏，否 则 你 会 后 悔 来 到 这 里。
str_id_1185|一 件 可 怕 的 故 事，很 高 兴 你 成 功 复 了 仇，告 辞。
str_id_1186|如 果 我 没 记 错，露 斯 契 亚 在 不 久 前 入 侵 旧 世 界，别 骗 人 了，你 什 么 都 做 不 到。
str_id_1187|谢 谢 你 的 酒，老 头，再 见。
str_id_1188|如 果 我 再 发 现 你 跟 着 我 的 部 队 我 就 把 你 关 起 来。
str_id_1189|我 自 己 会 训 练 我 的 人。
str_id_1190|你 很 像 我 有 很 多 计 划，但 阿 个 陋 你 也 许 该 从 你 的 失 败 中 学 习。
str_id_1191|我 的 队 伍 里 没 有 位 置 给 你 这 样 的 家 伙。
str_id_1192|我 听 说 好 奇 心 害 死 猫，看 来 在 你 身 上 又 复 活 了。{reg33?:}
str_id_1193|故 事 很 有 意 思，不 过 我 得 走 了。
str_id_1194|故 事 很 有 意 思，不 过 我 得 走 了。
str_id_1195|故 事 很 有 意 思，不 过 我 得 走 了。
str_id_1196|故 事 很 有 意 思，不 过 我 得 走 了。
str_id_1197|故 事 很 有 意 思，不 过 我 得 走 了。
str_id_1198|故 事 很 有 意 思，不 过 我 得 走 了。
str_id_1199|故 事 很 有 意 思，不 过 我 得 走 了。
str_id_1200|故 事 很 有 意 思，不 过 我 得 走 了。
str_id_1201|故 事 很 有 意 思，不 过 我 得 走 了。
str_id_1202|故 事 很 有 意 思，不 过 我 得 走 了。
str_id_1203|故 事 很 有 意 思，不 过 我 得 走 了。
str_id_1204|故 事 很 有 意 思，不 过 我 得 走 了。
str_id_1205|故 事 很 有 意 思，不 过 我 得 走 了。
str_id_1206|故 事 很 有 意 思，不 过 我 得 走 了。
str_id_1207|故 事 很 有 意 思，不 过 我 得 走 了。
str_id_1208|故 事 很 有 意 思，不 过 我 得 走 了。
str_id_1209|故 事 很 有 意 思，不 过 我 得 走 了。
str_id_1210|故 事 很 有 意 思，不 过 我 得 走 了。
str_id_1211|故 事 很 有 意 思，不 过 我 得 走 了。
str_id_1212|故 事 很 有 意 思，不 过 我 得 走 了。
str_id_1213|故 事 很 有 意 思，不 过 我 得 走 了。
str_id_1214|故 事 很 有 意 思，不 过 我 得 走 了。
str_id_1215|故 事 很 有 意 思，不 过 我 得 走 了。
str_id_1216|故 事 很 有 意 思，不 过 我 得 走 了。
str_id_1217|故 事 很 有 意 思，不 过 我 得 走 了。
str_id_1218|故 事 很 有 意 思，不 过 我 得 走 了。
str_id_1219|故 事 很 有 意 思，不 过 我 得 走 了。
str_id_1220|故 事 很 有 意 思，不 过 我 得 走 了。
str_id_1221|故 事 很 有 意 思，不 过 我 得 走 了。
str_id_1222|故 事 很 有 意 思，不 过 我 得 走 了。
str_id_1223|故 事 很 有 意 思，不 过 我 得 走 了。
str_id_1224|故 事 很 有 意 思，不 过 我 得 走 了。
str_id_1225|故 事 很 有 意 思，不 过 我 得 走 了。
str_id_1226|故 事 很 有 意 思，不 过 我 得 走 了。
str_id_1227|故 事 很 有 意 思，不 过 我 得 走 了。
str_id_1228|故 事 很 有 意 思，不 过 我 得 走 了。
str_id_1229|故 事 很 有 意 思，不 过 我 得 走 了。
str_id_1230|故 事 很 有 意 思，不 过 我 得 走 了。
str_id_1231|故 事 很 有 意 思，不 过 我 得 走 了。
str_id_1232|故 事 很 有 意 思，不 过 我 得 走 了。
str_id_1233|真 是 浪 费 时 间，再 见。
str_id_1234|故 事 很 有 意 思，不 过 我 得 走 了。
str_id_1235|故 事 很 有 意 思，不 过 我 得 走 了。
str_id_1236|故 事 很 有 意 思，不 过 我 得 走 了。
str_id_1237|故 事 很 有 意 思，不 过 我 得 走 了。
str_id_1238|故 事 很 有 意 思，不 过 我 得 走 了。
str_id_1239|故 事 很 有 意 思，不 过 我 得 走 了。
str_id_1240|故 事 很 有 意 思，不 过 我 得 走 了。
str_id_1241|故 事 很 有 意 思，不 过 我 得 走 了。
str_id_1242|故 事 很 有 意 思，不 过 我 得 走 了。
str_id_1243|故 事 很 有 意 思，不 过 我 得 走 了。
str_id_1244|故 事 很 有 意 思，不 过 我 得 走 了。
str_id_1245|故 事 很 有 意 思，不 过 我 得 走 了。
str_id_1246|故 事 很 有 意 思，不 过 我 得 走 了。
str_id_1247|故 事 很 有 意 思，不 过 我 得 走 了。
str_id_1248|故 事 很 有 意 思，不 过 我 得 走 了。
str_id_1249|故 事 很 有 意 思，不 过 我 得 走 了。
str_id_1250|故 事 很 有 意 思，不 过 我 得 走 了。
str_id_1251|故 事 很 有 意 思，不 过 我 得 走 了。
str_id_1252|故 事 很 有 意 思，不 过 我 得 走 了。
str_id_1253|我 想 问 问 酒 馆 老 板 你 回 家 的 最 佳 路 线，战 争 就 要 来 了。
str_id_1254|就 这 么 定 了，我 们 会 和 开 裂 的 头 骨 一 起 喝 酒。
str_id_1255|我 很 荣 幸 在 您 身 边 战 斗 {reg33?女 士 :先 生 }。
str_id_1256|不 错，不 错，你 完 全 可 以 指 望 我，你 会 发 现 这 么 便 宜 的 我 在 很 多 时 候 会 值 得 给 双 倍 价 钱。
str_id_1257|我 很 高 兴 在 这 能 发 现 我 的 价 值。
str_id_1258|嗯，你 既 睿 智 又 富 有。
str_id_1259|太 好 了，如 果 你 还 不 了 解 我 的 能 力，我 保 证 你 不 会 失 望。{reg33?:}
str_id_1260|那 么 我 准 备 好 加 入 你 了，别 忘 了 在 攻 城 时 采 用 我 的 计 策，快 速 的 围 攻 是 为 了 让 军 队 减 少 耗 损 的 难 得 机 会。
str_id_1261|你 可 以 试 试，但 我 会 逃 离 你 的 抓 捕，我 比 你 想 象 中 要 快 的 多。如 果 你 够 聪 明，你 会 雇 佣 我 而 不 是 攻 击 我，充 分 利 用 我 的 才 能。
str_id_1262|不 错，就 让 我 带 领 门 下 骑 兵，你 会 看 到 一 片 敌 人 变 成 红 色。
str_id_1263|我 可 以 为 你 而 战，但 必 须 确 信 你 是 认 真 的，不 是 只 想 利 用 我 完 成 一 件 要 紧 任 务，事 后 便 置 之 不 理。若 你 敢 那 样 做，我 会 像 杀 掉 从 前 那 些 家 伙 一 样 杀 了 你。
str_id_1264|我 习 惯 了 只 为 那 加 隆 强 大 的 统 治 者 服 务，但 我 想 我 可 以 和 你 一 起 打 发 下 时 间。
str_id_1265|混 家 伙，呗-----嘎 嘶，臭 虫 将 会 再 战！
str_id_1266|当 我 休 息 了 这 么 长 时 间，经 常 可 以 看 到 像 是 位 女 士 的 幻 觉，似 乎 在 指 引 我 应 该 做 些 什 么。但 最 近 很 长 一 段 时 间，我 担 心 她 不 会 再 来 了，也 许 我 再 次 进 入 战 场 就 能 再 看 见 她 并 告 诉 她 我 还 是 有 价 值 的。
str_id_1267|我 很 高 兴 将 与 你 同 行。
str_id_1268|我 对 这 个 机 会 表 示 感 激，我 对 所 有 的 种 族 和 文 化 都 有 很 渊 博 的 知 识，如 果 你 不 想 用 剑 而 是 想 找 到 能 以 外 交 的 方 式 来 解 决，我 会 很 乐 意 提 供 意 见。
str_id_1269|我 加 入 前 一 个 冒 险 团 队 时，并 没 有 在 战 场 体 现 出 我 有 多 少 用 处，我 保 证 这 次 不 同 了。
str_id_1270|虽 然 我 不 习 惯 与 一 大 群 陌 生 人 相 处，但 你 的 旅 行 如 果 真 如 你 所 说 的 那 样，让 我 加 入 你 也 不 失 为 一 个 好 主 意。
str_id_1271|真 的！你 最 好 是 知 道 怎 么 哄 一 个 女 孩 开 心，嗯，有 活 干 了。
str_id_1272|哦，谢 谢 你，谢 谢 你。我 迷 路 了，我 害 怕 自 己 出 去 旅 行 会 遇 到 了 些 很 可 怕 的 事 物。
str_id_1273|我 能 照 顾 好 自 己，我 能 单 独 作 战 也 可 作 为 团 队 的 一 部 分，我 必 须 承 认 我 曾 错 过 一 些 机 会。
str_id_1274|如 果 你 答 应 我，我 们 会 去 痛 扁 一 些 哥 布 林，我 会 跟 随 你 到 任 何 地 方。
str_id_1275|崇 敬 的 长 老 一 直 控 制 我 的 兄 弟 们 做 他 的 护 卫，从 来 没 有 给 我 分 配 新 的 任 务。
str_id_1276|如 果 能 让 我 找 回 自 我，为 什 么 不 呢？
str_id_1277|你 似 乎 经 常 旅 行 冒 险，对 我 来 说 这 不 错。
str_id_1278|你 会 在 任 何 时 候 发 现 你 部 下 发 生 的 改 变。
str_id_1279|好 吧，我 想 总 得 有 个 起 点，来 重 拾 巅 峰 状 态。
str_id_1280|我 追 随 你，哪 怕 战 斗 不 断 来 袭，我 都 会 陪 着 你。
str_id_1281|我 失 去 了 一 切，当 我 回 到 帝 国 被 当 成 异 类 几 乎 被 打 死，你 可 以 确 信 我 并 不 想 成 为 什 么 古 墓 王，我 陷 入 了 困 境，但 你 居 然 愿 意 向 我 伸 出 手。
str_id_1282|若 你 能 给 我 想 要 的 东 西，我 就 加 入 你。
str_id_1283|若 你 能 给 我 想 要 的 东 西，我 就 加 入 你。
str_id_1284|若 你 能 给 我 想 要 的 东 西，我 就 加 入 你。
str_id_1285|若 你 能 给 我 想 要 的 东 西，我 就 加 入 你。
str_id_1286|若 你 能 给 我 想 要 的 东 西，我 就 加 入 你。
str_id_1287|若 你 能 给 我 想 要 的 东 西，我 就 加 入 你。
str_id_1288|若 你 能 给 我 想 要 的 东 西，我 就 加 入 你。
str_id_1289|若 你 能 给 我 想 要 的 东 西，我 就 加 入 你。
str_id_1290|若 你 能 给 我 想 要 的 东 西，我 就 加 入 你。
str_id_1291|若 你 能 给 我 想 要 的 东 西，我 就 加 入 你。
str_id_1292|若 你 能 给 我 想 要 的 东 西，我 就 加 入 你。
str_id_1293|若 你 能 给 我 想 要 的 东 西，我 就 加 入 你。
str_id_1294|若 你 能 给 我 想 要 的 东 西，我 就 加 入 你。
str_id_1295|若 你 能 给 我 想 要 的 东 西，我 就 加 入 你。
str_id_1296|若 你 能 给 我 想 要 的 东 西，我 就 加 入 你。
str_id_1297|若 你 能 给 我 想 要 的 东 西，我 就 加 入 你。
str_id_1298|若 你 能 给 我 想 要 的 东 西，我 就 加 入 你。
str_id_1299|若 你 能 给 我 想 要 的 东 西，我 就 加 入 你。
str_id_1300|若 你 能 给 我 想 要 的 东 西，我 就 加 入 你。
str_id_1301|若 你 能 给 我 想 要 的 东 西，我 就 加 入 你。
str_id_1302|若 你 能 给 我 想 要 的 东 西，我 就 加 入 你。
str_id_1303|若 你 能 给 我 想 要 的 东 西，我 就 加 入 你。
str_id_1304|若 你 能 给 我 想 要 的 东 西，我 就 加 入 你。
str_id_1305|若 你 能 给 我 想 要 的 东 西，我 就 加 入 你。
str_id_1306|若 你 能 给 我 想 要 的 东 西，我 就 加 入 你。
str_id_1307|若 你 能 给 我 想 要 的 东 西，我 就 加 入 你。
str_id_1308|若 你 能 给 我 想 要 的 东 西，我 就 加 入 你。
str_id_1309|若 你 能 给 我 想 要 的 东 西，我 就 加 入 你。
str_id_1310|若 你 能 给 我 想 要 的 东 西，我 就 加 入 你。
str_id_1311|若 你 能 给 我 想 要 的 东 西，我 就 加 入 你。
str_id_1312|若 你 能 给 我 想 要 的 东 西，我 就 加 入 你。
str_id_1313|若 你 能 给 我 想 要 的 东 西，我 就 加 入 你。
str_id_1314|若 你 能 给 我 想 要 的 东 西，我 就 加 入 你。
str_id_1315|若 你 能 给 我 想 要 的 东 西，我 就 加 入 你。
str_id_1316|若 你 能 给 我 想 要 的 东 西，我 就 加 入 你。
str_id_1317|若 你 能 给 我 想 要 的 东 西，我 就 加 入 你。
str_id_1318|若 你 能 给 我 想 要 的 东 西，我 就 加 入 你。
str_id_1319|若 你 能 给 我 想 要 的 东 西，我 就 加 入 你。
str_id_1320|若 你 能 给 我 想 要 的 东 西，我 就 加 入 你。
str_id_1321|若 你 能 给 我 想 要 的 东 西，我 就 加 入 你。
str_id_1322|求 你 了，我 走 投 无 路 了！
str_id_1323|若 你 能 给 我 想 要 的 东 西，我 就 加 入 你。
str_id_1324|若 你 能 给 我 想 要 的 东 西，我 就 加 入 你。
str_id_1325|若 你 能 给 我 想 要 的 东 西，我 就 加 入 你。
str_id_1326|若 你 能 给 我 想 要 的 东 西，我 就 加 入 你。
str_id_1327|若 你 能 给 我 想 要 的 东 西，我 就 加 入 你。
str_id_1328|若 你 能 给 我 想 要 的 东 西，我 就 加 入 你。
str_id_1329|若 你 能 给 我 想 要 的 东 西，我 就 加 入 你。
str_id_1330|若 你 能 给 我 想 要 的 东 西，我 就 加 入 你。
str_id_1331|若 你 能 给 我 想 要 的 东 西，我 就 加 入 你。
str_id_1332|若 你 能 给 我 想 要 的 东 西，我 就 加 入 你。
str_id_1333|若 你 能 给 我 想 要 的 东 西，我 就 加 入 你。
str_id_1334|若 你 能 给 我 想 要 的 东 西，我 就 加 入 你。
str_id_1335|若 你 能 给 我 想 要 的 东 西，我 就 加 入 你。
str_id_1336|若 你 能 给 我 想 要 的 东 西，我 就 加 入 你。
str_id_1337|若 你 能 给 我 想 要 的 东 西，我 就 加 入 你。
str_id_1338|若 你 能 给 我 想 要 的 东 西，我 就 加 入 你。
str_id_1339|若 你 能 给 我 想 要 的 东 西，我 就 加 入 你。
str_id_1340|若 你 能 给 我 想 要 的 东 西，我 就 加 入 你。
str_id_1341|若 你 能 给 我 想 要 的 东 西，我 就 加 入 你。
str_id_1342|好 的，谢 谢 你 朋 友。除 非 他 们 道 歉，否 则 我 还 不 想 回 家。{reg33?:}
str_id_1343|别 让 我 失 望，否 则 我 会 像 碾 碎 绿 皮 一 样 碾 碎 你。
str_id_1344|路 上 别 忘 了 偶 尔 去 酒 馆 歇 歇 脚。
str_id_1345|我 是 一 个 很 好 的 攻 城 专 家，只 要 给 我 楼 梯 的 视 图，我 发 誓 我 会 让 一 半 的 入 侵 者 下 地 狱。
str_id_1346|我 的 医 术 可 是 能 让 你 称 赞 为 妙 手 仁 心。
str_id_1347|我 的 刀 锋 将 会 为 你 的 出 价 咆 哮。
str_id_1348|我 活 着 是 为 了 铲 除 邪 恶，用 手 枪 和 军 刀 消 灭 所 有 的 敌 人。现 在，你 的 敌 人 就 是 我 的 敌 人，不 过 只 会 是 暂 时 的。
str_id_1349|我 曾 经 为 波 及 欧 工 作 而 且 从 没 有 在 攻 城 中 失 败，最 后 都 能 因 使 其 粮 绝 而 投 降，我 希 望 能 和 你 保 持 着 这 个 记 录。
str_id_1350|我 是 一 个 优 秀 的 盗 贼，我 知 道 怎 样 寻 宝 同 时 我 还 会 一 些 基 本 的 治 疗。
str_id_1351|我 嗜 血 如 命，别 老 是 保 持 和 平 让 我 心 生 厌 倦，你 可 以 付 钱 给 我 了，但 我 还 是 希 望 能 杀 得 尽 兴。
str_id_1352|常 言 道，钱 见 真 心。所 以 我 得 要 笔 钱 来 看 看 你 的 诚 意。
str_id_1353|我 得 保 持 战 斗 技 能 熟 练，以 备 召 回 之 需。所 以 咱 们 合 作 是 双 赢。但 先 说 好，一 旦 召 我 回 去，我 立 马 就 走。
str_id_1354|哇 啊 啊 啊 啊 啊 啊 啊 啊 啊 啊 啊 啊 啊 啊 啊 啊 啊 啊 啊！
str_id_1355|我 不 能 带 着 坏 消 息 回 去 见 国 王，更 不 可 能 辜 负 他。为 你 而 战，也 许 正 能 解 决 我 眼 下 的 困 境。我 只 希 望 你 是 位 光 明 磊 落 的 领 袖—— 我 绝 不 侍 奉 暴 君。
str_id_1356|没 有 敌 人 会 在 我 面 前 溜 走。
str_id_1357|如 果 你 决 定 开 始 建 立 自 己 的 王 国，我 也 将 成 为 一 个 优 秀 的 顾 问，我 会 给 用 时 间 给 你 证 明。
str_id_1358|我 的 长 枪 训 练 意 味 着 能 给 敌 人 毁 灭 性 的 打 击，包 括 他 们 所 乘 的 高 大 的 马。
str_id_1359|你 会 发 现 我 的 弓 术 是 最 棒 的，这 是 我 必 须 强 调 的，在 战 场 上 你 完 全 不 用 担 心 我。
str_id_1360|不 要 以 为 我 只 是 个 女 孩 你 就 可 以 利 用 我，我 懂 得 更 多 花 样，如 果 你 问 我 你 对 我 动 心 思 了 我 会 怎 么 做，我 会 割 下 你 的 蛋 蛋。
str_id_1361|亚 马 逊 姐 妹 的 强 硬 臭 名 昭 彰，但 我 却 不 是，我 后 悔 没 有 与 其 他 人 一 起 训 练，我 一 直 思 念 让 我 日 渐 消 瘦 的 真 爱。如 果 你 看 到 弗 罗 林 请 让 他 加 入 我 们 的 行 列，我 很 想 念 他 那 俊 美 的 脸 庞。
str_id_1362|我 曾 有 些 巅 峰 时 刻 能 与 众 人 分 享 传 颂，我 想 我 会 加 入 你 们，但 我 必 须 拿 到 我 应 得 的 那 份。
str_id_1363|好，我 加 入。我 的 斧 头 还 没 杀 够。
str_id_1364|我 自 愿 去 侦 察 地 形，多 了 解 入 侵 敌 军。
str_id_1365|我 也 许 老 了，但 在 瓶 朗 姆 酒 面 前 我 宛 如 新 生。
str_id_1366|我 也 想 你 可 以 用 得 上 我 的 知 识，所 以 我 会 接 受 你 的 提 议。
str_id_1367|让 我 去 拿 点 东 西 和 你 们 的 放 在 一 起。
str_id_1368|只 要 把 我 作 为 平 等 的 朋 友 看 待。我 知 道 是 你 付 我 钱，但 我 不 是 仆 人，你 要 给 予 我 相 应 的 尊 重。
str_id_1369|就 让 我 上 战 场 吧！
str_id_1370|我 打 仗 不 算 强 项，但 是 好 骑 手，擅 长 长 枪。让 我 加 入 骑 兵 队，定 有 好 表 现。
str_id_1371|你 意 下 如 何？
str_id_1372|你 意 下 如 何？
str_id_1373|你 意 下 如 何？
str_id_1374|你 意 下 如 何？
str_id_1375|你 意 下 如 何？
str_id_1376|你 意 下 如 何？
str_id_1377|你 意 下 如 何？
str_id_1378|你 意 下 如 何？
str_id_1379|你 意 下 如 何？
str_id_1380|你 意 下 如 何？
str_id_1381|你 意 下 如 何？
str_id_1382|你 意 下 如 何？
str_id_1383|你 意 下 如 何？
str_id_1384|你 意 下 如 何？
str_id_1385|你 意 下 如 何？
str_id_1386|你 意 下 如 何？
str_id_1387|你 意 下 如 何？
str_id_1388|你 意 下 如 何？
str_id_1389|你 意 下 如 何？
str_id_1390|你 意 下 如 何？
str_id_1391|你 意 下 如 何？
str_id_1392|你 意 下 如 何？
str_id_1393|你 意 下 如 何？
str_id_1394|你 意 下 如 何？
str_id_1395|你 意 下 如 何？
str_id_1396|你 意 下 如 何？
str_id_1397|你 意 下 如 何？
str_id_1398|你 意 下 如 何？
str_id_1399|你 意 下 如 何？
str_id_1400|你 意 下 如 何？
str_id_1401|你 意 下 如 何？
str_id_1402|你 意 下 如 何？
str_id_1403|你 意 下 如 何？
str_id_1404|你 意 下 如 何？
str_id_1405|你 意 下 如 何？
str_id_1406|你 意 下 如 何？
str_id_1407|你 意 下 如 何？
str_id_1408|你 意 下 如 何？
str_id_1409|你 意 下 如 何？
str_id_1410|你 意 下 如 何？
str_id_1411|你 愿 意 让 我 加 入 你 的 兽 群 吗？
str_id_1412|你 意 下 如 何？
str_id_1413|你 意 下 如 何？
str_id_1414|你 意 下 如 何？
str_id_1415|你 意 下 如 何？
str_id_1416|你 意 下 如 何？
str_id_1417|你 意 下 如 何？
str_id_1418|你 意 下 如 何？
str_id_1419|你 意 下 如 何？
str_id_1420|你 意 下 如 何？
str_id_1421|你 意 下 如 何？
str_id_1422|你 意 下 如 何？
str_id_1423|你 意 下 如 何？
str_id_1424|你 意 下 如 何？
str_id_1425|你 意 下 如 何？
str_id_1426|你 意 下 如 何？
str_id_1427|你 意 下 如 何？
str_id_1428|你 意 下 如 何？
str_id_1429|你 意 下 如 何？
str_id_1430|你 意 下 如 何？
str_id_1431|只 要 确 保 我 们 有 时 间 去 打 猎 野 猪，我 听 说 荒 地 里 有 很 多 野 猪。
str_id_1432|很 好，当 我 到 大 门 外 时 希 望 你 已 经 准 备 好 了。
str_id_1433|你 有 什 么 需 要 的 吗？
str_id_1434|非 常 好，那 么 我 们 该 是 时 候 动 身 了。
str_id_1435|你 需 要 用 上 多 少 医 疗 品？
str_id_1436|我 看 这 不 用 说，你 要 我 先 预 付 些 钱 给 你 吗？
str_id_1437|很 好，我 很 期 待 能 看 到 你 的 发 挥。
str_id_1438|跟 我 来 吧，你 会 看 到 我 们 能 做 到 的。
str_id_1439|很 好，你 欠 我 的，所 以 为 我 找 到 最 好 的 战 利 品 吧。
str_id_1440|你 将 得 到 你 渴 望 的 乐 趣，你 要 多 少 钱？
str_id_1441|钱 不 是 问 题，我 会 通 过 我 们 的 努 力 赚 回 来 十 倍。
str_id_1442|很 公 平。在 那 一 天 到 来 前，你 得 听 我 的 号 令。
str_id_1443|跟 我 走 吧。只 是 别 把 你 吃 的 那 些 鬼 东 西 分 给 我 的 士 兵。
str_id_1444|你 可 以 信 任 我 将 引 导 你 走 上 正 确 的 道 路。
str_id_1445|不 错。我 很 乐 意 雇 佣 你 这 样 的 人。
str_id_1446|你 听 起 来 像 是 个 可 靠 的 同 伴，我 在 外 面 等 你。
str_id_1447|史 基 佐，我 会 把 你 安 排 在 战 斗 最 激 烈 的 地 方。希 望 你 说 的 都 是 真 话。
str_id_1448|如 果 是 这 样 的 话，你 可 以 帮 我 训 练 弓 箭 手。
str_id_1449|相 信 我，我 们 将 要 去 的 地 方，会 带 给 你 一 切 你 想 要 的 乐 趣。
str_id_1450|我 们 会 把 你 锻 炼 得 不 输 给 任 何 姐 妹，尤 其 是 在 我 所 走 的 道 路 上。
str_id_1451|会 有 足 够 的 战 利 品 分 给 大 家。
str_id_1452|你 将 能 成 为 令 人 生 畏 的 同 伴。
str_id_1453|你 应 该 加 入 我 的 队 伍，我 们 有 足 够 的 时 间 和 计 划 到 处 去 旅 行 冒 险。
str_id_1454|我 相 信 你 能 跟 上 我 们 的 脚 步 的，巴 斯 汀，我 在 外 面 等 你。
str_id_1455|好，记 住，我 需 要 你 不 止 是 单 单 进 行 侦 查 也 需 要 你 参 加 战 斗。
str_id_1456|欢 迎 来 到 我 的 队 伍，伊 拉 斯 谟。
str_id_1457|非 常 好，阿 个 陋，你 会 得 到 该 有 的 平 等。
str_id_1458|非 常 好，我 很 高 兴 你 能 处 理 好 自 己 的 事。
str_id_1459|看 来 我 将 会 有 队 不 错 的 骑 兵，欢 迎 入 队。
str_id_1460|我 能 给 你 想 要 的 东 西。欢 迎 加 入 我 们。
str_id_1461|我 能 给 你 想 要 的 东 西。欢 迎 加 入 我 们。
str_id_1462|我 能 给 你 想 要 的 东 西。欢 迎 加 入 我 们。
str_id_1463|我 能 给 你 想 要 的 东 西。欢 迎 加 入 我 们。
str_id_1464|我 能 给 你 想 要 的 东 西。欢 迎 加 入 我 们。
str_id_1465|我 能 给 你 想 要 的 东 西。欢 迎 加 入 我 们。
str_id_1466|我 能 给 你 想 要 的 东 西。欢 迎 加 入 我 们。
str_id_1467|我 能 给 你 想 要 的 东 西。欢 迎 加 入 我 们。
str_id_1468|我 能 给 你 想 要 的 东 西。欢 迎 加 入 我 们。
str_id_1469|我 能 给 你 想 要 的 东 西。欢 迎 加 入 我 们。
str_id_1470|我 能 给 你 想 要 的 东 西。欢 迎 加 入 我 们。
str_id_1471|我 能 给 你 想 要 的 东 西。欢 迎 加 入 我 们。
str_id_1472|我 能 给 你 想 要 的 东 西。欢 迎 加 入 我 们。
str_id_1473|我 能 给 你 想 要 的 东 西。欢 迎 加 入 我 们。
str_id_1474|我 能 给 你 想 要 的 东 西。欢 迎 加 入 我 们。
str_id_1475|我 能 给 你 想 要 的 东 西。欢 迎 加 入 我 们。
str_id_1476|我 能 给 你 想 要 的 东 西。欢 迎 加 入 我 们。
str_id_1477|我 能 给 你 想 要 的 东 西。欢 迎 加 入 我 们。
str_id_1478|我 能 给 你 想 要 的 东 西。欢 迎 加 入 我 们。
str_id_1479|我 能 给 你 想 要 的 东 西。欢 迎 加 入 我 们。
str_id_1480|我 能 给 你 想 要 的 东 西。欢 迎 加 入 我 们。
str_id_1481|我 能 给 你 想 要 的 东 西。欢 迎 加 入 我 们。
str_id_1482|我 能 给 你 想 要 的 东 西。欢 迎 加 入 我 们。
str_id_1483|我 能 给 你 想 要 的 东 西。欢 迎 加 入 我 们。
str_id_1484|我 能 给 你 想 要 的 东 西。欢 迎 加 入 我 们。
str_id_1485|我 能 给 你 想 要 的 东 西。欢 迎 加 入 我 们。
str_id_1486|我 能 给 你 想 要 的 东 西。欢 迎 加 入 我 们。
str_id_1487|我 能 给 你 想 要 的 东 西。欢 迎 加 入 我 们。
str_id_1488|我 能 给 你 想 要 的 东 西。欢 迎 加 入 我 们。
str_id_1489|我 能 给 你 想 要 的 东 西。欢 迎 加 入 我 们。
str_id_1490|我 能 给 你 想 要 的 东 西。欢 迎 加 入 我 们。
str_id_1491|我 能 给 你 想 要 的 东 西。欢 迎 加 入 我 们。
str_id_1492|我 能 给 你 想 要 的 东 西。欢 迎 加 入 我 们。
str_id_1493|我 能 给 你 想 要 的 东 西。欢 迎 加 入 我 们。
str_id_1494|我 能 给 你 想 要 的 东 西。欢 迎 加 入 我 们。
str_id_1495|我 能 给 你 想 要 的 东 西。欢 迎 加 入 我 们。
str_id_1496|我 能 给 你 想 要 的 东 西。欢 迎 加 入 我 们。
str_id_1497|我 能 给 你 想 要 的 东 西。欢 迎 加 入 我 们。
str_id_1498|我 能 给 你 想 要 的 东 西。欢 迎 加 入 我 们。
str_id_1499|我 能 给 你 想 要 的 东 西。欢 迎 加 入 我 们。
str_id_1500|那 么 很 好。我 希 望 你 至 少 能 挥 舞 棍 棒。
str_id_1501|我 能 给 你 想 要 的 东 西。欢 迎 加 入 我 们。
str_id_1502|我 能 给 你 想 要 的 东 西。欢 迎 加 入 我 们。
str_id_1503|我 能 给 你 想 要 的 东 西。欢 迎 加 入 我 们。
str_id_1504|我 能 给 你 想 要 的 东 西。欢 迎 加 入 我 们。
str_id_1505|很 好，只 是 在 城 里 别 因 你 的 癖 好 引 起 注 意。
str_id_1506|很 好，只 是 在 城 里 别 因 你 的 癖 好 引 起 注 意。
str_id_1507|很 好，只 是 在 城 里 别 因 你 的 癖 好 引 起 注 意。
str_id_1508|很 好，只 是 在 城 里 别 因 你 的 癖 好 引 起 注 意。
str_id_1509|很 好，只 是 在 城 里 别 因 你 的 癖 好 引 起 注 意。
str_id_1510|我 能 给 你 想 要 的 东 西。欢 迎 加 入 我 们。
str_id_1511|我 能 给 你 想 要 的 东 西。欢 迎 加 入 我 们。
str_id_1512|我 能 给 你 想 要 的 东 西。欢 迎 加 入 我 们。
str_id_1513|我 能 给 你 想 要 的 东 西。欢 迎 加 入 我 们。
str_id_1514|我 能 给 你 想 要 的 东 西。欢 迎 加 入 我 们。
str_id_1515|我 能 给 你 想 要 的 东 西。欢 迎 加 入 我 们。
str_id_1516|我 能 给 你 想 要 的 东 西。欢 迎 加 入 我 们。
str_id_1517|我 能 给 你 想 要 的 东 西。欢 迎 加 入 我 们。
str_id_1518|我 能 给 你 想 要 的 东 西。欢 迎 加 入 我 们。
str_id_1519|我 能 给 你 想 要 的 东 西。欢 迎 加 入 我 们。
str_id_1520|将 会 有 大 量 的 野 猪，甚 至 可 能 是 獠 牙，它 们 只 是 更 大 的 野 猪。
str_id_1521|再 三 考 虑，我 需 要 一 个 不 那 么 激 烈 的 人，再 见。
str_id_1522|其 实 我 更 需 要 一 个 战 士 而 不 是 一 个 作 家，再 见。
str_id_1523|你 的 确 很 专 业，但 这 件 事 还 是 留 待 日 后 再 谈。
str_id_1524|想 想 看，我 宁 愿 要 战 士 类 型 的，告 别 了。
str_id_1525|其 实 我 真 的 很 不 相 信 你。
str_id_1526|暂 时？哦，不，我 想 你 要 知 道 我 要 的 是 长 期 的。
str_id_1527|我 想 在 这 之 前，我 会 做 进 一 步 的 决 定。
str_id_1528|雇 用 你！我 死 了 比 活 着 更 需 要 你。
str_id_1529|钱 应 该 是 够 的，看 来 你 不 知 道 我 的 队 伍 里 没 你 的 位 置，去 另 找 位 雇 主 吧。
str_id_1530|我 不 会 雇 佣 任 何 会 谋 杀 他 的 主 人 的 家 伙。
str_id_1531|对 于 要 我 给 的 钱，我 会 在 你 走 之 前 告 知 你，找 别 人 去 吧。
str_id_1532|我 考 虑 了 下，我 怀 疑 你 应 该 连 命 令 都 听 不 懂，再 见。
str_id_1533|你 看 起 来 像 一 个 强 大 的 战 士，但 我 需 要 在 队 伍 待 很 长 段 时 间 的 人，因 为 我 有 我 的 计 划。也 许 我 找 别 人 会 更 好。
str_id_1534|再 三 考 虑 后，我 不 确 定 你 的 技 能 配 得 上 你 的 薪 水。
str_id_1535|说 实 话 我 不 是 一 个 外 交 官，也 许 你 该 去 为 你 的 国 家 工 作，而 不 是 我。
str_id_1536|如 果 一 个 人 过 去 有 什 么 不 良 行 为，通 常 以 后 都 会 再 犯，所 以 史 基 佐，我 不 能 带 上 你。
str_id_1537|我 现 在 要 走 了 斯 卡 洛 克，我 下 次 再 来 找 你。
str_id_1538|我 喜 欢 我 的 蛋 蛋 留 在 正 确 的 位 置，它 们 说 谢 谢。
str_id_1539|如 果 你 的 心 思 一 直 在 别 处，而 不 是 在 队 里，那 你 待 不 了 多 久，这 对 你 来 说 很 危 险，所 以 你 不 属 于 我 的 队 伍。
str_id_1540|你 或 许 有 些 贵，我 该 走 了。
str_id_1541|我 确 信 应 该 不 是 这 样，但 我 希 望 我 的 人 时 刻 保 持 清 醒，所 以 你 最 好 还 是 留 在 这。
str_id_1542|祝 你 在 旅 途 上 好 运，再 见。
str_id_1543|其 实，你 会 给 我 的 士 兵 树 立 坏 榜 样，所 以 最 好 还 是 留 在 这 里。
str_id_1544|我 觉 得 你 缺 乏 战 斗 能 力 可 能 是 一 个 问 题。我 们 最 好 重 新 考 虑 下。
str_id_1545|很 抱 歉，我 目 前 需 要 掌 握 其 他 技 能 的 人。
str_id_1546|我 需 要 我 的 同 伴 会 跟 随 我 的 领 导，你 听 起 来 不 像 会 那 么 做。我 会 独 自 离 开 这。
str_id_1547|会 有 让 你 听 从 我 的 命 令 的 一 天，但 你 跟 不 上 他 们 的 话，那 我 的 队 伍 不 是 你 该 待 的 地。
str_id_1548|如 果 有 人 要 我 付 个 相 当 于 领 主 的 工 资，那 我 想 要 他 能 有 个 像 领 主 能 力 的 表 现，在 战 斗 中 不 够 强 可 不 行。
str_id_1549|你 恐 怕 找 错 人 了，去 别 处 看 看 吧。
str_id_1550|你 恐 怕 找 错 人 了，去 别 处 看 看 吧。
str_id_1551|你 恐 怕 找 错 人 了，去 别 处 看 看 吧。
str_id_1552|你 恐 怕 找 错 人 了，去 别 处 看 看 吧。
str_id_1553|你 恐 怕 找 错 人 了，去 别 处 看 看 吧。
str_id_1554|你 恐 怕 找 错 人 了，去 别 处 看 看 吧。
str_id_1555|你 恐 怕 找 错 人 了，去 别 处 看 看 吧。
str_id_1556|你 恐 怕 找 错 人 了，去 别 处 看 看 吧。
str_id_1557|你 恐 怕 找 错 人 了，去 别 处 看 看 吧。
str_id_1558|你 恐 怕 找 错 人 了，去 别 处 看 看 吧。
str_id_1559|你 恐 怕 找 错 人 了，去 别 处 看 看 吧。
str_id_1560|你 恐 怕 找 错 人 了，去 别 处 看 看 吧。
str_id_1561|你 恐 怕 找 错 人 了，去 别 处 看 看 吧。
str_id_1562|你 恐 怕 找 错 人 了，去 别 处 看 看 吧。
str_id_1563|你 恐 怕 找 错 人 了，去 别 处 看 看 吧。
str_id_1564|你 恐 怕 找 错 人 了，去 别 处 看 看 吧。
str_id_1565|你 恐 怕 找 错 人 了，去 别 处 看 看 吧。
str_id_1566|你 恐 怕 找 错 人 了，去 别 处 看 看 吧。
str_id_1567|你 恐 怕 找 错 人 了，去 别 处 看 看 吧。
str_id_1568|你 恐 怕 找 错 人 了，去 别 处 看 看 吧。
str_id_1569|你 恐 怕 找 错 人 了，去 别 处 看 看 吧。
str_id_1570|你 恐 怕 找 错 人 了，去 别 处 看 看 吧。
str_id_1571|你 恐 怕 找 错 人 了，去 别 处 看 看 吧。
str_id_1572|你 恐 怕 找 错 人 了，去 别 处 看 看 吧。
str_id_1573|你 恐 怕 找 错 人 了，去 别 处 看 看 吧。
str_id_1574|你 恐 怕 找 错 人 了，去 别 处 看 看 吧。
str_id_1575|你 恐 怕 找 错 人 了，去 别 处 看 看 吧。
str_id_1576|你 恐 怕 找 错 人 了，去 别 处 看 看 吧。
str_id_1577|你 恐 怕 找 错 人 了，去 别 处 看 看 吧。
str_id_1578|你 恐 怕 找 错 人 了，去 别 处 看 看 吧。
str_id_1579|你 恐 怕 找 错 人 了，去 别 处 看 看 吧。
str_id_1580|你 恐 怕 找 错 人 了，去 别 处 看 看 吧。
str_id_1581|你 恐 怕 找 错 人 了，去 别 处 看 看 吧。
str_id_1582|你 恐 怕 找 错 人 了，去 别 处 看 看 吧。
str_id_1583|你 恐 怕 找 错 人 了，去 别 处 看 看 吧。
str_id_1584|你 恐 怕 找 错 人 了，去 别 处 看 看 吧。
str_id_1585|你 恐 怕 找 错 人 了，去 别 处 看 看 吧。
str_id_1586|你 恐 怕 找 错 人 了，去 别 处 看 看 吧。
str_id_1587|你 恐 怕 找 错 人 了，去 别 处 看 看 吧。
str_id_1588|你 恐 怕 找 错 人 了，去 别 处 看 看 吧。
str_id_1589|不，太 多 包 袱 了。
str_id_1590|你 恐 怕 找 错 人 了，去 别 处 看 看 吧。
str_id_1591|你 恐 怕 找 错 人 了，去 别 处 看 看 吧。
str_id_1592|你 恐 怕 找 错 人 了，去 别 处 看 看 吧。
str_id_1593|你 恐 怕 找 错 人 了，去 别 处 看 看 吧。
str_id_1594|你 恐 怕 找 错 人 了，去 别 处 看 看 吧。
str_id_1595|你 恐 怕 找 错 人 了，去 别 处 看 看 吧。
str_id_1596|你 恐 怕 找 错 人 了，去 别 处 看 看 吧。
str_id_1597|你 恐 怕 找 错 人 了，去 别 处 看 看 吧。
str_id_1598|你 恐 怕 找 错 人 了，去 别 处 看 看 吧。
str_id_1599|你 恐 怕 找 错 人 了，去 别 处 看 看 吧。
str_id_1600|你 恐 怕 找 错 人 了，去 别 处 看 看 吧。
str_id_1601|你 恐 怕 找 错 人 了，去 别 处 看 看 吧。
str_id_1602|你 恐 怕 找 错 人 了，去 别 处 看 看 吧。
str_id_1603|你 恐 怕 找 错 人 了，去 别 处 看 看 吧。
str_id_1604|你 恐 怕 找 错 人 了，去 别 处 看 看 吧。
str_id_1605|你 恐 怕 找 错 人 了，去 别 处 看 看 吧。
str_id_1606|你 恐 怕 找 错 人 了，去 别 处 看 看 吧。
str_id_1607|你 恐 怕 找 错 人 了，去 别 处 看 看 吧。
str_id_1608|你 恐 怕 找 错 人 了，去 别 处 看 看 吧。
str_id_1609|如 果 你 想 猎 杀 野 猪，我 建 议 你 加 入 巡 逻 队，而 不 是 像 我 这 样 严 肃 的 军 队。
str_id_1610|稍 等。在 我 们 冒 险 之 前，我 需 要 去 狂 饮 一 顿，我 请 你 资 助 这 个，花 费 {reg3}金 币？我 吃 饱 了 战 斗 更 好。
str_id_1611|是 这 样，我 要 需 要 给 我 们 的 旅 途 写 下 记 录，所 以 我 需 要 买 些 精 美 的 书 写 工 具，你 会 给 我 {reg3}金 币 吗？
str_id_1612|在 我 们 动 身 之 前，我 要 你 先 预 付 费 用，因 为 我 上 位 雇 主 到 我 走 时 都 没 付 钱，我 不 能 再 让 这 发 生，我 的 家 人 需 要 钱，如 果 你 能 给 我 {reg3}金 币，而 且 在 接 下 的 日 子 都 能 让 我 看 见 它 们。
str_id_1613|只 要 {reg3}金 币 就 够，我 知 道 接 下 来 还 有 很 长 的 路 要 走。
str_id_1614|从 你 那 得 到 {reg3}金 币 是 有 必 要 的。
str_id_1615|再 我 们 离 开 之 前，我 要 求 一 笔 维 护 金，总 数 {reg3}金 币，我 相 信 你 负 担 得 起。
str_id_1616|我 很 高 兴 能 为 你 服 务，首 先 我 要 求 你 先 支 付 {reg3}雇 佣 金。
str_id_1617|我 们 走 之 前，能 给 我 {reg3}金 币 吗？我 需 要 买 一 点 山 羊 奶 酪。
str_id_1618|你 瞧，加 入 你 们 的 费 用 是 {reg3}金 币。
str_id_1619|{reg3}金 币?
str_id_1620|我 也 不 便 宜，我 需 要 一 笔 {reg3}金 币 数 目 的 钱 能 马 上 投 资 在 我 的 船 上。
str_id_1621|臭 虫 说 {reg3}金 币，嘣-------------------
str_id_1622|在 我 和 你 骑 马 离 开 之 前，我 想 施 舍 些 有 需 要 的 穷 人，捐 赠 {reg3}金 币 大 概 是 个 合 适 的 数 目，来 换 取 你 可 能 需 要 的 枪 剑 技 能，你 愿 意 做 出 这 样 的 捐 赠 吗？
str_id_1623|我 不 需 要 多 少 薪 饷 或 供 养，但 会 悉 心 照 料 自 己 的 马。它 们 对 我 而 言 神 圣 无 比，所 以 我 要 {reg3}金 币 预 付 款，以 确 保 它 们 得 到 妥 善 照 顾。
str_id_1624|在 离 开 前，我 想 你 预 付 {reg3}金 币 作 为 为 你 服 务 的 订 金，不 是 很 多，但 对 我 来 说 足 够 了。
str_id_1625|现 在，有 个 好 消 息，队 长，如 何 达 成 我 们 间 的 协 议 呢？仅 仅 需 要 {reg3}金 币 就 够 了。
str_id_1626|我 的 天 赋 是 很 值 钱 的，所 以 我 的 费 用 是 {reg3}金 币。
str_id_1627|你 知 道 我 是 名 船 长，可 不 是 浑 身 腐 臭 装 火 药 工，我 的 地 位 比 你 高，所 以 不 要 认 为 我 很 廉 价。事 实 上 你 要 付 {reg3}金 币 才 聘 得 起 我。
str_id_1628|我 只 要 {reg3}金 币 在 离 镇 前 买 一 葫 芦 水。
str_id_1629|首 先 我 的 费 用 是 {reg3}金 币。
str_id_1630|我 的 货 交 晚 了，需 要 赔 偿 给 酒 店 老 板，你 能 不 能 帮 我？{reg3}金 币 就 够，考 虑 一 下 我 提 的 费 用。
str_id_1631|我 会 加 入 你，但 我 需 要 一 些 金 币 带 回 露 斯 契 亚 以 资 助 国 防 力 量，我 需 要 {reg3}金 币。
str_id_1632|走 之 前 我 想 你 帮 我 支 付 一 些 欠 款，不 多，就 {reg3}金 币。
str_id_1633|我 想 寄 点 钱 个 我 的 家 人，因 为 战 争 导 致 他 们 的 生 意 失 败，你 能 支 付 {reg3}金 币 作 为 聘 金 吗？我 想 马 上 寄 出 去。
str_id_1634|我 的 雇 佣 金 {reg3}金 币。
str_id_1635|要 开 始 构 建 一 个 战 争 基 金，我 要 求 {reg3}金 币 做 为 加 入 的 费 用。
str_id_1636|我 喜 欢 喝 酒 打 斗，大 概 {reg3}金 币 应 该 够 我 接 下 来 几 个 月 的 花 费。
str_id_1637|我 要 在 某 个 地 方 重 新 开 始 我 的 产 业，帝 国 把 我 之 前 的 财 产 都 充 公 了。我 需 要 {reg3}金 币。
str_id_1638|只 要 {reg3}金 币，我 便 愿 向 你 效 忠。
str_id_1639|只 要 {reg3}金 币，我 便 愿 向 你 效 忠。
str_id_1640|只 要 {reg3}金 币，我 便 愿 向 你 效 忠。
str_id_1641|只 要 {reg3}金 币，我 便 愿 向 你 效 忠。
str_id_1642|只 要 {reg3}金 币，我 便 愿 向 你 效 忠。
str_id_1643|只 要 {reg3}金 币，我 便 愿 向 你 效 忠。
str_id_1644|只 要 {reg3}金 币，我 便 愿 向 你 效 忠。
str_id_1645|只 要 {reg3}金 币，我 便 愿 向 你 效 忠。
str_id_1646|只 要 {reg3}金 币，我 便 愿 向 你 效 忠。
str_id_1647|只 要 {reg3}金 币，我 便 愿 向 你 效 忠。
str_id_1648|只 要 {reg3}金 币，我 便 愿 向 你 效 忠。
str_id_1649|只 要 {reg3}金 币，我 便 愿 向 你 效 忠。
str_id_1650|只 要 {reg3}金 币，我 便 愿 向 你 效 忠。
str_id_1651|只 要 {reg3}金 币，我 便 愿 向 你 效 忠。
str_id_1652|只 要 {reg3}金 币，我 便 愿 向 你 效 忠。
str_id_1653|只 要 {reg3}金 币，我 便 愿 向 你 效 忠。
str_id_1654|只 要 {reg3}金 币，我 便 愿 向 你 效 忠。
str_id_1655|只 要 {reg3}金 币，我 便 愿 向 你 效 忠。
str_id_1656|只 要 {reg3}金 币，我 便 愿 向 你 效 忠。
str_id_1657|只 要 {reg3}金 币，我 便 愿 向 你 效 忠。
str_id_1658|只 要 {reg3}金 币，我 便 愿 向 你 效 忠。
str_id_1659|只 要 {reg3}金 币，我 便 愿 向 你 效 忠。
str_id_1660|只 要 {reg3}金 币，我 便 愿 向 你 效 忠。
str_id_1661|只 要 {reg3}金 币，我 便 愿 向 你 效 忠。
str_id_1662|只 要 {reg3}金 币，我 便 愿 向 你 效 忠。
str_id_1663|只 要 {reg3}金 币，我 便 愿 向 你 效 忠。
str_id_1664|只 要 {reg3}金 币，我 便 愿 向 你 效 忠。
str_id_1665|只 要 {reg3}金 币，我 便 愿 向 你 效 忠。
str_id_1666|只 要 {reg3}金 币，我 便 愿 向 你 效 忠。
str_id_1667|只 要 {reg3}金 币，我 便 愿 向 你 效 忠。
str_id_1668|只 要 {reg3}金 币，我 便 愿 向 你 效 忠。
str_id_1669|只 要 {reg3}金 币，我 便 愿 向 你 效 忠。
str_id_1670|只 要 {reg3}金 币，我 便 愿 向 你 效 忠。
str_id_1671|只 要 {reg3}金 币，我 便 愿 向 你 效 忠。
str_id_1672|只 要 {reg3}金 币，我 便 愿 向 你 效 忠。
str_id_1673|只 要 {reg3}金 币，我 便 愿 向 你 效 忠。
str_id_1674|只 要 {reg3}金 币，我 便 愿 向 你 效 忠。
str_id_1675|只 要 {reg3}金 币，我 便 愿 向 你 效 忠。
str_id_1676|只 要 {reg3}金 币，我 便 愿 向 你 效 忠。
str_id_1677|只 要 {reg3}金 币，我 便 愿 向 你 效 忠。
str_id_1678|我 只 需 要{reg3}枚 金 币，付 清 牛 民 学 院 剩 下 的 学 费。
str_id_1679|只 要 {reg3}金 币，我 便 愿 向 你 效 忠。
str_id_1680|只 要 {reg3}金 币，我 便 愿 向 你 效 忠。
str_id_1681|只 要 {reg3}金 币，我 便 愿 向 你 效 忠。
str_id_1682|只 要 {reg3}金 币，我 便 愿 向 你 效 忠。
str_id_1683|只 要 {reg3}金 币，我 便 愿 向 你 效 忠。
str_id_1684|只 要 {reg3}金 币，我 便 愿 向 你 效 忠。
str_id_1685|只 要 {reg3}金 币，我 便 愿 向 你 效 忠。
str_id_1686|只 要 {reg3}金 币，我 便 愿 向 你 效 忠。
str_id_1687|只 要 {reg3}金 币，我 便 愿 向 你 效 忠。
str_id_1688|只 要 {reg3}金 币，我 便 愿 向 你 效 忠。
str_id_1689|只 要 {reg3}金 币，我 便 愿 向 你 效 忠。
str_id_1690|只 要 {reg3}金 币，我 便 愿 向 你 效 忠。
str_id_1691|只 要 {reg3}金 币，我 便 愿 向 你 效 忠。
str_id_1692|只 要 {reg3}金 币，我 便 愿 向 你 效 忠。
str_id_1693|只 要 {reg3}金 币，我 便 愿 向 你 效 忠。
str_id_1694|只 要 {reg3}金 币，我 便 愿 向 你 效 忠。
str_id_1695|只 要 {reg3}金 币，我 便 愿 向 你 效 忠。
str_id_1696|只 要 {reg3}金 币，我 便 愿 向 你 效 忠。
str_id_1697|只 要 {reg3}金 币，我 便 愿 向 你 效 忠。
str_id_1698|噢—— 给 我，快 给 我！不 过 签 约 之 前 还 有 一 件 事：我 需 要{reg3}枚 金 币，给 我 的 狗 盖 一 间 新 窝，再 买 一 根 剃 刀 兽 骨 头 哄 它 开 心。就 当 是 雇 佣 费 吧。
str_id_1699|很 好，{reg3}金 币 在 这，我 去 外 面 等 你。
str_id_1700|当 然 菲 力 克 斯，这 是 {reg3}金 币。
str_id_1701|很 好。
str_id_1702|这 是 {reg3}金 币，奥 叽，欢 迎 加 入 我 的 团 队。
str_id_1703|那 好……这 里 是 {reg3}金 币，算 作 第 一 笔 报 酬。
str_id_1704|拿 好，{reg3}金 币，这 是 你 的 了。
str_id_1705|这 里 有 {reg3}金 币。
str_id_1706|这 是 给 你 的 {reg3}金 币。
str_id_1707|非 常 好，给，{reg3}金 币。
str_id_1708|可 以，这 里 {reg3}金 币。
str_id_1709|很 好，这 是 {reg3}金 币，你 准 备 好，我 们 很 快 就 离 开。
str_id_1710|给 你，不 过 你 肯 定 不 知 道 能 拿 来 做 什 么。
str_id_1711|当 然 啦，给 你 {reg3}金 币，准 备 好 就 走 了。
str_id_1712|没 问 题，给，{reg3}金 币，你 将 会 在 我 的 队 伍 里 大 受 欢 迎 的。
str_id_1713|好 的，这 是 {reg3}金 币。很 高 兴 有 你 加 入。{reg33?:}
str_id_1714|好 的，{reg3}金 币 给 你，准 备 好 就 启 程 了。
str_id_1715|当 然，{reg3}金 币。
str_id_1716|如 你 所 愿。这 里，{reg3}金 币。
str_id_1717|好 吧，拿 上 这 {reg3}金 币，保 持 水 分 充 足。
str_id_1718|给 你。
str_id_1719|你 可 以 有 {reg3}金 币。
str_id_1720|你 能 拿 到 {reg3}金 币。
str_id_1721|这，{reg3}金 币。
str_id_1722|这 很 好。
str_id_1723|好 的，给 你 {reg3}金 币。
str_id_1724|给，{reg3}金 币。
str_id_1725|这 里 有 {reg3}金 币。
str_id_1726|这 是 {reg3}金 币。
str_id_1727|好，给 你 {reg3}金 币。让 我 们 征 服 这 片 大 地。
str_id_1728|好，给 你 {reg3}金 币。让 我 们 征 服 这 片 大 地。
str_id_1729|好，给 你 {reg3}金 币。让 我 们 征 服 这 片 大 地。
str_id_1730|好，给 你 {reg3}金 币。让 我 们 征 服 这 片 大 地。
str_id_1731|好，给 你 {reg3}金 币。让 我 们 征 服 这 片 大 地。
str_id_1732|好，给 你 {reg3}金 币。让 我 们 征 服 这 片 大 地。
str_id_1733|好，给 你 {reg3}金 币。让 我 们 征 服 这 片 大 地。
str_id_1734|好，给 你 {reg3}金 币。让 我 们 征 服 这 片 大 地。
str_id_1735|好，给 你 {reg3}金 币。让 我 们 征 服 这 片 大 地。
str_id_1736|好，给 你 {reg3}金 币。让 我 们 征 服 这 片 大 地。
str_id_1737|好，给 你 {reg3}金 币。让 我 们 征 服 这 片 大 地。
str_id_1738|好，给 你 {reg3}金 币。让 我 们 征 服 这 片 大 地。
str_id_1739|好，给 你 {reg3}金 币。让 我 们 征 服 这 片 大 地。
str_id_1740|好，给 你 {reg3}金 币。让 我 们 征 服 这 片 大 地。
str_id_1741|好，给 你 {reg3}金 币。让 我 们 征 服 这 片 大 地。
str_id_1742|好，给 你 {reg3}金 币。让 我 们 征 服 这 片 大 地。
str_id_1743|好，给 你 {reg3}金 币。让 我 们 征 服 这 片 大 地。
str_id_1744|好，给 你 {reg3}金 币。让 我 们 征 服 这 片 大 地。
str_id_1745|好，给 你 {reg3}金 币。让 我 们 征 服 这 片 大 地。
str_id_1746|好，给 你 {reg3}金 币。让 我 们 征 服 这 片 大 地。
str_id_1747|好，给 你 {reg3}金 币。让 我 们 征 服 这 片 大 地。
str_id_1748|好，给 你 {reg3}金 币。让 我 们 征 服 这 片 大 地。
str_id_1749|好，给 你 {reg3}金 币。让 我 们 征 服 这 片 大 地。
str_id_1750|好，给 你 {reg3}金 币。让 我 们 征 服 这 片 大 地。
str_id_1751|好，给 你 {reg3}金 币。让 我 们 征 服 这 片 大 地。
str_id_1752|好，给 你 {reg3}金 币。让 我 们 征 服 这 片 大 地。
str_id_1753|好，给 你 {reg3}金 币。让 我 们 征 服 这 片 大 地。
str_id_1754|好，给 你 {reg3}金 币。让 我 们 征 服 这 片 大 地。
str_id_1755|好，给 你 {reg3}金 币。让 我 们 征 服 这 片 大 地。
str_id_1756|好，给 你 {reg3}金 币。让 我 们 征 服 这 片 大 地。
str_id_1757|好，给 你 {reg3}金 币。让 我 们 征 服 这 片 大 地。
str_id_1758|好，给 你 {reg3}金 币。让 我 们 征 服 这 片 大 地。
str_id_1759|好，给 你 {reg3}金 币。让 我 们 征 服 这 片 大 地。
str_id_1760|好，给 你 {reg3}金 币。让 我 们 征 服 这 片 大 地。
str_id_1761|好，给 你 {reg3}金 币。让 我 们 征 服 这 片 大 地。
str_id_1762|好，给 你 {reg3}金 币。让 我 们 征 服 这 片 大 地。
str_id_1763|好，给 你 {reg3}金 币。让 我 们 征 服 这 片 大 地。
str_id_1764|好，给 你 {reg3}金 币。让 我 们 征 服 这 片 大 地。
str_id_1765|好，给 你 {reg3}金 币。让 我 们 征 服 这 片 大 地。
str_id_1766|好，给 你 {reg3}金 币。让 我 们 征 服 这 片 大 地。
str_id_1767|好，给 你 {reg3}金 币，只 要 能 赶 紧 把 这 事 了 结。
str_id_1768|好，给 你 {reg3}金 币。让 我 们 征 服 这 片 大 地。
str_id_1769|好，给 你 {reg3}金 币。让 我 们 征 服 这 片 大 地。
str_id_1770|好，给 你 {reg3}金 币。让 我 们 征 服 这 片 大 地。
str_id_1771|好，给 你 {reg3}金 币。让 我 们 征 服 这 片 大 地。
str_id_1772|好，给 你 {reg3}金 币。让 我 们 征 服 这 片 大 地。
str_id_1773|好，给 你 {reg3}金 币。让 我 们 征 服 这 片 大 地。
str_id_1774|好，给 你 {reg3}金 币。让 我 们 征 服 这 片 大 地。
str_id_1775|好，给 你 {reg3}金 币。让 我 们 征 服 这 片 大 地。
str_id_1776|好，给 你 {reg3}金 币。让 我 们 征 服 这 片 大 地。
str_id_1777|好，给 你 {reg3}金 币。让 我 们 征 服 这 片 大 地。
str_id_1778|好，给 你 {reg3}金 币。让 我 们 征 服 这 片 大 地。
str_id_1779|好，给 你 {reg3}金 币。让 我 们 征 服 这 片 大 地。
str_id_1780|好，给 你 {reg3}金 币。让 我 们 征 服 这 片 大 地。
str_id_1781|好，给 你 {reg3}金 币。让 我 们 征 服 这 片 大 地。
str_id_1782|好，给 你 {reg3}金 币。让 我 们 征 服 这 片 大 地。
str_id_1783|好，给 你 {reg3}金 币。让 我 们 征 服 这 片 大 地。
str_id_1784|好，给 你 {reg3}金 币。让 我 们 征 服 这 片 大 地。
str_id_1785|好，给 你 {reg3}金 币。让 我 们 征 服 这 片 大 地。
str_id_1786|好，给 你 {reg3}金 币。让 我 们 征 服 这 片 大 地。
str_id_1787|好，给 你 {reg3}金 币。
str_id_1788|听 着，{playername}。我 加 入 这 支 队 伍，可 不 是 为 了 追 随 一 个 会 {s21} 的 人。别 再 犯，不 然 我 们 迟 早 翻 脸。
str_id_1789|{reg33?女 士 :先 生 }—— 我 对 我 们 {s21} 这 件 事 不 太 高 兴。接 受 任 务 就 像 发 誓 一 样，你 应 该 确 保 它 被 完 成。我 相 信 你 不 会 让 这 种 事 再 次 发 生。
str_id_1790|也 许 我 不 该 这 么 说，{reg33?女 士 :先 生 }，但 我 承 认 我 对 我 们 {s21} 感 到 有 些 震 惊。当 然，我 知 道 战 争 是 残 酷 的，但 没 必 要 让 它 比 必 要 的 更 残 酷。
str_id_1791|打 扰 一 下，{reg33?女 士 :先 生 }。我 很 乐 意 为 您 服 务，但 如 果 我 们 {s21}，我 可 不 想 参 与 这 种 行 动。我 相 当 震 惊。
str_id_1792|如 果 有 人 愿 意 提 供 给 你 一 份 工 作，那 么 你 必 须 好 好 完 成 它，这 是 首 要 的 原 则。你 不 应 该 {s21}，这 让 你 看 起 来 像 个 弱 者。
str_id_1793|你 为 什 么 要 袭 击 那 些 无 辜 的 人？你 {s21} 的 行 为 会 毁 掉 自 己 的 名 声，最 好 谨 慎 一 些。
str_id_1794|你 决 定 {s21}，这 令 我 很 不 满。你 对 部 下 肩 负 责 任；想 得 到 尊 重，就 得 履 行 这 些 责 任。
str_id_1795|{playername}，你 {s21} 实 在 太 过 分 了。我 承 认 自 己 偶 尔 也 犯 过 一 两 件 罪，可 那 只 是 偷 窃。你 做 的 事 已 越 过 底 线。
str_id_1796|也 许 有 些 人 会 向 你 抱 怨 {s21}，但 我 不 认 为 你 会 上 心，因 为 我 也 不 会。
str_id_1797|没 错，{playername}，这 会 取 悦 诸 神。下 次 一 个 活 口 都 别 留，连 孩 子 也 不 例 外。
str_id_1798|我 比 你 懂 得 如 何 当 个 好 领 袖，我 现 在 可 以 告 诉 你。{s21} 并 不 是 你 赢 得 部 下 尊 重 的 方 式，我 知 道 你 还 是 个 年 轻 人，但 你 要 知 道，你 的 行 事 风 格 让 我 觉 得 羞 耻。
str_id_1799|臭 虫 喜 欢 {s21}。
str_id_1800|我 现 在 正 式 向 你 提 出 抗 议！{s21}，没 有 一 个 高 尚 的 领 袖 会 这 么 积 极 地 鼓 励 这 种 行 为，我 祈 求 你 再 不 会 这 样。
str_id_1801|队 长，别 再 为 自 己 {s21} 耿 耿 于 怀。也 许 有 人 会 生 气，但 你 已 尽 力 而 为；任 何 人 能 做 的 也 只 有 这 些。
str_id_1802|{reg33?女 士 :先 生 }—— 只 是 让 你 知 道 我 的 意 见，任 何 有 头 脑 的 指 挥 官 都 不 会 让 他 的 队 伍 {s21}。希 望 你 不 介 意 我 这 么 直 说。
str_id_1803|{reg33?女 士 :先 生 }，如 果 我 们 {s21}，我 们 看 起 来 就 软 弱，我 们 不 想 看 起 来 软 弱，对 吧？
str_id_1804|做 为 领 袖 你 不 该 纵 容 唆 使 我 们 {s21}，该 迎 难 而 上 去 面 对，不 该 像 半 身 人 一 样 只 会 逃 避。
str_id_1805|不，队 长，这 可 不 是 领 导 队 伍 的 方 式。你 {s21} 时 到 底 在 想 什 么？看 来 你 的 脑 子 和 卵 蛋 一 样 小。
str_id_1806|或 许 我 懂 的 不 多，但 请 听 我 说，{s21} 不 是 什 么 好 事，也 许 你 该 停 止 这 样 的 行 径。
str_id_1807|队 长，有 时 就 是 无 法 完 成 别 人 的 托 付。世 道 艰 难，即 便 最 出 色 的 人 也 会 被 意 外 阻 挡，未 能 坚 持 到 最 后。别 灰 心，你 还 有 机 会 补 偿。
str_id_1808|这 是 个 耻 辱，你 居 然 让 我 们 {s21}{playername}。我 们 该 振 作 起 来，敌 人 可 是 在 前 方 等 着 我 们。
str_id_1809|你 要 注 意 点，{s21} 并 不 该 再 发 生，队 长，这 会 给 大 家 带 来 坏 风 气。
str_id_1810|我 知 道 我 不 是，嗝~正 义 领 袖 的 楷 模，但，嗝~在 以 后 你 不 该 {s21}。这 虽 然 只 是 件 小 事，但 无 论 是 清 醒 的 或，嗝~喝 大 了。
str_id_1811|当 我 加 入 您 时，{reg33?女 士 :先 生 }，我 没 想 过 会 参 与 {s21}。我 不 高 兴 看 到 这 种 事 发 生，所 以 我 劝 你 不 要 再 允 许 它 发 生。
str_id_1812|你 真 的 要 小 心，别 {s21} 队 长，请 别 忘 记 你 是 需 要 负 责 任 的。
str_id_1813|抢 劫 只 是 生 活 所 需，对 吧，队 长。有 人 抱 怨 又 怎 样，多 少 领 主 都 是 这 样 做 的，为 什 么 我 们 不 可 以。
str_id_1814|除 非 你 要 打 破 我 们 间 的 协 议，否 则 你 永 远 别 再 次 {s21}。
str_id_1815|这 不 是 你 该 有 的 判 断 和 行 为，当 你 付 诸 如 此 {s21} 只 是 给 你 和 你 的 团 队 带 来 耻 辱。
str_id_1816|我 不 喜 欢 你 {s21} 的 做 法。
str_id_1817|我 不 喜 欢 你 {s21} 的 做 法。
str_id_1818|我 不 喜 欢 你 {s21} 的 做 法。
str_id_1819|我 不 喜 欢 你 {s21} 的 做 法。
str_id_1820|我 不 喜 欢 你 {s21} 的 做 法。
str_id_1821|我 不 喜 欢 你 {s21} 的 做 法。
str_id_1822|我 不 喜 欢 你 {s21} 的 做 法。
str_id_1823|我 不 喜 欢 你 {s21} 的 做 法。
str_id_1824|我 不 喜 欢 你 {s21} 的 做 法。
str_id_1825|我 不 喜 欢 你 {s21} 的 做 法。
str_id_1826|我 不 喜 欢 你 {s21} 的 做 法。
str_id_1827|我 不 喜 欢 你 {s21} 的 做 法。
str_id_1828|我 不 喜 欢 你 {s21} 的 做 法。
str_id_1829|我 不 喜 欢 你 {s21} 的 做 法。
str_id_1830|我 不 喜 欢 你 {s21} 的 做 法。
str_id_1831|我 不 喜 欢 你 {s21} 的 做 法。
str_id_1832|我 不 喜 欢 你 {s21} 的 做 法。
str_id_1833|我 不 喜 欢 你 {s21} 的 做 法。
str_id_1834|我 不 喜 欢 你 {s21} 的 做 法。
str_id_1835|我 不 喜 欢 你 {s21} 的 做 法。
str_id_1836|我 不 喜 欢 你 {s21} 的 做 法。
str_id_1837|我 不 喜 欢 你 {s21} 的 做 法。
str_id_1838|我 不 喜 欢 你 {s21} 的 做 法。
str_id_1839|我 不 喜 欢 你 {s21} 的 做 法。
str_id_1840|我 不 喜 欢 你 {s21} 的 做 法。
str_id_1841|我 不 喜 欢 你 {s21} 的 做 法。
str_id_1842|我 不 喜 欢 你 {s21} 的 做 法。
str_id_1843|我 不 喜 欢 你 {s21} 的 做 法。
str_id_1844|我 不 喜 欢 你 {s21} 的 做 法。
str_id_1845|我 不 喜 欢 你 {s21} 的 做 法。
str_id_1846|我 不 喜 欢 你 {s21} 的 做 法。
str_id_1847|我 不 喜 欢 你 {s21} 的 做 法。
str_id_1848|我 不 喜 欢 你 {s21} 的 做 法。
str_id_1849|我 不 喜 欢 你 {s21} 的 做 法。
str_id_1850|我 不 喜 欢 你 {s21} 的 做 法。
str_id_1851|我 不 喜 欢 你 {s21} 的 做 法。
str_id_1852|我 不 喜 欢 你 {s21} 的 做 法。
str_id_1853|我 不 喜 欢 你 {s21} 的 做 法。
str_id_1854|我 不 喜 欢 你 {s21} 的 做 法。
str_id_1855|我 不 喜 欢 你 {s21} 的 做 法。
str_id_1856|我 不 喜 欢 你 {s21} 的 做 法。
str_id_1857|我 不 喜 欢 你 {s21} 的 做 法。
str_id_1858|我 不 喜 欢 你 {s21} 的 做 法。
str_id_1859|我 不 喜 欢 你 {s21} 的 做 法。
str_id_1860|我 不 喜 欢 你 {s21} 的 做 法。
str_id_1861|我 不 喜 欢 你 {s21} 的 做 法。
str_id_1862|我 不 喜 欢 你 {s21} 的 做 法。
str_id_1863|我 不 喜 欢 你 {s21} 的 做 法。
str_id_1864|我 不 喜 欢 你 {s21} 的 做 法。
str_id_1865|我 不 喜 欢 你 {s21} 的 做 法。
str_id_1866|我 不 喜 欢 你 {s21} 的 做 法。
str_id_1867|我 不 喜 欢 你 {s21} 的 做 法。
str_id_1868|我 不 喜 欢 你 {s21} 的 做 法。
str_id_1869|我 不 喜 欢 你 {s21} 的 做 法。
str_id_1870|我 不 喜 欢 你 {s21} 的 做 法。
str_id_1871|我 不 喜 欢 你 {s21} 的 做 法。
str_id_1872|我 不 喜 欢 你 {s21} 的 做 法。
str_id_1873|我 不 喜 欢 你 {s21} 的 做 法。
str_id_1874|我 不 喜 欢 你 {s21} 的 做 法。
str_id_1875|我 不 喜 欢 你 {s21} 的 做 法。
str_id_1876|我 不 喜 欢 你 {s21} 的 做 法。
str_id_1877|这 是 场 血 战 {playername}。或 许 大 多 数 {s21} 可 以 接 受，只 要 能 实 现 我 们 手 头 上 的 任 务，别 停 下，让 我 们 继 续 前 进 吧。
str_id_1878|[无 次 要 道 德 准 则]
str_id_1879|{reg33?女 士 :先 生 }—— 我 认 为 你 决 定 {s21} 很 勇 敢。能 找 到 避 免 流 血 的 方 法 并 不 丢 人。
str_id_1880|你 仍 然 拥 有 我 的 全 力 支 持，{reg33?女 士 :先 生 }。
str_id_1881|你 仍 然 拥 有 我 的 全 力 支 持，队 长。
str_id_1882|令 人 遗 憾 的 是，有 时 你 必 须 {s21}。不 要 让 这 成 为 你 心 里 的 重 担，做 为 领 袖 必 须 顾 全 大 局。
str_id_1885|我 加 入 的 可 不 是 你 这 样 失 败 的 队 伍，我 可 是 门 阀 扈 从 因 为 我 是 不 会 失 败 的，如 果 你 当 不 了 一 个 好 领 导 我 就 会 离 开。
str_id_1889|{reg33?女 士 :先 生 }，荣 誉 就 是 一 切，食 言 会 损 害 你 的 声 誉。也 会 连 累 你 手 下 人 的 名 声，所 以 请 别 把 我 们 牵 扯 进 去。
str_id_1890|[无 次 要 道 德 准 则]
str_id_1891|你 知 道，朋 友 {playername}，你 这 样 不 太 让 人 放 心 {s21}。如 果 你 能 打 破 你 对 他 们 的 诺 言，同 样 对 我 也 会，我 是 这 么 认 为 的。
str_id_1893|这 很 可 怕，当 战 斗 导 致 {s21} 但 有 时 也 需 为 追 求 胜 利 付 出 沉 重 的 代 价，这 是 战 争 的 现 实。
str_id_1894|要 知 道，没 人 说 享 乐 必 须 讲 道 德。常 言 道 有 求 必 应，但 我 认 为 抢 才 能 得。再 说，乞 求 多 无 聊，那 样 根 本 打 不 起 来。
str_id_1896|[无 次 要 道 德 准 则]
str_id_1897|[无 次 要 道 德 准 则]
str_id_1898|[无 次 要 道 德 准 则]
str_id_1899|[无 次 要 道 德 准 则]
str_id_1900|[无 次 要 道 德 准 则]
str_id_1901|[无 次 要 道 德 准 则]
str_id_1902|[无 次 要 道 德 准 则]
str_id_1903|[无 次 要 道 德 准 则]
str_id_1904|[无 次 要 道 德 准 则]
str_id_1905|你 {s21}，我 并 不 在 意。
str_id_1906|你 {s21}，我 并 不 在 意。
str_id_1907|你 {s21}，我 并 不 在 意。
str_id_1908|你 {s21}，我 并 不 在 意。
str_id_1909|你 {s21}，我 并 不 在 意。
str_id_1910|你 {s21}，我 并 不 在 意。
str_id_1911|你 {s21}，我 并 不 在 意。
str_id_1912|你 {s21}，我 并 不 在 意。
str_id_1913|你 {s21}，我 并 不 在 意。
str_id_1914|你 {s21}，我 并 不 在 意。
str_id_1915|你 {s21}，我 并 不 在 意。
str_id_1916|你 {s21}，我 并 不 在 意。
str_id_1917|你 {s21}，我 并 不 在 意。
str_id_1918|你 {s21}，我 并 不 在 意。
str_id_1919|你 {s21}，我 并 不 在 意。
str_id_1920|你 {s21}，我 并 不 在 意。
str_id_1921|你 {s21}，我 并 不 在 意。
str_id_1922|你 {s21}，我 并 不 在 意。
str_id_1923|你 {s21}，我 并 不 在 意。
str_id_1924|你 {s21}，我 并 不 在 意。
str_id_1925|你 {s21}，我 并 不 在 意。
str_id_1926|你 {s21}，我 并 不 在 意。
str_id_1927|你 {s21}，我 并 不 在 意。
str_id_1928|你 {s21}，我 并 不 在 意。
str_id_1929|你 {s21}，我 并 不 在 意。
str_id_1930|你 {s21}，我 并 不 在 意。
str_id_1931|你 {s21}，我 并 不 在 意。
str_id_1932|你 {s21}，我 并 不 在 意。
str_id_1933|你 {s21}，我 并 不 在 意。
str_id_1934|你 {s21}，我 并 不 在 意。
str_id_1935|你 {s21}，我 并 不 在 意。
str_id_1936|你 {s21}，我 并 不 在 意。
str_id_1937|你 {s21}，我 并 不 在 意。
str_id_1938|你 {s21}，我 并 不 在 意。
str_id_1939|你 {s21}，我 并 不 在 意。
str_id_1940|你 {s21}，我 并 不 在 意。
str_id_1941|你 {s21}，我 并 不 在 意。
str_id_1942|你 {s21}，我 并 不 在 意。
str_id_1943|你 {s21}，我 并 不 在 意。
str_id_1944|你 {s21}，我 并 不 在 意。
str_id_1945|你 {s21}，我 并 不 在 意。
str_id_1946|你 {s21}，我 并 不 在 意。
str_id_1947|你 {s21}，我 并 不 在 意。
str_id_1948|你 {s21}，我 并 不 在 意。
str_id_1949|你 {s21}，我 并 不 在 意。
str_id_1950|你 {s21}，我 并 不 在 意。
str_id_1951|你 {s21}，我 并 不 在 意。
str_id_1952|你 {s21}，我 并 不 在 意。
str_id_1953|你 {s21}，我 并 不 在 意。
str_id_1954|你 {s21}，我 并 不 在 意。
str_id_1955|你 {s21}，我 并 不 在 意。
str_id_1956|你 {s21}，我 并 不 在 意。
str_id_1957|你 {s21}，我 并 不 在 意。
str_id_1958|你 {s21}，我 并 不 在 意。
str_id_1959|你 {s21}，我 并 不 在 意。
str_id_1960|你 {s21}，我 并 不 在 意。
str_id_1961|你 {s21}，我 并 不 在 意。
str_id_1962|你 {s21}，我 并 不 在 意。
str_id_1963|你 {s21}，我 并 不 在 意。
str_id_1964|你 {s21}，我 并 不 在 意。
str_id_1965|你 {s21}，我 并 不 在 意。
str_id_1966|我 讨 厌 与 团 队 分 享，{s11}，他 表 现 得 比 一 生 都 在 为 奴 的 家 伙 还 要 过 头，完 全 没 有 自 我。
str_id_1967|你 这 样 让 整 个 团 队 蒙 羞 {s11}，他 不 过 是 只 老 鼠，是 瘟 疫，而 且 他 还 是 个 无 情 的 杀 手，他 心 里 一 点 善 意 都 没 有。
str_id_1968|{reg33?女 士 :先 生 }，我 恳 求 你 解 除 {s11} 的 职 务，因 为 他 威 胁 到 我 的 生 命 和 其 他 他 讨 厌 的 人。你 控 制 不 了 他 或 让 他 守 规 矩，这 只 是 时 间 问 题。
str_id_1969|{reg33?女 士 :先 生 }，你 需 要 对 {s11} 的 邪 恶 野 蛮 行 为 做 点 什 么。他 千 方 百 计 阻 止 我 拯 救 你 部 队 的 生 命 和 健 康，还 威 胁 我，我 担 心 他 会 付 诸 行 动。
str_id_1970|我 不 在 乎 {s11} 对 我 的 恶 意，但 别 逼 我 疯 起 来 干 掉 他，我 作 为 佣 兵 尊 重 你 付 我 的 钱，但 你 至 少 打 发 他 走，最 好 让 他 是 做 些 不 可 能 活 命 的 任 务。
str_id_1971|{s11} 也 许 本 性 不 坏，但 他 不 会 看 脸 色，他 一 直 在 侮 辱 我 的 人 格，但 他 不 了 解 我 处 在 什 么 样 的 世 界，进 行 着 什 么 样 的 工 作。
str_id_1972|我 在 加 入 你 的 乐 队 之 前 听 说 过 这 个 角 色 大 多 数 人 都 听 说 过 它，它 的 名 声 当 然 是 巨 大 的，但 是 在 花 了 一 段 时 间 之 后，我 相 当 失 望。
str_id_1973|通 常 情 况 下 任 何 人 我 都 喜 欢，但 {s11} 这 粪 便 般 家 伙，他 对 任 何 人 都 无 尊 重 可 言，他 的 行 为 像 每 个 人 都 对 他 沃 兰 斯 重 要 的 生 活 带 来 不 便 一 样。
str_id_1974|雇 佣 {s11} 就 是 个 笑 话，你 可 以 质 疑 一 位 巅 峰 时 期 的 领 袖，但 你 居 然 让 他 在 这，你 就 跟 个 傻 子 一 样。
str_id_1975|如 果 我 们 之 中 有 人 接 近 死 亡，就 让 他 们 带 着 荣 誉 而 死，别 让 {s11} 去 救 治，那 是 在 拒 绝 神 的 迎 接。
str_id_1976|当 我 要 走 时，只 要 你 把 {s11} 驱 逐，我 就 会 给 你 一 大 笔 钱，我 和 的 军 队 将 带 他 带 回 黑 塔 折 磨 至 死。
str_id_1977|嘭--------------{s11}，臭 虫 要 大 卸 八 块。
str_id_1978|{reg33?女 士:先 生}，我 明 白 并 非 每 个 人 都 像 我 一 样 遵 循 同 一 套 准 则，但 我 的 忍 耐 也 有 极 限，而 {s11} 已 经 越 过 了 这 条 线。
str_id_1979|队 长 我 很 讨 厌 在 我 们 队 伍 中 有 {s11} 存 在，我 刚 刚 才 战 胜 了 巨 大 的 灾 厄，但 他 不 断 在 针 对 我，现 在 每 天 看 到 他 脸 就 感 觉 灾 厄 又 来 临 了。
str_id_1980|我 之 所 尊 重 所 有 的 文 化 和 种 族 是 因 为 我 有 礼 仪、信 仰 以 及 心 理 素 质 还 有 之 间 的 一 切。我 们 有 很 多 相 似 之 处，我 们 都 没 如 此 与 众 不 同。有 很 多 数 种 族 和 个 人 是 值 得 敬 佩 的。
str_id_1981|我 清 楚 我 在 战 场 上 不 如 他 人，但 我 认 为 任 何 批 判 都 该 由 你 说，而 不 是 {s11}，你 才 是 我 的 老 大。
str_id_1982|{playername}，我 反 对 让 那 个 醉 醺 醺 的 矮 人 {s11} 加 入 我 们 的 队 伍。他 从 来 不 听 任 何 人 的 指 挥，我 甚 至 发 现 他 最 近 连 你 的 命 令 都 敢 无 视。他 完 全 是 我 行 我 素。
str_id_1983|我 得 承 认，逗 弄 弗 罗 林 是 挺 好 玩 的，可 他 也 是 个 让 人 头 疼 的 可 怜 虫。男 人 都 有 这 种 毛 病，总 想 被 人 高 看 一 眼，非 得 比 周 围 的 人 强，特 别 是 比 女 人 强。
str_id_1984|有 趣 的 是 这 个 种 族 总 是 在 染 指 我 们 亚 马 逊，他 们 是 伪 君 子，而 {s11} 是 他 们 之 中 最 卑 劣 的 存 在。
str_id_1985|当 我 说 加 入 你 时 可 没 想 到 要 在 {s11} 身 上 花 时 间。她 是 个 骗 子、老 千，还 有 她 欠 我 很 多 钱。
str_id_1986|船 长，打 扰 一 下，我 能 不 能 请 求 您 正 式 把 {s11} 赶 走？他 不 仅 深 深 得 罪 了 我，而 且 从 头 到 脚 都 靠 不 住。
str_id_1987|队 长 我 对 亚 马 逊 女 战 士 的 格 斗 技 能 表 示 尊 重，但 {s11} 不 在 之 中，她 实 力 不 足 而 且 还 无 知 的 不 可 救 药。
str_id_1988|你 知 道，队 长，那 个 {s11} 不 擅 于 运 动，我 这 是 在 赞 美 她，并 无 恶 意。她 是 位 吸 引 人 的 单 身 女 士，只 是 她 在 我 面 前 怎 么 不 展 示 巴 斯 汀 的 魅 力 呢。
str_id_1989|我 知 道 自 己 在 战 场 上 的 表 现 不 如 他 人，但 我 有 任 何 差 错 都 该 是 由 你 来 指 责，而 不 是 {s11}，因 为 你 才 是 我 的 上 司。
str_id_1990|打 扰 一 下，队 长，我 理 解 强 大 的 力 量 对 雄 心 勃 勃 的 领 袖 十 分 有 用，但 相 应 的 智 谋 也 是 不 可 缺 失 的，我 担 心 {s11} 在 这 方 面 能 力 不 足。
str_id_1991|为 什 么 斯 露 德 能 比 我 获 得 更 多 的 敬 重，每 个 人 都 把 他 当 神 来 看 待，却 没 人 看 到 我 才 是 队 伍 里 最 优 秀 的 战 力。
str_id_1992|你 应 该 摧 毁 不 死 族，而 不 是 让 他 们 与 我 们 并 肩 战 斗，特 别 是 他 们 最 好 的 军 队。
str_id_1993|混 沌 已 经 入 侵 帝 国 很 多 年 了，作 为 代 价 成 千 上 万 的 生 命 消 逝，他 们 是 肮 脏 无 情 的 杀 人 机 器，我 憎 恨 他 们，我 也 是 个 热 血 青 年。
str_id_1994|我 就 是 看 不 惯 {s11}。
str_id_1995|我 就 是 看 不 惯 {s11}。
str_id_1996|我 就 是 看 不 惯 {s11}。
str_id_1997|我 就 是 看 不 惯 {s11}。
str_id_1998|我 就 是 看 不 惯 {s11}。
str_id_1999|我 就 是 看 不 惯 {s11}。
str_id_2000|我 就 是 看 不 惯 {s11}。
str_id_2001|我 就 是 看 不 惯 {s11}。
str_id_2002|我 就 是 看 不 惯 {s11}。
str_id_2003|我 就 是 看 不 惯 {s11}。
str_id_2004|我 就 是 看 不 惯 {s11}。
str_id_2005|我 就 是 看 不 惯 {s11}。
str_id_2006|我 就 是 看 不 惯 {s11}。
str_id_2007|我 就 是 看 不 惯 {s11}。
str_id_2008|我 就 是 看 不 惯 {s11}。
str_id_2009|我 就 是 看 不 惯 {s11}。
str_id_2010|我 就 是 看 不 惯 {s11}。
str_id_2011|我 就 是 看 不 惯 {s11}。
str_id_2012|我 就 是 看 不 惯 {s11}。
str_id_2013|我 就 是 看 不 惯 {s11}。
str_id_2014|我 就 是 看 不 惯 {s11}。
str_id_2015|我 就 是 看 不 惯 {s11}。
str_id_2016|我 就 是 看 不 惯 {s11}。
str_id_2017|我 就 是 看 不 惯 {s11}。
str_id_2018|我 就 是 看 不 惯 {s11}。
str_id_2019|我 就 是 看 不 惯 {s11}。
str_id_2020|我 就 是 看 不 惯 {s11}。
str_id_2021|我 就 是 看 不 惯 {s11}。
str_id_2022|我 就 是 看 不 惯 {s11}。
str_id_2023|我 就 是 看 不 惯 {s11}。
str_id_2024|我 就 是 看 不 惯 {s11}。
str_id_2025|我 就 是 看 不 惯 {s11}。
str_id_2026|我 就 是 看 不 惯 {s11}。
str_id_2027|我 就 是 看 不 惯 {s11}。
str_id_2028|我 就 是 看 不 惯 {s11}。
str_id_2029|我 就 是 看 不 惯 {s11}。
str_id_2030|我 就 是 看 不 惯 {s11}。
str_id_2031|我 就 是 看 不 惯 {s11}。
str_id_2032|我 就 是 看 不 惯 {s11}。
str_id_2033|我 就 是 看 不 惯 {s11}。
str_id_2034|我 就 是 看 不 惯 {s11}。
str_id_2035|我 就 是 看 不 惯 {s11}。
str_id_2036|我 就 是 看 不 惯 {s11}。
str_id_2037|我 就 是 看 不 惯 {s11}。
str_id_2038|我 就 是 看 不 惯 {s11}。
str_id_2039|我 就 是 看 不 惯 {s11}。
str_id_2040|我 就 是 看 不 惯 {s11}。
str_id_2041|我 就 是 看 不 惯 {s11}。
str_id_2042|我 就 是 看 不 惯 {s11}。
str_id_2043|我 就 是 看 不 惯 {s11}。
str_id_2044|我 就 是 看 不 惯 {s11}。
str_id_2045|我 就 是 看 不 惯 {s11}。
str_id_2046|我 就 是 看 不 惯 {s11}。
str_id_2047|我 就 是 看 不 惯 {s11}。
str_id_2048|我 就 是 看 不 惯 {s11}。
str_id_2049|我 就 是 看 不 惯 {s11}。
str_id_2050|我 就 是 看 不 惯 {s11}。
str_id_2051|我 就 是 看 不 惯 {s11}。
str_id_2052|我 就 是 看 不 惯 {s11}。
str_id_2053|我 就 是 看 不 惯 {s11}。
str_id_2054|我 就 是 看 不 惯 {s11}。
str_id_2055|他 的 阵 营 有 着 相 当 一 个 军 团 的 规 模，但 他 却 为 了 几 个 金 币 想 去 分 裂 它，如 果 他 是 个 男 人，他 会 自 己 打 造 出 属 于 他 自 己 的 王 国。
str_id_2056|我 们 有 足 够 强 力 的 战 士 在 这，胜 利 指 日 可 待，我 们 不 能 再 继 续 容 忍 这 可 恶 的 败 类。
str_id_2057|他 是 一 个 混 乱 的 恶 魔，他 会 破 坏 你 的 名 声。仅 仅 因 为 他 的 存 在，我 就 听 到 了 不 少 的 抱 怨。
str_id_2058|在 最 近 的 战 斗 中，他 严 重 干 扰 了 我 的 医 疗 工 作。在 我 要 医 治 一 名 伤 兵 之 前，他 居 然 直 接 打 碎 了 他 的 脑 袋，而 我 本 来 可 以 救 他。这 些 可 是 你 的 手 下，你 必 须 做 点 什 么！
str_id_2059|他 可 能 很 会 写 作，但 我 的 刀 用 的 更 加 得 心 应 手，我 发 誓 总 有 一 天 我 会 杀 死 他，然 后 把 他 和 他 愚 蠢 的 书 本 一 起 烧 掉，熊 熊 燃 烧 的 大 火 几 英 里 外 都 可 以 看 到。
str_id_2060|他 大 半 辈 子 光 动 嘴，我 却 是 实 打 实 地 干 活。我 对 付 的 都 是 最 凶 险 的 敌 人，有 时 候 为 了 成 事，不 得 不 做 些 别 人 不 敢 碰 的 勾 当。这 或 许 让 人 误 会 我，可 您 瞧 瞧 我 救 过 多 少 条 命，付 出 了 多 少 代 价，就 该 明 白 我 的 荣 誉 不 容 置 疑。
str_id_2061|论 单 打 独 斗，他 确 实 比 别 人 高 出 一 大 截，可 要 论 带 兵 打 仗，他 既 不 会 指 挥，又 不 懂 谋 略，更 别 提 鼓 舞 人 心 了。打 仗 光 会 砍 杀 可 不 够。
str_id_2062|所 以 嘛，我 偶 尔 会 顺 他 篮 子 里 的 东 西。他 老 是 到 处 跑，带 的 吃 食 可 真 不 赖，有 顶 好 的 奶 酪、香 肠 和 蜂 蜜。大 家 都 得 填 饱 肚 子，他 那 么 阔 气，起 码 别 老 是 嘀 嘀 咕 咕 的。
str_id_2063|我 替 您 效 力，本 不 该 整 天 操 心 自 己 的 金 银 细 软，可 他 那 手 顺 东 西 的 毛 病 实 在 可 恶，特 别 是 爱 偷 我 的 吃 的。要 是 哪 天 被 我 抓 个 正 着，看 在 上 天 份 上，您 可 得 让 我 宰 了 他。
str_id_2064|多 年 前，我 们 挫 败 了 一 支 兽 人 部 落 的 伏 击。那 家 伙 用 邪 门 手 段 抢 走 了 我 两 个 人 头。把 他 赶 走，否 则 下 次 我 就 亲 手 砍 掉 他 的 双 手。
str_id_2065|他 差 一 点 就 把 巫 灵 赶 尽 杀 绝 了，幸 好 我 的 舰 队 得 力，及 时 把 她 们 撤 到 了 安 全 地 方。我 知 道 巫 灵 们 恨 不 得 拿 他 当 祭 品。我 现 在 就 想 下 令 办 了 他，但 眼 下 还 是 给 您 面 子，听 您 的 指 挥。
str_id_2066|留 神 他 脚 底 下！我 可 吃 着 药 呢，脑 袋 挨 一 下，阿 卜 杜 勒 就 完 蛋 啦！呜 哇 噗 噗 噗……
str_id_2067|他 简 直 玷 污 了 骑 士 这 个 名 号，在 战 场 上 的 所 作 所 为 丢 人 现 眼，还 老 是 莫 名 其 妙 地 杀 害 巴 托 尼 亚 的 骑 士。我 国 已 经 对 他 发 了 通 缉 令，要 不 是 现 在 跟 着 您 干，我 早 把 他 拿 下 了。
str_id_2068|船 长，他 杀 了 我 的 马！那 是 我 最 棒 的 坐 骑，也 是 我 最 好 的 朋 友。当 时 我 正 执 行 任 务，想 证 明 我 的 马 有 多 厉 害，计 划 三 天 内 从 米 拉 格 连 诺 跑 到 科 普 尔。路 上 我 们 全 速 飞 奔，突 然 一 支 箭 射 穿 了 他 的 脑 袋，当 场 就 死 了。他 说 是 意 外，可 我 早 知 道 贾 利 勒 这 号 人 物，他 箭 无 虚 发。再 说 他 根 本 就 不 该 放 箭，这 简 直 是 荒 唐！
str_id_2069|不 过 也 有 例 外，{s11} 就 是 个 例 子。他 是 个 彻 头 彻 尾 的 蠢 货，从 他 身 上 学 不 到 半 点 东 西。他 一 天 到 晚 嗑 药 嗑 得 神 志 不 清，说 的 话 没 人 听 得 懂。他 连 跟 人 交 流 或 者 结 交 朋 友 的 意 思 都 没 有，纯 粹 是 占 着 地 方 不 干 事。
str_id_2070|他 总 在 那 儿 评 头 论 足，逼 我 学 这 学 那。换 作 以 前 我 也 许 忍 了，可 现 在 不 行。我 的 本 事 是 瑞 克 特 斯 亲 自 教 的，我 有 自 己 的 打 法。早 不 是 他 印 象 里 那 个 软 柿 子 了。
str_id_2071|他 的 酿 酒 厂 就 在 我 们 王 国 山 对 面，我 们 老 逮 到 他 图 省 事，偷 穿 我 们 的 林 子 往 布 理 奥 涅 运 货。抓 了 他 好 多 回，也 警 告 过 不 止 一 次，可 他 偏 要 偷 偷 摸 摸 走 捷 径，不 肯 绕 官 方 路 线。按 我 的 脾 气 早 该 吊 死 他，可 奥 里 昂 大 人 只 让 把 送 货 的 赶 回 去，免 得 闹 出 外 交 纠 纷。您 干 嘛 非 要 留 这 种 不 听 招 呼 的 人 在 手 下？
str_id_2072|他 自 以 为 是 个 风 度 翩 翩 的 冒 险 家，机 灵 又 狡 猾，可 打 牌 时 我 赢 他 的 钱 数 都 数 不 清，揍 他 的 次 数 更 是 多 得 记 不 住。以 前 他 老 爱 跟 我 抢 任 务，想 抢 在 我 前 头 完 成，可 惜 一 次 都 没 成 功 过，哈 哈 哈！
str_id_2073|蜥 蜴 人 总 觉 得 自 己 高 人 一 等，虽 然 不 像 黑 暗 精 灵 那 样 明 目 张 胆 地 看 不 起 人，可 那 副 德 行 也 藏 不 住。就 算 他 们 适 应 我 们 丛 林 的 环 境，也 不 代 表 可 以 随 便 进 出。
str_id_2074|我 可 是 牌 桌 上 的 行 家，可 那 个 女 人 肯 定 藏 了 什 么 把 戏。她 总 能 看 穿 我 的 牌，这 绝 不 正 常。瞧 她 现 在 笑 得 多 得 意，贱 人。
str_id_2075|我 一 开 始 认 识 他 的 时 候 还 挺 喜 欢 他 的，他 总 惹 麻 烦，但 挺 有 意 思 的。我 看 他 老 是 没 钱，就 让 他 欠 了 我 很 多 债，他 总 说 会 还。可 一 年 了，他 不 但 不 还，还 赖 账。要 不 是 我 有 更 重 要 的 事，我 非 揍 他 不 可。现 在 你 给 他 钱，他 还 说 等 他 乐 意 才 还 我。这 叫 什 么 荣 誉 啊？
str_id_2076|她 骂 我 虚 伪，说 蜥 蜴 人 也 常 去 亚 马 逊。但 她 得 弄 明 白：她 们 才 是 客 人，不 是 我 们。我 们 的 种 族 早 在 她 们 之 前 就 已 生 活 在 那 里。
str_id_2077|她 老 是 冲 我 发 脾 气、摆 架 子，得 轻 松 点 嘛。队 长，我 生 日 快 到 了，你 帮 我 说 说，让 她 亲 我 一 口 当 礼 物 呗。
str_id_2078|他 总 在 考 察 我 的 本 事，硬 要 我 学 我 还 掌 握 不 了 的 技 巧 和 理 论。我 是 想 成 为 好 战 士，但 也 不 能 拔 苗 助 长 啊，何 况 是 他 来 逼 我。
str_id_2079|食 人 魔 是 爱 胡 思 乱 想，可 {s11} 也 太 离 谱 了。刚 才 他 捡 了 些 叶 子，就 跟 士 兵 吹 牛，说 他 发 现 了 叶 子 的 神 奇 疗 伤 功 效，用 叶 子 和 水、绳 子 包 扎，救 了 个 重 伤 的 女 人。可 那 是 月 桂 叶 啊 队 长！我 怕 他 再 待 下 去，部 队 智 商 都 要 被 他 拉 低 了。
str_id_2080|以 人 类 来 说，他 确 实 强 壮 又 耐 打，可 还 比 不 上 食 人 魔，更 别 提 最 强 的 食 人 魔—— 我 了！
str_id_2081|别 管 他 以 前 是 不 是 帝 国 的，现 在 他 是 古 墓 王，要 么 你 遣 散 他，要 么 让 我 宰 了 他。
str_id_2082|我 一 直 纳 闷 他 们 为 啥 这 么 厉 害，原 来 是 有 伊 拉 斯 谟 这 种 家 伙。手 段 又 冷 血 又 精 明，他 根 本 不 管 会 害 死 多 少 无 辜 的 人。要 是 他 今 天 死 了，对 帝 国 倒 是 好 事。
str_id_2083|我 无 法 认 同 他 们 的 做 法。
str_id_2084|我 无 法 认 同 他 们 的 做 法。
str_id_2085|我 无 法 认 同 他 们 的 做 法。
str_id_2086|我 无 法 认 同 他 们 的 做 法。
str_id_2087|我 无 法 认 同 他 们 的 做 法。
str_id_2088|我 无 法 认 同 他 们 的 做 法。
str_id_2089|我 无 法 认 同 他 们 的 做 法。
str_id_2090|我 无 法 认 同 他 们 的 做 法。
str_id_2091|我 无 法 认 同 他 们 的 做 法。
str_id_2092|我 无 法 认 同 他 们 的 做 法。
str_id_2093|我 无 法 认 同 他 们 的 做 法。
str_id_2094|我 无 法 认 同 他 们 的 做 法。
str_id_2095|我 无 法 认 同 他 们 的 做 法。
str_id_2096|我 无 法 认 同 他 们 的 做 法。
str_id_2097|我 无 法 认 同 他 们 的 做 法。
str_id_2098|我 无 法 认 同 他 们 的 做 法。
str_id_2099|我 无 法 认 同 他 们 的 做 法。
str_id_2100|我 无 法 认 同 他 们 的 做 法。
str_id_2101|我 无 法 认 同 他 们 的 做 法。
str_id_2102|我 无 法 认 同 他 们 的 做 法。
str_id_2103|我 无 法 认 同 他 们 的 做 法。
str_id_2104|我 无 法 认 同 他 们 的 做 法。
str_id_2105|我 无 法 认 同 他 们 的 做 法。
str_id_2106|我 无 法 认 同 他 们 的 做 法。
str_id_2107|我 无 法 认 同 他 们 的 做 法。
str_id_2108|我 无 法 认 同 他 们 的 做 法。
str_id_2109|我 无 法 认 同 他 们 的 做 法。
str_id_2110|我 无 法 认 同 他 们 的 做 法。
str_id_2111|我 无 法 认 同 他 们 的 做 法。
str_id_2112|我 无 法 认 同 他 们 的 做 法。
str_id_2113|我 无 法 认 同 他 们 的 做 法。
str_id_2114|我 无 法 认 同 他 们 的 做 法。
str_id_2115|我 无 法 认 同 他 们 的 做 法。
str_id_2116|我 无 法 认 同 他 们 的 做 法。
str_id_2117|我 无 法 认 同 他 们 的 做 法。
str_id_2118|我 无 法 认 同 他 们 的 做 法。
str_id_2119|我 无 法 认 同 他 们 的 做 法。
str_id_2120|我 无 法 认 同 他 们 的 做 法。
str_id_2121|我 无 法 认 同 他 们 的 做 法。
str_id_2122|我 无 法 认 同 他 们 的 做 法。
str_id_2123|我 无 法 认 同 他 们 的 做 法。
str_id_2124|我 无 法 认 同 他 们 的 做 法。
str_id_2125|我 无 法 认 同 他 们 的 做 法。
str_id_2126|我 无 法 认 同 他 们 的 做 法。
str_id_2127|我 无 法 认 同 他 们 的 做 法。
str_id_2128|我 无 法 认 同 他 们 的 做 法。
str_id_2129|我 无 法 认 同 他 们 的 做 法。
str_id_2130|我 无 法 认 同 他 们 的 做 法。
str_id_2131|我 无 法 认 同 他 们 的 做 法。
str_id_2132|我 无 法 认 同 他 们 的 做 法。
str_id_2133|我 无 法 认 同 他 们 的 做 法。
str_id_2134|我 无 法 认 同 他 们 的 做 法。
str_id_2135|我 无 法 认 同 他 们 的 做 法。
str_id_2136|我 无 法 认 同 他 们 的 做 法。
str_id_2137|我 无 法 认 同 他 们 的 做 法。
str_id_2138|我 无 法 认 同 他 们 的 做 法。
str_id_2139|我 无 法 认 同 他 们 的 做 法。
str_id_2140|我 无 法 认 同 他 们 的 做 法。
str_id_2141|我 无 法 认 同 他 们 的 做 法。
str_id_2142|我 无 法 认 同 他 们 的 做 法。
str_id_2143|我 无 法 认 同 他 们 的 做 法。
str_id_2144|格 朗 尼 的 胡 子 在 上，为 什 么{s11}会 在 我 们 的 队 伍 里？我 们 不 是 慈 善 团 体，干 的 可 是 正 经 大 事。
str_id_2145|{reg33?女 士 :先 生 }，咱 们 队 的 艾 凯 迪 没 安 好 心。他 想 帮 暗 精 灵 统 治 大 海，那 可 太 坏 了。
str_id_2146|{reg33?女 士 :先 生 }，人 嘛，谁 不 犯 错？我 也 不 是 故 意 的。我 承 认，我 不 小 心 宰 了 梅 菲 林 的 马，惹 毛 了 他，我 是 真 心 道 歉，可 他 老 是 揪 着 不 放。
str_id_2147|{reg33?女 士 :先 生 }，我 做 事 向 来 靠 谱 实 在，大 家 都 看 得 出 来，就 {s11} 不 买 账。
str_id_2148|精 灵 说 话 我 就 烦，梅 菲 林 还 整 天 唱 歌，听 得 我 想 自 杀。精 灵 语 装 得 高 大 上，其 实 内 容 跟 我 们 没 啥 两 样，就 是 爱 显 摆。
str_id_2149|大 人，{s11} 在 队 里 真 让 我 火 大。要 不 是 他，我 都 不 用 来 的。本 来 女 巫 精 灵 已 经 被 我 们 打 得 落 花 流 水，我 派 船 队 去 海 边 堵 他 们，结 果 到 海 滩 一 看，他 们 居 然 没 死 光。
str_id_2150|{playername}，你 得 赶 紧 管 管 {s11}！打 仗 光 有 本 事 不 行，还 得 守 纪 律，他 倒 好，毫 无 纪 律。
str_id_2151|你 知 道 我 超 爱 山 羊 奶 酪，为 了 搞 到 最 好 的 不 惜 一 切。可 倒 霉 的 是，最 好 的 奶 酪 得 从 那 个 讨 厌 鬼 史 基 佐 那 儿 弄。
str_id_2152|这 世 上 各 种 美 德 里 头，就 属 荣 誉 和 骑 士 道 最 虚 伪。
str_id_2153|{s11} 还 得 意 呢，说 当 保 镖 时 没 人 能 刺 杀 成 功。可 我 告 诉 你，我 随 随 便 便 就 能 搞 定 他。
str_id_2154|人 类 本 来 就 不 咋 样，可 菲 力 克 斯·耶 格 尔 更 是 垫 底 的。他 觉 得 自 己 识 字 会 说 话，就 比 我 们 高 明，意 见 也 更 值 钱。
str_id_2155|砍 砍 杀 杀，砰 砰 砰。蠢 货 布 拉 甘 扎。
str_id_2156|{reg33?女 士 :先 生 }，队 里 要 招 能 人，也 别 找 {s11} 这 种 啊。他 总 说 自 己 是 好 心 办 好 事，只 看 结 果，可 做 人 方 式 也 很 关 键。
str_id_2157|队 长，{s11}在 战 场 上 让 我 很 不 安。上 次 我 倒 下 时，他 盯 着 我 的 眼 神 凶 得 像 我 是 敌 人 一 样。
str_id_2158|我 研 究 多 了，看 人 准。虽 然 大 伙 儿 好 像 挺 喜 欢 奥 叽，但 我 信 不 过 他。兽 人 脑 子 简 单，没 啥 直 觉 和 创 意，跟 别 的 种 族 不 一 样。
str_id_2159|{s11} 这 队 友 真 受 不 了。我 活 着 就 图 点 乐 子，比 如 吃 点 奶 酪，可 连 奶 酪 都 被 {s11} 偷 了。
str_id_2160|{playername}，都 第 五 回 了，我 让 {s11} 掩 护 我，她 倒 好，自 己 溜 了。我 被 她 坑 了 这 么 多 年，可 不 想 最 后 死 在 她 不 配 合 上。
str_id_2161|队 长，你 就 不 想 抽 {s11} 一 嘴 巴，让 他 别 老 是 死 板 着 脸？蜥 蜴 人 笑 是 难 看，可 偶 尔 笑 一 笑 又 不 会 死。
str_id_2162|我 实 在 受 不 了 那 个 {s11}，他 老 是 来 纠 缠 我，用 他 那 又 臭 又 蠢 的 样 子 来 巴 结 我。他 总 是 一 副 醉 醺 醺 的 模 样，虽 然 没 什 么 恶 意，但 我 已 经 受 够 了。
str_id_2163|{s11}还 要 跟 我 们 多 久？他 整 天 念 叨 我 的 周 薪，还 有 我 欠 他 的 那 笔 债。
str_id_2164|那 个 精 灵{s11}是 个 好 战 士，可 他 实 在 太 严 肃 了。即 便 遭 遇 过 那 么 多 悲 剧，我 也 知 道 什 么 时 候 该 开 心，也 懂 得 偶 尔 放 过 那 些 好 人。
str_id_2165|队 长，你 得 小 心 信 任 谁。只 要{s11}眼 里 闪 过 金 币 的 光，她 立 刻 就 会 背 叛 你。
str_id_2166|我 承 认 自 己 身 子 骨 和 脑 子 都 没 年 轻 时 好 使 了，可 我 好 歹 是 个 长 辈，天 杀 的，我 就 该 受 到 尊 敬！嗝！
str_id_2167|我 一 般 不 爱 打 小 报 告，但 现 在 带 着 {s11} 在 队 伍 里，感 觉 越 来 越 危 险 了。
str_id_2168|纳 迦 什 干 的 缺 德 事 里，就 数 弄 出 古 墓 王 最 可 恶。那 些 家 伙 本 来 安 息 得 好 好 的，他 非 要 对 大 地 下 咒，把 世 上 最 厉 害 的 势 力 之 一 给 唤 醒 了。
str_id_2169|人 人 都 说 食 人 魔 笨，人 类 聪 明，可 人 类 也 没 聪 明 到 哪 儿 去，尤 其 是 混 沌 那 帮 人。他 们 蠢 起 来 跟 巨 魔 没 两 样。
str_id_2170|我 这 两 年 干 掉 的 食 人 魔，比 阿 个 陋 一 辈 子 杀 的 人 还 多。他 打 架 太 差 劲 了，连 最 懒 散 的 暴 君 都 打 不 过。
str_id_2171|你 非 得 让 像 斯 露 德 这 么 残 暴 的 人 留 在 队 里 吗？他 脑 子 里 除 了 暴 力 就 没 别 的 了。他 笨 得 像 树 墩 子，一 点 优 点 都 没 有。
str_id_2172|那 个 {s11}……
str_id_2173|那 个 {s11}……
str_id_2174|那 个 {s11}……
str_id_2175|那 个 {s11}……
str_id_2176|那 个 {s11}……
str_id_2177|那 个 {s11}……
str_id_2178|那 个 {s11}……
str_id_2179|那 个 {s11}……
str_id_2180|那 个 {s11}……
str_id_2181|那 个 {s11}……
str_id_2182|那 个 {s11}……
str_id_2183|那 个 {s11}……
str_id_2184|那 个 {s11}……
str_id_2185|那 个 {s11}……
str_id_2186|那 个 {s11}……
str_id_2187|那 个 {s11}……
str_id_2188|那 个 {s11}……
str_id_2189|那 个 {s11}……
str_id_2190|那 个 {s11}……
str_id_2191|那 个 {s11}……
str_id_2192|那 个 {s11}……
str_id_2193|那 个 {s11}……
str_id_2194|那 个 {s11}……
str_id_2195|那 个 {s11}……
str_id_2196|那 个 {s11}……
str_id_2197|那 个 {s11}……
str_id_2198|那 个 {s11}……
str_id_2199|那 个 {s11}……
str_id_2200|那 个 {s11}……
str_id_2201|那 个 {s11}……
str_id_2202|那 个 {s11}……
str_id_2203|那 个 {s11}……
str_id_2204|那 个 {s11}……
str_id_2205|那 个 {s11}……
str_id_2206|那 个 {s11}……
str_id_2207|那 个 {s11}……
str_id_2208|那 个 {s11}……
str_id_2209|那 个 {s11}……
str_id_2210|那 个 {s11}……
str_id_2211|那 个 {s11}……
str_id_2212|那 个 {s11}……
str_id_2213|那 个 {s11}……
str_id_2214|那 个 {s11}……
str_id_2215|那 个 {s11}……
str_id_2216|那 个 {s11}……
str_id_2217|那 个 {s11}……
str_id_2218|那 个 {s11}……
str_id_2219|那 个 {s11}……
str_id_2220|那 个 {s11}……
str_id_2221|那 个 {s11}……
str_id_2222|那 个 {s11}……
str_id_2223|那 个 {s11}……
str_id_2224|那 个 {s11}……
str_id_2225|那 个 {s11}……
str_id_2226|那 个 {s11}……
str_id_2227|那 个 {s11}……
str_id_2228|那 个 {s11}……
str_id_2229|那 个 {s11}……
str_id_2230|那 个 {s11}……
str_id_2231|那 个 {s11}……
str_id_2232|那 个 {s11}……
str_id_2233|别 被 他 那 身 装 备 骗 了，以 为 他 多 厉 害。他 永 远 都 是 当 年 那 个 窝 囊 废，对 谁 都 是 累 赘，你 也 一 样。趁 早 让 他 滚 蛋。
str_id_2234|这 帮 家 伙 坏 透 了，眼 里 只 有 自 家 人，觉 得 别 人 都 是 渣。他 们 只 跟 斯 卡 文 鼠 人 讲 信 用，这 还 不 够 明 显 吗？要 是 让 他 得 逞，全 世 界 都 得 遭 殃。
str_id_2235|当 时 我 正 全 力 保 护 雇 主，梅 菲 林 拿 着 弓 突 然 冲 过 来。我 想 开 枪 吓 唬 马，结 果 没 算 准 速 度—— 那 马 快 得 离 谱，我 一 失 手 就 打 爆 了 马 头。我 都 赔 罪 一 千 遍 了，现 在 实 在 烦 透 了，求 你 让 他 别 再 计 较 了，要 不 就 让 他 走 人。
str_id_2236|他 老 偷 偷 盯 着 我，好 像 要 揪 我 小 辫 子。我 问 他 想 干 嘛，他 说 等 我 原 形 毕 露。每 次 他 磨 箭 都 瞄 我 几 眼，搞 得 我 心 慌。这 家 伙 脑 子 好 使，大 伙 都 服 他。我 真 怕 别 人 信 了 他 的 鬼 话。
str_id_2237|奎 克 语 就 是 利 索，废 话 少 说。他 明 天 非 要 唱 什 么 故 乡 赞 歌，我 发 誓，等 这 儿 忙 完，我 非 去 那 地 方 撒 场 瘟 疫，让 它 烂 透 算 了。
str_id_2238|谁 想 到 艾 凯 迪 会 调 来 整 支 暗 精 灵 舰 队，把 我 们 的 人 全 灭 在 海 滩 上，还 送 巫 女 精 灵 去 新 大 陆。现 在 他 一 心 想 壮 大 她 们，要 是 这 回 失 手，咱 们 可 就 彻 底 没 戏 了。
str_id_2239|这 家 伙 令 不 行 禁 不 止，做 事 毫 无 章 法。连 潜 行 和 停 手 都 不 懂，根 本 靠 不 住。纪 律 这 么 差，纯 属 拖 后 腿 的 货。
str_id_2240|他 浑 身 发 臭，东 西 也 脏，碰 一 下 可 能 就 得 怪 病。而 且 这 人 讨 厌 透 顶，早 点 踢 出 队 才 好—— 反 正 他 的 奶 酪 都 归 我 了，留 着 也 是 多 余。
str_id_2241|看 阿 里 斯 蒂 德 爵 士 那 得 意 样，就 知 道 他 多 自 以 为 正 直。这 货 真 可 笑，死 守 规 矩 啥 事 都 干 不 利 索。对 付 敌 人 就 得 狠，怎 么 方 便 怎 么 来，省 心 又 彻 底。
str_id_2242|我 肯 定 先 宰 了 他 和 那 帮 保 镖，再 踩 着 尸 体 去 拿 他 主 子 的 脑 袋。用 不 着 偷 偷 摸 摸，直 接 杀 光 才 痛 快。尤 其 弄 死 这 种 玩 远 程 的 怂 包，我 最 来 劲—— 是 爷 们 就 该 正 面 硬 刚。
str_id_2243|他 恨 咱 们，连 斯 卡 文 鼠 人 也 恨。有 恨 意 没 问 题，可 他 根 本 不 会 用。打 架 菜 得 很，除 了 自 嗨 啥 本 事 没 有。纯 属 可 怜 虫，还 装 什 么 大 尾 巴 狼。
str_id_2244|等 我 醒 了 他 肯 定 要 杀 我，不 如 趁 他 睡 着 下 手？臭 虫 好 怕，得 再 嗑 点 药。
str_id_2245|听 说 他 见 死 不 救、毁 文 物、耍 阴 招。就 算 他 阻 止 了 邪 恶，可 这 算 啥？把 咱 高 贵 种 族 的 颜 面 都 丢 尽 了。
str_id_2246|刚 才 我 以 为 他 要 动 手，结 果 他 忍 住 了。我 压 根 没 得 罪 过 他，连 话 都 没 几 句。你 可 得 说 说 他。
str_id_2247|一 个 兽 人 居 然 痴 迷 医 药，太 反 常 了。我 怕 他 脑 子 坏 掉 了，要 么 中 了 邪。万 一 突 然 发 疯 乱 来 可 咋 办？我 见 过 脑 残 兽 人 发 癫，非 死 即 伤。别 看 他 现 在 正 常，兽 人 根 本 不 该 这 样。
str_id_2248|那 本 是 顶 好 的 羊 奶 酪，可 如 今 去 哪 都 买 不 着 像 样 的，连 好 店 都 对 我 爱 答 不 理。活 着 真 没 劲。
str_id_2249|这 人 类 丫 头 跟 踪 挺 溜，动 作 也 轻。可 她 非 觉 得 咱 们 森 林 欢 迎 她，老 偷 摸 闯 进 来。虽 然 能 骗 过 几 个 巡 林 的，但 休 想 瞒 过 我。都 抓 进 去 三 回 了，还 敢 来。你 赶 紧 换 个 人 吧。{reg33?:}
str_id_2250|哦，不 公 正，哦，我 的 人 民 面 临 的 问 题，这 就 是 我 们 从 他 那 里 听 到 的。人 们 可 能 会 认 为 雷 萨 德 人 是 世 界 上 唯 一 有 问 题 的 种 族。他 需 要 上 床，但 他 可 能 有 一 个 后 代，这 是 无 法 忍 受 的。
str_id_2251|上 次 战 斗 里 我 倒 下 时，他 看 见 我 明 明 没 事，却 还 是 冲 过 来 给 我 做 什 么“生 命 之 吻”。完 全 多 此 一 举，我 到 现 在 还 记 得 那 股 味 道。
str_id_2252|我 承 认 欠 约 瑟 夫·巴 格 曼 钱，可 别 人 我 也 欠 着，得 先 紧 着 还。有 些 债 主 可 比 他 难 缠 多 了。钱 会 还 他 的，就 是 得 等 阵 子，你 帮 我 劝 劝 他 行 不？
str_id_2253|{s11} 可 能 是 你 能 遇 到 的 最 不 友 善 的 家 伙。我 们 扎 营 时 他 经 常 独 处，而 许 多 人 却 围 着 我 坐，这 是 有 原 因 的。他 百 发 百 中 的 箭 术 带 给 我 们 的 每 一 点 士 气，都 被 他 敌 意 的 态 度 立 刻 抵 消 了。
str_id_2254|我 知 道 你 付 给 她 丰 厚 的 报 酬，但 对 {s11} 来 说，多 少 钱 都 不 够。无 论 她 的 忠 诚 应 该 在 哪 里，她 总 是 会 追 求 更 大 的 奖 赏。
str_id_2255|{s11} 过 于 关 注 我 在 做 什 么，而 对 自 己 在 做 什 么 关 注 不 足。队 长，最 好 尽 快 把 她 管 教 好，利 索 点。
str_id_2256|问 题 是，坦 白 说……嗯，是 气 味。他 臭 气 熏 天，从 一 英 里 外 就 暴 露 我 们 的 位 置。总 有 一 天 他 会 引 来 不 该 惹 的 野 兽，我 们 就 完 蛋 了。
str_id_2257|他 们 是 世 上 的 祸 害，被 所 有 人 憎 恨，因 此 我 建 议 你 让 {s11} 离 开 你 的 队 伍。他 对 军 队 士 气 毫 无 益 处。
str_id_2258|伊 拉 斯 谟 是 他 们 中 最 愚 蠢 的。他 认 为 他 能 训 练 我 变 得 更 好，还 说 我 的 某 些 战 斗 方 式 是 错 误 的 或 能 量 效 率 低 下，随 他 怎 么 说。他 什 么 也 教 不 了 我，我 是 个 杀 手，我 可 以 碾 碎 他 来 证 明。
str_id_2259|我 觉 得 他 想 跟 我 打 一 架。若 他 敢 提 出 决 斗，我 就 把 他 的 脑 袋 从 肩 膀 上 摘 下 来。赔 偿 金 可 以 从 我 的 薪 水 里 扣。
str_id_2260|我 理 解 你 需 要 强 大 的 战 士，但 还 有 其 他 人，比 如 高 崔 克 或 阿 里 斯 蒂 德 爵 士，他 们 会 在 流 血 前 思 考。这 和 斯 露 德 的 立 即 杀 戮 一 样 是 关 键 的 天 赋，但 斯 露 德 是 把 后 果 留 给 别 人。
str_id_2261|我 实 在 看 不 下 去 他 们 互 相 争 斗。
str_id_2262|我 实 在 看 不 下 去 他 们 互 相 争 斗。
str_id_2263|我 实 在 看 不 下 去 他 们 互 相 争 斗。
str_id_2264|我 实 在 看 不 下 去 他 们 互 相 争 斗。
str_id_2265|我 实 在 看 不 下 去 他 们 互 相 争 斗。
str_id_2266|我 实 在 看 不 下 去 他 们 互 相 争 斗。
str_id_2267|我 实 在 看 不 下 去 他 们 互 相 争 斗。
str_id_2268|我 实 在 看 不 下 去 他 们 互 相 争 斗。
str_id_2269|我 实 在 看 不 下 去 他 们 互 相 争 斗。
str_id_2270|我 实 在 看 不 下 去 他 们 互 相 争 斗。
str_id_2271|我 实 在 看 不 下 去 他 们 互 相 争 斗。
str_id_2272|我 实 在 看 不 下 去 他 们 互 相 争 斗。
str_id_2273|我 实 在 看 不 下 去 他 们 互 相 争 斗。
str_id_2274|我 实 在 看 不 下 去 他 们 互 相 争 斗。
str_id_2275|我 实 在 看 不 下 去 他 们 互 相 争 斗。
str_id_2276|我 实 在 看 不 下 去 他 们 互 相 争 斗。
str_id_2277|我 实 在 看 不 下 去 他 们 互 相 争 斗。
str_id_2278|我 实 在 看 不 下 去 他 们 互 相 争 斗。
str_id_2279|我 实 在 看 不 下 去 他 们 互 相 争 斗。
str_id_2280|我 实 在 看 不 下 去 他 们 互 相 争 斗。
str_id_2281|我 实 在 看 不 下 去 他 们 互 相 争 斗。
str_id_2282|我 实 在 看 不 下 去 他 们 互 相 争 斗。
str_id_2283|我 实 在 看 不 下 去 他 们 互 相 争 斗。
str_id_2284|我 实 在 看 不 下 去 他 们 互 相 争 斗。
str_id_2285|我 实 在 看 不 下 去 他 们 互 相 争 斗。
str_id_2286|我 实 在 看 不 下 去 他 们 互 相 争 斗。
str_id_2287|我 实 在 看 不 下 去 他 们 互 相 争 斗。
str_id_2288|我 实 在 看 不 下 去 他 们 互 相 争 斗。
str_id_2289|我 实 在 看 不 下 去 他 们 互 相 争 斗。
str_id_2290|我 实 在 看 不 下 去 他 们 互 相 争 斗。
str_id_2291|我 实 在 看 不 下 去 他 们 互 相 争 斗。
str_id_2292|我 实 在 看 不 下 去 他 们 互 相 争 斗。
str_id_2293|我 实 在 看 不 下 去 他 们 互 相 争 斗。
str_id_2294|我 实 在 看 不 下 去 他 们 互 相 争 斗。
str_id_2295|我 实 在 看 不 下 去 他 们 互 相 争 斗。
str_id_2296|我 实 在 看 不 下 去 他 们 互 相 争 斗。
str_id_2297|我 实 在 看 不 下 去 他 们 互 相 争 斗。
str_id_2298|我 实 在 看 不 下 去 他 们 互 相 争 斗。
str_id_2299|我 实 在 看 不 下 去 他 们 互 相 争 斗。
str_id_2300|我 实 在 看 不 下 去 他 们 互 相 争 斗。
str_id_2301|我 实 在 看 不 下 去 他 们 互 相 争 斗。
str_id_2302|我 实 在 看 不 下 去 他 们 互 相 争 斗。
str_id_2303|我 实 在 看 不 下 去 他 们 互 相 争 斗。
str_id_2304|我 实 在 看 不 下 去 他 们 互 相 争 斗。
str_id_2305|我 实 在 看 不 下 去 他 们 互 相 争 斗。
str_id_2306|我 实 在 看 不 下 去 他 们 互 相 争 斗。
str_id_2307|我 实 在 看 不 下 去 他 们 互 相 争 斗。
str_id_2308|我 实 在 看 不 下 去 他 们 互 相 争 斗。
str_id_2309|我 实 在 看 不 下 去 他 们 互 相 争 斗。
str_id_2310|我 实 在 看 不 下 去 他 们 互 相 争 斗。
str_id_2311|我 实 在 看 不 下 去 他 们 互 相 争 斗。
str_id_2312|我 实 在 看 不 下 去 他 们 互 相 争 斗。
str_id_2313|我 实 在 看 不 下 去 他 们 互 相 争 斗。
str_id_2314|我 实 在 看 不 下 去 他 们 互 相 争 斗。
str_id_2315|我 实 在 看 不 下 去 他 们 互 相 争 斗。
str_id_2316|我 实 在 看 不 下 去 他 们 互 相 争 斗。
str_id_2317|我 实 在 看 不 下 去 他 们 互 相 争 斗。
str_id_2318|我 实 在 看 不 下 去 他 们 互 相 争 斗。
str_id_2319|我 实 在 看 不 下 去 他 们 互 相 争 斗。
str_id_2320|我 实 在 看 不 下 去 他 们 互 相 争 斗。
str_id_2321|我 实 在 看 不 下 去 他 们 互 相 争 斗。
str_id_2322|又 一 场 漂 亮 的 胜 利，我 的 斧 头 越 湿 越 好。我 也 很 高 兴 再 次 看 到 人 类 {s11} 在 我 身 边 战 斗。
str_id_2323|老 大。{s11} 在 上 次 的 战 斗 中 做 的 还 不 赖。{reg33?:}
str_id_2324|老 大。{s11} 在 上 次 的 战 斗 中 做 的 还 不 赖。{reg33?:}
str_id_2325|为 你 的 胜 利 干 杯，{reg33?女 士 :先 生 }。我 们 在 战 场 上 看 起 来 很 坚 定，尤 其 是 {s11}。像 我 这 样 软 心 肠 的 人 居 然 青 睐 像 {s11} 这 样 冷 酷 的 杀 手，可 能 看 起 来 奇 怪，但 我 欠 他 很 多。
str_id_2326|他 是 个 高 效 的 散 兵 指 挥 官，敌 人 很 快 便 倒 在 我 们 面 前。{s11}的 治 疗 本 领 最 近 也 帮 了 大 忙；尽 管 我 看 不 上 他 那 点 战 斗 力，但 为 了 完 成 任 务，我 们 需 要 尽 可 能 多 的 士 兵 保 持 战 斗 力。
str_id_2327|你 把{s11}招 进 队 伍，算 是 做 了 件 好 事。我 敬 佩 那 些 一 生 都 在 保 护 他 人 的 人。他 很 小 就 决 定 献 身 于 保 护 祖 国 不 可 或 缺 的 人 物。
str_id_2328|虽 然 别 人 从 没 给 过 他 多 少 尊 重，但 我 得 承 认，我 对{s11}颇 为 钦 佩。
str_id_2329|那 是 一 场 漂 亮 的 战 斗，{playername}。我 不 得 不 说，我 钦 佩 观 看 {s11} 在 战 斗 中 带 头 冲 锋，他 真 的 很 了 不 起。
str_id_2330|和{s11}并 肩 作 战 很 有 意 思。那 家 伙 彻 底 疯 了！他 只 管 冲 上 去 乱 砍，既 没 章 法 也 没 目 标，就 是 砍、砍、再 砍。
str_id_2331|扎 营 时 我 通 常 喜 欢 独 处，不 过 我 承 认，和{s11}聊 天 很 愉 快。他 是 个 厉 害 的 战 士，也 有 自 己 的 远 大 计 划。
str_id_2332|队 长，想 在 这 个 世 界 走 得 远，就 得 懂 得 保 护 自 己。黑 暗 精 灵 从 出 生 起 就 学 习 战 斗，我 们 有 技 巧、有 激 情，也 知 道 如 何 运 用。{s11}也 是 如 此。
str_id_2333|臭 虫 喜 欢{s11}。
str_id_2334|队 伍 里 有{s11}是 件 好 事。战 争 总 让 人 压 抑，人 人 都 清 楚 这 一 点。肩 上 的 事 太 沉 重 时，想 挤 出 一 个 笑 容 都 不 容 易。
str_id_2335|队 长，能 与{s11}这 样 的 战 士 并 肩 旅 行，是 我 的 荣 幸。
str_id_2336|我 没 有 太 多 时 间 和 你 交 谈，如 我 所 愿 {reg33?女 士 :先 生 }，但 我 喜 欢 和 梅 菲 林 交 谈，因 为 我 们 有 很 多 共 同 点。
str_id_2337|我 的 偶 像 大 多 是 斯 卡 文，不 过 我 也 十 分 敬 佩{s11}。早 在 见 面 以 前，我 就 听 说 过 他 的 名 声。
str_id_2338|我 不 是 个 轻 易 看 好 别 人 的 人，但 我 发 现 {s11} 是 个 好 同 伴。她 一 生 中 做 了 很 多 事，尽 管 不 得 不 说 并 非 都 雅 观。她 有 魅 力，肯 定 知 道 如 何 鞭 策 懒 惰 的 部 队 加 快 速 度。
str_id_2339|我 一 般 不 喜 欢 太 严 肃 的 人，可 我 开 始 欣 赏{s11}了。手 枪 永 远 是 我 的 最 爱，但 我 也 钟 情 弓 箭，而 他 是 我 见 过 最 出 色 的 弓 手。
str_id_2340|你 知 道 每 次 我 看 到 弗 罗 林，我 都 会 再 次 坠 入 爱 河。他 有 完 美 的 脸 和 身 体，而 且 他 是 个 如 此 勇 敢 和 高 尚 的 人。
str_id_2341|谁 不 喜 欢 被 爱 呢？{s11}对 我 可 着 迷 了。只 要 念 一 首 短 诗，再 深 情 地 看 她 一 眼，她 一 整 天 都 会 对 我 百 依 百 顺。
str_id_2342|队 长，你 知 道 我 喜 欢{s11}这 种 家 伙。我 就 是 靠 这 种 人 发 家 致 富 的。他 是 个 不 折 不 扣 的 酒 鬼，酒 量 能 压 倒 大 多 数 矮 人，我 发 誓。
str_id_2343|在 所 有 来 到 露 丝 契 亚 的 外 来 者 中，{s11}最 受 欢 迎。她 是 真 正 的 旅 行 者，充 满 求 知 欲，只 观 察、绝 不 乱 碰。
str_id_2344|队 长，我 不 信 神，但 我 信{s11}。
str_id_2345|队 长，能 有{s11}在 战 场 上 支 援 我 们，实 在 走 运。我 每 次 打 完 仗 都 累 得 不 行，可 他 看 起 来 才 刚 刚 热 身。
str_id_2346|如 果 有 哪 个 战 士 完 全 不 需 要 我 的 训 练，那 就 是{s11}。他 本 来 就 是 一 台 独 自 杀 敌 的 机 器。
str_id_2347|我 年 轻 时 曾 为 阿 尔 伯 图 斯 男 爵 工 作，他 是 个 大 胆 的 冒 险 家 和 探 险 家。他 从 不 喜 欢 作 为 帝 国 勋 爵 的 职 责，只 想 成 为，嗯，更 像 弗 罗 林，尽 管 这 听 起 来 可 悲。
str_id_2348|伊 拉 斯 谟 是 我 的 好 朋 友。许 多 年 前 我 曾 在 他 的 地 下 拳 击 俱 乐 部 训 练。他 还 带 我 去 巡 回 参 加 地 下 拳 击 锦 标 赛，我 们 靠 我 的 胜 利 赢 了 很 多 钱。
str_id_2349|人 们 说 食 人 魔 是 不 可 靠 的 同 伴，但 我 从 未 觉 得 如 此，尤 其 是 阿 个 陋。我 曾 领 导 一 个 和 你 的 队 伍 不 太 不 同 的 团 队，阿 个 陋 是 我 最 好 的 战 士。
str_id_2350|老 大，{s11} 上 一 仗 表 现 得 不 错，人 也 靠 得 住。
str_id_2351|老 大，{s11} 上 一 仗 表 现 得 不 错，人 也 靠 得 住。
str_id_2352|老 大，{s11} 上 一 仗 表 现 得 不 错，人 也 靠 得 住。
str_id_2353|老 大，{s11} 上 一 仗 表 现 得 不 错，人 也 靠 得 住。
str_id_2354|老 大，{s11} 上 一 仗 表 现 得 不 错，人 也 靠 得 住。
str_id_2355|老 大，{s11} 上 一 仗 表 现 得 不 错，人 也 靠 得 住。
str_id_2356|老 大，{s11} 上 一 仗 表 现 得 不 错，人 也 靠 得 住。
str_id_2357|老 大，{s11} 上 一 仗 表 现 得 不 错，人 也 靠 得 住。
str_id_2358|老 大，{s11} 上 一 仗 表 现 得 不 错，人 也 靠 得 住。
str_id_2359|老 大，{s11} 上 一 仗 表 现 得 不 错，人 也 靠 得 住。
str_id_2360|老 大，{s11} 上 一 仗 表 现 得 不 错，人 也 靠 得 住。
str_id_2361|老 大，{s11} 上 一 仗 表 现 得 不 错，人 也 靠 得 住。
str_id_2362|老 大，{s11} 上 一 仗 表 现 得 不 错，人 也 靠 得 住。
str_id_2363|老 大，{s11} 上 一 仗 表 现 得 不 错，人 也 靠 得 住。
str_id_2364|老 大，{s11} 上 一 仗 表 现 得 不 错，人 也 靠 得 住。
str_id_2365|老 大，{s11} 上 一 仗 表 现 得 不 错，人 也 靠 得 住。
str_id_2366|老 大，{s11} 上 一 仗 表 现 得 不 错，人 也 靠 得 住。
str_id_2367|老 大，{s11} 上 一 仗 表 现 得 不 错，人 也 靠 得 住。
str_id_2368|老 大，{s11} 上 一 仗 表 现 得 不 错，人 也 靠 得 住。
str_id_2369|老 大，{s11} 上 一 仗 表 现 得 不 错，人 也 靠 得 住。
str_id_2370|老 大，{s11} 上 一 仗 表 现 得 不 错，人 也 靠 得 住。
str_id_2371|老 大，{s11} 上 一 仗 表 现 得 不 错，人 也 靠 得 住。
str_id_2372|老 大，{s11} 上 一 仗 表 现 得 不 错，人 也 靠 得 住。
str_id_2373|老 大，{s11} 上 一 仗 表 现 得 不 错，人 也 靠 得 住。
str_id_2374|老 大，{s11} 上 一 仗 表 现 得 不 错，人 也 靠 得 住。
str_id_2375|老 大，{s11} 上 一 仗 表 现 得 不 错，人 也 靠 得 住。
str_id_2376|老 大，{s11} 上 一 仗 表 现 得 不 错，人 也 靠 得 住。
str_id_2377|老 大，{s11} 上 一 仗 表 现 得 不 错，人 也 靠 得 住。
str_id_2378|老 大，{s11} 上 一 仗 表 现 得 不 错，人 也 靠 得 住。
str_id_2379|老 大，{s11} 上 一 仗 表 现 得 不 错，人 也 靠 得 住。
str_id_2380|老 大，{s11} 上 一 仗 表 现 得 不 错，人 也 靠 得 住。
str_id_2381|老 大，{s11} 上 一 仗 表 现 得 不 错，人 也 靠 得 住。
str_id_2382|老 大，{s11} 上 一 仗 表 现 得 不 错，人 也 靠 得 住。
str_id_2383|老 大，{s11} 上 一 仗 表 现 得 不 错，人 也 靠 得 住。
str_id_2384|老 大，{s11} 上 一 仗 表 现 得 不 错，人 也 靠 得 住。
str_id_2385|老 大，{s11} 上 一 仗 表 现 得 不 错，人 也 靠 得 住。
str_id_2386|老 大，{s11} 上 一 仗 表 现 得 不 错，人 也 靠 得 住。
str_id_2387|老 大，{s11} 上 一 仗 表 现 得 不 错，人 也 靠 得 住。
str_id_2388|老 大，{s11} 上 一 仗 表 现 得 不 错，人 也 靠 得 住。
str_id_2389|老 大，{s11} 上 一 仗 表 现 得 不 错，人 也 靠 得 住。
str_id_2390|老 大，{s11} 上 一 仗 表 现 得 不 错，人 也 靠 得 住。
str_id_2391|老 大，{s11} 上 一 仗 表 现 得 不 错，人 也 靠 得 住。
str_id_2392|老 大，{s11} 上 一 仗 表 现 得 不 错，人 也 靠 得 住。
str_id_2393|老 大，{s11} 上 一 仗 表 现 得 不 错，人 也 靠 得 住。
str_id_2394|老 大，{s11} 上 一 仗 表 现 得 不 错，人 也 靠 得 住。
str_id_2395|老 大，{s11} 上 一 仗 表 现 得 不 错，人 也 靠 得 住。
str_id_2396|老 大，{s11} 上 一 仗 表 现 得 不 错，人 也 靠 得 住。
str_id_2397|老 大，{s11} 上 一 仗 表 现 得 不 错，人 也 靠 得 住。
str_id_2398|老 大，{s11} 上 一 仗 表 现 得 不 错，人 也 靠 得 住。
str_id_2399|老 大，{s11} 上 一 仗 表 现 得 不 错，人 也 靠 得 住。
str_id_2400|老 大，{s11} 上 一 仗 表 现 得 不 错，人 也 靠 得 住。
str_id_2401|老 大，{s11} 上 一 仗 表 现 得 不 错，人 也 靠 得 住。
str_id_2402|老 大，{s11} 上 一 仗 表 现 得 不 错，人 也 靠 得 住。
str_id_2403|老 大，{s11} 上 一 仗 表 现 得 不 错，人 也 靠 得 住。
str_id_2404|老 大，{s11} 上 一 仗 表 现 得 不 错，人 也 靠 得 住。
str_id_2405|老 大，{s11} 上 一 仗 表 现 得 不 错，人 也 靠 得 住。
str_id_2406|老 大，{s11} 上 一 仗 表 现 得 不 错，人 也 靠 得 住。
str_id_2407|老 大，{s11} 上 一 仗 表 现 得 不 错，人 也 靠 得 住。
str_id_2408|老 大，{s11} 上 一 仗 表 现 得 不 错，人 也 靠 得 住。
str_id_2409|老 大，{s11} 上 一 仗 表 现 得 不 错，人 也 靠 得 住。
str_id_2410|老 大，{s11} 上 一 仗 表 现 得 不 错，人 也 靠 得 住。
str_id_2411|我 们 情 同 兄 弟。虽 然 我 多 次 救 他 脱 险，他 也 帮 过 我 不 少。我 想 不 到 还 有 谁 更 适 合 为 我 写 传 记。
str_id_2412|当 初 我 开 始 与 高 崔 克 同 行 时，以 为 和 他 在 一 起 的 时 间 不 会 长。一 个 寻 死 的 人 在 这 个 世 界 上 通 常 很 快 就 能 如 愿。但 看 来 高 崔 克 连 诸 神 都 敢 违 抗，尽 管 我 誓 言 仿 佛 永 无 尽 头 有 时 令 人 沮 丧，但 能 亲 历 史 上 最 伟 大 的 屠 夫 之 一 的 故 事，实 在 令 人 兴 奋。
str_id_2413|无 论 亲 临 战 场 还 是 制 订 大 局 战 术，他 都 能 以 最 高 的 精 确 度 贯 彻 到 底。老 实 说，我 很 惊 讶 他 来 这 里 之 前 竟 然 默 默 无 闻。
str_id_2414|几 年 前 我 徒 步 穿 越 山 脉 时，他 救 了 我 的 命。当 时 我 被 一 个 愤 怒 的 矮 人 抓 住，他 打 算 对 我 下 毒 手。瑞 普 尼 吱 不 知 从 哪 儿 跳 出 来 攻 击 了 他，救 下 我 之 后，他 甚 至 请 我 帮 他 处 理 伤 口 免 得 他 死 掉。也 许 他 终 究 不 是 那 么 无 情？
str_id_2415|有 一 次 在 卡 拉 兹-阿-卡 拉 克 附 近 他 帮 了 我 一 把。我 当 时 受 雇 抓 捕 一 位 著 名 的 矮 人 符 文 匠，追 上 他 时 发 现 他 抓 了 {s11} 当 俘 虏。我 攻 击 了 符 文 匠，但 我 训 练 得 太 好，把 他 伤 得 很 重。我 正 打 算 把 奥 叽 也 杀 掉，却 看 见 他 带 着 一 本 医 书，于 是 就 请 他 救 治 那 个 矮 人。不 管 他 用 了 什 么 方 法，反 正 矮 人 活 了 下 来，我 的 任 务 也 完 成 了。
str_id_2416|尽 管 许 多 人 不 这 么 看，我 同 样 献 身 于 保 护 族 人，抵 御 游 荡 在 世 间 的 邪 恶。这 往 往 吃 力 不 讨 好，但 只 要 热 爱 祖 国，就 不 需 要 别 人 的 赞 誉 来 证 明 自 己 的 重 要。
str_id_2417|他 一 生 都 不 惜 一 切 代 价 提 升 自 我，这 令 人 钦 佩。他 弱 小 的 时 候 总 被 人 嘲 笑 讥 讽，但 他 坚 持 了 下 来，现 在 也 能 独 当 一 面。他 永 远 不 会 成 为 强 者，但 并 非 人 人 都 得 如 此，就 他 的 层 次 而 言，他 已 经 做 得 非 常 出 色 了。
str_id_2418|我 通 常 不 会 崇 拜 什 么 名 人，也 不 在 乎 旧 世 界 那 些 所 谓 的 传 奇，但 阿 里 斯 蒂 德 爵 士 确 实 让 我 钦 佩。他 在 战 场 上 强 大，举 止 优 雅，气 势 威 严。我 甚 至 没 在 他 面 前 偷 过 东 西，免 得 亵 渎 他 的 美 德—— 相 信 我，这 可 是 头 一 回。
str_id_2419|他 是 个 梦 想 家，你 几 乎 听 不 懂 他 在 说 什 么。我 真 想 知 道 他 整 天 脑 子 里 究 竟 想 些 什 么。
str_id_2420|总 有 一 天，他 会 率 领 数 万 精 灵 称 霸 海 洋。我 会 很 乐 意 看 着 他 一 路 杀 上 权 力 顶 峰—— 几 乎 和 我 回 家 召 集 北 方 大 舰 队，再 从 他 手 中 夺 走 这 一 切 一 样 令 人 愉 快。
str_id_2421|可 惜 他 不 是 黑 暗 精 灵，否 则 马 雷 基 斯 一 定 会 喜 欢 驱 使 他。他 在 战 场 上 的 模 样 令 人 胆 寒，我 绝 不 是 他 的 对 手。
str_id_2422|臭 虫 也 喜 欢 你。
str_id_2423|{s11} 是 个 出 人 意 料 的 乐 观 源 泉。他 总 是 心 情 愉 快，想 方 设 法 帮 助 他 人。他 对 不 理 解 的 事 物 怀 有 敬 意，这 可 不 是 人 人 都 能 做 到 的。他 或 许 不 算 善 战，但 有 些 伙 伴 在 其 他 方 面 至 关 重 要。
str_id_2424|他 学 识 渊 博、头 脑 聪 慧。我 原 以 为 自 己 已 经 很 了 解 这 个 世 界，可 他 的 知 识 远 胜 于 我。他 观 察 细 节 时 极 其 认 真，形 成 结 论 也 十 分 谨 慎。如 果 你 需 要 处 理 其 他 种 族 的 建 议，最 好 去 问 他。
str_id_2425|他 和 我 一 样 游 历 广 泛，见 识 渊 博。他 的 观 点 有 点 偏 颇，但 这 在 所 难 免。他 还 有 令 我 羡 慕 的 歌 喉 和 音 乐 天 赋，必 须 承 认 精 灵 在 音 乐 才 能 上 确 实 胜 过 其 他 种 族。
str_id_2426|斯 卡 文 鼠 人 的 军 队 在 地 下 或 野 战 中 经 验 丰 富，但 尚 未 像 其 他 种 族 那 样 精 通 攻 城 战 术。如 果 我 们 的 领 袖 有 他 那 样 的 攻 城 战 知 识 和 头 脑，我 们 就 能 改 变 世 界 格 局。
str_id_2427|她 是 个 有 点 冒 险 精 神 和 寻 宝 癖 的 人，这 类 人 我 通 常 讨 厌，但 她 是 位 航 海 女 郎 且 永 远 都 是，所 以 她 对 我 的 王 国 构 不 成 威 胁，因 为 我 们 远 在 内 陆。海 盗 和 我 们 一 样，常 为 生 存 面 对 艰 难 险 阻，我 尊 重 这 点。
str_id_2428|轰 掉 扑 来 的 斯 卡 文 的 脑 袋，世 上 没 什 么 比 这 更 痛 快。不 过 有 时 我 也 怀 念 弓 箭 的 迅 捷 与 优 雅。上 次 战 斗 里，敌 人 还 没 来 得 及 动，他 就 已 经 一 箭 爆 头。
str_id_2429|他 总 说 我 们 会 永 远 在 一 起，却 又 不 断 出 去 冒 险。不 过 那 是 他 的 职 业，我 能 理 解。总 有 一 天 我 会 嫁 给 他，我 确 信。
str_id_2430|别 误 会，我 确 实 喜 欢 她，她 也 很 美，但 我 的 理 想 型 需 要 更 谙 世 故 和 善 战。不 过 有 人 共 度 夜 晚 确 实 不 错，我 不 否 认。
str_id_2431|我 总 拿 限 量 版 酿 酒 在 他 身 上 测 试。只 要 许 诺 几 桶 酒，就 够 他 检 验 任 何 配 方 的 副 作 用 了。他 身 上 发 生 过 些 怪 事，但 他 从 无 怨 言，而 根 据 他 的 反 馈 我 的 配 方 总 能 完 美 定 型。
str_id_2432|她 也 非 常 善 于 隐 匿。有 时 她 抵 达 露 丝 契 亚 好 几 天，我 们 才 知 道 她 来 了。她 见 多 识 广、态 度 恭 敬，甚 至 几 次 与 因 扎-特 卡 神 官 共 进 晚 餐，可 见 地 位 非 凡。蜥 蜴 人 并 不 敌 视 所 有 外 来 者，只 敌 视 那 些 来 这 里 填 满 自 己 口 袋 的 人。
str_id_2433|他 的 佳 酿 如 天 堂 般 美 妙，是 一 个 生 灵 能 赠 给 另 一 个 生 灵 的 最 好 礼 物。你 知 道 吗，我 所 有 薪 水 都 花 在 酒 上 了。
str_id_2434|我 们 已 是 多 年 好 友，我 见 证 过 他 率 军 以 弱 胜 强。他 像 斯 卡 洛 克 一 样 竭 力 守 护 祖 国，只 因 外 人 常 来 窃 取 圣 物。这 理 由 正 当，但 没 人 试 图 从 木 精 灵 那 里 夺 走 什 么，斯 卡 洛 克 却 行 为 类 似。与 {s11} 相 比，他 真 是 丢 脸。
str_id_2435|他 强 大、直 接 而 且 无 所 畏 惧。战 术、欺 骗 和 迂 回 不 是 他 的 长 处，但 以 他 的 本 事，根 本 不 需 要 这 些。招 募 他 是 个 明 智 的 决 定。
str_id_2436|他 一 向 善 待 士 兵，也 十 分 尊 重 我，每 顿 饭 都 把 最 好 的 肉 留 给 我。可 惜 他 遭 遇 了 那 种 事，如 今 身 上 连 一 点 肉 都 没 有 了。
str_id_2437|直 到 现 在 我 才 第 一 次 与 他 并 肩 作 战。对 一 个 老 人 来 说，他 的 身 手 依 然 很 漂 亮。
str_id_2438|蜥 蜴 人 极 难 对 付，可 每 逢 苦 战，都 是 他 带 我 们 闯 过 难 关。只 要 让 他 吃 饱，他 就 只 会 成 为 你 的 助 力。
str_id_2439|我 们 相 处 得 很 融 洽。
str_id_2440|我 们 相 处 得 很 融 洽。
str_id_2441|我 们 相 处 得 很 融 洽。
str_id_2442|我 们 相 处 得 很 融 洽。
str_id_2443|我 们 相 处 得 很 融 洽。
str_id_2444|我 们 相 处 得 很 融 洽。
str_id_2445|我 们 相 处 得 很 融 洽。
str_id_2446|我 们 相 处 得 很 融 洽。
str_id_2447|我 们 相 处 得 很 融 洽。
str_id_2448|我 们 相 处 得 很 融 洽。
str_id_2449|我 们 相 处 得 很 融 洽。
str_id_2450|我 们 相 处 得 很 融 洽。
str_id_2451|我 们 相 处 得 很 融 洽。
str_id_2452|我 们 相 处 得 很 融 洽。
str_id_2453|我 们 相 处 得 很 融 洽。
str_id_2454|我 们 相 处 得 很 融 洽。
str_id_2455|我 们 相 处 得 很 融 洽。
str_id_2456|我 们 相 处 得 很 融 洽。
str_id_2457|我 们 相 处 得 很 融 洽。
str_id_2458|我 们 相 处 得 很 融 洽。
str_id_2459|我 们 相 处 得 很 融 洽。
str_id_2460|我 们 相 处 得 很 融 洽。
str_id_2461|我 们 相 处 得 很 融 洽。
str_id_2462|我 们 相 处 得 很 融 洽。
str_id_2463|我 们 相 处 得 很 融 洽。
str_id_2464|我 们 相 处 得 很 融 洽。
str_id_2465|我 们 相 处 得 很 融 洽。
str_id_2466|我 们 相 处 得 很 融 洽。
str_id_2467|我 们 相 处 得 很 融 洽。
str_id_2468|我 们 相 处 得 很 融 洽。
str_id_2469|我 们 相 处 得 很 融 洽。
str_id_2470|我 们 相 处 得 很 融 洽。
str_id_2471|我 们 相 处 得 很 融 洽。
str_id_2472|我 们 相 处 得 很 融 洽。
str_id_2473|我 们 相 处 得 很 融 洽。
str_id_2474|我 们 相 处 得 很 融 洽。
str_id_2475|我 们 相 处 得 很 融 洽。
str_id_2476|我 们 相 处 得 很 融 洽。
str_id_2477|我 们 相 处 得 很 融 洽。
str_id_2478|我 们 相 处 得 很 融 洽。
str_id_2479|我 们 相 处 得 很 融 洽。
str_id_2480|我 们 相 处 得 很 融 洽。
str_id_2481|我 们 相 处 得 很 融 洽。
str_id_2482|我 们 相 处 得 很 融 洽。
str_id_2483|我 们 相 处 得 很 融 洽。
str_id_2484|我 们 相 处 得 很 融 洽。
str_id_2485|我 们 相 处 得 很 融 洽。
str_id_2486|我 们 相 处 得 很 融 洽。
str_id_2487|我 们 相 处 得 很 融 洽。
str_id_2488|我 们 相 处 得 很 融 洽。
str_id_2489|我 们 相 处 得 很 融 洽。
str_id_2490|我 们 相 处 得 很 融 洽。
str_id_2491|我 们 相 处 得 很 融 洽。
str_id_2492|我 们 相 处 得 很 融 洽。
str_id_2493|我 们 相 处 得 很 融 洽。
str_id_2494|我 们 相 处 得 很 融 洽。
str_id_2495|我 们 相 处 得 很 融 洽。
str_id_2496|我 们 相 处 得 很 融 洽。
str_id_2497|我 们 相 处 得 很 融 洽。
str_id_2498|我 们 相 处 得 很 融 洽。
str_id_2499|我 们 相 处 得 很 融 洽。
str_id_2500|你 已 经 尽 力 寻 找 最 强 大 的 对 手 了，但 我 要 完 成 自 己 的 命 运，还 需 要 更 大 的 挑 战。我 要 离 开 你 的 队 伍，前 往 尼 赫 喀 拉 最 黑 暗 的 陵 墓，寻 找 配 得 上 我 的 敌 人。
str_id_2501|{reg33?女 士 :先 生 }，能 为 您 服 务 是 我 的 荣 幸，但 我 必 须 承 认 在 您 麾 下 期 间 我 的 写 作 已 被 荒 废，有 太 多 记 忆 需 要 记 录。所 以 我 必 须 返 乡 开 始 创 作。或 许 完 成 后 我 们 会 重 逢。
str_id_2502|保 护 你 是 我 的 荣 幸，真 的。但 王 国 里 的 护 卫 如 今 太 过 松 懈，过 去 三 个 月 竟 有 十 五 名 高 层 人 物 遇 刺，这 绝 不 能 容 忍。我 必 须 回 去 说 服 他 们 重 新 接 纳 我，希 望 你 能 理 解。
str_id_2503|{reg33?女 士 :先 生 }，在 您 麾 下 服 务 是 我 一 生 的 荣 耀，但 此 刻 我 该 回 归 故 土 了。从 您 身 上 我 已 学 到 足 够 自 立 的 本 领，现 在 我 要 回 去 向 同 胞 证 明 世 上 除 了 打 打 杀 杀 还 有 更 多 知 识。
str_id_2504|你 酬 劳 丰 厚，我 因 为 你 征 战 声 名 大 噪，对 此 我 深 怀 感 激。昨 日 我 收 到 坦 奎 尔 亲 信，欲 聘 我 为 私 人 刺 客，此 职 难 以 拒 绝。我 即 刻 离 去，永 不 再 会。
str_id_2505|我 收 到 消 息，巫 精 正 计 划 返 回 旧 世 界。我 知 道 得 不 多，但 必 须 立 刻 前 往 巴 尔 德 里 克 堡，商 议 我 们 的 应 对 之 策。
str_id_2506|我 一 直 忠 诚 地 为 你 效 力，也 祝 你 前 路 顺 利。但 我 必 须 返 回 米 拉 格 连 诺，召 集 我 的 人，清 点 实 力，让 大 家 重 新 作 为 一 支 完 整 的 部 队 行 动。
str_id_2507|四 处 征 服 虽 然 有 趣，可 我 怀 念 独 自 行 动、想 做 什 么 就 做 什 么 的 日 子。能 顺 手 牵 羊 的 机 会 越 来 越 少，我 得 回 归 本 行，回 家 去 了。
str_id_2508|我 无 聊 了，所 以 要 走。你 不 是 我 追 随 过 最 无 趣 的 领 袖，但 说 实 话，你 本 可 以 更 有 进 取 心 一 点。
str_id_2509|诸 神 召 唤 我 回 乡 组 建 军 队，准 备 在 瓦 纳 海 姆 顶 接 受 一 则 伟 大 的 启 示。我 要 离 开 了。
str_id_2510|队 长，我 该 重 新 统 领 舰 队，准 备 发 动 全 面 海 上 进 攻 了。为 你 效 力 比 我 预 想 的 愉 快。日 后 若 需 要 帮 忙，可 以 来 找 我—— 只 要 别 妨 碍 我 的 计 划。
str_id_2511|呸。
str_id_2512|{reg33?:}，威 严 的 莱 昂 库 尔 国 王 已 经 征 召 我 参 加 圣 战，我 必 须 立 即 启 程。我 一 直 十 分 敬 佩 你，也 盼 望 日 后 还 能 重 逢。
str_id_2513|{reg33?女 士:大 人}，在 你 麾 下 的 日 子 很 愉 快，但 我 该 离 开 了。近 来 族 人 的 召 唤 越 来 越 强 烈，我 想 放 下 弓 箭，回 家 练 习 更 温 和 的 技 艺。将 来 来 看 看 我 吧，你 永 远 会 受 到 欢 迎。{reg33?:}
str_id_2514|感 谢 你 收 留 我，但 我 的 学 识 已 经 停 滞 太 久，必 须 重 新 开 始 研 究。我 会 前 往 帝 国 大 图 书 馆，钻 研 我 最 不 了 解 的 种 族—— 木 精 灵。
str_id_2515|船 长，我 在 您 的 领 导 下 学 了 很 多，现 在 比 加 入 时 强 多 了。但 我 必 须 离 开 去 繁 衍 后 代，传 承 我 的 技 能。再 见 船 长，或 许 我 会 再 加 入 您。
str_id_2516|我 们 都 知 道 这 一 天 迟 早 会 来，如 今 它 到 了。我 已 经 记 录 了 关 于 大 规 模 移 民 的 一 切，必 须 回 国 向 国 王 报 告。能 为 你 效 力 是 我 的 荣 幸。
str_id_2517|我 玩 得 太 开 心，竟 忘 了 新 船 已 经 造 好。是 时 候 回 去 召 集 船 员，展 开 新 的 冒 险 了。听 说 黑 暗 精 灵 正 在 策 划 什 么—— 那 就 让 他 们 来 吧。
str_id_2518|加 入 你 以 后，我 们 已 经 好 几 次 经 过 我 的 家 乡。如 今 我 觉 得 是 时 候 回 去 见 姐 妹 们 了。
str_id_2519|我 要 独 自 继 续 冒 险 了。谢 谢 你 的 陪 伴，但 我 还 有 许 多 事 要 做。永 别 了，我 的 朋 友。
str_id_2520|队 长，我 心 里 的 炉 火 已 经 冷 却，是 时 候 回 去 做 生 意 了。你 随 时 可 以 来 找 我 喝 酒，当 然 免 费。与 你 并 肩 作 战 很 愉 快。
str_id_2521|我 收 到 消 息，原 来 的 部 队 将 重 新 交 由 我 指 挥，所 以 我 必 须 立 刻 离 开。再 会，也 谢 谢 你。
str_id_2522|队 长，我 已 经 老 了，该 退 休 了。能 在 暮 年 为 你 效 力，是 我 的 荣 幸。
str_id_2523|队 长，我 收 到 消 息，姐 姐 病 得 很 重。兄 弟 们 都 去 打 仗 了，没 人 照 顾 她。我 必 须 立 即 离 开，家 人 永 远 最 重 要。
str_id_2524|船 长，像 所 有 人 一 样，退 休 的 时 候 到 了，对 我 来 说 就 是 现 在。我 干 打 架 这 行 很 久 了，是 时 候 退 下 了。我 会 回 竞 技 场 靠 赌 拳 赚 钱，没 人 比 我 更 懂 拳 手，所 以 我 很 快 就 能 发 财。
str_id_2525|嗯，朋 友。是 时 候 我 去 夺 取 我 的 王 国 了。我 知 道 我 说 过 需 要 你 帮 忙，但 你 有 自 己 的 任 务，这 是 我 必 须 用 自 己 的 军 队 面 对 的 事。再 见 {playername}。
str_id_2526|最 近 遇 到 的 怪 物 不 够 大，宝 藏 也 不 够 多。你 的 军 队 一 度 很 有 趣，但 现 在 我 已 经 厌 倦 了。
str_id_2527|这 些 日 子 我 一 直 用 你 的 战 事 转 移 注 意 力，也 很 感 激 这 段 经 历。但 我 必 须 设 法 解 除 这 个 诅 咒，所 以 要 去 尼 赫 喀 拉 寻 找 答 案。
str_id_2528|我 已 经 厌 倦 为 你 效 力。
str_id_2529|我 已 经 厌 倦 为 你 效 力。
str_id_2530|我 已 经 厌 倦 为 你 效 力。
str_id_2531|我 已 经 厌 倦 为 你 效 力。
str_id_2532|我 已 经 厌 倦 为 你 效 力。
str_id_2533|我 已 经 厌 倦 为 你 效 力。
str_id_2534|我 已 经 厌 倦 为 你 效 力。
str_id_2535|我 已 经 厌 倦 为 你 效 力。
str_id_2536|我 已 经 厌 倦 为 你 效 力。
str_id_2537|我 已 经 厌 倦 为 你 效 力。
str_id_2538|我 已 经 厌 倦 为 你 效 力。
str_id_2539|我 已 经 厌 倦 为 你 效 力。
str_id_2540|我 已 经 厌 倦 为 你 效 力。
str_id_2541|我 已 经 厌 倦 为 你 效 力。
str_id_2542|我 已 经 厌 倦 为 你 效 力。
str_id_2543|我 已 经 厌 倦 为 你 效 力。
str_id_2544|我 已 经 厌 倦 为 你 效 力。
str_id_2545|我 已 经 厌 倦 为 你 效 力。
str_id_2546|我 已 经 厌 倦 为 你 效 力。
str_id_2547|我 已 经 厌 倦 为 你 效 力。
str_id_2548|我 已 经 厌 倦 为 你 效 力。
str_id_2549|我 已 经 厌 倦 为 你 效 力。
str_id_2550|我 已 经 厌 倦 为 你 效 力。
str_id_2551|我 已 经 厌 倦 为 你 效 力。
str_id_2552|我 已 经 厌 倦 为 你 效 力。
str_id_2553|我 已 经 厌 倦 为 你 效 力。
str_id_2554|我 已 经 厌 倦 为 你 效 力。
str_id_2555|我 已 经 厌 倦 为 你 效 力。
str_id_2556|我 已 经 厌 倦 为 你 效 力。
str_id_2557|我 已 经 厌 倦 为 你 效 力。
str_id_2558|我 已 经 厌 倦 为 你 效 力。
str_id_2559|我 已 经 厌 倦 为 你 效 力。
str_id_2560|我 已 经 厌 倦 为 你 效 力。
str_id_2561|我 已 经 厌 倦 为 你 效 力。
str_id_2562|我 已 经 厌 倦 为 你 效 力。
str_id_2563|我 已 经 厌 倦 为 你 效 力。
str_id_2564|我 已 经 厌 倦 为 你 效 力。
str_id_2565|我 已 经 厌 倦 为 你 效 力。
str_id_2566|我 已 经 厌 倦 为 你 效 力。
str_id_2567|我 已 经 厌 倦 为 你 效 力。
str_id_2568|我 决 定 去 别 处 试 试 运 气，我 真 的 觉 得 需 要 点 新 东 西。
str_id_2569|我 已 经 厌 倦 为 你 效 力。
str_id_2570|我 已 经 厌 倦 为 你 效 力。
str_id_2571|我 已 经 厌 倦 为 你 效 力。
str_id_2572|我 已 经 厌 倦 为 你 效 力。
str_id_2573|我 已 经 厌 倦 为 你 效 力。
str_id_2574|我 已 经 厌 倦 为 你 效 力。
str_id_2575|我 已 经 厌 倦 为 你 效 力。
str_id_2576|我 已 经 厌 倦 为 你 效 力。
str_id_2577|我 已 经 厌 倦 为 你 效 力。
str_id_2578|我 已 经 厌 倦 为 你 效 力。
str_id_2579|我 已 经 厌 倦 为 你 效 力。
str_id_2580|我 已 经 厌 倦 为 你 效 力。
str_id_2581|我 已 经 厌 倦 为 你 效 力。
str_id_2582|我 已 经 厌 倦 为 你 效 力。
str_id_2583|我 已 经 厌 倦 为 你 效 力。
str_id_2584|我 已 经 厌 倦 为 你 效 力。
str_id_2585|我 已 经 厌 倦 为 你 效 力。
str_id_2586|我 已 经 厌 倦 为 你 效 力。
str_id_2587|我 已 经 厌 倦 为 你 效 力。
str_id_2588|我 终 于 收 到 了 道 歉 信，虽 然 听 起 来 像 是 我 最 好 的 朋 友 写 的。不 管 怎 样，我 最 好 回 去。再 见，朋 友。
str_id_2589|又 是 你。自 上 次 见 面 后，我 杀 了 不 少 骸 骨 巨 人，现 在 又 想 开 杀 戒 了。如 果 你 马 上 出 发，我 可 以 重 新 加 入—— 但 这 次 给 我 找 些 更 强 的 敌 人。
str_id_2590|{reg33?:}！很 高 兴 又 见 到 你。我 离 开 以 后 不 断 听 闻 你 的 事 迹，越 听 越 怀 念 从 前 的 日 子。你 愿 意 让 我 归 队 吗？
str_id_2591|我 后 来 又 找 了 一 位 需 要 保 护 的 雇 主，可 那 人 既 不 道 德 又 令 人 无 法 忍 受，我 甚 至 一 度 不 想 救 他 的 命。我 差 点 故 意 失 手，最 后 还 是 忍 住 怒 火，辞 去 职 务 保 全 了 自 己 的 名 声。相 比 之 下，我 更 愿 意 重 新 为 你 效 力。
str_id_2592|你 好，{reg33?:}。我 走 过 许 多 地 方，可 你 仍 是 唯 一 愿 意 接 纳 我 这 些 宝 贵 本 领 的 人。近 来 我 的 日 子 实 在 消 沉；若 你 肯 重 新 雇 用 我，这 一 次 我 会 做 得 更 好—— 包 括 在 战 场 上。
str_id_2593|你 又 想 雇 用 我？
str_id_2594|问 候 {playername}，有 段 时 间 了，但 如 果 你 希 望 我 回 来 帮 助 你 的 目 标，我 会 的。
str_id_2595|也 许 是 酒 在 说 话，不 过 我 不 介 意 重 新 加 入 你 的 队 伍。你 觉 得 呢？
str_id_2596|又 见 面 了 {playername}，当 你 的 同 伴 其 实 比 我 之 前 承 认 的 更 有 趣。我 们 让 过 去 的 事 过 去 吧？
str_id_2597|你 这 个 领 袖 很 可 笑，不 过 我 正 需 要 一 点 笑 料，所 以 我 会 重 新 加 入。
str_id_2598|如 果 你 还 需 要 我 的 力 量，我 现 在 有 空。
str_id_2599|队 长！我 虽 然 还 在 生 你 的 气，但 我 喜 欢 你 总 敢 逼 敌 人 作 出 回 应。想 让 我 回 来 也 可 以，不 过 这 次 尽 量 当 个 更 好 的 领 袖。
str_id_2600|WAAAGH！再 去 打 仗！
str_id_2601|再 次 相 遇，{playername}。上 次 离 开 是 因 为 我 觉 得 你 玷 污 了 我 所 信 奉 的 美 德。但 我 相 信 救 赎，听 说 我 们 分 别 后 你 做 了 些 好 事。或 许 你 的 队 伍 终 究 值 得 我 加 入。
str_id_2602|嗯，{reg33?女 士 :先 生 }，我 上 次 受 雇 时 毫 不 掩 饰 我 的 失 望。我 以 为 我 们 不 会 再 合 作，但 必 须 承 认，我 们 旅 行 的 距 离 和 地 点 令 人 兴 奋，尤 其 对 于 我 这 样 喜 欢 大 自 然 的 人。如 果 你 再 次 需 要 我 的 弓 箭，它 随 时 为 你 效 劳。
str_id_2603|哦，你 好，{playername}。不 能 说 完 全 不 高 兴 见 到 你。你 看，我 接 了 另 一 个 冒 险 者 的 合 同，但 他 是 个 偏 执 的 暴 君，所 以 我 尽 快 离 开 了。能 回 到 你 的 队 伍 会 是 种 解 脱。
str_id_2604|主 人，能 在 这 里 遇 见 你 真 是 太 好 了。上 次 离 开 后，我 以 为 自 己 已 经 受 过 足 够 训 练，可 以 回 去 向 折 磨 我 的 人 复 仇，证 明 我 是 强 大 的 斯 卡 文 鼠 人。可 我 错 了—— 前 往 边 境 的 路 上，我 被 一 群 强 盗 打 败。看 来 我 还 有 很 多 要 学。求 你 重 新 收 留 我，再 教 我 一 些 本 事。
str_id_2605|上 次 分 开 后 我 试 着 休 息，可 参 加 战 斗 任 务 对 我 来 说 就 像 本 能 需 求。如 果 你 还 愿 意 让 我 加 入，我 就 跟 你 走。
str_id_2606|队 长，你 就 像 一 股 甩 不 掉 的 臭 味—— 等 等，也 可 能 是 巴 斯 汀，哈 哈。你 就 是 离 不 开 我，对 吧？我 正 需 要 刺 激，咱 们 上 路 如 何？
str_id_2607|队 长！我 原 以 为 离 开 你 会 过 得 更 好，结 果 完 全 错 了。请 让 我 回 来。
str_id_2608|看 来 我 们 的 道 路 又 交 汇 了。我 之 前 很 恼 火，但 现 在 原 谅 你 那 糟 糕 的 判 断。人 人 都 有 东 西 要 学，没 关 系，你 可 以 欢 迎 我 归 队 了。
str_id_2609|队 长，人 人 偶 尔 都 会 说 些 疯 话、做 些 蠢 事。我 相 信 这 次 回 来，一 切 会 好 起 来。
str_id_2610|我 们 又 见 面 了，{playername}。虽 然 上 次 同 行 最 后 不 欢 而 散，但 即 便 我 们 意 见 不 合，我 仍 尊 重 你 这 位 领 袖，也 始 终 对 你 颇 为 敬 重。
str_id_2611|你 想 让 我 归 队？
str_id_2612|你 注 意 到 世 界 各 地 敌 意 增 加 了 吗，{playername}？我 在 曾 觉 得 安 全 的 地 方 屡 遇 险 情。我 知 道 我 们 分 别 时 有 些 不 愉 快，但 如 果 你 重 新 雇 佣 我，我 会 感 激 的。
str_id_2613|又 见 面 了，队 长。听 说 你 的 士 兵 最 近 有 些 懈 怠，你 需 要 我 把 他 们 操 练 得 像 样 一 点。
str_id_2614|上 次 你 让 我 失 望 透 顶，你 这 羊 屁 股，早 该 尊 重 我 的 意 愿。不 过 我 还 不 准 备 回 家，所 以 只 要 你 需 要，我 仍 会 站 在 你 这 边。
str_id_2615|你 需 要 斯 露 德，斯 露 德 就 准 备 出 发。
str_id_2616|如 今 没 多 少 酒 客 愿 意 跟 我 喝 酒 了。你 的 队 伍 还 留 有 位 置 吗？
str_id_2617|独 自 漂 泊 一 阵 后，我 才 明 白 自 己 的 归 宿 仍 在 你 身 边。
str_id_2618|独 自 漂 泊 一 阵 后，我 才 明 白 自 己 的 归 宿 仍 在 你 身 边。
str_id_2619|独 自 漂 泊 一 阵 后，我 才 明 白 自 己 的 归 宿 仍 在 你 身 边。
str_id_2620|独 自 漂 泊 一 阵 后，我 才 明 白 自 己 的 归 宿 仍 在 你 身 边。
str_id_2621|独 自 漂 泊 一 阵 后，我 才 明 白 自 己 的 归 宿 仍 在 你 身 边。
str_id_2622|独 自 漂 泊 一 阵 后，我 才 明 白 自 己 的 归 宿 仍 在 你 身 边。
str_id_2623|独 自 漂 泊 一 阵 后，我 才 明 白 自 己 的 归 宿 仍 在 你 身 边。
str_id_2624|独 自 漂 泊 一 阵 后，我 才 明 白 自 己 的 归 宿 仍 在 你 身 边。
str_id_2625|独 自 漂 泊 一 阵 后，我 才 明 白 自 己 的 归 宿 仍 在 你 身 边。
str_id_2626|独 自 漂 泊 一 阵 后，我 才 明 白 自 己 的 归 宿 仍 在 你 身 边。
str_id_2627|独 自 漂 泊 一 阵 后，我 才 明 白 自 己 的 归 宿 仍 在 你 身 边。
str_id_2628|独 自 漂 泊 一 阵 后，我 才 明 白 自 己 的 归 宿 仍 在 你 身 边。
str_id_2629|独 自 漂 泊 一 阵 后，我 才 明 白 自 己 的 归 宿 仍 在 你 身 边。
str_id_2630|独 自 漂 泊 一 阵 后，我 才 明 白 自 己 的 归 宿 仍 在 你 身 边。
str_id_2631|独 自 漂 泊 一 阵 后，我 才 明 白 自 己 的 归 宿 仍 在 你 身 边。
str_id_2632|独 自 漂 泊 一 阵 后，我 才 明 白 自 己 的 归 宿 仍 在 你 身 边。
str_id_2633|独 自 漂 泊 一 阵 后，我 才 明 白 自 己 的 归 宿 仍 在 你 身 边。
str_id_2634|独 自 漂 泊 一 阵 后，我 才 明 白 自 己 的 归 宿 仍 在 你 身 边。
str_id_2635|独 自 漂 泊 一 阵 后，我 才 明 白 自 己 的 归 宿 仍 在 你 身 边。
str_id_2636|独 自 漂 泊 一 阵 后，我 才 明 白 自 己 的 归 宿 仍 在 你 身 边。
str_id_2637|独 自 漂 泊 一 阵 后，我 才 明 白 自 己 的 归 宿 仍 在 你 身 边。
str_id_2638|独 自 漂 泊 一 阵 后，我 才 明 白 自 己 的 归 宿 仍 在 你 身 边。
str_id_2639|独 自 漂 泊 一 阵 后，我 才 明 白 自 己 的 归 宿 仍 在 你 身 边。
str_id_2640|独 自 漂 泊 一 阵 后，我 才 明 白 自 己 的 归 宿 仍 在 你 身 边。
str_id_2641|独 自 漂 泊 一 阵 后，我 才 明 白 自 己 的 归 宿 仍 在 你 身 边。
str_id_2642|独 自 漂 泊 一 阵 后，我 才 明 白 自 己 的 归 宿 仍 在 你 身 边。
str_id_2643|独 自 漂 泊 一 阵 后，我 才 明 白 自 己 的 归 宿 仍 在 你 身 边。
str_id_2644|独 自 漂 泊 一 阵 后，我 才 明 白 自 己 的 归 宿 仍 在 你 身 边。
str_id_2645|独 自 漂 泊 一 阵 后，我 才 明 白 自 己 的 归 宿 仍 在 你 身 边。
str_id_2646|独 自 漂 泊 一 阵 后，我 才 明 白 自 己 的 归 宿 仍 在 你 身 边。
str_id_2647|独 自 漂 泊 一 阵 后，我 才 明 白 自 己 的 归 宿 仍 在 你 身 边。
str_id_2648|独 自 漂 泊 一 阵 后，我 才 明 白 自 己 的 归 宿 仍 在 你 身 边。
str_id_2649|独 自 漂 泊 一 阵 后，我 才 明 白 自 己 的 归 宿 仍 在 你 身 边。
str_id_2650|独 自 漂 泊 一 阵 后，我 才 明 白 自 己 的 归 宿 仍 在 你 身 边。
str_id_2651|独 自 漂 泊 一 阵 后，我 才 明 白 自 己 的 归 宿 仍 在 你 身 边。
str_id_2652|独 自 漂 泊 一 阵 后，我 才 明 白 自 己 的 归 宿 仍 在 你 身 边。
str_id_2653|独 自 漂 泊 一 阵 后，我 才 明 白 自 己 的 归 宿 仍 在 你 身 边。
str_id_2654|独 自 漂 泊 一 阵 后，我 才 明 白 自 己 的 归 宿 仍 在 你 身 边。
str_id_2655|独 自 漂 泊 一 阵 后，我 才 明 白 自 己 的 归 宿 仍 在 你 身 边。
str_id_2656|独 自 漂 泊 一 阵 后，我 才 明 白 自 己 的 归 宿 仍 在 你 身 边。
str_id_2657|独 自 漂 泊 一 阵 后，我 才 明 白 自 己 的 归 宿 仍 在 你 身 边。
str_id_2658|独 自 漂 泊 一 阵 后，我 才 明 白 自 己 的 归 宿 仍 在 你 身 边。
str_id_2659|独 自 漂 泊 一 阵 后，我 才 明 白 自 己 的 归 宿 仍 在 你 身 边。
str_id_2660|独 自 漂 泊 一 阵 后，我 才 明 白 自 己 的 归 宿 仍 在 你 身 边。
str_id_2661|独 自 漂 泊 一 阵 后，我 才 明 白 自 己 的 归 宿 仍 在 你 身 边。
str_id_2662|独 自 漂 泊 一 阵 后，我 才 明 白 自 己 的 归 宿 仍 在 你 身 边。
str_id_2663|独 自 漂 泊 一 阵 后，我 才 明 白 自 己 的 归 宿 仍 在 你 身 边。
str_id_2664|独 自 漂 泊 一 阵 后，我 才 明 白 自 己 的 归 宿 仍 在 你 身 边。
str_id_2665|独 自 漂 泊 一 阵 后，我 才 明 白 自 己 的 归 宿 仍 在 你 身 边。
str_id_2666|独 自 漂 泊 一 阵 后，我 才 明 白 自 己 的 归 宿 仍 在 你 身 边。
str_id_2667|独 自 漂 泊 一 阵 后，我 才 明 白 自 己 的 归 宿 仍 在 你 身 边。
str_id_2668|独 自 漂 泊 一 阵 后，我 才 明 白 自 己 的 归 宿 仍 在 你 身 边。
str_id_2669|独 自 漂 泊 一 阵 后，我 才 明 白 自 己 的 归 宿 仍 在 你 身 边。
str_id_2670|独 自 漂 泊 一 阵 后，我 才 明 白 自 己 的 归 宿 仍 在 你 身 边。
str_id_2671|独 自 漂 泊 一 阵 后，我 才 明 白 自 己 的 归 宿 仍 在 你 身 边。
str_id_2672|独 自 漂 泊 一 阵 后，我 才 明 白 自 己 的 归 宿 仍 在 你 身 边。
str_id_2673|独 自 漂 泊 一 阵 后，我 才 明 白 自 己 的 归 宿 仍 在 你 身 边。
str_id_2674|独 自 漂 泊 一 阵 后，我 才 明 白 自 己 的 归 宿 仍 在 你 身 边。
str_id_2675|独 自 漂 泊 一 阵 后，我 才 明 白 自 己 的 归 宿 仍 在 你 身 边。
str_id_2676|独 自 漂 泊 一 阵 后，我 才 明 白 自 己 的 归 宿 仍 在 你 身 边。
str_id_2677|好 久 没 砸 烂 几 个 蠢 货 的 脑 袋 了。不 如 再 来 几 场 冒 险？
str_id_2678|我 很 熟 悉 混 沌 荒 原，尤 其 是 北 方。只 要 知 道 去 哪 里 找，也 有 胆 量 面 对 它 们，就 能 在 这 里 遇 到 世 上 最 致 命 的 怪 物。
str_id_2679|我 们 靠 近 阿 尔 道 夫 了。进 城 后 我 得 低 调 行 事，他 们 可 能 还 没 忘 记 我。我 当 然 永 远 不 会 忘 记 这 座 城，因 为 我 就 是 在 那 里 第 一 次 遇 见 高 崔 克。
str_id_2680|闻 到 了 吗？香 料 熏 香、新 鲜 水 果，还 有 塔 吉 锅 诱 人 的 气 味—— 这 是 科 普 尔 的 味 道。我 小 时 候 在 这 里 度 过 许 多 快 乐 的 夏 天，练 习 射 箭，听 睿 智 的 老 人 讲 述 往 事。
str_id_2681|恕 我 打 扰，{reg33?:}。我 们 已 经 靠 近 我 在 腐 肠 部 落 的 故 乡 了，我 想 你 或 许 愿 意 知 道。
str_id_2682|队 长，我 第 一 次 杀 人 就 在 离 这 里 不 远 的 地 方。魔 鼠 废 都 及 其 边 境 极 其 危 险，你 最 好 脑 后 也 长 一 双 眼 睛。
str_id_2683|这 里 是 我 所 属 组 织 在 新 世 界 的 总 部。帝 国 各 地 都 有 我 的 人，等 我 们 获 得 更 多 消 息 后，他 们 就 会 返 回 此 地。
str_id_2684|在 提 利 尔，权 力 脆 弱 得 可 笑。想 当 统 治 者 几 乎 等 于 自 寻 麻 烦，因 为 你 很 可 能 无 法 在 财 富 和 权 位 上 待 太 久。
str_id_2685|我 们 离 我 的 人 生 目 标 之 一—— 特 斯 克 罗—— 很 近 了！露 丝 契 亚 遍 地 财 富，据 说 特 斯 科 洛 某 处 有 座 地 下 城，深 处 藏 着 一 批 远 古 宝 藏。
str_id_2686|五 年 前，我 们 就 在 这 片 土 地 上 打 过 一 场 最 伟 大 的 战 斗。大 约 五 十 个 人 刚 结 束 连 续 三 天 的 豪 饮，帝 国 军 大 概 得 到 了 消 息，派 来 一 支 军 队 伏 击 我 们，想 趁 我 们 醉 得 不 省 人 事 下 手。
str_id_2687|北 方 的 强 者 永 远 彼 此 征 战：为 霸 权 而 战，为 骄 傲 而 战，也 为 鲜 血 而 战。
str_id_2688|我 们 黑 暗 精 灵 向 来 是 航 海 民 族。黑 色 方 舟 海 盗 名 声 在 外 绝 非 偶 然，而 堕 落 之 心 领 主 更 是 所 有 海 上 统 帅 中 最 令 人 畏 惧 的 一 位。
str_id_2689|队 长，我 现 在 似 乎 稍 微 清 醒 了 些，正 好 告 诉 你：我 们 已 经 接 近 我 的 家 乡 恶 臭 村 了。
str_id_2690|向 我 王 之 城 致 敬，向 高 贵 威 严 的 劳 恩·列 奥 康 沃 尔 国 王 致 敬！
str_id_2691|恕 我 打 扰，{reg33?:}。我 们 已 经 靠 近 我 在 塔 尔·艾 利 斯 的 故 乡 了，我 想 应 该 告 诉 你 一 声。
str_id_2692|我 们 靠 近 我 的 家 乡 突 尼 斯 了。那 里 风 景 优 美，也 是 族 人 中 常 被 忽 视 的 贸 易 中 心。我 常 年 旅 行，很 少 久 居，但 心 里 一 直 为 故 乡 留 着 很 大 一 块 地 方。
str_id_2693|主 人，我 的 家 乡 叫 腐 烂 巢 穴，靠 近 前 线 要 塞 污 秽 峰。
str_id_2694|我 们 离 我 的 家 乡，以 及 我 一 生 都 在 守 护 的 森 林 很 近 了。
str_id_2695|队 长，我 是 在 海 盗 王 堡 附 近 被 人 捡 到 的。我 说“捡 到”，是 因 为 我 不 知 道 父 母 是 谁，也 不 知 道 自 己 究 竟 出 生 在 哪 里。婴 儿 时，我 被 遗 弃 在 一 艘 船 的 甲 板 上，等 着 谁 来 发 现。
str_id_2696|我 们 离 我 的 家 很 近，也 离 我 第 一 次 遇 见 弗 罗 林 的 那 片 丛 林 很 近。
str_id_2697|我 的 出 生 地 {playername} 是 巴 托 尼 亚 的 巴 斯 托 涅。
str_id_2698|队 长，让 我 给 你 讲 讲 我 的 故 乡—— 我 心 爱 的 酿 酒 厂。那 是 一 座 庞 大 的 作 坊，机 械 的 轰 鸣 昼 夜 不 息；酒 香 与 啤 酒 花 的 气 息 会 钻 进 胡 须、浸 入 衣 衫。工 人 们 总 在 高 歌 说 笑，厂 里 从 不 缺 欢 乐。
str_id_2699|我 们 靠 近 我 的 故 乡 扎 慧 特 克 了。和 大 多 数 旅 行 者 一 样，过 去 几 年 我 很 少 在 那 里 停 留。
str_id_2700|队 长，我 们 离 我 的 老 家 很 近。我 四 十 二 年 前 离 开 家 人，到 海 上 喝 个 痛 快。他 们 一 定 想 知 道 我 究 竟 跑 哪 儿 去 了，也 许 该 去 报 个 平 安。
str_id_2701|我 们 靠 近 宁 静 的 米 登 斯 坦 格 村。我 的 表 亲 在 设 于 此 地 的 国 际 贸 易 行 会 任 职，所 以 每 当 我 需 要 在 一 个 地 方 长 住 休 息，就 会 来 这 里。
str_id_2702|我 们 靠 近 我 的 家 乡 瓦 尼 尔 山 了，我 就 是 在 那 里 学 会 战 斗 的。在 当 地 取 得 成 功 后，我 渴 望 更 大 成 就，于 是 前 往 瓦 纳 海 姆 闯 出 名 声。
str_id_2703|我 们 靠 近 阿 尔 维 克，那 是 我 初 到 这 片 世 界 时 去 过 的 首 批 地 方 之 一。我 日 后 召 集 的 大 军，主 力 将 来 自 混 沌 荒 原。
str_id_2704|我 出 生 在 附 近。母 亲 把 我 遗 弃 在 一 间 酒 馆 里，后 来 一 群 雇 佣 兵 把 我 捡 走，当 成 自 己 人 抚 养。
str_id_2705|我 曾 是 这 片 土 地 的 领 主。我 是 个 好 领 主，照 顾 百 姓，也 忠 诚 地 侍 奉 皇 帝。
str_id_2706|这 里 让 我 想 起 了 故 乡。
str_id_2707|这 里 让 我 想 起 了 故 乡。
str_id_2708|这 里 让 我 想 起 了 故 乡。
str_id_2709|这 里 让 我 想 起 了 故 乡。
str_id_2710|这 里 让 我 想 起 了 故 乡。
str_id_2711|这 里 让 我 想 起 了 故 乡。
str_id_2712|这 里 让 我 想 起 了 故 乡。
str_id_2713|这 里 让 我 想 起 了 故 乡。
str_id_2714|这 里 让 我 想 起 了 故 乡。
str_id_2715|这 里 让 我 想 起 了 故 乡。
str_id_2716|这 里 让 我 想 起 了 故 乡。
str_id_2717|这 里 让 我 想 起 了 故 乡。
str_id_2718|这 里 让 我 想 起 了 故 乡。
str_id_2719|这 里 让 我 想 起 了 故 乡。
str_id_2720|这 里 让 我 想 起 了 故 乡。
str_id_2721|这 里 让 我 想 起 了 故 乡。
str_id_2722|这 里 让 我 想 起 了 故 乡。
str_id_2723|这 里 让 我 想 起 了 故 乡。
str_id_2724|这 里 让 我 想 起 了 故 乡。
str_id_2725|这 里 让 我 想 起 了 故 乡。
str_id_2726|这 里 让 我 想 起 了 故 乡。
str_id_2727|这 里 让 我 想 起 了 故 乡。
str_id_2728|这 里 让 我 想 起 了 故 乡。
str_id_2729|这 里 让 我 想 起 了 故 乡。
str_id_2730|这 里 让 我 想 起 了 故 乡。
str_id_2731|这 里 让 我 想 起 了 故 乡。
str_id_2732|这 里 让 我 想 起 了 故 乡。
str_id_2733|这 里 让 我 想 起 了 故 乡。
str_id_2734|这 里 让 我 想 起 了 故 乡。
str_id_2735|这 里 让 我 想 起 了 故 乡。
str_id_2736|这 里 让 我 想 起 了 故 乡。
str_id_2737|这 里 让 我 想 起 了 故 乡。
str_id_2738|这 里 让 我 想 起 了 故 乡。
str_id_2739|这 里 让 我 想 起 了 故 乡。
str_id_2740|这 里 让 我 想 起 了 故 乡。
str_id_2741|这 里 让 我 想 起 了 故 乡。
str_id_2742|这 里 让 我 想 起 了 故 乡。
str_id_2743|这 里 让 我 想 起 了 故 乡。
str_id_2744|这 里 让 我 想 起 了 故 乡。
str_id_2745|这 里 让 我 想 起 了 故 乡。
str_id_2746|这 里 让 我 想 起 了 故 乡。
str_id_2747|这 里 让 我 想 起 了 故 乡。
str_id_2748|这 里 让 我 想 起 了 故 乡。
str_id_2749|这 里 让 我 想 起 了 故 乡。
str_id_2750|这 里 让 我 想 起 了 故 乡。
str_id_2751|这 里 让 我 想 起 了 故 乡。
str_id_2752|这 里 让 我 想 起 了 故 乡。
str_id_2753|这 里 让 我 想 起 了 故 乡。
str_id_2754|这 里 让 我 想 起 了 故 乡。
str_id_2755|这 里 让 我 想 起 了 故 乡。
str_id_2756|这 里 让 我 想 起 了 故 乡。
str_id_2757|这 里 让 我 想 起 了 故 乡。
str_id_2758|这 里 让 我 想 起 了 故 乡。
str_id_2759|这 里 让 我 想 起 了 故 乡。
str_id_2760|这 里 让 我 想 起 了 故 乡。
str_id_2761|这 里 让 我 想 起 了 故 乡。
str_id_2762|这 里 让 我 想 起 了 故 乡。
str_id_2763|这 里 让 我 想 起 了 故 乡。
str_id_2764|这 里 让 我 想 起 了 故 乡。
str_id_2765|这 里 让 我 想 起 了 故 乡。
str_id_2766|这 里 让 我 想 起 了 故 乡。
str_id_2767|我 总 听 战 士 们 声 称 打 过 最 棒 的 仗，我 猜 你 也 认 为 一 些 战 斗 具 有 历 史 意 义。但 让 我 告 诉 你，除 非 你 与 嗜 血 狂 魔 正 面 交 锋，否 则 你 不 会 知 道 与 真 正 力 量 战 斗 是 什 么 滋 味。
str_id_2768|我 们 帝 国 人 在 技 术 上 总 爱 争 先，可 一 到 立 法，往 往 就 荒 唐 得 很。皇 帝 居 然 开 征 了“窗 户 税”—— 你 敢 相 信 吗？百 姓 只 因 从 自 家 窗 口 眺 望 这 片 美 丽 土 地，就 得 交 钱。我 怒 不 可 遏，召 集 了 一 场 声 势 浩 大 的 抗 议；官 方 的 回 答，则 是 派 军 队 来 镇 压。
str_id_2769|可 这 里 的 天 气 一 向 平 稳，所 以 我 不 得 不 离 开 故 乡。若 想 学 会 在 狂 风 中 远 距 离 精 准 射 箭，科 普 尔 绝 非 合 适 之 地。我 长 期 待 在 气 候 恶 劣 的 山 区 苦 练，也 正 是 在 那 样 的 风 雨 中 学 到 了 真 本 事。归 来 时，我 已 是 全 城 最 好 的 射 手。
str_id_2770|我 年 幼 时 从 商 人 那 里 学 会 了 瑞 克 语。每 当 部 落 忙 于 内 斗，或 又 准 备 去 痛 揍 博 内 伦 查 营 地 时，我 便 偷 偷 潜 入 帝 国 领 土，有 时 甚 至 远 至 塔 拉 贝 海 姆，只 为 寻 找 可 读 的 书 籍。正 是 在 那 里，我 找 到 了 解 剖 学 与 生 理 学 著 作。比 起 自 己 居 然 渴 望 阅 读，更 令 我 惊 讶 的，是 我 竟 能 如 此 轻 易 地 理 解 其 中 内 容。
str_id_2771|克 鲁 克 尔 先 知 召 集 了 所 有 可 用 的 刺 客 执 行 一 项 特 殊 任 务，最 终 却 把 差 事 交 给 了 一 个 本 事 连 我 一 半 都 不 到 的 家 伙。目 标 是 卡 拉 克·瓦 拉 格 的 一 名 兽 人 战 争 头 目，据 间 谍 说，他 正 试 图 说 服 加 巴 鲁 向 斯 卡 文 领 地 扩 张。那 不 过 是 个 轻 而 易 举 的 目 标，本 来 就 该 交 给 我。
str_id_2772|第 一 次 我 们 差 点 就 赢 了。我 们 趁 巫 精 在 户 外 举 行 仪 式 时 打 了 她 们 一 个 措 手 不 及，几 乎 所 有 人 都 在 那 里。我 们 满 怀 怒 火 与 决 心 扑 向 她 们，火 器 扬 起 的 烟 雾 浓 得 连 帝 国 都 能 看 见。
str_id_2773|看 看 那 些 商 人 亲 王 吧，如 今 全 被 海 盗 赶 下 了 台。海 盗 自 己 也 撑 不 了 多 久。在 提 利 尔，最 好 当 一 名 精 锐 雇 佣 兵：既 能 拥 有 财 富 和 社 会 地 位，又 不 必 担 心 有 人 图 谋 你 的 王 座。我 在 权 力 游 戏 里 只 是 一 件 可 利 用 的 资 源，仅 此 而 已。
str_id_2774|在 最 黑 暗 的 早 期 岁 月，这 里 曾 是 斯 卡 文 的 据 点。谁 知 道 地 下 还 剩 些 什 么？总 有 一 天 我 会 亲 自 查 清。
str_id_2775|他 们 没 想 到 的 是，我 们 喝 醉 或 宿 醉 时 照 样 能 打 得 和 清 醒 时 一 样 好。再 没 有 什 么 比 对 上 帝 国 或 巴 托 尼 亚 骑 士 更 能 让 我 们 怒 火 中 烧、斗 志 昂 扬。
str_id_2776|直 到 我 带 人 进 入 帝 国 北 部，才 意 识 到 我 们 一 直 错 过 了 更 大 的 杀 戮 与 劫 掠 之 源。我 们 的 土 地 与 世 界 其 他 地 方 相 比 太 小 了，必 须 率 军 南 下，把 沿 途 一 切 尽 数 屠 灭。
str_id_2777|费 尔 哈 特 勋 爵 在 大 战 役 前 选 中 了 我 去 执 行 一 项 重 要 任 务。我 必 须 摸 清 所 有 秘 密 海 盗 湾 和 巢 穴 的 位 置，才 能 知 道 该 从 哪 里 给 予 最 沉 重 的 一 击。与 你 同 行 期 间，我 已 经 学 到 了 很 多。我 们 的 入 侵 必 将 取 得 彻 底 胜 利。
str_id_2778|老 实 说，我 已 经 记 不 起 多 少 过 去 了，一 切 都 模 糊 不 清。
str_id_2779|哥 隆 尼 也 是 我 的 城 市。我 在 哥 隆 尼 的 竞 技 场 赢 得 了 许 多 锦 标 赛，那 是 周 边 最 负 盛 名 的 赛 事，由 国 王 亲 自 主 持。我 的 战 斗 技 巧 和 优 雅 风 度 给 他 留 下 了 深 刻 印 象，于 是 他 授 予 我“锦 标 赛 大 师”的 头 衔，对 此 我 既 谦 卑 又 荣 幸。
str_id_2780|乌 苏 安 那 片 区 域 的 田 野 和 山 丘 是 学 习 马 术 的 最 佳 之 地。我 们 培 育 出 一 些 前 所 未 见 的 快 马，我 从 小 就 开 始 骑 乘。我 相 信 马 比 其 他 任 何 动 物 都 更 接 近 神 灵。
str_id_2781|这 里 通 常 十 分 安 全，只 是 古 墓 诸 王 偶 尔 会 来 袭，使 王 国 这 片 防 御 薄 弱 的 土 地 化 为 废 墟。我 尊 重 这 里 的 所 有 王 国，唯 独 对 古 墓 诸 王 恨 之 入 骨，言 语 根 本 无 法 形 容 我 的 憎 恨。
str_id_2782|要 塞 位 于 昔 日 木 精 灵 领 地 边 缘，想 活 下 去 就 必 须 强 硬。任 何 显 露 软 弱 的 人 都 会 遭 到 嘲 笑，而 我 从 前 最 爱 嘲 笑 别 人。
str_id_2783|我 的 族 人 长 期 居 住 在 那 里，我 们 与 森 林 有 着 特 殊 的 联 系。许 多 人 认 为 我 们 领 地 意 识 太 强，但 当 你 看 到 冲 突 时 期 其 他 土 地 遭 受 的 亵 渎，你 就 会 明 白 为 什 么 我 们 如 此 迫 切 地 要 保 持 森 林 免 受 任 何 潜 在 威 胁。
str_id_2784|幸 运 的 是，那 艘 船 属 于 当 时 最 令 人 畏 惧 的 船 长 之 一。他 亲 自 把 我 养 大，教 会 了 我 在 这 个 世 界 生 存 所 需 的 一 切。
str_id_2785|我 只 是 出 去 散 步，他 则 在 寻 找 一 块 魔 法 石。我 们 坐 下 来 聊 了 几 个 小 时，他 讲 述 自 己 的 冒 险 和 一 生 中 所 有 英 勇 事 迹。他 是 完 美 的 男 人，你 不 觉 得 吗？
str_id_2786|艾 辛 氏 族 引 发 红 痘 瘟 疫、摧 毁 人 口 时，母 亲 把 我 藏 进 一 支 商 队。城 堡 已 经 隔 离，未 经 许 可 任 何 人 都 不 得 进 出，可 母 亲 很 有 办 法，还 是 把 我 偷 运 了 出 去。她 和 家 中 其 他 人 都 死 了，但 我 永 远 感 谢 她 救 了 我 的 命。
str_id_2787|这 个 世 界 藏 着 许 多 秘 密，{playername}，而 我 那 伯 格 曼 XXXX佳 酿 的 配 方 正 是 其 中 之 一。我 耗 费 多 年 研 究 与 心 血 才 创 造 出 它，最 终 酿 成 了 有 史 以 来 最 受 欢 迎 的 佳 酿。
str_id_2788|我 们 消 灭 南 方 的 巨 大 混 沌 威 胁 后，本 以 为 赢 得 了 全 世 界 的 尊 重，没 想 到 接 下 来 遭 到 入 侵 的 反 而 是 我 们。
str_id_2789|再 想 想，队 长，你 现 在 没 时 间 听 这 些，改 天 再 说 吧。不 过 我 确 实 来 自 这 里，以 前 常 在 路 上 贩 卖 兄 弟 从 精 灵 船 上 弄 来 的 货 物。
str_id_2790|我 怀 疑 行 会 真 正 的 所 作 所 为，却 一 直 闭 口 不 谈。表 亲 说 他 们 想 用 技 术 与 新 世 界 交 换 资 源，但 我 担 心 最 后 我 们 只 会 索 取，什 么 也 不 回 报。
str_id_2791|父 亲 教 会 我 使 用 各 种 手 持 武 器。他 在 我 年 幼 时 去 世，但 那 时 我 已 经 学 得 足 以 自 保，也 能 保 护 家 人 抵 御 帝 国。我 留 下 战 斗，直 到 听 说 莫 德 海 姆 的 角 斗，以 及 获 胜 者 能 得 到 的 财 富 与 敬 意。
str_id_2792|混 沌 军 队 不 会 关 心 你 的 事 业，但 它 会 像 替 艾 查 恩 作 战 一 样 扑 向 你 的 敌 人。统 治 我 王 国 的 暴 君 贪 得 无 厌，也 没 能 维 持 我 们 相 对 于 其 他 部 落 的 地 位。
str_id_2793|他 们 教 我 战 斗，然 后 送 我 去 最 好 的 战 斗 学 校 精 通 我 的 技 艺。五 岁 时，我 因 杀 了 27名 学 员 和 3名 老 师 而 被 开 除，于 是 我 逃 进 荒 野，自 学 了 其 他 需 要 掌 握 的 一 切。
str_id_2794|当 我 回 来 时，我 毫 无 疑 问 地 证 明 了 自 己 就 是 我 所 声 称 的 人，但 他 们 选 择 不 听。甚 至 那 些 我 称 之 为 兄 弟 的 人 也 否 认 我，尽 管 我 从 他 们 眼 中 看 出 他 们 知 道。
str_id_2795|身 处 此 地，令 我 不 由 怀 念 往 昔。
str_id_2796|身 处 此 地，令 我 不 由 怀 念 往 昔。
str_id_2797|身 处 此 地，令 我 不 由 怀 念 往 昔。
str_id_2798|身 处 此 地，令 我 不 由 怀 念 往 昔。
str_id_2799|身 处 此 地，令 我 不 由 怀 念 往 昔。
str_id_2800|身 处 此 地，令 我 不 由 怀 念 往 昔。
str_id_2801|身 处 此 地，令 我 不 由 怀 念 往 昔。
str_id_2802|身 处 此 地，令 我 不 由 怀 念 往 昔。
str_id_2803|身 处 此 地，令 我 不 由 怀 念 往 昔。
str_id_2804|身 处 此 地，令 我 不 由 怀 念 往 昔。
str_id_2805|身 处 此 地，令 我 不 由 怀 念 往 昔。
str_id_2806|身 处 此 地，令 我 不 由 怀 念 往 昔。
str_id_2807|身 处 此 地，令 我 不 由 怀 念 往 昔。
str_id_2808|身 处 此 地，令 我 不 由 怀 念 往 昔。
str_id_2809|身 处 此 地，令 我 不 由 怀 念 往 昔。
str_id_2810|身 处 此 地，令 我 不 由 怀 念 往 昔。
str_id_2811|身 处 此 地，令 我 不 由 怀 念 往 昔。
str_id_2812|身 处 此 地，令 我 不 由 怀 念 往 昔。
str_id_2813|身 处 此 地，令 我 不 由 怀 念 往 昔。
str_id_2814|身 处 此 地，令 我 不 由 怀 念 往 昔。
str_id_2815|身 处 此 地，令 我 不 由 怀 念 往 昔。
str_id_2816|身 处 此 地，令 我 不 由 怀 念 往 昔。
str_id_2817|身 处 此 地，令 我 不 由 怀 念 往 昔。
str_id_2818|身 处 此 地，令 我 不 由 怀 念 往 昔。
str_id_2819|身 处 此 地，令 我 不 由 怀 念 往 昔。
str_id_2820|身 处 此 地，令 我 不 由 怀 念 往 昔。
str_id_2821|身 处 此 地，令 我 不 由 怀 念 往 昔。
str_id_2822|身 处 此 地，令 我 不 由 怀 念 往 昔。
str_id_2823|身 处 此 地，令 我 不 由 怀 念 往 昔。
str_id_2824|身 处 此 地，令 我 不 由 怀 念 往 昔。
str_id_2825|身 处 此 地，令 我 不 由 怀 念 往 昔。
str_id_2826|身 处 此 地，令 我 不 由 怀 念 往 昔。
str_id_2827|身 处 此 地，令 我 不 由 怀 念 往 昔。
str_id_2828|身 处 此 地，令 我 不 由 怀 念 往 昔。
str_id_2829|身 处 此 地，令 我 不 由 怀 念 往 昔。
str_id_2830|身 处 此 地，令 我 不 由 怀 念 往 昔。
str_id_2831|身 处 此 地，令 我 不 由 怀 念 往 昔。
str_id_2832|身 处 此 地，令 我 不 由 怀 念 往 昔。
str_id_2833|身 处 此 地，令 我 不 由 怀 念 往 昔。
str_id_2834|身 处 此 地，令 我 不 由 怀 念 往 昔。
str_id_2835|身 处 此 地，令 我 不 由 怀 念 往 昔。
str_id_2836|身 处 此 地，令 我 不 由 怀 念 往 昔。
str_id_2837|身 处 此 地，令 我 不 由 怀 念 往 昔。
str_id_2838|身 处 此 地，令 我 不 由 怀 念 往 昔。
str_id_2839|身 处 此 地，令 我 不 由 怀 念 往 昔。
str_id_2840|身 处 此 地，令 我 不 由 怀 念 往 昔。
str_id_2841|身 处 此 地，令 我 不 由 怀 念 往 昔。
str_id_2842|身 处 此 地，令 我 不 由 怀 念 往 昔。
str_id_2843|身 处 此 地，令 我 不 由 怀 念 往 昔。
str_id_2844|身 处 此 地，令 我 不 由 怀 念 往 昔。
str_id_2845|身 处 此 地，令 我 不 由 怀 念 往 昔。
str_id_2846|身 处 此 地，令 我 不 由 怀 念 往 昔。
str_id_2847|身 处 此 地，令 我 不 由 怀 念 往 昔。
str_id_2848|身 处 此 地，令 我 不 由 怀 念 往 昔。
str_id_2849|身 处 此 地，令 我 不 由 怀 念 往 昔。
str_id_2850|身 处 此 地，令 我 不 由 怀 念 往 昔。
str_id_2851|身 处 此 地，令 我 不 由 怀 念 往 昔。
str_id_2852|身 处 此 地，令 我 不 由 怀 念 往 昔。
str_id_2853|身 处 此 地，令 我 不 由 怀 念 往 昔。
str_id_2854|身 处 此 地，令 我 不 由 怀 念 往 昔。
str_id_2855|身 处 此 地，令 我 不 由 怀 念 往 昔。
str_id_2856|我 斩 杀 了 这 些 野 兽，我 斩 杀 了 恐 虐、奸 奇、色 孽 和 纳 垢 扔 给 我 的 一 切。我 想 知 道 是 否 有 敌 人 能 取 我 性 命，还 是 我 会 老 死。如 果 我 知 道 纳 加 什 在 哪 里，我 会 去 追 捕 他，但 他 已 经 几 十 年 没 有 音 讯 了。
str_id_2857|也 许 我 当 时 很 蠢，竟 然 正 面 冲 向 敌 军。高 崔 克 偏 偏 欣 赏 这 种 蠢 事，虽 然 根 本 不 认 识 我，还 是 冲 进 来 救 了 我。我 们 在 尖 叫 猫 酒 馆 庆 祝 了 他 的 胜 利—— 毕 竟 那 并 不 能 算 我 的 胜 利。醉 得 不 省 人 事 时，我 发 誓 要 跟 随 他 直 到 他 战 死，再 把 他 的 一 生 写 下 来。这 似 乎 是 一 项 永 无 尽 头 的 使 命；而 我 担 心，任 何 能 杀 死 高 崔 克 的 东 西，也 能 顺 手 解 决 我，于 是 那 些 书 恐 怕 永 远 写 不 完。
str_id_2858|我 来 得 正 是 时 候。政 局 动 荡，许 多 显 赫 人 物 接 连 遇 害；我 挺 身 而 出 提 供 帮 助。那 几 乎 夺 走 了 我 的 童 年，但 责 任 所 在。若 当 时 袖 手 旁 观，我 也 不 会 成 为 今 日 的 自 己。
str_id_2859|我 的 部 落 总 是 叫 我“像 人 类 一 样”，让 我 蒙 羞，当 他 们 发 现 我 多 么 相 似 后，就 把 我 赶 出 村 庄。消 息 传 遍 王 国，很 快 没 有 兽 人 不 知 道 我 并 因 我 的 热 情 而 嘲 笑 我。我 以 为 为 抠 眼 队 担 任 药 剂 师 的 工 作 能 赢 得 一 些 尊 重，但 这 反 而 让 事 情 更 糟。兽 人 根 本 不 在 乎 治 疗 的 力 量。
str_id_2860|我 尾 随 那 名 刺 客，看 他 潜 行 穿 过 斯 利 基 特 时 抓 住 机 会 出 手。我 们 在 桥 上 短 暂 交 锋，他 却 远 没 有 我 快。我 把 尸 体 扔 进 河 里，接 下 他 的 任 务，亲 自 去 杀 那 个 战 争 头 目。克 鲁 克 尔 得 知 成 功 后 给 了 我 更 多 差 事。加 入 他 的 私 人 杀 戮 小 队，是 刺 客 生 涯 的 好 开 端；如 今 跟 着 你，想 来 也 会 一 样 有 前 途。
str_id_2861|幸 存 者 逃 往 海 格·格 雷 夫，但 他 们 不 知 道 我 们 已 经 包 围 了 半 座 城 市，并 在 城 门 外 部 署 了 军 队。然 后，正 如 我 们 所 料，他 们 逃 向 海 岸，但 艾 凯 迪 挫 败 了 我 们 以 为 的 最 后 一 击。
str_id_2862|我 不 该 太 苛 责 那 些 渴 望 权 力 的 人，毕 竟 他 们 都 是 潜 在 雇 主。过 去 八 年 我 赚 得 盆 满 钵 满—— 到 处 都 在 打 仗。
str_id_2863|可 悲 的 是，由 于 蜥 蜴 人 的 偏 执 达 到 了 最 神 经 质 的 地 步，很 难 深 入 露 丝 契 亚 而 不 被 赶 出 去 或 更 糟。我 会 设 法 弄 到 一 张 标 出 最 少 人 走 的 小 路 的 好 地 图，然 后 使 用 那 些 路。
str_id_2864|我 们 发 现 了 他 们 的 伏 击，并 迎 头 冲 锋，第 一 次 攻 击 就 造 成 了 许 多 伤 亡。从 那 以 后，战 斗 变 得 分 散 而 混 乱，但 我 们 占 了 上 风，迫 使 帝 国 军 队 撤 退 回 艾 维 海 姆。哈 哈 哈，我 永 远 不 会 让 他 们 忘 记 这 件 事。
str_id_2865|我 率 领 我 的 军 队 一 路 南 下 到 边 境 亲 王 领，进 入 恶 地，最 终 才 被 迫 撤 退。下 次 我 们 尝 试 时，帝 国 准 备 得 更 充 分，但 我 们 喜 欢 挑 战，战 争 仍 在 继 续。
str_id_2866|一 旦 控 制 海 洋，我 们 等 于 把 世 界 一 分 为 二，到 时 进 行 全 面 征 服 就 容 易 得 多。
str_id_2867|我 只 知 道 自 己 发 现 了 疯 帽 蘑 菇，从 那 以 后 就 变 成 这 样 了。说 起 来，我 藏 的 货 去 哪 儿 了……
str_id_2868|在 沼 泽 堡 之 战 中，我 与 国 王 并 肩 作 战，那 是 抵 抗 兽 人 强 大 入 侵 的 最 后 一 役，也 可 以 说 是 国 王 最 光 辉 的 时 刻。自 那 以 后，他 把 性 命 托 付 给 我，胜 过 信 任 任 何 人。如 今 他 仍 相 信 我 能 完 成 使 命，带 回 神 圣 旗 帜，永 远 确 保 国 家 安 全。
str_id_2869|我 从 未 想 成 为 战 士，我 想 养 马，但 50年 前 黑 暗 精 灵 的 威 胁 动 员 了 整 个 岛 屿，我 决 定 加 入 掠 夺 者，但 那 没 成 功，因 为 你 必 须 擅 长 长 矛 和 弓 箭。不 过，我 是 一 名 非 常 出 色 的 马 弓 手，我 相 信 你 能 看 出 来。
str_id_2870|他 们 纯 粹 邪 恶，身 上 没 有 任 何 可 取 之 处。那 是 一 个 冷 酷 扩 张 的 王 国，毫 不 在 意 其 他 王 国 的 信 仰 与 权 利，只 想 毁 灭，尽 可 能 杀 死 世 界 上 的 所 有 居 民。他 们 要 所 有 人 都 像 自 己 一 样 成 为 死 者。
str_id_2871|我 的 日 子 过 得 很 苦，但 每 逢 战 火 最 烈 之 时，我 都 庆 幸 自 己 身 在 山 中。污 秽 峰 上 盘 踞 着 大 批 莫 德 尔 氏 族 鼠 人 和 鼠 巨 魔；木 精 灵 往 往 懒 得 理 会 我 们，反 而 直 奔 莫 德 海 姆。幸 好，如 今 这 里 已 经 看 不 到 木 精 灵 了。
str_id_2872|“我 们 从 不 许 外 人 入 境”的 传 闻 并 不 属 实—— 比 如 你，就 会 受 到 欢 迎。不 过，我 们 的 确 比 其 他 王 国 更 严 格，而 且 理 由 充 分。想 要 这 片 土 地 受 到 守 护 的，不 只 是 我 们；森 林 本 身 也 要 求 我 们 时 刻 警 醒。她 不 安 时，你 甚 至 能 听 见 她 的 哀 号。近 来 的 灾 变，正 是 我 们 这 个 时 代 最 沉 痛 的 悲 剧。
str_id_2873|大 多 数 男 人 看 不 出 来，只 会 盯 着 漂 亮 脸 蛋，或 者 以 为 我 穿 着 奇 装 异 服。不 过 他 们 很 快 就 会 明 白。父 亲 把 男 性 身 体 的 一 切 都 教 给 了 我，真 是 大 开 眼 界，哈 哈 哈。
str_id_2874|别 人 说 他 做 过 不 少 狡 猾 又 不 诚 实 的 事，可 他 们 一 定 弄 错 了。我 的 弗 罗 林 是 美 德 的 典 范，而 且 吻 技 一 流。
str_id_2875|没 有 家 人 陪 伴 长 大 很 难 受，但 在 这 个 世 界 并 不 少 见。少 年 时 我 走 遍 各 地，学 习 了 很 多，也 从 每 种 文 化 中 汲 取 能 让 我 在 任 何 环 境 自 给 自 足 的 东 西。你 也 许 看 不 出 来，但 多 数 时 候 我 可 是 只 老 狐 狸—— 只 是 偶 尔 会 把 自 己 卷 进 太 深 的 麻 烦。
str_id_2876|成 为 一 名 酿 酒 师 不 仅 仅 是 我 的 热 情，更 是 我 的 责 任。许 多 矮 人 军 队 在 战 斗 前 夜 畅 饮 我 的 啤 酒 后 士 气 大 振。这 是 矮 人 文 化 的 重 要 组 成 部 分，这 就 是 为 什 么 整 个 王 国 愤 怒 地 团 结 起 来 对 抗 地 精 的 袭 击，那 场 袭 击 对 我 的 家 园 造 成 了 如 此 大 的 破 坏。
str_id_2877|提 利 尔 人 是 其 中 最 糟 糕 的，他 们 从 我 们 的 胜 利 中 获 利 最 多。我 们 替 他 们 从 混 沌 手 里 夺 回 土 地，他 们 却 跑 到 这 里 扩 张 领 土，简 直 不 可 原 谅。
str_id_2878|那 本 来 是 份 不 错 的 营 生，可 后 来 越 来 越 危 险。每 次 回 家，妻 子 没 完 没 了 的 唠 叨 也 快 把 我 逼 疯。有 一 天 我 得 到 加 入 一 艘 名 舰 的 机 会，于 是 从 后 门 溜 走 了。
str_id_2879|那 片 世 界 的 大 多 数 国 家 既 不 欢 迎 我 们，也 不 想 要 我 们 的 知 识。我 们 应 该 离 开，可 每 天 都 有 更 多 商 人 和 他 们 的 雇 佣 兵 抵 达。
str_id_2880|自 从 加 入 斗 坑 以 来，我 只 败 过 两 次：一 次 输 给 食 人 魔，另 一 次 输 给 黑 兽 人 大 头 目。两 次 我 都 彻 底 养 好 了 伤，自 那 以 后 再 未 尝 败。退 出 赛 场 后，我 应 坦 奎 尔 之 请 留 任 总 教 练。他 想 让 莫 德 海 姆 培 养 出 世 上 最 强 的 斗 士，好 让 钱 财 源 源 不 断 地 流 入 城 中。我 做 到 了，{playername}—— 莫 德 海 姆 的 坑 斗 士，确 是 世 上 最 凶 悍 的 战 士。
str_id_2881|在 我 父 亲 的 年 代，我 们 的 部 落 备 受 敬 畏；如 今 别 人 却 叫 我 们“坦 福 克 沙 姆 · 加 朱 姆”，兽 人 语 意 为“全 能 之 眠”。只 因 我 们 的 暴 君 懒 惰 无 能，逼 得 全 部 落 无 所 事 事。我 要 让 一 切 恢 复 往 日 光 景，重 新 夺 回 我 们 在 各 部 落 中 的 地 位。这 不 会 容 易—— 那 暴 君 虽 然 懒 散，上 次 却 把 我 打 得 惨 败。但 这 一 回，我 会 准 备 得 更 充 分。
str_id_2882|从 那 以 后，我 已 经 杀 了 一 万 多 个 敌 人—— 至 少 别 人 是 这 么 说 的，我 不 擅 长 数 数。
str_id_2883|从 那 以 后，他 们 都 声 称 拥 有 我 的 土 地 和 财 富。我 失 去 了 一 切，物 质 上 的、社 会 上 的 和 精 神 上 的。如 果 我 对 皇 帝 的 忠 诚 不 是 那 么 强 烈，我 真 的 很 想 组 建 一 支 军 队 夺 回 一 切。
str_id_2884|*叹 息*
str_id_2885|*叹 息*
str_id_2886|*叹 息*
str_id_2887|*叹 息*
str_id_2888|*叹 息*
str_id_2889|*叹 息*
str_id_2890|*叹 息*
str_id_2891|*叹 息*
str_id_2892|*叹 息*
str_id_2893|*叹 息*
str_id_2894|*叹 息*
str_id_2895|*叹 息*
str_id_2896|*叹 息*
str_id_2897|*叹 息*
str_id_2898|*叹 息*
str_id_2899|*叹 息*
str_id_2900|*叹 息*
str_id_2901|*叹 息*
str_id_2902|*叹 息*
str_id_2903|*叹 息*
str_id_2904|*叹 息*
str_id_2905|*叹 息*
str_id_2906|*叹 息*
str_id_2907|*叹 息*
str_id_2908|*叹 息*
str_id_2909|*叹 息*
str_id_2910|*叹 息*
str_id_2911|*叹 息*
str_id_2912|*叹 息*
str_id_2913|*叹 息*
str_id_2914|*叹 息*
str_id_2915|*叹 息*
str_id_2916|*叹 息*
str_id_2917|*叹 息*
str_id_2918|*叹 息*
str_id_2919|*叹 息*
str_id_2920|*叹 息*
str_id_2921|*叹 息*
str_id_2922|*叹 息*
str_id_2923|*叹 息*
str_id_2924|*叹 息*
str_id_2925|*叹 息*
str_id_2926|*叹 息*
str_id_2927|*叹 息*
str_id_2928|*叹 息*
str_id_2929|*叹 息*
str_id_2930|*叹 息*
str_id_2931|*叹 息*
str_id_2932|*叹 息*
str_id_2933|*叹 息*
str_id_2934|*叹 息*
str_id_2935|*叹 息*
str_id_2936|*叹 息*
str_id_2937|*叹 息*
str_id_2938|*叹 息*
str_id_2939|*叹 息*
str_id_2940|*叹 息*
str_id_2941|*叹 息*
str_id_2942|*叹 息*
str_id_2943|*叹 息*
str_id_2944|*叹 息*
str_id_2945|我 周 游 世 界，只 为 在 战 场 上 寻 找 最 强 大 的 对 手。你 只 需 要 知 道 这 些。
str_id_2946|我 是 阿 尔 道 夫 一 名 商 人 的 儿 子，税 收 暴 乱 后 逃 了 出 来。我 也 是 诗 人，在 一 次 豪 饮 之 后 立 誓 与 高 崔 克 同 行。
str_id_2947|我 曾 是 一 名 贴 身 护 卫，以 从 未 让 刺 客 接 近 主 人 而 闻 名 整 个 阿 拉 比。
str_id_2948|我 是 来 自 戈 鲁 特 营 地 的 治 疗 师 和 外 科 医 生。部 落 因 为 我 软 弱 而 把 我 逐 出，却 忘 了 我 的 本 领 能 把 失 去 的 力 量 还 给 别 人。
str_id_2949|我 是 地 狱 深 坑 训 练 有 素 的 刺 客，杀 人 效 率 很 高。你 只 需 要 知 道 这 些。
str_id_2950|我 是 马 提 亚 斯·图 尔 曼，猎 魔 人 大 师。我 来 这 里 是 为 了 放 逐 邪 恶，摧 毁 巫 精。
str_id_2951|我 是 布 拉 甘 扎，精 锐 雇 佣 兵，听 候 差 遣。
str_id_2952|我 来 自 穆 特 领，但 大 多 数 时 间 都 在 外 面，好 从 世 界 各 地“借”些 东 西。
str_id_2953|我 不 在 乎 自 己 或 你 来 自 哪 里，重 要 的 只 有 此 时 此 地。
str_id_2954|我 是 贝 奥 尔·熊 击，于 斯 罗 熊 人 团 的 首 领。
str_id_2955|我 是 堕 落 之 心 领 主 麾 下 的 海 军 指 挥 官。我 的 任 务 是 在 我 们 发 动 海 上 入 侵 前，尽 可 能 查 清 海 盗 的 一 切。
str_id_2956|布 尔 特 尼 克……嘶——！
str_id_2957|我 来 自 哥 隆 尼，如 今 驻 扎 在 拉 科 姆，准 备 参 加 国 王 对 阿 拉 比 与 古 墓 诸 王 的 远 征。
str_id_2958|我 只 是 个 喜 欢 弓 箭 与 骏 马 的 人，没 什 么 惊 天 动 地 的 身 世，{reg33?:}。
str_id_2959|我 来 自 强 盛 阿 拉 比 王 国 美 丽 的 马 拉 喀 什 城 堡，愿 为 你 效 劳。
str_id_2960|我 是 受 过 训 练 的 暴 风 鼠，也 以 此 为 荣。我 来 自 腐 烂 巢 穴，但 只 要 能 让 我 成 为 更 好 的 战 士，哪 里 都 愿 意 去。
str_id_2961|我 与 一 群 蒙 面 游 侠 共 同 守 护 劳 伦 洛 伦 森 林。国 王 派 我 来 到 这 里，查 明 侵 蚀 森 林 的 邪 恶 究 竟 是 什 么，并 寻 找 让 我 们 重 返 故 土 的 办 法。
str_id_2962|天 下 之 大 任 我 闯 荡 {playername}，我 可 没 空 找 个 地 方 安 家。
str_id_2963|我 来 自 亚 马 逊 雨 林。有 一 天 被 巨 蛇 追 赶 时，我 迷 路 了。
str_id_2964|没 什 么 是 你 还 不 知 道 的。我 常 年 四 处 旅 行，从 不 在 一 个 地 方 久 留，也 很 留 意 生 活 中 的 细 节。
str_id_2965|我 是 酿 酒 大 师，酿 造 传 奇 的 巴 格 曼 XXXXXX—— 那 是 你 这 辈 子 能 喝 到 最 烈、也 最 好 喝 的 麦 酒。
str_id_2966|说 实 话，队 长，我 没 有 真 正 的 家。露 丝 契 亚 的 敌 人 在 哪 里，我 就 去 哪 里。
str_id_2967|队 长，我 不 过 是 个 酒 鬼，别 管 我。
str_id_2968|我 来 自 奥 波 连 斯 克 小 村，但 整 个 世 界 都 是 我 的 家。我 四 处 旅 行，寻 找 奇 观，了 解 其 他 文 化。
str_id_2969|是 的，{reg33?:}。我 曾 是 斗 坑 冠 军，也 当 过 教 官。如 今 我 为 你 效 力，会 把 自 己 的 经 验 传 授 给 你 的 士 兵。
str_id_2970|我 来 自 悲 伤 山 脉，远 在 混 沌 荒 原 以 北。我 在 争 夺 首 领 之 位 时 败 给 了 暴 君。多 数 败 者 都 会 被 吃 掉，我 却 侥 幸 逃 生。等 准 备 好 后，我 会 回 来 把 他 彻 底 赶 下 王 座。
str_id_2971|我 是 斯 露 德，我 喜 欢 杀！死 亡！砍 伤！肢 解！毁 灭！
str_id_2972|家？甭 跟 我 提 家。
str_id_2973|我 来 自 一 个 你 可 能 没 有 听 说 过 的 地 方。
str_id_2974|我 来 自 一 个 你 可 能 没 有 听 说 过 的 地 方。
str_id_2975|我 来 自 一 个 你 可 能 没 有 听 说 过 的 地 方。
str_id_2976|我 来 自 一 个 你 可 能 没 有 听 说 过 的 地 方。
str_id_2977|我 来 自 一 个 你 可 能 没 有 听 说 过 的 地 方。
str_id_2978|我 来 自 一 个 你 可 能 没 有 听 说 过 的 地 方。
str_id_2979|我 来 自 一 个 你 可 能 没 有 听 说 过 的 地 方。
str_id_2980|我 来 自 一 个 你 可 能 没 有 听 说 过 的 地 方。
str_id_2981|我 来 自 一 个 你 可 能 没 有 听 说 过 的 地 方。
str_id_2982|我 来 自 一 个 你 可 能 没 有 听 说 过 的 地 方。
str_id_2983|我 来 自 一 个 你 可 能 没 有 听 说 过 的 地 方。
str_id_2984|我 来 自 一 个 你 可 能 没 有 听 说 过 的 地 方。
str_id_2985|我 来 自 一 个 你 可 能 没 有 听 说 过 的 地 方。
str_id_2986|我 来 自 一 个 你 可 能 没 有 听 说 过 的 地 方。
str_id_2987|我 来 自 一 个 你 可 能 没 有 听 说 过 的 地 方。
str_id_2988|我 来 自 一 个 你 可 能 没 有 听 说 过 的 地 方。
str_id_2989|我 来 自 一 个 你 可 能 没 有 听 说 过 的 地 方。
str_id_2990|我 来 自 一 个 你 可 能 没 有 听 说 过 的 地 方。
str_id_2991|我 来 自 一 个 你 可 能 没 有 听 说 过 的 地 方。
str_id_2992|我 来 自 一 个 你 可 能 没 有 听 说 过 的 地 方。
str_id_2993|我 来 自 一 个 你 可 能 没 有 听 说 过 的 地 方。
str_id_2994|我 来 自 一 个 你 可 能 没 有 听 说 过 的 地 方。
str_id_2995|我 来 自 一 个 你 可 能 没 有 听 说 过 的 地 方。
str_id_2996|我 来 自 一 个 你 可 能 没 有 听 说 过 的 地 方。
str_id_2997|我 来 自 一 个 你 可 能 没 有 听 说 过 的 地 方。
str_id_2998|我 来 自 一 个 你 可 能 没 有 听 说 过 的 地 方。
str_id_2999|我 来 自 一 个 你 可 能 没 有 听 说 过 的 地 方。
str_id_3000|我 来 自 一 个 你 可 能 没 有 听 说 过 的 地 方。
str_id_3001|我 来 自 一 个 你 可 能 没 有 听 说 过 的 地 方。
str_id_3002|我 来 自 一 个 你 可 能 没 有 听 说 过 的 地 方。
str_id_3003|我 来 自 一 个 你 可 能 没 有 听 说 过 的 地 方。
str_id_3004|我 来 自 一 个 你 可 能 没 有 听 说 过 的 地 方。
str_id_3005|我 来 自 一 个 你 可 能 没 有 听 说 过 的 地 方。
str_id_3006|我 来 自 一 个 你 可 能 没 有 听 说 过 的 地 方。
str_id_3007|我 来 自 一 个 你 可 能 没 有 听 说 过 的 地 方。
str_id_3008|我 来 自 一 个 你 可 能 没 有 听 说 过 的 地 方。
str_id_3009|我 来 自 一 个 你 可 能 没 有 听 说 过 的 地 方。
str_id_3010|我 来 自 一 个 你 可 能 没 有 听 说 过 的 地 方。
str_id_3011|我 来 自 一 个 你 可 能 没 有 听 说 过 的 地 方。
str_id_3012|我 来 自 一 个 你 可 能 没 有 听 说 过 的 地 方。
str_id_3013|我 来 自 一 个 你 可 能 没 有 听 说 过 的 地 方。
str_id_3014|我 来 自 一 个 你 可 能 没 有 听 说 过 的 地 方。
str_id_3015|我 来 自 一 个 你 可 能 没 有 听 说 过 的 地 方。
str_id_3016|我 来 自 一 个 你 可 能 没 有 听 说 过 的 地 方。
str_id_3017|我 来 自 一 个 你 可 能 没 有 听 说 过 的 地 方。
str_id_3018|我 来 自 一 个 你 可 能 没 有 听 说 过 的 地 方。
str_id_3019|我 来 自 一 个 你 可 能 没 有 听 说 过 的 地 方。
str_id_3020|我 来 自 一 个 你 可 能 没 有 听 说 过 的 地 方。
str_id_3021|我 来 自 一 个 你 可 能 没 有 听 说 过 的 地 方。
str_id_3022|我 来 自 一 个 你 可 能 没 有 听 说 过 的 地 方。
str_id_3023|我 来 自 一 个 你 可 能 没 有 听 说 过 的 地 方。
str_id_3024|我 来 自 一 个 你 可 能 没 有 听 说 过 的 地 方。
str_id_3025|我 来 自 一 个 你 可 能 没 有 听 说 过 的 地 方。
str_id_3026|我 来 自 一 个 你 可 能 没 有 听 说 过 的 地 方。
str_id_3027|我 来 自 一 个 你 可 能 没 有 听 说 过 的 地 方。
str_id_3028|我 来 自 一 个 你 可 能 没 有 听 说 过 的 地 方。
str_id_3029|我 来 自 一 个 你 可 能 没 有 听 说 过 的 地 方。
str_id_3030|我 来 自 一 个 你 可 能 没 有 听 说 过 的 地 方。
str_id_3031|我 来 自 一 个 你 可 能 没 有 听 说 过 的 地 方。
str_id_3032|我 来 自 一 个 你 可 能 没 有 听 说 过 的 地 方。
str_id_3033|我 来 自 食 人 魔 王 国 的 一 个 村 庄，离 此 足 有 千 里 之 遥。
str_id_3034|{playername}
str_id_3035|{reg33?女 士:先 生}
str_id_3036|{reg33?女 士:先 生}
str_id_3037|队 长
str_id_3038|{playername}
str_id_3039|{playername}
str_id_3040|{reg33?女 士:先 生}
str_id_3041|{playername}
str_id_3042|{playername}
str_id_3043|{playername}
str_id_3044|{playername}
str_id_3045|队 长
str_id_3046|{reg33?女 士:先 生}
str_id_3047|队 长
str_id_3048|{reg33?女 士:先 生}
str_id_3049|队 长
str_id_3050|队 长
str_id_3051|队 长
str_id_3052|队 长
str_id_3053|{playername}
str_id_3054|{playername}
str_id_3055|队 长
str_id_3056|队 长
str_id_3057|{playername}
str_id_3058|{reg33?女 士:先 生}
str_id_3059|{playername}
str_id_3060|{playername}
str_id_3061|{playername}
str_id_3062|队 长
str_id_3063|队 长
str_id_3064|队 长
str_id_3065|队 长
str_id_3066|队 长
str_id_3067|队 长
str_id_3068|队 长
str_id_3069|队 长
str_id_3070|队 长
str_id_3071|队 长
str_id_3072|队 长
str_id_3073|队 长
str_id_3074|队 长
str_id_3075|队 长
str_id_3076|队 长
str_id_3077|队 长
str_id_3078|队 长
str_id_3079|队 长
str_id_3080|队 长
str_id_3081|队 长
str_id_3082|队 长
str_id_3083|队 长
str_id_3084|队 长
str_id_3085|队 长
str_id_3086|队 长
str_id_3087|队 长
str_id_3088|队 长
str_id_3089|队 长
str_id_3090|队 长
str_id_3091|队 长
str_id_3092|队 长
str_id_3093|队 长
str_id_3094|队 长
str_id_3095|队 长
str_id_3096|队 长
str_id_3097|队 长
str_id_3098|队 长
str_id_3099|队 长
str_id_3100|队 长
str_id_3101|队 长
str_id_3102|兽 群 领 袖
str_id_3103|队 长
str_id_3104|队 长
str_id_3105|队 长
str_id_3106|队 长
str_id_3107|队 长
str_id_3108|队 长
str_id_3109|队 长
str_id_3110|队 长
str_id_3111|队 长
str_id_3112|队 长
str_id_3113|队 长
str_id_3114|队 长
str_id_3115|队 长
str_id_3116|队 长
str_id_3117|队 长
str_id_3118|队 长
str_id_3119|队 长
str_id_3120|队 长
str_id_3121|队 长
str_id_3122|{playername}
str_id_3123|你 爱 干 嘛 干 嘛，想 当 谁 的 王 我 都 不 在 乎。你 要 真 这 么 想，我 支 持 你 就 是，但 别 指 望 我 卑 躬 屈 膝。
str_id_3124|嗯，{reg33?女 皇 :国 王 }—— 我 愿 意 支 持 你。我 相 信，你 能 为 人 民 带 来 他 们 渴 望 已 久 的 开 明 统 治。
str_id_3125|能 再 次 护 卫 明 主 是 我 的 荣 幸，我 当 然 支 持 您。
str_id_3126|嗯，{reg33?女 皇 :国 王 }，我 相 信 你 会 成 为 一 位 值 得 我 这 样 的 善 良 之 人 骄 傲 地 追 随 上 阵 的 {reg33?:}……
str_id_3127|想 当 国 王？国 王 给 钱 更 爽 快，这 个 我 支 持。
str_id_3128|您 这 王 位 合 不 合 法 我 说 不 好。但 您 是 个 狠 角 色，清 剿 祸 害 毫 不 手 软，跟 着 您 百 姓 能 安 稳 过 日 子，这 年 头 可 稀 罕 了。
str_id_3129|只 要 你 清 楚 自 个 儿 在 干 嘛，我 就 没 意 见。
str_id_3130|没 问 题，您 干 脆 让 我 管 钱 袋 子 得 了？我 保 准 把 您 的 金 币 看 得 牢 牢 的。
str_id_3131|想 要 就 抢 呗。你 跟 我 并 肩 作 战 过，胜 算 不 小，等 分 战 利 品 时 别 忘 了 是 谁 帮 你 上 位 的。
str_id_3132|谁 当 王 谁 当 后 我 都 不 关 心，既 然 您 想 这 么 干，我 这 次 就 由 着 您。
str_id_3133|宁 可 让 您 这 外 乡 人 当 王，也 比 现 在 那 帮 强。放 心，我 的 人 脉 能 帮 您 拉 到 大 把 支 持。
str_id_3134|是。
str_id_3135|那 可 是 一 桩 美 谈，{reg33?女 皇 :国 王 }！自 古 便 有 许 多 英 雄 凭 借 勇 武 证 明 自 己 配 得 上 王 冠。
str_id_3136|我 向 来 信 不 过 那 些 争 权 夺 势 的，但 您 例 外，您 肯 定 能 成 为 明 君。
str_id_3137|嗯，只 要 可 能，你 一 般 都 会 遵 守 高 尚 的 准 则。在 我 看 来，这 就 是 当 国 王 的 最 佳 资 格 了。你 还 挺 尊 重 别 人 的 权 利 的。
str_id_3138|为 什 么 不 呢，队 长？我 相 信 你 会 成 为 一 位 出 色 的{reg33?女 皇 :国 王 }—— 当 然，也 希 望 你 不 要 忘 记 像 我 这 样 在 你 争 夺 王 位 时 流 血 出 力 的 小 人 物。
str_id_3139|我 不 是 外 交 官，但 会 尽 力 而 为。我 将 前 往 奥 苏 安，向 高 等 精 灵 同 胞 讲 述 你 的 事 迹 与 君 主 应 有 的 品 质。若 高 等 精 灵 愿 意 接 纳 你，其 他 人 通 常 也 会 跟 随。
str_id_3140|给 国 王 打 仗 好 像 挺 好 玩 的，我 加 入。海 盗 们 肯 听 我 的，我 吱 一 声 他 们 就 挺 你 争 王 位。
str_id_3141|我 能 帮 上 忙 的 地 方，一 定 尽 力。
str_id_3142|人 得 自 个 儿 挣 运 气，要 是 你 命 里 该 当 世 界 的 统 治 者，那 就 恭 喜 咯。
str_id_3143|对 对，我 发 句 话，老 百 姓 准 夸 你 争 王 位 争 得 好。我 好 歹 是 个 名 人，不 用 白 不 用。
str_id_3144|这 年 头 当 统 治 者 可 不 如 从 前 啦。早 先 太 平 岁 月，尽 是 风 光 享 福。现 在 倒 好，整 天 打 仗 守 边 疆。你 要 是 乐 意 过 这 种 日 子，那 就 随 你 吧。
str_id_3145|只 要 这 是 你 想 要 的，我 便 替 你 办 到，{reg33?女 皇 :国 王 }。
str_id_3146|我 挺 你，也 给 你 出 主 意，外 交 上 的 事 儿 包 我 身 上。
str_id_3147|能 够 侍 奉 一 位{reg33?女 皇 :国 王 }，将 是 我 为 家 族 名 誉 增 添 的 又 一 项 荣 耀。我 当 然 愿 意 帮 助 你。
str_id_3148|这 下 世 界 得 适 应 俩 新 头 儿 了，你 跟 我，真 没 想 到 哇！就 当 我 是 铁 杆 盟 友 呗。
str_id_3149|你 若 要 做{reg33?女 皇 :国 王 }，那 你 便 是{reg33?:}。谁 敢 说 不 是，我 绝 不 会 答 应。
str_id_3150|在 无 人 肯 收 留 我 时，是 你 接 纳 了 我。我 当 然 会 支 持 你 对{reg33?女 皇 :国 王 }之 位 的 宣 称。
str_id_3151|有 何 不 可，队 长？我 相 信 你 会 成 为 一 位 出 色 的 {reg33?女 王 :王 }—— 当 然，也 希 望 你 登 上 王 位 后，不 会 忘 记 像 我 这 样 曾 助 你 一 臂 之 力 的 小 人 物。
str_id_3152|有 何 不 可，队 长？我 相 信 你 会 成 为 一 位 出 色 的 {reg33?女 王 :王 }—— 当 然，也 希 望 你 登 上 王 位 后，不 会 忘 记 像 我 这 样 曾 助 你 一 臂 之 力 的 小 人 物。
str_id_3153|有 何 不 可，队 长？我 相 信 你 会 成 为 一 位 出 色 的 {reg33?女 王 :王 }—— 当 然，也 希 望 你 登 上 王 位 后，不 会 忘 记 像 我 这 样 曾 助 你 一 臂 之 力 的 小 人 物。
str_id_3154|有 何 不 可，队 长？我 相 信 你 会 成 为 一 位 出 色 的 {reg33?女 王 :王 }—— 当 然，也 希 望 你 登 上 王 位 后，不 会 忘 记 像 我 这 样 曾 助 你 一 臂 之 力 的 小 人 物。
str_id_3155|有 何 不 可，队 长？我 相 信 你 会 成 为 一 位 出 色 的 {reg33?女 王 :王 }—— 当 然，也 希 望 你 登 上 王 位 后，不 会 忘 记 像 我 这 样 曾 助 你 一 臂 之 力 的 小 人 物。
str_id_3156|有 何 不 可，队 长？我 相 信 你 会 成 为 一 位 出 色 的 {reg33?女 王 :王 }—— 当 然，也 希 望 你 登 上 王 位 后，不 会 忘 记 像 我 这 样 曾 助 你 一 臂 之 力 的 小 人 物。
str_id_3157|有 何 不 可，队 长？我 相 信 你 会 成 为 一 位 出 色 的 {reg33?女 王 :王 }—— 当 然，也 希 望 你 登 上 王 位 后，不 会 忘 记 像 我 这 样 曾 助 你 一 臂 之 力 的 小 人 物。
str_id_3158|有 何 不 可，队 长？我 相 信 你 会 成 为 一 位 出 色 的 {reg33?女 王 :王 }—— 当 然，也 希 望 你 登 上 王 位 后，不 会 忘 记 像 我 这 样 曾 助 你 一 臂 之 力 的 小 人 物。
str_id_3159|有 何 不 可，队 长？我 相 信 你 会 成 为 一 位 出 色 的 {reg33?女 王 :王 }—— 当 然，也 希 望 你 登 上 王 位 后，不 会 忘 记 像 我 这 样 曾 助 你 一 臂 之 力 的 小 人 物。
str_id_3160|有 何 不 可，队 长？我 相 信 你 会 成 为 一 位 出 色 的 {reg33?女 王 :王 }—— 当 然，也 希 望 你 登 上 王 位 后，不 会 忘 记 像 我 这 样 曾 助 你 一 臂 之 力 的 小 人 物。
str_id_3161|有 何 不 可，队 长？我 相 信 你 会 成 为 一 位 出 色 的 {reg33?女 王 :王 }—— 当 然，也 希 望 你 登 上 王 位 后，不 会 忘 记 像 我 这 样 曾 助 你 一 臂 之 力 的 小 人 物。
str_id_3162|有 何 不 可，队 长？我 相 信 你 会 成 为 一 位 出 色 的 {reg33?女 王 :王 }—— 当 然，也 希 望 你 登 上 王 位 后，不 会 忘 记 像 我 这 样 曾 助 你 一 臂 之 力 的 小 人 物。
str_id_3163|有 何 不 可，队 长？我 相 信 你 会 成 为 一 位 出 色 的 {reg33?女 王 :王 }—— 当 然，也 希 望 你 登 上 王 位 后，不 会 忘 记 像 我 这 样 曾 助 你 一 臂 之 力 的 小 人 物。
str_id_3164|有 何 不 可，队 长？我 相 信 你 会 成 为 一 位 出 色 的 {reg33?女 王 :王 }—— 当 然，也 希 望 你 登 上 王 位 后，不 会 忘 记 像 我 这 样 曾 助 你 一 臂 之 力 的 小 人 物。
str_id_3165|有 何 不 可，队 长？我 相 信 你 会 成 为 一 位 出 色 的 {reg33?女 王 :王 }—— 当 然，也 希 望 你 登 上 王 位 后，不 会 忘 记 像 我 这 样 曾 助 你 一 臂 之 力 的 小 人 物。
str_id_3166|有 何 不 可，队 长？我 相 信 你 会 成 为 一 位 出 色 的 {reg33?女 王 :王 }—— 当 然，也 希 望 你 登 上 王 位 后，不 会 忘 记 像 我 这 样 曾 助 你 一 臂 之 力 的 小 人 物。
str_id_3167|有 何 不 可，队 长？我 相 信 你 会 成 为 一 位 出 色 的 {reg33?女 王 :王 }—— 当 然，也 希 望 你 登 上 王 位 后，不 会 忘 记 像 我 这 样 曾 助 你 一 臂 之 力 的 小 人 物。
str_id_3168|有 何 不 可，队 长？我 相 信 你 会 成 为 一 位 出 色 的 {reg33?女 王 :王 }—— 当 然，也 希 望 你 登 上 王 位 后，不 会 忘 记 像 我 这 样 曾 助 你 一 臂 之 力 的 小 人 物。
str_id_3169|有 何 不 可，队 长？我 相 信 你 会 成 为 一 位 出 色 的 {reg33?女 王 :王 }—— 当 然，也 希 望 你 登 上 王 位 后，不 会 忘 记 像 我 这 样 曾 助 你 一 臂 之 力 的 小 人 物。
str_id_3170|有 何 不 可，队 长？我 相 信 你 会 成 为 一 位 出 色 的 {reg33?女 王 :王 }—— 当 然，也 希 望 你 登 上 王 位 后，不 会 忘 记 像 我 这 样 曾 助 你 一 臂 之 力 的 小 人 物。
str_id_3171|有 何 不 可，队 长？我 相 信 你 会 成 为 一 位 出 色 的 {reg33?女 王 :王 }—— 当 然，也 希 望 你 登 上 王 位 后，不 会 忘 记 像 我 这 样 曾 助 你 一 臂 之 力 的 小 人 物。
str_id_3172|有 何 不 可，队 长？我 相 信 你 会 成 为 一 位 出 色 的 {reg33?女 王 :王 }—— 当 然，也 希 望 你 登 上 王 位 后，不 会 忘 记 像 我 这 样 曾 助 你 一 臂 之 力 的 小 人 物。
str_id_3173|有 何 不 可，队 长？我 相 信 你 会 成 为 一 位 出 色 的 {reg33?女 王 :王 }—— 当 然，也 希 望 你 登 上 王 位 后，不 会 忘 记 像 我 这 样 曾 助 你 一 臂 之 力 的 小 人 物。
str_id_3174|有 何 不 可，队 长？我 相 信 你 会 成 为 一 位 出 色 的 {reg33?女 王 :王 }—— 当 然，也 希 望 你 登 上 王 位 后，不 会 忘 记 像 我 这 样 曾 助 你 一 臂 之 力 的 小 人 物。
str_id_3175|有 何 不 可，队 长？我 相 信 你 会 成 为 一 位 出 色 的 {reg33?女 王 :王 }—— 当 然，也 希 望 你 登 上 王 位 后，不 会 忘 记 像 我 这 样 曾 助 你 一 臂 之 力 的 小 人 物。
str_id_3176|有 何 不 可，队 长？我 相 信 你 会 成 为 一 位 出 色 的 {reg33?女 王 :王 }—— 当 然，也 希 望 你 登 上 王 位 后，不 会 忘 记 像 我 这 样 曾 助 你 一 臂 之 力 的 小 人 物。
str_id_3177|有 何 不 可，队 长？我 相 信 你 会 成 为 一 位 出 色 的 {reg33?女 王 :王 }—— 当 然，也 希 望 你 登 上 王 位 后，不 会 忘 记 像 我 这 样 曾 助 你 一 臂 之 力 的 小 人 物。
str_id_3178|有 何 不 可，队 长？我 相 信 你 会 成 为 一 位 出 色 的 {reg33?女 王 :王 }—— 当 然，也 希 望 你 登 上 王 位 后，不 会 忘 记 像 我 这 样 曾 助 你 一 臂 之 力 的 小 人 物。
str_id_3179|有 何 不 可，队 长？我 相 信 你 会 成 为 一 位 出 色 的 {reg33?女 王 :王 }—— 当 然，也 希 望 你 登 上 王 位 后，不 会 忘 记 像 我 这 样 曾 助 你 一 臂 之 力 的 小 人 物。
str_id_3180|有 何 不 可，队 长？我 相 信 你 会 成 为 一 位 出 色 的 {reg33?女 王 :王 }—— 当 然，也 希 望 你 登 上 王 位 后，不 会 忘 记 像 我 这 样 曾 助 你 一 臂 之 力 的 小 人 物。
str_id_3181|有 何 不 可，队 长？我 相 信 你 会 成 为 一 位 出 色 的 {reg33?女 王 :王 }—— 当 然，也 希 望 你 登 上 王 位 后，不 会 忘 记 像 我 这 样 曾 助 你 一 臂 之 力 的 小 人 物。
str_id_3182|有 何 不 可，队 长？我 相 信 你 会 成 为 一 位 出 色 的 {reg33?女 王 :王 }—— 当 然，也 希 望 你 登 上 王 位 后，不 会 忘 记 像 我 这 样 曾 助 你 一 臂 之 力 的 小 人 物。
str_id_3183|有 何 不 可，队 长？我 相 信 你 会 成 为 一 位 出 色 的 {reg33?女 王 :王 }—— 当 然，也 希 望 你 登 上 王 位 后，不 会 忘 记 像 我 这 样 曾 助 你 一 臂 之 力 的 小 人 物。
str_id_3184|有 何 不 可，队 长？我 相 信 你 会 成 为 一 位 出 色 的 {reg33?女 王 :王 }—— 当 然，也 希 望 你 登 上 王 位 后，不 会 忘 记 像 我 这 样 曾 助 你 一 臂 之 力 的 小 人 物。
str_id_3185|有 何 不 可，队 长？我 相 信 你 会 成 为 一 位 出 色 的 {reg33?女 王 :王 }—— 当 然，也 希 望 你 登 上 王 位 后，不 会 忘 记 像 我 这 样 曾 助 你 一 臂 之 力 的 小 人 物。
str_id_3186|有 何 不 可，队 长？我 相 信 你 会 成 为 一 位 出 色 的 {reg33?女 王 :王 }—— 当 然，也 希 望 你 登 上 王 位 后，不 会 忘 记 像 我 这 样 曾 助 你 一 臂 之 力 的 小 人 物。
str_id_3187|有 何 不 可，队 长？我 相 信 你 会 成 为 一 位 出 色 的 {reg33?女 王 :王 }—— 当 然，也 希 望 你 登 上 王 位 后，不 会 忘 记 像 我 这 样 曾 助 你 一 臂 之 力 的 小 人 物。
str_id_3188|有 何 不 可，队 长？我 相 信 你 会 成 为 一 位 出 色 的 {reg33?女 王 :王 }—— 当 然，也 希 望 你 登 上 王 位 后，不 会 忘 记 像 我 这 样 曾 助 你 一 臂 之 力 的 小 人 物。
str_id_3189|有 何 不 可，队 长？我 相 信 你 会 成 为 一 位 出 色 的 {reg33?女 王 :王 }—— 当 然，也 希 望 你 登 上 王 位 后，不 会 忘 记 像 我 这 样 曾 助 你 一 臂 之 力 的 小 人 物。
str_id_3190|有 何 不 可，队 长？我 相 信 你 会 成 为 一 位 出 色 的 {reg33?女 王 :王 }—— 当 然，也 希 望 你 登 上 王 位 后，不 会 忘 记 像 我 这 样 曾 助 你 一 臂 之 力 的 小 人 物。
str_id_3191|有 何 不 可，队 长？我 相 信 你 会 成 为 一 位 出 色 的 {reg33?女 王 :王 }—— 当 然，也 希 望 你 登 上 王 位 后，不 会 忘 记 像 我 这 样 曾 助 你 一 臂 之 力 的 小 人 物。
str_id_3192|有 何 不 可，队 长？我 相 信 你 会 成 为 一 位 出 色 的 {reg33?女 王 :王 }—— 当 然，也 希 望 你 登 上 王 位 后，不 会 忘 记 像 我 这 样 曾 助 你 一 臂 之 力 的 小 人 物。
str_id_3193|有 何 不 可，队 长？我 相 信 你 会 成 为 一 位 出 色 的 {reg33?女 王 :王 }—— 当 然，也 希 望 你 登 上 王 位 后，不 会 忘 记 像 我 这 样 曾 助 你 一 臂 之 力 的 小 人 物。
str_id_3194|有 何 不 可，队 长？我 相 信 你 会 成 为 一 位 出 色 的 {reg33?女 王 :王 }—— 当 然，也 希 望 你 登 上 王 位 后，不 会 忘 记 像 我 这 样 曾 助 你 一 臂 之 力 的 小 人 物。
str_id_3195|有 何 不 可，队 长？我 相 信 你 会 成 为 一 位 出 色 的 {reg33?女 王 :王 }—— 当 然，也 希 望 你 登 上 王 位 后，不 会 忘 记 像 我 这 样 曾 助 你 一 臂 之 力 的 小 人 物。
str_id_3196|有 何 不 可，队 长？我 相 信 你 会 成 为 一 位 出 色 的 {reg33?女 王 :王 }—— 当 然，也 希 望 你 登 上 王 位 后，不 会 忘 记 像 我 这 样 曾 助 你 一 臂 之 力 的 小 人 物。
str_id_3197|有 何 不 可，队 长？我 相 信 你 会 成 为 一 位 出 色 的 {reg33?女 王 :王 }—— 当 然，也 希 望 你 登 上 王 位 后，不 会 忘 记 像 我 这 样 曾 助 你 一 臂 之 力 的 小 人 物。
str_id_3198|有 何 不 可，队 长？我 相 信 你 会 成 为 一 位 出 色 的 {reg33?女 王 :王 }—— 当 然，也 希 望 你 登 上 王 位 后，不 会 忘 记 像 我 这 样 曾 助 你 一 臂 之 力 的 小 人 物。
str_id_3199|有 何 不 可，队 长？我 相 信 你 会 成 为 一 位 出 色 的 {reg33?女 王 :王 }—— 当 然，也 希 望 你 登 上 王 位 后，不 会 忘 记 像 我 这 样 曾 助 你 一 臂 之 力 的 小 人 物。
str_id_3200|有 何 不 可，队 长？我 相 信 你 会 成 为 一 位 出 色 的 {reg33?女 王 :王 }—— 当 然，也 希 望 你 登 上 王 位 后，不 会 忘 记 像 我 这 样 曾 助 你 一 臂 之 力 的 小 人 物。
str_id_3201|有 何 不 可，队 长？我 相 信 你 会 成 为 一 位 出 色 的 {reg33?女 王 :王 }—— 当 然，也 希 望 你 登 上 王 位 后，不 会 忘 记 像 我 这 样 曾 助 你 一 臂 之 力 的 小 人 物。
str_id_3202|有 何 不 可，队 长？我 相 信 你 会 成 为 一 位 出 色 的 {reg33?女 王 :王 }—— 当 然，也 希 望 你 登 上 王 位 后，不 会 忘 记 像 我 这 样 曾 助 你 一 臂 之 力 的 小 人 物。
str_id_3203|有 何 不 可，队 长？我 相 信 你 会 成 为 一 位 出 色 的 {reg33?女 王 :王 }—— 当 然，也 希 望 你 登 上 王 位 后，不 会 忘 记 像 我 这 样 曾 助 你 一 臂 之 力 的 小 人 物。
str_id_3204|有 何 不 可，队 长？我 相 信 你 会 成 为 一 位 出 色 的 {reg33?女 王 :王 }—— 当 然，也 希 望 你 登 上 王 位 后，不 会 忘 记 像 我 这 样 曾 助 你 一 臂 之 力 的 小 人 物。
str_id_3205|有 何 不 可，队 长？我 相 信 你 会 成 为 一 位 出 色 的 {reg33?女 王 :王 }—— 当 然，也 希 望 你 登 上 王 位 后，不 会 忘 记 像 我 这 样 曾 助 你 一 臂 之 力 的 小 人 物。
str_id_3206|有 何 不 可，队 长？我 相 信 你 会 成 为 一 位 出 色 的 {reg33?女 王 :王 }—— 当 然，也 希 望 你 登 上 王 位 后，不 会 忘 记 像 我 这 样 曾 助 你 一 臂 之 力 的 小 人 物。
str_id_3207|有 何 不 可，队 长？我 相 信 你 会 成 为 一 位 出 色 的 {reg33?女 王 :王 }—— 当 然，也 希 望 你 登 上 王 位 后，不 会 忘 记 像 我 这 样 曾 助 你 一 臂 之 力 的 小 人 物。
str_id_3208|有 何 不 可，队 长？我 相 信 你 会 成 为 一 位 出 色 的 {reg33?女 王 :王 }—— 当 然，也 希 望 你 登 上 王 位 后，不 会 忘 记 像 我 这 样 曾 助 你 一 臂 之 力 的 小 人 物。
str_id_3209|有 何 不 可，队 长？我 相 信 你 会 成 为 一 位 出 色 的 {reg33?女 王 :王 }—— 当 然，也 希 望 你 登 上 王 位 后，不 会 忘 记 像 我 这 样 曾 助 你 一 臂 之 力 的 小 人 物。
str_id_3210|有 何 不 可，队 长？我 相 信 你 会 成 为 一 位 出 色 的 {reg33?女 王 :王 }—— 当 然，也 希 望 你 登 上 王 位 后，不 会 忘 记 像 我 这 样 曾 助 你 一 臂 之 力 的 小 人 物。
str_id_3211|为 什 么 不 呢，队 长？我 确 信 你 会 成 为 一 位 出 色 的 {reg33?女 王 :王 }—— 当 然，我 希 望 你 记 得 像 我 这 样 体 型 正 好 的 人，在 你 争 夺 王 位 时 帮 了 你 一 把。
str_id_3212|如 果 你 必 须 这 么 做，但 别 指 望 我 会 容 忍 你 像 其 他 国 王 那 样 无 所 事 事、只 顾 打 扮 和 空 谈。你 当 初 请 我 加 入 时，可 是 保 证 过 我 们 要 挑 战 最 强 对 手 的。
str_id_3213|当 然，{reg33?女 士 :先 生 }，我 会 支 持 您，很 多 地 方 都 需 要 您 这 样 的 统 治 者。但 前 提 是 您 必 须 与 帝 国 和 平 相 处，甚 至 结 盟。我 们 周 围 全 是 敌 人，战 火 不 断，有 些 村 子 除 了 打 仗 啥 都 不 知 道。要 是 帮 您 成 了 皇 帝 的 新 对 头，我 良 心 过 不 去。
str_id_3214|在 这 个 世 界 宣 称 统 治 权，也 等 于 把 自 己 变 成 刺 杀 目 标。许 多 强 大 的 国 王 与 领 袖 会 设 法 除 掉 你，我 担 心 敌 人 太 多，连 我 也 无 法 护 你 周 全。这 真 的 值 得 冒 险 吗？
str_id_3215|无 论 谁 来 评 判，你 都 会 成 为 出 色 的 统 治 者。若 真 心 希 望 百 姓 过 得 更 好，可 以 任 命 我 为 军 医 总 管，我 会 训 练 大 批 治 疗 者，为 军 队 和 人 民 服 务。
str_id_3216|我 会 支 持 你，但 在 你 正 式 宣 称 王 位 前，应 该 先 确 保 王 国 安 全。允 许 我 建 立 刺 客 行 会，训 练 许 多 服 从 我 的 斯 卡 文，也 就 是 服 从 你 的 斯 卡 文。
str_id_3217|只 要 你 保 证 日 后 的 征 服 只 针 对 邪 恶 种 族，而 不 会 攻 击 帝 国 和 矮 人 等 善 良 高 贵 的 势 力，我 就 支 持 你。
str_id_3218|好，队 长，但 别 不 自 量 力。跟 这 世 界 的 那 些 老 牌 国 王 比，你 兵 少 名 微。搞 不 好 权 没 争 到，先 玩 完 了。
str_id_3219|我 愿 意，但 有 一 个 条 件：总 有 一 天，你 要 征 服 整 个 露 丝 契 亚，让 我 自 由 探 索 其 中 所 有 地 下 城 和 神 殿。听 起 来 很 有 趣。
str_id_3220|我 也 许 会 支 持 你，但 别 突 然 摆 出 一 副 高 高 在 上、道 德 无 瑕 的 样 子。太 多 统 治 者 装 得 自 己 从 没 干 过 臭 事，可 他 们 的 过 去 明 明 不 是 那 么 回 事。
str_id_3221|要 当 王 就 当 真 王，别 学 那 些 整 天 琢 磨 言 语 权 术 的 国 王。是 该 打 就 打，抢 地 盘，不 然 我 可 不 帮 你。
str_id_3222|你 必 须 向 我 发 誓，绝 不 投 入 力 量 建 设 海 军。海 洋 属 于 我 们，不 能 允 许 新 的 海 上 强 权 出 现。发 誓，我 就 支 持 你。
str_id_3223|是。
str_id_3224|身 为 {reg33?女 王:国 王}，绝 不 只 是 统 领 军 队。你 还 必 须 以 最 高 的 荣 誉 与 理 性，处 理 自 身 言 行 和 国 家 政 务。我 不 确 定 你 是 否 已 准 备 好 承 担 如 此 重 任；但 如 今 崛 起 的 许 多 人，若 真 掌 权，必 会 成 为 可 怕 的 暴 君，而 他 们 偏 偏 有 可 能 得 逞。也 许 支 持 你 才 是 更 审 慎 的 选 择—— 前 提 是 你 发 誓，要 成 为 一 位 公 正 而 有 荣 誉 的 {reg33?女 王:国 王}。{reg33?:}{reg33?:}
str_id_3225|我 当 然 会 支 持 你，不 过 我 有 一 个 请 求。
str_id_3226|我 愿 意。人 们 也 许 会 说，你 的 血 管 里 没 有 王 族 之 血；可 据 我 所 见，所 谓 王 族 血 统 只 会 养 出 吝 啬 鬼。国 王 与 贵 族 借 债、兴 建 工 程，却 从 不 考 虑 怎 样 偿 还 那 些 辛 苦 一 天、只 想 吃 顿 饱 饭 的 平 民。要 我 说，诚 实 正 直 才 能 造 就 真 正 的 君 主，而 不 是 一 纸 华 丽 的 血 统。
str_id_3227|只 要 任 命 我 为 你 的 贴 身 卫 队 长，我 便 乐 意 四 处 传 颂 你 的 威 名。如 此 显 赫 的 职 位，我 定 能 胜 任。
str_id_3228|只 要 你 支 持 我，我 就 支 持 你。若 侵 扰 我 们 土 地 的 力 量 确 实 来 自 希 尔 瓦 尼 亚，他 们 的 军 队 也 许 会 起 兵 进 攻，到 时 我 们 必 须 正 面 迎 战。若 真 到 了 那 一 步，我 们 需 要 盟 友—— 像 你 这 样 强 大 的 盟 友……
str_id_3229|统 治 是 男 人 的 梦 想，但 我 一 直 想 要 某 个 地 方 的 一 个 小 岛，我 可 以 称 之 为 自 己 的 并 按 我 的 意 愿 统 治。如 果 我 帮 助 你 成 为 统 治 者，我 希 望 有 一 天 你 能 满 足 我 的 愿 望。
str_id_3230|当 然 可 以。不 过 容 我 冒 昧 问 一 句：等 我 与 弗 罗 林 结 婚 时，你 能 否 代 替 家 人 把 我 交 给 他？当 然，婚 礼 是 哪 一 天 还 没 定，但 我 相 信 不 会 太 久。
str_id_3231|当 然 可 以。不 过，也 许 你 能 帮 我 一 个 忙。我 已 经 偿 清 了 欠 那 些 危 险 人 物 的 债，可 他 们 仍 想 方 设 法 敲 诈 我。我 真 希 望 从 未 遇 见 过 他 们；为 了 自 己 的 安 全 和 钱 袋，我 必 须 让 他 们 从 我 的 生 活 中 消 失。他 们 不 会 听 普 通 人 的 话，但 也 许 会 听 一 位 君 主 的。你 能 替 我 和 他 们 谈 谈 吗？
str_id_3232|贵 族 的 支 持 能 让 你 的 船 下 水，平 民 的 支 持 才 能 让 它 一 直 漂 着。想 让 人 们 为 你 战 斗、劳 作 并 称 赞 你，就 得 让 他 们 因 为 成 为 你 的 臣 民 而 生 活 更 富 足。告 诉 他 们 你 会 修 建 学 校 和 道 路，也 会 降 低 麦 酒 税，让 大 家 喝 得 起 最 爱 的 佳 酿，我 相 信 许 多 人 都 会 渴 望 接 受 你 的 统 治。你 意 下 如 何？
str_id_3233|我 可 以 利 用 影 响 力 替 你 的 王 位 主 张 争 取 支 持，但 你 必 须 发 誓 永 不 入 侵 我 的 祖 国。尊 重 我 们 的 主 权，我 便 支 持 你。
str_id_3234|当 然，队 长。只 要 你 愿 意 出 钱，我 便 一 家 家 酒 馆 喝 过 去，走 到 哪 里 都 高 声 赞 颂 你 的 名 字。
str_id_3235|渴 望 权 力 的 人 很 多，愿 意 用 权 力 造 福 人 民 的 人 却 很 少；愿 意 考 虑 其 他 国 家 福 祉 的 人 更 少。这 个 世 界 需 要 新 的 国 际 领 袖，带 领 各 国 为 共 同 目 标 努 力。
str_id_3236|新 权 力 崛 起 之 处，战 争 总 会 随 之 而 来。你 若 宣 布 自 己 是 什 么 大 过 茅 屋 的 地 方 的{reg33?:}，许 多 势 力 都 会 立 刻 向 你 发 难。
str_id_3237|你 想 用 条 件 换 取 我 的 支 持？那 么 我 也 提 出 交 易：等 我 准 备 离 开、夺 回 自 己 的 王 国 时，你 必 须 陪 我 出 征，帮 助 我 赢 回 来。你 同 意 吗？
str_id_3238|我 希 望 你 成 为{reg33?:}，那 就 意 味 着 更 多 战 斗、更 多 围 城。敌 人 会 蜂 拥 到 我 们 的 城 门 前—— 我 喜 欢 这 样。
str_id_3239|我 曾 以 为，自 己 绝 不 会 追 随 皇 帝 以 外 的 任 何 人；可 他 已 不 可 能 再 让 我 重 获 信 任。若 我 必 须 转 而 效 忠 他 人，那 就 选 你。但 你 必 须 发 誓，要 做 一 位 忠 诚 可 信 的 国 王。
str_id_3240|我 会 向 四 方 宣 扬，你 才 是 理 应 执 掌 王 权 之 人。
str_id_3241|我 会 向 四 方 宣 扬，你 才 是 理 应 执 掌 王 权 之 人。
str_id_3242|我 会 向 四 方 宣 扬，你 才 是 理 应 执 掌 王 权 之 人。
str_id_3243|我 会 向 四 方 宣 扬，你 才 是 理 应 执 掌 王 权 之 人。
str_id_3244|我 会 向 四 方 宣 扬，你 才 是 理 应 执 掌 王 权 之 人。
str_id_3245|我 会 向 四 方 宣 扬，你 才 是 理 应 执 掌 王 权 之 人。
str_id_3246|我 会 向 四 方 宣 扬，你 才 是 理 应 执 掌 王 权 之 人。
str_id_3247|我 会 向 四 方 宣 扬，你 才 是 理 应 执 掌 王 权 之 人。
str_id_3248|我 会 向 四 方 宣 扬，你 才 是 理 应 执 掌 王 权 之 人。
str_id_3249|我 会 向 四 方 宣 扬，你 才 是 理 应 执 掌 王 权 之 人。
str_id_3250|我 会 向 四 方 宣 扬，你 才 是 理 应 执 掌 王 权 之 人。
str_id_3251|我 会 向 四 方 宣 扬，你 才 是 理 应 执 掌 王 权 之 人。
str_id_3252|我 会 向 四 方 宣 扬，你 才 是 理 应 执 掌 王 权 之 人。
str_id_3253|我 会 向 四 方 宣 扬，你 才 是 理 应 执 掌 王 权 之 人。
str_id_3254|我 会 向 四 方 宣 扬，你 才 是 理 应 执 掌 王 权 之 人。
str_id_3255|我 会 向 四 方 宣 扬，你 才 是 理 应 执 掌 王 权 之 人。
str_id_3256|我 会 向 四 方 宣 扬，你 才 是 理 应 执 掌 王 权 之 人。
str_id_3257|我 会 向 四 方 宣 扬，你 才 是 理 应 执 掌 王 权 之 人。
str_id_3258|我 会 向 四 方 宣 扬，你 才 是 理 应 执 掌 王 权 之 人。
str_id_3259|我 会 向 四 方 宣 扬，你 才 是 理 应 执 掌 王 权 之 人。
str_id_3260|我 会 向 四 方 宣 扬，你 才 是 理 应 执 掌 王 权 之 人。
str_id_3261|我 会 向 四 方 宣 扬，你 才 是 理 应 执 掌 王 权 之 人。
str_id_3262|我 会 向 四 方 宣 扬，你 才 是 理 应 执 掌 王 权 之 人。
str_id_3263|我 会 向 四 方 宣 扬，你 才 是 理 应 执 掌 王 权 之 人。
str_id_3264|我 会 向 四 方 宣 扬，你 才 是 理 应 执 掌 王 权 之 人。
str_id_3265|我 会 向 四 方 宣 扬，你 才 是 理 应 执 掌 王 权 之 人。
str_id_3266|我 会 向 四 方 宣 扬，你 才 是 理 应 执 掌 王 权 之 人。
str_id_3267|我 会 向 四 方 宣 扬，你 才 是 理 应 执 掌 王 权 之 人。
str_id_3268|我 会 向 四 方 宣 扬，你 才 是 理 应 执 掌 王 权 之 人。
str_id_3269|我 会 向 四 方 宣 扬，你 才 是 理 应 执 掌 王 权 之 人。
str_id_3270|我 会 向 四 方 宣 扬，你 才 是 理 应 执 掌 王 权 之 人。
str_id_3271|我 会 向 四 方 宣 扬，你 才 是 理 应 执 掌 王 权 之 人。
str_id_3272|我 会 向 四 方 宣 扬，你 才 是 理 应 执 掌 王 权 之 人。
str_id_3273|我 会 向 四 方 宣 扬，你 才 是 理 应 执 掌 王 权 之 人。
str_id_3274|我 会 向 四 方 宣 扬，你 才 是 理 应 执 掌 王 权 之 人。
str_id_3275|我 会 向 四 方 宣 扬，你 才 是 理 应 执 掌 王 权 之 人。
str_id_3276|我 会 向 四 方 宣 扬，你 才 是 理 应 执 掌 王 权 之 人。
str_id_3277|我 会 向 四 方 宣 扬，你 才 是 理 应 执 掌 王 权 之 人。
str_id_3278|我 会 向 四 方 宣 扬，你 才 是 理 应 执 掌 王 权 之 人。
str_id_3279|我 会 向 四 方 宣 扬，你 才 是 理 应 执 掌 王 权 之 人。
str_id_3280|我 会 向 四 方 宣 扬，你 才 是 理 应 执 掌 王 权 之 人。
str_id_3281|我 会 向 四 方 宣 扬，你 才 是 理 应 执 掌 王 权 之 人。
str_id_3282|我 会 向 四 方 宣 扬，你 才 是 理 应 执 掌 王 权 之 人。
str_id_3283|我 会 向 四 方 宣 扬，你 才 是 理 应 执 掌 王 权 之 人。
str_id_3284|我 会 向 四 方 宣 扬，你 才 是 理 应 执 掌 王 权 之 人。
str_id_3285|我 会 向 四 方 宣 扬，你 才 是 理 应 执 掌 王 权 之 人。
str_id_3286|我 会 向 四 方 宣 扬，你 才 是 理 应 执 掌 王 权 之 人。
str_id_3287|我 会 向 四 方 宣 扬，你 才 是 理 应 执 掌 王 权 之 人。
str_id_3288|我 会 向 四 方 宣 扬，你 才 是 理 应 执 掌 王 权 之 人。
str_id_3289|我 会 向 四 方 宣 扬，你 才 是 理 应 执 掌 王 权 之 人。
str_id_3290|我 会 向 四 方 宣 扬，你 才 是 理 应 执 掌 王 权 之 人。
str_id_3291|我 会 向 四 方 宣 扬，你 才 是 理 应 执 掌 王 权 之 人。
str_id_3292|我 会 向 四 方 宣 扬，你 才 是 理 应 执 掌 王 权 之 人。
str_id_3293|我 会 向 四 方 宣 扬，你 才 是 理 应 执 掌 王 权 之 人。
str_id_3294|我 会 向 四 方 宣 扬，你 才 是 理 应 执 掌 王 权 之 人。
str_id_3295|我 会 向 四 方 宣 扬，你 才 是 理 应 执 掌 王 权 之 人。
str_id_3296|我 会 向 四 方 宣 扬，你 才 是 理 应 执 掌 王 权 之 人。
str_id_3297|我 会 向 四 方 宣 扬，你 才 是 理 应 执 掌 王 权 之 人。
str_id_3298|我 会 向 四 方 宣 扬，你 才 是 理 应 执 掌 王 权 之 人。
str_id_3299|我 会 向 四 方 宣 扬，你 才 是 理 应 执 掌 王 权 之 人。
str_id_3300|我 会 向 四 方 宣 扬，你 才 是 理 应 执 掌 王 权 之 人。
str_id_3301|我 可 不 是 什 么 外 交 官，高 崔 克。
str_id_3302|我 向 你 保 证，菲 力 克 斯。
str_id_3303|让 他 们 尽 管 来，贾 利 勒。我 最 不 担 心 的 就 是 自 身 安 危。
str_id_3304|我 会 认 真 考 虑。
str_id_3305|请 继 续……
str_id_3306|只 要 他 们 不 攻 击 我，我 保 证 绝 不 会 采 取 那 种 行 动。
str_id_3307|那 正 是 我 的 愿 望。你 建 议 我 怎 样 争 取 所 需 的 支 持？
str_id_3308|听 起 来 也 挺 有 意 思。
str_id_3309|你 应 该 更 了 解 我 才 对。
str_id_3310|我 无 意 和 平，贝 奥 尔·熊 击。
str_id_3311|我 发 誓。
str_id_3312|你 确 定 我 能 信 任 你 办 好 此 事 吗？
str_id_3313|我 发 誓。
str_id_3314|请 继 续……
str_id_3315|说 得 好，我 的 朋 友。
str_id_3316|我 会 把 你 的 名 字 加 入 候 选 名 单，但 不 能 向 你 保 证 任 何 结 果。
str_id_3317|时 机 一 到，我 会 与 你 的 军 队 并 肩 作 战。
str_id_3318|只 要 有 人 尽 心 为 我 效 力，我 向 来 不 吝 奖 赏。
str_id_3319|我 将 深 感 荣 幸。
str_id_3320|好 吧 弗 罗 林，就 这 一 次。
str_id_3321|你 说 得 有 道 理，这 点 代 价 很 小。
str_id_3322|我 发 誓。
str_id_3323|你 自 己 有 足 够 的 钱，只 要 确 保 把 消 息 传 出 去。
str_id_3324|那 是 什 么 目 的？
str_id_3325|说 下 去。
str_id_3326|你 可 以 依 靠 我，阿 个 陋。
str_id_3327|听 起 来 像 美 梦 成 真。
str_id_3328|你 这 是 什 么 意 思？
str_id_3329|有 点 意 思……请 继 续。
str_id_3330|有 点 意 思……请 继 续。
str_id_3331|有 点 意 思……请 继 续。
str_id_3332|有 点 意 思……请 继 续。
str_id_3333|有 点 意 思……请 继 续。
str_id_3334|有 点 意 思……请 继 续。
str_id_3335|有 点 意 思……请 继 续。
str_id_3336|有 点 意 思……请 继 续。
str_id_3337|有 点 意 思……请 继 续。
str_id_3338|有 点 意 思……请 继 续。
str_id_3339|有 点 意 思……请 继 续。
str_id_3340|有 点 意 思……请 继 续。
str_id_3341|有 点 意 思……请 继 续。
str_id_3342|有 点 意 思……请 继 续。
str_id_3343|有 点 意 思……请 继 续。
str_id_3344|有 点 意 思……请 继 续。
str_id_3345|有 点 意 思……请 继 续。
str_id_3346|有 点 意 思……请 继 续。
str_id_3347|有 点 意 思……请 继 续。
str_id_3348|有 点 意 思……请 继 续。
str_id_3349|有 点 意 思……请 继 续。
str_id_3350|有 点 意 思……请 继 续。
str_id_3351|有 点 意 思……请 继 续。
str_id_3352|有 点 意 思……请 继 续。
str_id_3353|有 点 意 思……请 继 续。
str_id_3354|有 点 意 思……请 继 续。
str_id_3355|有 点 意 思……请 继 续。
str_id_3356|有 点 意 思……请 继 续。
str_id_3357|有 点 意 思……请 继 续。
str_id_3358|有 点 意 思……请 继 续。
str_id_3359|有 点 意 思……请 继 续。
str_id_3360|有 点 意 思……请 继 续。
str_id_3361|有 点 意 思……请 继 续。
str_id_3362|有 点 意 思……请 继 续。
str_id_3363|有 点 意 思……请 继 续。
str_id_3364|有 点 意 思……请 继 续。
str_id_3365|有 点 意 思……请 继 续。
str_id_3366|有 点 意 思……请 继 续。
str_id_3367|有 点 意 思……请 继 续。
str_id_3368|有 点 意 思……请 继 续。
str_id_3369|有 点 意 思……请 继 续。
str_id_3370|有 点 意 思……请 继 续。
str_id_3371|有 点 意 思……请 继 续。
str_id_3372|有 点 意 思……请 继 续。
str_id_3373|有 点 意 思……请 继 续。
str_id_3374|有 点 意 思……请 继 续。
str_id_3375|有 点 意 思……请 继 续。
str_id_3376|有 点 意 思……请 继 续。
str_id_3377|有 点 意 思……请 继 续。
str_id_3378|有 点 意 思……请 继 续。
str_id_3379|有 点 意 思……请 继 续。
str_id_3380|有 点 意 思……请 继 续。
str_id_3381|有 点 意 思……请 继 续。
str_id_3382|有 点 意 思……请 继 续。
str_id_3383|有 点 意 思……请 继 续。
str_id_3384|有 点 意 思……请 继 续。
str_id_3385|有 点 意 思……请 继 续。
str_id_3386|有 点 意 思……请 继 续。
str_id_3387|有 点 意 思……请 继 续。
str_id_3388|有 点 意 思……请 继 续。
str_id_3389|有 点 意 思……请 继 续。
str_id_3390|相 信 我，这 场 谈 话 里 难 以 忍 受 的 人 可 不 只 有 我 一 个。
str_id_3391|帝 国 从 不 回 避 主 动 开 战，也 从 不 放 弃 夺 取 土 地；我 无 法 作 出 这 种 承 诺。
str_id_3392|我 能 照 顾 自 己。也 许 我 该 找 一 个 更 热 心 的 人 替 我 发 言。
str_id_3393|奥 叽，我 需 要 你 始 终 留 在 军 中。
str_id_3394|我 不 能 让 人 看 见 自 己 把 斯 卡 文 刺 客 当 作 政 治 和 影 响 力 的 工 具，那 会 引 起 轩 然 大 波。
str_id_3395|如 今 没 有 哪 个 国 王 会 受 这 种 限 制。看 看 四 周 吧，每 个 国 王 都 尽 可 能 夺 取 一 切，我 也 不 会 例 外。
str_id_3396|你 低 估 我 了，布 拉 甘 扎。不 要 把 提 利 尔 的 政 治 当 成 整 个 旧 世 界 的 政 治。
str_id_3397|露 丝 契 亚 绝 非 可 以 轻 易 征 服 之 地。那 是 世 上 最 难 攻 取 的 土 地 之 一—— 现 实 一 点 吧。
str_id_3398|我 要 按 自 己 的 意 志 统 治。
str_id_3399|我 可 不 是 什 么 暴 君，贝 奥 尔·熊 击。
str_id_3400|海 军 的 战 略 价 值 太 高，不 能 为 了 这 么 点 小 恩 惠 就 放 弃。
str_id_3401|再 想 想，你 去 了 又 能 有 什 么 用！
str_id_3402|誓 言 应 该 向 我 宣 誓，而 不 是 反 过 来。
str_id_3403|也 许 改 日 再 说，现 在 我 们 继 续 行 军。
str_id_3404|当 个 书 记 官 的{reg33?:}还 差 不 多。别 再 说 这 种 话 了。
str_id_3405|若 有 一 天 我 想 送 命，一 定 让 你 当 卫 队 长。
str_id_3406|斯 卡 洛 克，我 的 军 队 会 被 拖 得 过 于 分 散。我 还 有 许 多 战 争 要 打，也 许 高 等 精 灵 会 帮 助 你 们。
str_id_3407|整 座 岛？你 可 真 是 毫 不 含 糊。
str_id_3408|你 又 不 是 我 的 女 儿，这 样 做 不 合 适。况 且，你 和 弗 罗 林 谈 过 这 事 吗？
str_id_3409|你 自 己 惹 出 的 麻 烦，自 己 解 决。
str_id_3410|削 减 麦 酒 税？我 倒 想 知 道 谁 会 从 中 获 利！想 得 美，巴 格 曼。
str_id_3411|公 开 偏 袒 蜥 蜴 人 可 能 会 损 害 我 与 其 他 更 有 影 响 力 派 系 建 立 良 好 关 系 的 机 会。为 了 保 护 我 的 利 益，我 必 须 首 先 确 保 他 们 的 友 谊，所 以 我 不 会 发 誓 这 个 誓 言。
str_id_3412|让 醉 醺 醺 的 巴 斯 汀 当 我 的 使 者，别 人 还 怎 么 认 真 看 待 我？这 事 算 了。
str_id_3413|眼 下 这 些 统 治 者 之 间，别 说 全 部，就 连 几 方 达 成 普 遍 协 议 都 毫 无 可 能。两 个 国 家 能 签 下 一 纸 条 约，已 经 堪 称 奇 迹，更 不 必 说 数 国 共 盟。
str_id_3414|让 他 们 来 吧。
str_id_3415|一 整 支 食 人 魔 军 队！对 我 的 士 兵 来 说，也 许 太 多 了。
str_id_3416|既 然 你 这 么 说，我 最 好 暂 缓 此 事。
str_id_3417|阿 尔 伯 图 斯，你 把 事 情 完 全 弄 反 了。
str_id_3418|不 必 了，多 谢。
str_id_3419|不 必 了，多 谢。
str_id_3420|不 必 了，多 谢。
str_id_3421|不 必 了，多 谢。
str_id_3422|不 必 了，多 谢。
str_id_3423|不 必 了，多 谢。
str_id_3424|不 必 了，多 谢。
str_id_3425|不 必 了，多 谢。
str_id_3426|不 必 了，多 谢。
str_id_3427|不 必 了，多 谢。
str_id_3428|不 必 了，多 谢。
str_id_3429|不 必 了，多 谢。
str_id_3430|不 必 了，多 谢。
str_id_3431|不 必 了，多 谢。
str_id_3432|不 必 了，多 谢。
str_id_3433|不 必 了，多 谢。
str_id_3434|不 必 了，多 谢。
str_id_3435|不 必 了，多 谢。
str_id_3436|不 必 了，多 谢。
str_id_3437|不 必 了，多 谢。
str_id_3438|不 必 了，多 谢。
str_id_3439|不 必 了，多 谢。
str_id_3440|不 必 了，多 谢。
str_id_3441|不 必 了，多 谢。
str_id_3442|不 必 了，多 谢。
str_id_3443|不 必 了，多 谢。
str_id_3444|不 必 了，多 谢。
str_id_3445|不 必 了，多 谢。
str_id_3446|不 必 了，多 谢。
str_id_3447|不 必 了，多 谢。
str_id_3448|不 必 了，多 谢。
str_id_3449|不 必 了，多 谢。
str_id_3450|不 必 了，多 谢。
str_id_3451|不 必 了，多 谢。
str_id_3452|不 必 了，多 谢。
str_id_3453|不 必 了，多 谢。
str_id_3454|不 必 了，多 谢。
str_id_3455|不 必 了，多 谢。
str_id_3456|不 必 了，多 谢。
str_id_3457|不 必 了，多 谢。
str_id_3458|不 必 了，多 谢。
str_id_3459|不 必 了，多 谢。
str_id_3460|不 必 了，多 谢。
str_id_3461|不 必 了，多 谢。
str_id_3462|不 必 了，多 谢。
str_id_3463|不 必 了，多 谢。
str_id_3464|不 必 了，多 谢。
str_id_3465|不 必 了，多 谢。
str_id_3466|不 必 了，多 谢。
str_id_3467|不 必 了，多 谢。
str_id_3468|不 必 了，多 谢。
str_id_3469|不 必 了，多 谢。
str_id_3470|不 必 了，多 谢。
str_id_3471|不 必 了，多 谢。
str_id_3472|不 必 了，多 谢。
str_id_3473|不 必 了，多 谢。
str_id_3474|不 必 了，多 谢。
str_id_3475|不 必 了，多 谢。
str_id_3476|不 必 了，多 谢。
str_id_3477|不 必 了，多 谢。
str_id_3478|不 必 了，多 谢。
str_id_3479|我 不 是 外 交 官，但 我 知 道 一 个 战 士 国 王 会 受 到 这 些 土 地 许 多 强 大 家 族 的 欢 迎，即 使 他 们 永 远 不 会 公 开 承 认。他 们 的 一 些 低 级 家 族 成 员 仍 然 在 普 通 酒 馆 喝 酒，所 以 我 会 通 过 他 们 为 你 的 主 张 聚 集 一 些 支 持。
str_id_3480|如 果 你 允 许 我 立 即 离 开，我 可 以 在 两 周 内 带 着 对 你 的 事 业 有 重 大 支 持 的 消 息 回 来。我 仍 然 能 听 到 许 多 家 乡 贵 族 家 族 的 意 见。
str_id_3481|阿 拉 比 人 民 永 远 不 会 接 受 一 个 不 信 仰 我 们 宗 教 的 {reg33?女 王 :国 王 }。然 而，他 们 不 需 要 接 受 你，只 要 容 忍 你 就 能 让 你 领 先 于 大 多 数 其 他 统 治 者。我 认 识 阿 拉 比 最 负 盛 名 报 纸 的 作 家。我 会 让 他 们 发 布 一 些 有 利 于 你 的 文 章。
str_id_3482|那 么 我 会 去 尽 力 为 你 的 主 张 争 取 支 持。没 有 多 少 人 听 我 的，所 以 我 不 能 保 证 成 功，但 如 果 你 命 令，我 就 会 去 做。
str_id_3483|当 你 外 出 作 战 时，你 需 要 更 接 近 家 乡 的 眼 线 来 确 保 你 不 会 成 为 恶 意 或 背 叛 的 目 标。我 们 可 以 成 为 你 正 义 审 判 的 无 声 臂 膀。
str_id_3484|很 好。我 马 上 离 开。
str_id_3485|我 会 离 开 几 周，我 会 从 同 行 那 里 收 集 关 于 谁 目 前 薄 弱 的 消 息，并 播 下 新 王 崛 起 的 种 子，他 可 能 成 为 他 们 的 潜 在 盟 友。他 们 会 认 可 你，是 否 结 盟 取 决 于 你。
str_id_3486|好！给 我 几 周 时 间，我 会 回 到 穆 特，让 所 有 人 知 道 你 是 一 位 尊 重 半 身 人 与 其 生 活 方 式 的{reg33?女 皇 :国 王 }。不 管 有 些 人 怎 样 污 蔑，我 们 终 究 是 善 良 的 民 族。
str_id_3487|我 不 能 在 帝 国 和 巴 托 尼 亚 境 内 帮 您，但 我 在 旧 世 界 其 他 势 力 中 有 许 多 权 贵 家 族 的 关 系。只 要 我 让 他 们 相 信 您 不 会 威 胁 他 们 的 利 益，他 们 就 会 支 持 您 的 王 位 主 张。
str_id_3488|很 好，那 我 就 告 辞 了，我 会 尽 力 而 为、随 心 所 欲 地 确 保 您 的 宣 称 获 得 支 持。
str_id_3489|好，您 通 过 陆 路 建 立 王 国，我 建 议 先 拿 下 山 区 领 地，再 向 北 扩 展。我 会 尽 力 为 您 争 取 支 持。
str_id_3490|是。
str_id_3491|那 么 请 准 我 离 开 几 周，我 忠 于 我 的 君 主，所 以 只 能 有 限 度 地 推 荐 您，但 这 足 够 让 贵 族 们 初 步 认 可 了。
str_id_3492|我 恳 求 您 放 下 征 服 世 界 的 野 心，安 于 一 个 适 中 的 王 国。太 多 统 治 者 发 动 争 霸 战 时 不 顾 将 士 和 伙 伴 的 死 活。无 数 世 代 牺 牲 了，而 胜 利 果 实 即 便 得 到 也 极 少，根 本 不 值 得 付 出。让 您 的 子 民 享 受 和 平 吧。
str_id_3493|我 很 高 兴 您 这 么 想。我 建 议：我 认 识 本 地 行 会 和 市 政 厅 的 人，他 们 受 尽 压 榨，已 经 忍 无 可 忍。我 会 告 诉 他 们—— 您 很 正 直，尊 重 各 阶 级 权 利，守 信 还 债，不 会 盘 剥 百 姓。
str_id_3494|妙 极 了，这 就 够 了。我 相 信 您 会 做 出 正 确 选 择。
str_id_3495|感 谢 {playername}，凭 借 这 个 新 联 盟 和 新 增 实 力，我 们 可 以 认 为 离 救 赎 更 近 一 步。
str_id_3496|那 我 就 在 战 场 上 加 倍 努 力，用 尽 所 有 本 事，试 图 确 立 您 为 合 法 统 治 者。
str_id_3497|太 感 谢 了，这 将 是 个 美 好 日 子。我 这 就 去 尽 忠 职 守。
str_id_3498|我 如 释 重 负，谢 谢。我 这 就 换 上 吟 游 诗 人 行 头，去 里 昂 库 尔 殿 堂 歌 颂 您。
str_id_3499|那 么 我 会 撰 写 支 持 您 主 张 的 文 章，说 明 您 的 新 政 策，并 张 贴 在 我 所 有 酒 馆 里。这 样 消 息 会 传 遍 多 数 文 明 国 家。
str_id_3500|很 好，我 会 帮 助 你。日 后 你 若 成 为{reg33?女 皇 :国 王 }，甚 至 可 以 更 进 一 步，与 我 们 结 盟—— 我 们 的 军 队 是 世 上 最 坚 韧 的。
str_id_3501|好 极 了，我 告 辞 了，只 是 会 想 念 那 些 斯 卡 文 酒 馆—— 那 儿 的 啤 酒 味 道 总 是 很 怪。
str_id_3502|旨 在 促 进 各 国 合 作 与 和 平。我 们 需 要 一 个 能 代 表 所 有 人 的 组 织，让 所 有 协 议 和 分 歧 公 开 协 商。这 将 防 止 战 争、增 进 理 解，您 可 在 我 帮 助 下 领 导 这 个 组 织。
str_id_3503|世 上 没 有 统 治 者 不 觉 得 自 己 敌 人 太 多，他 们 最 怕 新 敌 出 现。他 们 会 试 图 粉 碎 您，但 通 过 适 当 训 练 和 领 导，您 的 军 队 能 抵 挡 并 准 备 反 击，让 所 有 人 畏 惧、不 敢 再 犯。我 回 来 后 细 谈 策 略。
str_id_3504|那 么 契 约 已 定，我 们 共 同 走 向 荣 光 之 路。
str_id_3505|只 需 把 我 放 在 攻 城 梯 顶 端，让 几 百 炮 灰 冲 上 来，您 就 能 见 证 我 梦 想 成 真。
str_id_3506|我 是 说，别 忘 记 那 些 支 持 您、为 您 征 战 夺 权 的 人。别 辜 负 应 得 尊 重 者，就 像 皇 帝 和 我 同 僚 辜 负 我 那 样。我 们 都 效 忠 {playername}，您 会 看 到 诚 意 回 报。
str_id_3507|蒙 您 准 许，我 便 去 宣 扬 您 继 承 {reg33?女 王 :国 王 } 大 统 的 正 当 性。
str_id_3508|蒙 您 准 许，我 便 去 宣 扬 您 继 承 {reg33?女 王 :国 王 } 大 统 的 正 当 性。
str_id_3509|蒙 您 准 许，我 便 去 宣 扬 您 继 承 {reg33?女 王 :国 王 } 大 统 的 正 当 性。
str_id_3510|蒙 您 准 许，我 便 去 宣 扬 您 继 承 {reg33?女 王 :国 王 } 大 统 的 正 当 性。
str_id_3511|蒙 您 准 许，我 便 去 宣 扬 您 继 承 {reg33?女 王 :国 王 } 大 统 的 正 当 性。
str_id_3512|蒙 您 准 许，我 便 去 宣 扬 您 继 承 {reg33?女 王 :国 王 } 大 统 的 正 当 性。
str_id_3513|蒙 您 准 许，我 便 去 宣 扬 您 继 承 {reg33?女 王 :国 王 } 大 统 的 正 当 性。
str_id_3514|蒙 您 准 许，我 便 去 宣 扬 您 继 承 {reg33?女 王 :国 王 } 大 统 的 正 当 性。
str_id_3515|蒙 您 准 许，我 便 去 宣 扬 您 继 承 {reg33?女 王 :国 王 } 大 统 的 正 当 性。
str_id_3516|蒙 您 准 许，我 便 去 宣 扬 您 继 承 {reg33?女 王 :国 王 } 大 统 的 正 当 性。
str_id_3517|蒙 您 准 许，我 便 去 宣 扬 您 继 承 {reg33?女 王 :国 王 } 大 统 的 正 当 性。
str_id_3518|蒙 您 准 许，我 便 去 宣 扬 您 继 承 {reg33?女 王 :国 王 } 大 统 的 正 当 性。
str_id_3519|蒙 您 准 许，我 便 去 宣 扬 您 继 承 {reg33?女 王 :国 王 } 大 统 的 正 当 性。
str_id_3520|蒙 您 准 许，我 便 去 宣 扬 您 继 承 {reg33?女 王 :国 王 } 大 统 的 正 当 性。
str_id_3521|蒙 您 准 许，我 便 去 宣 扬 您 继 承 {reg33?女 王 :国 王 } 大 统 的 正 当 性。
str_id_3522|蒙 您 准 许，我 便 去 宣 扬 您 继 承 {reg33?女 王 :国 王 } 大 统 的 正 当 性。
str_id_3523|蒙 您 准 许，我 便 去 宣 扬 您 继 承 {reg33?女 王 :国 王 } 大 统 的 正 当 性。
str_id_3524|蒙 您 准 许，我 便 去 宣 扬 您 继 承 {reg33?女 王 :国 王 } 大 统 的 正 当 性。
str_id_3525|蒙 您 准 许，我 便 去 宣 扬 您 继 承 {reg33?女 王 :国 王 } 大 统 的 正 当 性。
str_id_3526|蒙 您 准 许，我 便 去 宣 扬 您 继 承 {reg33?女 王 :国 王 } 大 统 的 正 当 性。
str_id_3527|蒙 您 准 许，我 便 去 宣 扬 您 继 承 {reg33?女 王 :国 王 } 大 统 的 正 当 性。
str_id_3528|蒙 您 准 许，我 便 去 宣 扬 您 继 承 {reg33?女 王 :国 王 } 大 统 的 正 当 性。
str_id_3529|蒙 您 准 许，我 便 去 宣 扬 您 继 承 {reg33?女 王 :国 王 } 大 统 的 正 当 性。
str_id_3530|蒙 您 准 许，我 便 去 宣 扬 您 继 承 {reg33?女 王 :国 王 } 大 统 的 正 当 性。
str_id_3531|蒙 您 准 许，我 便 去 宣 扬 您 继 承 {reg33?女 王 :国 王 } 大 统 的 正 当 性。
str_id_3532|蒙 您 准 许，我 便 去 宣 扬 您 继 承 {reg33?女 王 :国 王 } 大 统 的 正 当 性。
str_id_3533|蒙 您 准 许，我 便 去 宣 扬 您 继 承 {reg33?女 王 :国 王 } 大 统 的 正 当 性。
str_id_3534|蒙 您 准 许，我 便 去 宣 扬 您 继 承 {reg33?女 王 :国 王 } 大 统 的 正 当 性。
str_id_3535|蒙 您 准 许，我 便 去 宣 扬 您 继 承 {reg33?女 王 :国 王 } 大 统 的 正 当 性。
str_id_3536|蒙 您 准 许，我 便 去 宣 扬 您 继 承 {reg33?女 王 :国 王 } 大 统 的 正 当 性。
str_id_3537|蒙 您 准 许，我 便 去 宣 扬 您 继 承 {reg33?女 王 :国 王 } 大 统 的 正 当 性。
str_id_3538|蒙 您 准 许，我 便 去 宣 扬 您 继 承 {reg33?女 王 :国 王 } 大 统 的 正 当 性。
str_id_3539|蒙 您 准 许，我 便 去 宣 扬 您 继 承 {reg33?女 王 :国 王 } 大 统 的 正 当 性。
str_id_3540|蒙 您 准 许，我 便 去 宣 扬 您 继 承 {reg33?女 王 :国 王 } 大 统 的 正 当 性。
str_id_3541|蒙 您 准 许，我 便 去 宣 扬 您 继 承 {reg33?女 王 :国 王 } 大 统 的 正 当 性。
str_id_3542|蒙 您 准 许，我 便 去 宣 扬 您 继 承 {reg33?女 王 :国 王 } 大 统 的 正 当 性。
str_id_3543|蒙 您 准 许，我 便 去 宣 扬 您 继 承 {reg33?女 王 :国 王 } 大 统 的 正 当 性。
str_id_3544|蒙 您 准 许，我 便 去 宣 扬 您 继 承 {reg33?女 王 :国 王 } 大 统 的 正 当 性。
str_id_3545|蒙 您 准 许，我 便 去 宣 扬 您 继 承 {reg33?女 王 :国 王 } 大 统 的 正 当 性。
str_id_3546|蒙 您 准 许，我 便 去 宣 扬 您 继 承 {reg33?女 王 :国 王 } 大 统 的 正 当 性。
str_id_3547|蒙 您 准 许，我 便 去 宣 扬 您 继 承 {reg33?女 王 :国 王 } 大 统 的 正 当 性。
str_id_3548|蒙 您 准 许，我 便 去 宣 扬 您 继 承 {reg33?女 王 :国 王 } 大 统 的 正 当 性。
str_id_3549|蒙 您 准 许，我 便 去 宣 扬 您 继 承 {reg33?女 王 :国 王 } 大 统 的 正 当 性。
str_id_3550|蒙 您 准 许，我 便 去 宣 扬 您 继 承 {reg33?女 王 :国 王 } 大 统 的 正 当 性。
str_id_3551|蒙 您 准 许，我 便 去 宣 扬 您 继 承 {reg33?女 王 :国 王 } 大 统 的 正 当 性。
str_id_3552|蒙 您 准 许，我 便 去 宣 扬 您 继 承 {reg33?女 王 :国 王 } 大 统 的 正 当 性。
str_id_3553|蒙 您 准 许，我 便 去 宣 扬 您 继 承 {reg33?女 王 :国 王 } 大 统 的 正 当 性。
str_id_3554|蒙 您 准 许，我 便 去 宣 扬 您 继 承 {reg33?女 王 :国 王 } 大 统 的 正 当 性。
str_id_3555|蒙 您 准 许，我 便 去 宣 扬 您 继 承 {reg33?女 王 :国 王 } 大 统 的 正 当 性。
str_id_3556|蒙 您 准 许，我 便 去 宣 扬 您 继 承 {reg33?女 王 :国 王 } 大 统 的 正 当 性。
str_id_3557|蒙 您 准 许，我 便 去 宣 扬 您 继 承 {reg33?女 王 :国 王 } 大 统 的 正 当 性。
str_id_3558|蒙 您 准 许，我 便 去 宣 扬 您 继 承 {reg33?女 王 :国 王 } 大 统 的 正 当 性。
str_id_3559|蒙 您 准 许，我 便 去 宣 扬 您 继 承 {reg33?女 王 :国 王 } 大 统 的 正 当 性。
str_id_3560|蒙 您 准 许，我 便 去 宣 扬 您 继 承 {reg33?女 王 :国 王 } 大 统 的 正 当 性。
str_id_3561|蒙 您 准 许，我 便 去 宣 扬 您 继 承 {reg33?女 王 :国 王 } 大 统 的 正 当 性。
str_id_3562|蒙 您 准 许，我 便 去 宣 扬 您 继 承 {reg33?女 王 :国 王 } 大 统 的 正 当 性。
str_id_3563|蒙 您 准 许，我 便 去 宣 扬 您 继 承 {reg33?女 王 :国 王 } 大 统 的 正 当 性。
str_id_3564|蒙 您 准 许，我 便 去 宣 扬 您 继 承 {reg33?女 王 :国 王 } 大 统 的 正 当 性。
str_id_3565|蒙 您 准 许，我 便 去 宣 扬 您 继 承 {reg33?女 王 :国 王 } 大 统 的 正 当 性。
str_id_3566|蒙 您 准 许，我 便 去 宣 扬 您 继 承 {reg33?女 王 :国 王 } 大 统 的 正 当 性。
str_id_3567|蒙 您 准 许，我 便 去 宣 扬 您 继 承 {reg33?女 王 :国 王 } 大 统 的 正 当 性。
str_id_3568|{playername}，你 是 个 小 丑 吗？我 知 道 你 想 成 为 {reg33?女 王 :国 王 }，但 也 许 你 应 该 考 虑 小 丑 帽 而 不 是 王 冠。首 先 你 以 自 己 的 名 义 派 走 了 史 基 佐，现 在 又 考 虑 让 他 当 你 的 首 席 保 镖。你 是 个 笑 话，他 也 是。
str_id_3569|若 想 让 人 认 真 看 待 你，派 斯 卡 文 替 你 宣 扬 王 位 主 张，是 最 糟 糕 的 选 择。我 真 不 懂 你 为 什 么 这 么 做。斯 卡 文 都 是 渣 滓，你 希 望 别 人 也 这 样 看 你 吗？
str_id_3570|贝 奥 尔·熊 击 那 套 毁 灭 与 征 服 的 做 法 极 其 邪 恶，你 不 该 与 之 为 伍。你 不 是 暴 君，别 被 混 沌 的 道 路 诱 惑。
str_id_3571|队 长，所 有 统 治 者 都 会 把 你 派 贝 奥 尔·熊 击 出 使 视 为 对 其 领 土 的 威 胁。派 冷 血 杀 手 替 你 说 话，只 能 传 达 警 告，根 本 谈 不 上 外 交。我 担 心 他 们 会 作 出 严 重 反 应。
str_id_3572|一 旦 你 成 为 {reg33?女 王 :国 王 }，不 要 立 刻 与 弱 势 群 体 结 盟。木 精 灵 很 快 会 成 为 过 去，而 斯 卡 文 鼠 人 会 越 来 越 强 大。有 更 好 的 联 盟 适 合 你。
str_id_3573|为 了 黑 暗 精 灵 的 海 军 计 划 而 讨 好 他 们，你 疯 了 吗？若 他 们 控 制 海 洋，这 个 世 界 会 变 成 什 么 样？那 会 成 为 他 们 统 治 全 部 陆 地 的 完 美 跳 板。你 必 须 清 醒 一 点。
str_id_3574|派 高 崔 克 当 政 治 使 者，你 究 竟 想 达 到 什 么 目 的？若 要 找 决 斗 勇 士，他 是 不 二 人 选；可 在 微 妙 的 外 交 游 戏 里，他 实 在 过 于 天 真。
str_id_3575|{reg33?:}，依 我 看，最 好 把 埃 莉 诺 召 回 来。她 是 个 臭 名 昭 著 的 骗 子；若 她 四 处 自 称 是 你 信 赖 的 同 伴，人 人 都 会 觉 得 你 也 同 样 不 可 信。
str_id_3576|如 果 你 想 给 掌 权 者 留 下 印 象，别 派 菲 力 克 斯 当 使 者。他 让 我 无 聊 到 哭，我 敢 说 我 不 是 唯 一 有 这 感 觉 的 人。想 当 国 王，你 需 要 留 下 印 象，派 这 位 光 说 不 练 的 先 生 可 不 对。
str_id_3577|你 想 让 世 人 把 你 看 成 软 弱 的{reg33?:}吗？那 为 何 偏 偏 派 软 弱 的 阿 里 斯 蒂 德 爵 士 出 去？软 弱 的 统 治 者 活 不 长—— 这 一 点 我 最 清 楚，我 亲 手 杀 过 不 少。
str_id_3578|一 个 对 所 有 阶 层 都 面 面 俱 到 的 统 治 者，总 会 忽 略 真 正 重 要 的 事。阿 卜 杜 勒 建 议 的 软 弱 政 策 会 让 你 垮 台。集 中 扶 持 社 会 中 强 大 的 阶 层，他 们 才 能 壮 大 你 和 王 国；其 他 人 自 己 照 顾 自 己。
str_id_3579|呸，阿 卜 杜 勒。
str_id_3580|我 真 想 立 刻 离 开 你 的 队 伍。你 身 边 明 明 有 我 这 样 的 体 面 绅 士，却 派 贝 奥 尔·熊 击 承 担 如 此 重 要 的 职 责，让 我 们 都 被 这 场 臭 名 昭 著 的 闹 剧 玷 污。太 丢 人 了！
str_id_3581|队 长，若 让 斯 卡 文 鼠 人 掌 管 你 的 安 全 与 情 报，所 有 人 都 会 怀 疑 你。以 后 无 论 哪 里 发 生 谋 杀 或 阴 谋，你 的 国 家 都 会 被 首 先 指 责，战 争 也 会 随 之 而 来。不 要 纵 容 瑞 普 尼 吱 的 野 心。
str_id_3582|{reg33?女 王:国 王}，若 想 让 人 承 认 你 的 王 位 主 张，就 该 派 口 齿 清 楚、言 辞 得 体，并 了 解 外 国 关 系 与 各 地 习 俗 的 人 出 使。巴 斯 汀 恰 好 完 全 相 反。我 担 心 你 犯 了 大 错，名 声 也 会 因 此 受 损。{reg33?:}
str_id_3583|你 知 道 沃 兰 斯 是 皇 帝 的 私 生 子 吧？派 他 当 外 交 官，会 惊 动 皇 帝 圈 子 里 所 有 知 情 者。他 们 会 以 为 你 想 取 代 卡 尔·弗 兰 兹，并 设 法 毁 灭 你。对 一 个 新 王 国 而 言，帝 国 是 太 过 强 大 的 敌 人。
str_id_3584|我 看 到 巴 格 曼 溜 进 了 你 的 核 心 圈。充 当 你 的 外 交 官，无 疑 想 赢 得 信 任，好 在 你 的 新 王 国 推 进 生 意。信 不 信 任 他 随 你，但 要 做 重 要 外 交 工 作，最 好 别 让 他 沾 边，任 何 矮 人 都 一 样。
str_id_3585|想 满 足 弗 罗 林 的 虚 荣，有 的 是 别 的 办 法，没 必 要 把 这 么 重 要 的 任 务 交 给 他。他 一 定 会 像 往 常 一 样 把 事 情 搞 砸，最 后 受 苦 的 是 你。他 只 想 享 受 大 人 物 的 感 觉，根 本 不 关 心 你 的 王 位 主 张。
str_id_3586|我 很 高 兴 你 派 走 了 巴 斯 汀，但 遗 憾 你 派 他 执 行 重 要 任 务。我 真 心 想 你 成 为 统 治 者，但 他 会 让 你 成 为 笑 柄。找 出 他 去 哪，以 后 避 开 那 里。
str_id_3587|黑 暗 精 灵 素 来 奸 诈，{playername}，这 谁 都 知 道。你 派 艾 凯 迪 替 你 说 好 话，却 无 法 知 道 他 抵 达 后 究 竟 会 说 些 什 么。他 很 可 能 散 播 不 满、为 你 树 敌，并 在 王 国 建 立 后 挑 起 战 争，好 为 黑 暗 精 灵 的 行 动 制 造 掩 护。
str_id_3588|史 基 佐 是 个 底 层 人 物 {playername}，让 他 当 你 的 私 人 保 镖，就 像 我 选 贾 利 勒 或 阿 卜 杜 勒 · 哈 利 克 当 我 的 首 席 酿 酒 师，他 们 哪 懂 酿 啤 酒！如 果 需 要 私 人 保 镖，就 选 斯 露 德 或 高 崔 克，如 果 你 能 保 证 足 够 危 险。
str_id_3589|海 盗 占 有 的 土 地 越 少 越 好。一 座 岛 只 会 变 成 他 们 继 续 非 法 袭 击、劫 掠 南 部 海 岸 的 基 地。即 使 你 是 她 的 国 王，埃 莉 诺 也 不 值 得 信 任。
str_id_3590|亚 马 逊 人 都 是 异 教 徒，{reg33?:}。她 纵 然 姿 色 出 众，终 究 仍 是 异 教 徒。让 她 为 你 的 王 位 宣 称 奔 走，只 会 使 人 怀 疑 你 自 己 的 信 仰。最 好 把 她 召 回 来。
str_id_3591|既 然 让 巴 斯 汀 出 去 为 你 的 王 位 主 张 争 取 支 持，就 该 先 叫 他 保 持 清 醒。天 知 道 他 会 说 些 什 么；灌 下 几 小 时 朗 姆 酒 后，他 最 擅 长 讲 错 话。
str_id_3592|温 和 的 兽 人 治 疗 师 确 实 罕 见，但 恕 我 直 言，如 果 你 想 让 这 个 世 界 的 统 治 家 族 把 你 当 成 真 正 的 竞 争 者，派 他 当 外 交 官 会 传 递 错 误 信 号。你 该 派 一 个 有 威 严、又 带 点 威 胁 意 味 的 人，比 如 沃 兰 斯 或 高 崔 克。
str_id_3593|臭 虫 很 蠢，你 以 为 他 能 替 你 的 王 位 主 张 争 取 支 持，也 一 样 蠢。他 能 说 出 什 么 让 人 听 得 懂 的 话？什 么 也 说 不 出！那 有 什 么 用？他 的 地 方 只 有 战 场。
str_id_3594|阿 里 斯 蒂 德 爵 士 只 会 说 漂 亮 话，从 不 付 诸 行 动。别 看 他 满 嘴 骑 士 精 神，我 杀 的 敌 人、救 的 人 命 都 比 他 想 象 得 多。你 该 派 真 正 的 英 雄 宣 扬 王 位 主 张，而 不 是 这 种 装 模 作 样 的 人。
str_id_3595|沃 兰 斯 特 立 独 行 又 缺 乏 礼 数。他 在 两 个 国 家 被 判 死 刑，在 另 三 个 国 家 遭 到 通 缉。派 他 替 你 争 取 支 持，只 会 削 弱 你 的 主 张。愿 意 听 他 说 话 的 贵 族 家 族 少 得 可 怜。
str_id_3596|我 不 赞 成 你 派 他 们 外 出，为 你 的 王 位 主 张 争 取 支 持。
str_id_3597|我 不 赞 成 你 派 他 们 外 出，为 你 的 王 位 主 张 争 取 支 持。
str_id_3598|我 不 赞 成 你 派 他 们 外 出，为 你 的 王 位 主 张 争 取 支 持。
str_id_3599|我 不 赞 成 你 派 他 们 外 出，为 你 的 王 位 主 张 争 取 支 持。
str_id_3600|我 不 赞 成 你 派 他 们 外 出，为 你 的 王 位 主 张 争 取 支 持。
str_id_3601|我 不 赞 成 你 派 他 们 外 出，为 你 的 王 位 主 张 争 取 支 持。
str_id_3602|我 不 赞 成 你 派 他 们 外 出，为 你 的 王 位 主 张 争 取 支 持。
str_id_3603|我 不 赞 成 你 派 他 们 外 出，为 你 的 王 位 主 张 争 取 支 持。
str_id_3604|我 不 赞 成 你 派 他 们 外 出，为 你 的 王 位 主 张 争 取 支 持。
str_id_3605|我 不 赞 成 你 派 他 们 外 出，为 你 的 王 位 主 张 争 取 支 持。
str_id_3606|我 不 赞 成 你 派 他 们 外 出，为 你 的 王 位 主 张 争 取 支 持。
str_id_3607|我 不 赞 成 你 派 他 们 外 出，为 你 的 王 位 主 张 争 取 支 持。
str_id_3608|我 不 赞 成 你 派 他 们 外 出，为 你 的 王 位 主 张 争 取 支 持。
str_id_3609|我 不 赞 成 你 派 他 们 外 出，为 你 的 王 位 主 张 争 取 支 持。
str_id_3610|我 不 赞 成 你 派 他 们 外 出，为 你 的 王 位 主 张 争 取 支 持。
str_id_3611|我 不 赞 成 你 派 他 们 外 出，为 你 的 王 位 主 张 争 取 支 持。
str_id_3612|我 不 赞 成 你 派 他 们 外 出，为 你 的 王 位 主 张 争 取 支 持。
str_id_3613|我 不 赞 成 你 派 他 们 外 出，为 你 的 王 位 主 张 争 取 支 持。
str_id_3614|我 不 赞 成 你 派 他 们 外 出，为 你 的 王 位 主 张 争 取 支 持。
str_id_3615|我 不 赞 成 你 派 他 们 外 出，为 你 的 王 位 主 张 争 取 支 持。
str_id_3616|我 不 赞 成 你 派 他 们 外 出，为 你 的 王 位 主 张 争 取 支 持。
str_id_3617|我 不 赞 成 你 派 他 们 外 出，为 你 的 王 位 主 张 争 取 支 持。
str_id_3618|我 不 赞 成 你 派 他 们 外 出，为 你 的 王 位 主 张 争 取 支 持。
str_id_3619|我 不 赞 成 你 派 他 们 外 出，为 你 的 王 位 主 张 争 取 支 持。
str_id_3620|我 不 赞 成 你 派 他 们 外 出，为 你 的 王 位 主 张 争 取 支 持。
str_id_3621|我 不 赞 成 你 派 他 们 外 出，为 你 的 王 位 主 张 争 取 支 持。
str_id_3622|我 不 赞 成 你 派 他 们 外 出，为 你 的 王 位 主 张 争 取 支 持。
str_id_3623|我 不 赞 成 你 派 他 们 外 出，为 你 的 王 位 主 张 争 取 支 持。
str_id_3624|我 不 赞 成 你 派 他 们 外 出，为 你 的 王 位 主 张 争 取 支 持。
str_id_3625|我 不 赞 成 你 派 他 们 外 出，为 你 的 王 位 主 张 争 取 支 持。
str_id_3626|我 不 赞 成 你 派 他 们 外 出，为 你 的 王 位 主 张 争 取 支 持。
str_id_3627|我 不 赞 成 你 派 他 们 外 出，为 你 的 王 位 主 张 争 取 支 持。
str_id_3628|我 不 赞 成 你 派 他 们 外 出，为 你 的 王 位 主 张 争 取 支 持。
str_id_3629|我 不 赞 成 你 派 他 们 外 出，为 你 的 王 位 主 张 争 取 支 持。
str_id_3630|我 不 赞 成 你 派 他 们 外 出，为 你 的 王 位 主 张 争 取 支 持。
str_id_3631|我 不 赞 成 你 派 他 们 外 出，为 你 的 王 位 主 张 争 取 支 持。
str_id_3632|我 不 赞 成 你 派 他 们 外 出，为 你 的 王 位 主 张 争 取 支 持。
str_id_3633|我 不 赞 成 你 派 他 们 外 出，为 你 的 王 位 主 张 争 取 支 持。
str_id_3634|我 不 赞 成 你 派 他 们 外 出，为 你 的 王 位 主 张 争 取 支 持。
str_id_3635|我 不 赞 成 你 派 他 们 外 出，为 你 的 王 位 主 张 争 取 支 持。
str_id_3636|我 不 赞 成 你 派 他 们 外 出，为 你 的 王 位 主 张 争 取 支 持。
str_id_3637|我 不 赞 成 你 派 他 们 外 出，为 你 的 王 位 主 张 争 取 支 持。
str_id_3638|我 不 赞 成 你 派 他 们 外 出，为 你 的 王 位 主 张 争 取 支 持。
str_id_3639|我 不 赞 成 你 派 他 们 外 出，为 你 的 王 位 主 张 争 取 支 持。
str_id_3640|我 不 赞 成 你 派 他 们 外 出，为 你 的 王 位 主 张 争 取 支 持。
str_id_3641|我 不 赞 成 你 派 他 们 外 出，为 你 的 王 位 主 张 争 取 支 持。
str_id_3642|我 不 赞 成 你 派 他 们 外 出，为 你 的 王 位 主 张 争 取 支 持。
str_id_3643|我 不 赞 成 你 派 他 们 外 出，为 你 的 王 位 主 张 争 取 支 持。
str_id_3644|我 不 赞 成 你 派 他 们 外 出，为 你 的 王 位 主 张 争 取 支 持。
str_id_3645|我 不 赞 成 你 派 他 们 外 出，为 你 的 王 位 主 张 争 取 支 持。
str_id_3646|我 不 赞 成 你 派 他 们 外 出，为 你 的 王 位 主 张 争 取 支 持。
str_id_3647|我 不 赞 成 你 派 他 们 外 出，为 你 的 王 位 主 张 争 取 支 持。
str_id_3648|我 不 赞 成 你 派 他 们 外 出，为 你 的 王 位 主 张 争 取 支 持。
str_id_3649|我 不 赞 成 你 派 他 们 外 出，为 你 的 王 位 主 张 争 取 支 持。
str_id_3650|我 不 赞 成 你 派 他 们 外 出，为 你 的 王 位 主 张 争 取 支 持。
str_id_3651|我 不 赞 成 你 派 他 们 外 出，为 你 的 王 位 主 张 争 取 支 持。
str_id_3652|我 不 赞 成 你 派 他 们 外 出，为 你 的 王 位 主 张 争 取 支 持。
str_id_3653|我 不 赞 成 你 派 他 们 外 出，为 你 的 王 位 主 张 争 取 支 持。
str_id_3654|我 不 赞 成 你 派 他 们 外 出，为 你 的 王 位 主 张 争 取 支 持。
str_id_3655|我 不 赞 成 你 派 他 们 外 出，为 你 的 王 位 主 张 争 取 支 持。
str_id_3656|我 不 赞 成 你 派 他 们 外 出，为 你 的 王 位 主 张 争 取 支 持。
str_id_3657|我 不 想 再 见 的 人 很 多，不 过 在{s17}还 有 几 个 熟 人。他 们 知 道 我 不 爱 打 听 闲 话，见 我 开 口 一 定 会 觉 得 奇 怪，但 不 会 拒 绝。若 能 查 到 关 于{s18}的 消 息，我 也 不 介 意 多 留 几 天 喝 酒。
str_id_3658|我 可 以 前 往 {s17}。那 里 的 祭 司 和 学 者 熟 知 各 地 宫 廷 的 谱 系 与 秘 闻；我 会 请 他 们 帮 忙，搜 集 有 关 {s18} 的 情 报。{reg33?:}
str_id_3659|阿 拉 比 的 出 版 商 最 会 搜 集 消 息，关 于{s18}只 要 世 上 有 人 知 道，他 们 就 会 知 道。我 立 刻 去 联 系{s17}的 熟 人。
str_id_3660|我 过 去 治 愈 过 一 些 战 士，他 们 感 激 我 的 工 作，包 括 一 些 在 {s17} 战 斗 过 的 人，他 们 很 可 能 知 道 {s18} 的 事。他 们 说 欠 我 人 情，看 看 他 们 是 否 愿 意 偿 还。
str_id_3661|如 果 您 愿 意，{playername}，我 可 以 花 几 天 时 间 去 拜 访 我 的 艾 辛 族 亲 戚。他 们 在 {s17} 的 地 下 网 络 工 作，能 听 到 来 自 整 个 {s18} 的 消 息。他 们 可 能 有 些 关 于 大 领 主 之 间 恩 怨 和 竞 争 的 八 卦，如 果 您 感 兴 趣 的 话。
str_id_3662|我 到 处 都 有 联 系 人，干 我 这 行 必 须 的。我 会 向 高 阶 议 会 打 听 {s18} 的 消 息，也 会 获 取 任 何 即 将 入 侵 的 迹 象。我 会 立 刻 出 发 去 {s18}。
str_id_3663|我 熟 悉{s17}。只 要 那 里 有 任 何 关 于{s18}的 重 要 消 息，我 一 定 查 清 并 尽 快 回 来。
str_id_3664|如 果 您 对 {s18} 的 事 件 感 兴 趣，我 的 一 位 前 祭 司 同 伴 退 休 了，现 在 在 {s17} 附 近 经 营 一 个 农 场。他 与 许 多 其 他 老 外 交 官 保 持 联 系。我 可 以 去 拜 访 他 几 天，了 解 更 多 那 里 的 情 况。
str_id_3665|我 的 维 纳 托 斯 队 到 处 旅 行，我 们 在 旧 世 界 几 乎 每 个 酒 馆 都 有 人，因 此 多 年 来 交 了 很 多 朋 友。如 果 您 想 知 道 {s18} 的 事，我 一 定 会 从 各 种 渠 道 查 明 所 有 关 于 {s18} 的 消 息。
str_id_3666|我 会 去{s17}，查 清 关 于{s18}的 一 切。为 此 要 杀 多 少 人，我 就 杀 多 少 人。
str_id_3667|让 我 去{s17}拜 见 上 级。他 们 会 掌 握{s18}的 详 细 情 报，也 许 还 能 告 诉 我 什 么 时 候 能 重 新 获 得 指 挥 权。
str_id_3668|我 偷 偷 去{s17}。我 听 他 们 说{s18}，再 回 来 告 诉 你。
str_id_3669|在 某 些 圈 子 里，消 息 传 得 很 快，尤 其 是 在 巴 托 尼 亚。若 想 了 解{s18}，最 好 去 找 设 在{s17}的 女 先 知 姐 妹 会。
str_id_3670|队 长……我 一 直 向{s17}的 驻 军 出 售 马 匹。最 近 其 中 一 人 联 系 我，说 只 要 去 见 他，就 能 提 供{s18}内 部 的 消 息。如 果 你 暂 时 不 需 要 我，我 愿 意 走 这 一 趟。
str_id_3671|队 长，你 也 许 知 道，我 一 直 想 去{s17}研 究 那 里 的 石 工 建 筑，那 是 古 老 样 式 中 最 杰 出 的 范 例 之 一。碰 巧 有 位 同 僚 正 在 那 里 修 缮 幕 墙。职 业 操 守 当 然 不 会 允 许 他 泄 露 防 御 弱 点，但 如 果 你 感 兴 趣，他 大 概 愿 意 谈 谈{s18}的 大 致 状 况。
str_id_3672|斯 卡 文 最 擅 长 的 事 之 一，就 是 监 视 别 人，并 钻 进 不 该 进 入 的 地 方。我 会 去 找{s17}的 艾 辛 长 老，他 们 一 定 知 道{s18}发 生 了 什 么。
str_id_3673|这 类 信 息 最 好 在 提 利 尔 寻 找。雇 佣 兵 队 长 和 商 人 王 子 喜 欢 知 道 一 切，因 为 知 识 在 世 界 的 那 个 地 区 常 常 是 讨 价 还 价 的 工 具。我 会 去 那 里 旅 行，看 看 能 发 现 什 么 关 于 {s18} 的 消 息。
str_id_3674|{s17} 及 周 边 地 区 隐 藏 着 许 多 秘 密 海 盗 湾，里 面 住 着 专 门 贩 卖 情 报 的“低 语 者”。他 们 依 靠 遍 布 世 界 各 地 的 间 谍 与 内 线 搜 集 消 息。我 会 向 他 们 打 听 {s18}，相 信 结 果 不 会 让 您 失 望。
str_id_3675|我 会 设 法 打 听{s18}，虽 然 还 没 想 好 办 法。也 许 去{s17}找 姐 妹 会 谈 谈，她 们 可 能 愿 意 见 我。
str_id_3676|巴 托 尼 亚 人 对 外 国 事 务 了 解 不 多，我 最 好 去 找 以 前 的 行 会。我 会 前 往{s17}，看 看 他 们 对{s18}知 道 多 少。
str_id_3677|没 有 比 巴 革 曼 斯 更 适 合 偷 听 重 要 信 息 的 地 方 了。酒 精 能 让 最 谨 慎 的 舌 头 松 动，尤 其 是 当 涉 及 我 最 烈 的 啤 酒 时。我 会 去 我 在 {s17} 的 酒 馆，竖 起 耳 朵 打 听 任 何 关 于 {s18} 的 消 息。
str_id_3678|我 们 习 惯 关 起 门 过 自 己 的 日 子，军 事 情 报 并 非 强 项。不 过 混 沌 入 侵 前，我 们 为 防 将 来 需 要，开 设 过 一 个 分 部。我 会 去{s17}询 问 他 们 对{s18}知 道 什 么，但 不 敢 保 证 能 带 回 有 价 值 的 消 息。
str_id_3679|我 认 识 的 大 多 数、能 掌 握 这 种 情 报 的 海 盗 都 死 了。{s17}还 有 一 个 对{s18}很 熟 的 人，可 他 已 经 九 十 岁，我 不 敢 保 证 他 的 头 脑 和 记 忆。我 还 是 会 去 看 看。
str_id_3680|我 在{s17}认 识 一 个 能 帮 忙 的 人，虽 然 来 回 要 花 好 几 天，但 值 得。他 一 定 会 把 掌 握 的 全 部{s18}情 报 交 给 我，而 那 应 该 就 是 全 部。
str_id_3681|这 类 情 报 不 会 便 宜，不 过 我 至 少 知 道 去 哪 里 找。{s17}有 个 人 能 帮 我 们，他 会 告 诉 我 们 关 于{s18}的 一 切。
str_id_3682|我 会 四 处 问 问。也 许{s17}有 人 知 道。我 以 前 从 不 需 要 这 种 情 报，但 如 果 你 想 了 解{s18}的 近 况，那 是 我 唯 一 能 想 到 的 去 处。
str_id_3683|我 会 去{s17}，砸 碎 多 少 颗 脑 袋 都 行，直 到 他 们 把{s18}的 一 切 告 诉 我。我 很 快 就 回 来。
str_id_3684|你 说{s18}？这 不 难。找 到 知 情 人 很 容 易，他 还 是 我 的 老 朋 友；难 的 是 他 现 在 还 肯 不 肯 告 诉 我。我 会 去{s17}，看 看 他 还 念 不 念 旧 情。
str_id_3685|我 可 以 前 往 {s17}，搜 集 有 关 {s18} 的 情 报。
str_id_3686|我 可 以 前 往 {s17}，搜 集 有 关 {s18} 的 情 报。
str_id_3687|我 可 以 前 往 {s17}，搜 集 有 关 {s18} 的 情 报。
str_id_3688|我 可 以 前 往 {s17}，搜 集 有 关 {s18} 的 情 报。
str_id_3689|我 可 以 前 往 {s17}，搜 集 有 关 {s18} 的 情 报。
str_id_3690|我 可 以 前 往 {s17}，搜 集 有 关 {s18} 的 情 报。
str_id_3691|我 可 以 前 往 {s17}，搜 集 有 关 {s18} 的 情 报。
str_id_3692|我 可 以 前 往 {s17}，搜 集 有 关 {s18} 的 情 报。
str_id_3693|我 可 以 前 往 {s17}，搜 集 有 关 {s18} 的 情 报。
str_id_3694|我 可 以 前 往 {s17}，搜 集 有 关 {s18} 的 情 报。
str_id_3695|我 可 以 前 往 {s17}，搜 集 有 关 {s18} 的 情 报。
str_id_3696|我 可 以 前 往 {s17}，搜 集 有 关 {s18} 的 情 报。
str_id_3697|我 可 以 前 往 {s17}，搜 集 有 关 {s18} 的 情 报。
str_id_3698|我 可 以 前 往 {s17}，搜 集 有 关 {s18} 的 情 报。
str_id_3699|我 可 以 前 往 {s17}，搜 集 有 关 {s18} 的 情 报。
str_id_3700|我 可 以 前 往 {s17}，搜 集 有 关 {s18} 的 情 报。
str_id_3701|我 可 以 前 往 {s17}，搜 集 有 关 {s18} 的 情 报。
str_id_3702|我 可 以 前 往 {s17}，搜 集 有 关 {s18} 的 情 报。
str_id_3703|我 可 以 前 往 {s17}，搜 集 有 关 {s18} 的 情 报。
str_id_3704|我 可 以 前 往 {s17}，搜 集 有 关 {s18} 的 情 报。
str_id_3705|我 可 以 前 往 {s17}，搜 集 有 关 {s18} 的 情 报。
str_id_3706|我 可 以 前 往 {s17}，搜 集 有 关 {s18} 的 情 报。
str_id_3707|我 可 以 前 往 {s17}，搜 集 有 关 {s18} 的 情 报。
str_id_3708|我 可 以 前 往 {s17}，搜 集 有 关 {s18} 的 情 报。
str_id_3709|我 可 以 前 往 {s17}，搜 集 有 关 {s18} 的 情 报。
str_id_3710|我 可 以 前 往 {s17}，搜 集 有 关 {s18} 的 情 报。
str_id_3711|我 可 以 前 往 {s17}，搜 集 有 关 {s18} 的 情 报。
str_id_3712|我 可 以 前 往 {s17}，搜 集 有 关 {s18} 的 情 报。
str_id_3713|我 可 以 前 往 {s17}，搜 集 有 关 {s18} 的 情 报。
str_id_3714|我 可 以 前 往 {s17}，搜 集 有 关 {s18} 的 情 报。
str_id_3715|我 可 以 前 往 {s17}，搜 集 有 关 {s18} 的 情 报。
str_id_3716|我 可 以 前 往 {s17}，搜 集 有 关 {s18} 的 情 报。
str_id_3717|我 可 以 前 往 {s17}，搜 集 有 关 {s18} 的 情 报。
str_id_3718|我 可 以 前 往 {s17}，搜 集 有 关 {s18} 的 情 报。
str_id_3719|我 可 以 前 往 {s17}，搜 集 有 关 {s18} 的 情 报。
str_id_3720|我 可 以 前 往 {s17}，搜 集 有 关 {s18} 的 情 报。
str_id_3721|我 可 以 前 往 {s17}，搜 集 有 关 {s18} 的 情 报。
str_id_3722|我 可 以 前 往 {s17}，搜 集 有 关 {s18} 的 情 报。
str_id_3723|我 可 以 前 往 {s17}，搜 集 有 关 {s18} 的 情 报。
str_id_3724|我 可 以 前 往 {s17}，搜 集 有 关 {s18} 的 情 报。
str_id_3725|我 可 以 前 往 {s17}，搜 集 有 关 {s18} 的 情 报。
str_id_3726|我 可 以 前 往 {s17}，搜 集 有 关 {s18} 的 情 报。
str_id_3727|我 可 以 前 往 {s17}，搜 集 有 关 {s18} 的 情 报。
str_id_3728|我 可 以 前 往 {s17}，搜 集 有 关 {s18} 的 情 报。
str_id_3729|我 可 以 前 往 {s17}，搜 集 有 关 {s18} 的 情 报。
str_id_3730|我 可 以 前 往 {s17}，搜 集 有 关 {s18} 的 情 报。
str_id_3731|我 可 以 前 往 {s17}，搜 集 有 关 {s18} 的 情 报。
str_id_3732|我 可 以 前 往 {s17}，搜 集 有 关 {s18} 的 情 报。
str_id_3733|我 可 以 前 往 {s17}，搜 集 有 关 {s18} 的 情 报。
str_id_3734|我 可 以 前 往 {s17}，搜 集 有 关 {s18} 的 情 报。
str_id_3735|我 可 以 前 往 {s17}，搜 集 有 关 {s18} 的 情 报。
str_id_3736|我 可 以 前 往 {s17}，搜 集 有 关 {s18} 的 情 报。
str_id_3737|我 可 以 前 往 {s17}，搜 集 有 关 {s18} 的 情 报。
str_id_3738|我 可 以 前 往 {s17}，搜 集 有 关 {s18} 的 情 报。
str_id_3739|我 可 以 前 往 {s17}，搜 集 有 关 {s18} 的 情 报。
str_id_3740|我 可 以 前 往 {s17}，搜 集 有 关 {s18} 的 情 报。
str_id_3741|我 可 以 前 往 {s17}，搜 集 有 关 {s18} 的 情 报。
str_id_3742|我 可 以 前 往 {s17}，搜 集 有 关 {s18} 的 情 报。
str_id_3743|我 可 以 前 往 {s17}，搜 集 有 关 {s18} 的 情 报。
str_id_3744|我 可 以 前 往 {s17}，搜 集 有 关 {s18} 的 情 报。
str_id_3745|我 可 以 前 往 {s17}，搜 集 有 关 {s18} 的 情 报。
str_id_3746|我 不 知 道 你 觉 得{s17}这 种 封 地 对 我 有 什 么 用。不 过 你 是 真 心 慷 慨，我 会 接 受，日 后 再 想 该 如 何 处 置。
str_id_3747|我 的 家 人 会 非 常 自 豪 看 到 我 成 为 {s17} 的 领 主。我 并 不 总 是 他 们 想 要 的 儿 子，我 知 道 过 去 让 他 们 失 望 过，但 这 肯 定 会 让 他 们 看 到 我 的 价 值。非 常 感 谢。
str_id_3748|能 为 你 治 理 {s17}，将 是 我 的 荣 幸。我 会 竭 尽 所 能，使 它 繁 荣 昌 盛，并 守 住 你 交 托 给 我 的 土 地。{reg33?:}
str_id_3749|没 想 到 你 竟 愿 把{s17}封 给 我。大 多 数 人 都 不 尊 重 我，你 却 给 予 我 这 样 的 荣 誉。谢 谢。
str_id_3750|我 很 乐 意 领 有{s17}。我 会 通 知 兄 弟 们，我 们 终 于 有 个 安 全 又 受 保 护 的 地 方，可 以 埋 葬 尸 体 和 那 些 永 远 不 该 被 发 现 的 东 西—— 当 然，要 收 费。
str_id_3751|{playername}，我 没 什 么 时 间 统 治，但 认 识 一 些 可 信 的 管 理 员 可 以 代 我 管 理。你 给 我 这 份 封 地 不 仅 仅 是 荣 誉，我 现 在 有 了 征 战 的 基 础 和 举 办 议 会 的 地 方。我 欠 你 人 情。
str_id_3752|接 受{s17}会 让 我 比 从 前 更 容 易 成 为 目 标，所 以 我 有 些 犹 豫。但 我 不 可 能 永 远 处 在 如 今 的 位 置，退 休 后 总 需 要 属 于 自 己 的 地 方。我 接 受 你 的 慷 慨。
str_id_3753|谢 谢 你 {reg33?女 士 :先 生 }，这 是 最 意 想 不 到 的 荣 誉。半 身 人 通 常 不 可 能 在 帝 国 以 外 的 地 方 获 得 外 国 土 地。这 会 提 高 我 在 议 会 中 的 地 位，证 明 我 过 去 所 做 的 一 切 都 是 值 得 的。
str_id_3754|这 就 是 为 什 么 我 知 道 你 会 是 个 好 雇 主。你 记 得 那 些 对 你 的 成 功 贡 献 最 大 的 人。我 接 受 这 份 荣 誉，并 会 举 办 一 个 三 天 的 饮 酒 节 来 纪 念 你。
str_id_3755|你 这 个 提 议 让 我 觉 得 好 笑。我 通 常 直 接 夺 取 想 要 的 东 西 而 不 是 被 给 予，但 你 心 思 不 纯，所 以 可 以 理 解。我 在 你 的 军 队 中 很 满 足，所 以 我 会 接 受 你 的 提 议，而 不 是 在 部 队 面 前 拆 你 的 台。
str_id_3756|你 很 聪 明 {playername}，把 土 地 给 混 沌 矮 人 营 地 舰 队 的 指 挥 官 会 完 全 迷 惑 你 的 敌 人。他 们 会 不 知 所 措，反 复 猜 测 你 的 意 图 和 政 治 实 力。这 总 是 个 优 势。
str_id_3757|吱 吱 叫 你 对 我 真 好。我 想 给 你 些 疯 帽 草 说 谢 谢，但 我 自 己 全 用 了，哈 哈 哈。
str_id_3758|我 生 来 就 该 持 有 土 地，守 护 温 和 的 民 众，但 没 想 到 会 在 巴 托 尼 亚 以 外 的 国 家 持 有 土 地。你 认 为 我 配 得 上 这 个 职 位，给 我 莫 大 荣 誉。我 十 分 感 激 地 接 受。
str_id_3759|队 长，你 给 了 我 极 大 的 荣 誉。在 奥 苏 安，像 我 这 样 的 幼 子 几 乎 没 有 机 会 获 得 自 己 的 封 地；而 在 其 他 王 国，战 士 仍 能 凭 长 矛 赢 得 这 种 在 芬 努 巴 治 下 极 难 取 得 的 权 利。我 会 以 你 的 封 臣 身 份 统 治{s17}，并 组 建 军 队，为 你 和 王 国 的 荣 耀 而 战。
str_id_3760|哦，{reg33?女 士 :先 生 }，这 真 是 仁 慈 之 举，彰 显 了 您 作 为 能 拯 救 这 片 可 怜 土 地 脱 离 当 前 统 治 者 无 能 的 君 主。我 猜 这 里 的 许 多 贵 族 领 主 会 觉 得 我 这 种 平 民 不 配 拥 有 封 地。哼，等 他 们 见 识 了 我 的 手 段 和 带 来 的 收 益，保 管 改 口！
str_id_3761|哦，您 真 是 太 慷 慨 了，{reg33?女 士:阁 下}。我 进 出 过 不 少 大 厅 和 庄 园—— 得 补 充 一 句，并 不 总 是 得 到 主 人 的 允 许—— 却 从 未 想 过 自 己 也 会 拥 有 一 处 领 地。
str_id_3762|当 我 的 子 民 无 家 可 归 时，接 受 新 家 似 乎 粗 俗 不 光 彩，但 我 们 需 要 一 个 更 靠 近 文 明 的 庇 护 所 来 安 置 伤 员，因 为 我 们 新 驻 地 不 像 劳 雷 洛 恩 那 样 能 提 供 同 等 保 障。
str_id_3763|您 真 是 我 的 好 朋 友，{playername}，也 是 一 位 了 不 起 的 领 袖，恕 我 直 言。如 今 我 也 拥 有 自 己 的 领 地 了—— 这 值 得 换 一 顶 新 帽 子 庆 祝。
str_id_3764|您 太 慷 慨 了，{reg33?女 士 :先 生 }，现 在 我 有 了 一 座 家 族 宅 邸，可 以 和 弗 罗 林 在 此 养 育 孩 子。但 愿 他 能 留 下 陪 我，别 总 去 冒 险。他 总 说 很 快 回 来，可 总 有 理 由 离 开。
str_id_3765|我 通 常 不 愿 做 任 何 人 的 附 庸，但 封 地 品 质 如 此 诱 人，实 在 难 以 拒 绝。带 我 去 新 领 地 吧。
str_id_3766|您 知 道 我 在 家 乡 已 有 封 地，但 交 由 朋 友 代 管 直 至 归 期。保 护 众 多 子 民 责 任 重 大，我 曾 在 地 精 屠 戮 时 失 职。若 我 能 善 待 {s17} 百 姓，或 许 能 重 拾 荣 誉，考 虑 返 乡。
str_id_3767|我 们 一 直 在 寻 找 一 块 海 外 土 地，建 立 情 报 机 构 的 据 点，{s17}正 合 适。感 谢 你 赐 予 我 这 个 头 衔 和 荣 誉。
str_id_3768|我 总 思 忖 退 休 居 所，如 今 您 提 供 了 完 美 地 点。多 谢 队 长，咱 们 喝 一 杯 庆 祝。
str_id_3769|您 的 慷 慨 令 我 深 感 荣 幸，我 必 以 极 致 关 怀 尊 重 对 待 臣 民。只 需 一 年，您 便 会 见 证 此 地 的 繁 荣。
str_id_3770|{s17}是 一 片 优 质 土 地，我 会 充 分 利 用。它 将 训 练 出 优 秀 士 兵，也 希 望 能 生 产 足 够 养 活 全 军 的 粮 食。在 这 个 战 争 不 断 的 世 界，我 们 必 须 做 好 准 备。
str_id_3771|谢 谢 {playername}，我 欠 您 个 人 情。我 会 在 复 国 时 将 所 有 权 纳 入 新 王 国，想 必 您 早 有 预 料。
str_id_3772|斯 露 德 对 礼 物 感 到 困 惑，但 会 收 下。反 正 下 一 场 战 斗 在 哪 儿？
str_id_3773|哦 {playername}，您 真 是 忠 诚 的 朋 友 和 领 袖。本 以 为 再 无 缘 拥 有 土 地，您 却 改 写 我 的 命 运。我 必 把 此 地 打 造 成 您 王 国 的 坚 固 堡 垒。
str_id_3774|能 为 你 治 理 {s17}，将 是 我 的 荣 幸。
str_id_3775|能 为 你 治 理 {s17}，将 是 我 的 荣 幸。
str_id_3776|能 为 你 治 理 {s17}，将 是 我 的 荣 幸。
str_id_3777|能 为 你 治 理 {s17}，将 是 我 的 荣 幸。
str_id_3778|能 为 你 治 理 {s17}，将 是 我 的 荣 幸。
str_id_3779|能 为 你 治 理 {s17}，将 是 我 的 荣 幸。
str_id_3780|能 为 你 治 理 {s17}，将 是 我 的 荣 幸。
str_id_3781|能 为 你 治 理 {s17}，将 是 我 的 荣 幸。
str_id_3782|能 为 你 治 理 {s17}，将 是 我 的 荣 幸。
str_id_3783|能 为 你 治 理 {s17}，将 是 我 的 荣 幸。
str_id_3784|能 为 你 治 理 {s17}，将 是 我 的 荣 幸。
str_id_3785|能 为 你 治 理 {s17}，将 是 我 的 荣 幸。
str_id_3786|能 为 你 治 理 {s17}，将 是 我 的 荣 幸。
str_id_3787|能 为 你 治 理 {s17}，将 是 我 的 荣 幸。
str_id_3788|能 为 你 治 理 {s17}，将 是 我 的 荣 幸。
str_id_3789|能 为 你 治 理 {s17}，将 是 我 的 荣 幸。
str_id_3790|能 为 你 治 理 {s17}，将 是 我 的 荣 幸。
str_id_3791|能 为 你 治 理 {s17}，将 是 我 的 荣 幸。
str_id_3792|能 为 你 治 理 {s17}，将 是 我 的 荣 幸。
str_id_3793|能 为 你 治 理 {s17}，将 是 我 的 荣 幸。
str_id_3794|能 为 你 治 理 {s17}，将 是 我 的 荣 幸。
str_id_3795|能 为 你 治 理 {s17}，将 是 我 的 荣 幸。
str_id_3796|能 为 你 治 理 {s17}，将 是 我 的 荣 幸。
str_id_3797|能 为 你 治 理 {s17}，将 是 我 的 荣 幸。
str_id_3798|能 为 你 治 理 {s17}，将 是 我 的 荣 幸。
str_id_3799|能 为 你 治 理 {s17}，将 是 我 的 荣 幸。
str_id_3800|能 为 你 治 理 {s17}，将 是 我 的 荣 幸。
str_id_3801|能 为 你 治 理 {s17}，将 是 我 的 荣 幸。
str_id_3802|能 为 你 治 理 {s17}，将 是 我 的 荣 幸。
str_id_3803|能 为 你 治 理 {s17}，将 是 我 的 荣 幸。
str_id_3804|能 为 你 治 理 {s17}，将 是 我 的 荣 幸。
str_id_3805|能 为 你 治 理 {s17}，将 是 我 的 荣 幸。
str_id_3806|能 为 你 治 理 {s17}，将 是 我 的 荣 幸。
str_id_3807|能 为 你 治 理 {s17}，将 是 我 的 荣 幸。
str_id_3808|能 为 你 治 理 {s17}，将 是 我 的 荣 幸。
str_id_3809|能 为 你 治 理 {s17}，将 是 我 的 荣 幸。
str_id_3810|能 为 你 治 理 {s17}，将 是 我 的 荣 幸。
str_id_3811|能 为 你 治 理 {s17}，将 是 我 的 荣 幸。
str_id_3812|能 为 你 治 理 {s17}，将 是 我 的 荣 幸。
str_id_3813|能 为 你 治 理 {s17}，将 是 我 的 荣 幸。
str_id_3814|能 为 你 治 理 {s17}，将 是 我 的 荣 幸。
str_id_3815|能 为 你 治 理 {s17}，将 是 我 的 荣 幸。
str_id_3816|能 为 你 治 理 {s17}，将 是 我 的 荣 幸。
str_id_3817|能 为 你 治 理 {s17}，将 是 我 的 荣 幸。
str_id_3818|能 为 你 治 理 {s17}，将 是 我 的 荣 幸。
str_id_3819|能 为 你 治 理 {s17}，将 是 我 的 荣 幸。
str_id_3820|能 为 你 治 理 {s17}，将 是 我 的 荣 幸。
str_id_3821|能 为 你 治 理 {s17}，将 是 我 的 荣 幸。
str_id_3822|能 为 你 治 理 {s17}，将 是 我 的 荣 幸。
str_id_3823|能 为 你 治 理 {s17}，将 是 我 的 荣 幸。
str_id_3824|能 为 你 治 理 {s17}，将 是 我 的 荣 幸。
str_id_3825|能 为 你 治 理 {s17}，将 是 我 的 荣 幸。
str_id_3826|能 为 你 治 理 {s17}，将 是 我 的 荣 幸。
str_id_3827|能 为 你 治 理 {s17}，将 是 我 的 荣 幸。
str_id_3828|能 为 你 治 理 {s17}，将 是 我 的 荣 幸。
str_id_3829|能 为 你 治 理 {s17}，将 是 我 的 荣 幸。
str_id_3830|能 为 你 治 理 {s17}，将 是 我 的 荣 幸。
str_id_3831|能 为 你 治 理 {s17}，将 是 我 的 荣 幸。
str_id_3832|能 为 你 治 理 {s17}，将 是 我 的 荣 幸。
str_id_3833|能 为 你 治 理 {s17}，将 是 我 的 荣 幸。
str_id_3834|你 是 个 好 朋 友 {playername}，我 将 为 你 照 看 {s17}。
str_id_3852|别 因 国 王 会 不 会 把 封 地 赐 给 女 人 而 忧 心。只 要 够 聪 明，迟 早 能 得 到 自 己 想 要 的 一 切—— 关 键 是 别 被 那 些 陈 规 困 住。
str_id_3853|队 长—— 恕 我 直 言，你 已 在 这 一 带 闯 出 了 不 小 的 名 声。若 你 是 男 人，恐 怕 早 有 国 王 赐 你 封 地 了。可 外 来 的 女 人 就 得 习 惯 这 种 事；男 人 总 能 找 到 借 口，不 肯 给 我 们 应 得 的 奖 赏。
str_id_3858|{playername}。我 想 向 你 表 示 祝 贺，看 来 你 已 经 在 为 自 己 挣 得 了 名 声，成 为 了 一 个 值 得 畏 惧 的 战 士。如 果 你 是 个 男 人，我 怀 疑 这 片 土 地 的 国 王 会 争 先 恐 后 地 让 你 成 为 他 们 的 附 庸。唉，在 这 个 世 界 上，像 我 们 这 样 的 女 人 必 须 付 出 两 倍 的 努 力 才 能 获 得 认 可。
str_id_3924|我 为 挑 战 强 敌 而 来，却 只 遇 上 您。我 会 斩 下 您 的 头 颅，再 去 寻 找 真 正 的 对 手。
str_id_3925|真 是 悲 伤 之 日。从 未 想 过 会 与 旧 主 战 场 相 逢。即 便 获 胜，也 毫 无 喜 悦。
str_id_3926|噢，{playername}，我 们 的 命 运 竟 走 到 如 此 悲 惨 的 一 步！我 只 能 希 望，让 我 们 成 为 敌 人 的 战 争 变 故，有 朝 一 日 也 能 让 我 们 重 新 成 为 朋 友。
str_id_3927|凭 约 克 和 摩 克 之 名……我 真 不 知 该 说 什 么。若 必 须 战 斗，那 就 速 战 速 决。
str_id_3928|{playername}，你 更 擅 长 正 面 作 战 和 统 领 军 队，而 我 已 经 见 识 过 你 的 做 法。也 许 今 天 结 束 时，我 会 从 你 的 国 库 拿 到 一 笔 丰 厚 赎 金。来 战 吧！
str_id_3929|以 这 种 方 式 与 你 相 见，{playername}，让 我 无 比 愤 怒。我 不 想 再 追 究 是 什 么 把 我 们 推 到 这 一 步，只 能 说 我 曾 信 任 你，而 这 份 信 任 没 有 得 到 回 报。
str_id_3930|我 太 多 回 在 战 场 上 碰 到 前 雇 主 了，别 往 心 里 去。这 只 是 生 意。
str_id_3931|战 场 上 见，伙 计，看 好 你 的 钱 袋 子。
str_id_3932|我 敬 重 你 的 力 量 和 勇 气。一 旦 我 击 败 你 并 夺 取 战 利 品，世 界 将 再 次 传 颂 我 的 事 迹。
str_id_3933|我 料 想 你 会 是 我 最 难 缠 的 对 手，然 后 我 料 想 你 死。如 果 你 敢，就 与 我 单 挑，我 会 找 你 的。
str_id_3934|我 们 既 已 来 到 纳 迦 罗 斯，就 得 时 刻 提 防 黑 暗 精 灵。若 让 他 们 抓 住，死 亡 恐 怕 反 而 是 最 仁 慈 的 结 局。
str_id_3935|呸！
str_id_3936|与 你 为 敌 令 我 悲 伤—— 但 另 一 方 面 你 自 取 其 辱，正 义 理 应 看 我 把 你 铐 走。我 曾 追 随 你 是 我 的 过 错，但 现 在 我 可 以 开 始 弥 补 了。拿 起 武 器。
str_id_3937|唉，{playername}。我 们 兵 戎 相 见。我 承 认 心 情 复 杂。与 你 开 战 让 我 痛 心，但 如 果 在 战 场 上 我 赢 了，我 就 击 败 了 世 界 最 伟 大 的 指 挥 官 之 一，从 而 证 明 我 的 军 事 造 诣 已 登 峰 造 极！
str_id_3938|啊……我 一 直 不 愿 面 对 这 一 天。我 只 想 说，在 我 看 来，如 果 你 当 初 信 任 我，事 情 不 会 到 这 地 步。但 你 肯 定 不 这 么 想。
str_id_3939|你 好，队 长！看 来 我 们 成 敌 人 了！你 肯 定 一 点 都 不 怕，但 你 不 晓 得 我 有 多 厉 害。没 错！只 要 我 打 败 你，就 没 人 敢 说 闲 话 了。受 死 吧！
str_id_3940|看 来 你 也 沦 为 敌 人，跟 其 他 人 一 样。连 你 都 走 上 这 种 自 私 又 光 荣 的 老 路，让 我 失 望 透 顶。速 战 速 决 吧。
str_id_3941|别 费 劲 找 我 决 斗，我 宁 愿 一 枪 崩 了 你 脑 门。哈 哈，战 场 上 留 神 点，我 的 准 星 正 对 着 你 呢。
str_id_3942|弗 罗 林 救 救 我！
str_id_3943|看 来 命 运 让 我 们 敌 对。我 承 认 你 技 高 一 筹，但 我 的 部 队 会 为 我 战 至 最 后，而 且 我 们 以 逸 待 劳，不 像 你 那 群 疲 兵。
str_id_3944|最 近 我 树 敌 众 多，现 在 你 也 加 入 名 单，等 着 承 受 我 的 怒 火。想 想 我 曾 尊 敬 过 你。
str_id_3945|一 如 既 往，局 势 逆 转，曾 经 的 同 袍 必 须 兵 戈 相 向。我 敬 重 你 作 为 指 挥 官，等 你 败 北，我 也 会 尊 重 你 作 为 俘 虏。
str_id_3946|这 一 战 多 半 不 会 有 好 结 果。不 过 管 他 呢—— 反 正 我 也 老 得 不 适 合 再 干 这 行 了。
str_id_3947|我 见 识 过 太 多 世 事，不 会 因 死 亡 而 畏 缩。但 荣 誉 要 求 我 站 在 你 身 边，直 到 最 后 一 刻。
str_id_3948|敌 人 的 战 法 令 人 赞 叹。他 们 训 练 有 素、阵 势 严 整；要 击 败 这 样 的 对 手，我 们 必 须 比 以 往 任 何 时 候 都 更 加 谨 慎。{playername}
str_id_3949|来 吧！我 要 用 这 根 棍 子 把 他 们 的 脊 梁 一 根 根 敲 断！
str_id_3950|我 将 击 败 你！
str_id_3951|昔 日 的 朋 友 如 今 成 了 敌 人，世 事 真 是 无 常。但 既 然 他 们 选 择 挡 在 我 们 面 前，就 别 怪 我 手 下 无 情。{playername}
str_id_3952|什 么！我 还 以 为 你 是 个 值 得 信 赖 的 人，{playername}。
str_id_3953|什 么！我 还 以 为 你 是 个 值 得 信 赖 的 人，{playername}。
str_id_3954|什 么！我 还 以 为 你 是 个 值 得 信 赖 的 人，{playername}。
str_id_3955|什 么！我 还 以 为 你 是 个 值 得 信 赖 的 人，{playername}。
str_id_3956|什 么！我 还 以 为 你 是 个 值 得 信 赖 的 人，{playername}。
str_id_3957|什 么！我 还 以 为 你 是 个 值 得 信 赖 的 人，{playername}。
str_id_3958|什 么！我 还 以 为 你 是 个 值 得 信 赖 的 人，{playername}。
str_id_3959|什 么！我 还 以 为 你 是 个 值 得 信 赖 的 人，{playername}。
str_id_3960|什 么！我 还 以 为 你 是 个 值 得 信 赖 的 人，{playername}。
str_id_3961|什 么！我 还 以 为 你 是 个 值 得 信 赖 的 人，{playername}。
str_id_3962|什 么！我 还 以 为 你 是 个 值 得 信 赖 的 人，{playername}。
str_id_3963|什 么！我 还 以 为 你 是 个 值 得 信 赖 的 人，{playername}。
str_id_3964|什 么！我 还 以 为 你 是 个 值 得 信 赖 的 人，{playername}。
str_id_3965|什 么！我 还 以 为 你 是 个 值 得 信 赖 的 人，{playername}。
str_id_3966|什 么！我 还 以 为 你 是 个 值 得 信 赖 的 人，{playername}。
str_id_3967|什 么！我 还 以 为 你 是 个 值 得 信 赖 的 人，{playername}。
str_id_3968|什 么！我 还 以 为 你 是 个 值 得 信 赖 的 人，{playername}。
str_id_3969|什 么！我 还 以 为 你 是 个 值 得 信 赖 的 人，{playername}。
str_id_3970|什 么！我 还 以 为 你 是 个 值 得 信 赖 的 人，{playername}。
str_id_3971|什 么！我 还 以 为 你 是 个 值 得 信 赖 的 人，{playername}。
str_id_3972|什 么！我 还 以 为 你 是 个 值 得 信 赖 的 人，{playername}。
str_id_3973|什 么！我 还 以 为 你 是 个 值 得 信 赖 的 人，{playername}。
str_id_3974|什 么！我 还 以 为 你 是 个 值 得 信 赖 的 人，{playername}。
str_id_3975|什 么！我 还 以 为 你 是 个 值 得 信 赖 的 人，{playername}。
str_id_3976|什 么！我 还 以 为 你 是 个 值 得 信 赖 的 人，{playername}。
str_id_3977|什 么！我 还 以 为 你 是 个 值 得 信 赖 的 人，{playername}。
str_id_3978|什 么！我 还 以 为 你 是 个 值 得 信 赖 的 人，{playername}。
str_id_3979|什 么！我 还 以 为 你 是 个 值 得 信 赖 的 人，{playername}。
str_id_3980|什 么！我 还 以 为 你 是 个 值 得 信 赖 的 人，{playername}。
str_id_3981|什 么！我 还 以 为 你 是 个 值 得 信 赖 的 人，{playername}。
str_id_3982|什 么！我 还 以 为 你 是 个 值 得 信 赖 的 人，{playername}。
str_id_3983|什 么！我 还 以 为 你 是 个 值 得 信 赖 的 人，{playername}。
str_id_3984|什 么！我 还 以 为 你 是 个 值 得 信 赖 的 人，{playername}。
str_id_3985|什 么！我 还 以 为 你 是 个 值 得 信 赖 的 人，{playername}。
str_id_3986|什 么！我 还 以 为 你 是 个 值 得 信 赖 的 人，{playername}。
str_id_3987|什 么！我 还 以 为 你 是 个 值 得 信 赖 的 人，{playername}。
str_id_3988|什 么！我 还 以 为 你 是 个 值 得 信 赖 的 人，{playername}。
str_id_3989|什 么！我 还 以 为 你 是 个 值 得 信 赖 的 人，{playername}。
str_id_3990|什 么！我 还 以 为 你 是 个 值 得 信 赖 的 人，{playername}。
str_id_3991|什 么！我 还 以 为 你 是 个 值 得 信 赖 的 人，{playername}。
str_id_3992|什 么！我 还 以 为 你 是 个 值 得 信 赖 的 人，{playername}。
str_id_3993|什 么！我 还 以 为 你 是 个 值 得 信 赖 的 人，{playername}。
str_id_3994|什 么！我 还 以 为 你 是 个 值 得 信 赖 的 人，{playername}。
str_id_3995|什 么！我 还 以 为 你 是 个 值 得 信 赖 的 人，{playername}。
str_id_3996|什 么！我 还 以 为 你 是 个 值 得 信 赖 的 人，{playername}。
str_id_3997|什 么！我 还 以 为 你 是 个 值 得 信 赖 的 人，{playername}。
str_id_3998|什 么！我 还 以 为 你 是 个 值 得 信 赖 的 人，{playername}。
str_id_3999|什 么！我 还 以 为 你 是 个 值 得 信 赖 的 人，{playername}。
str_id_4000|什 么！我 还 以 为 你 是 个 值 得 信 赖 的 人，{playername}。
str_id_4001|什 么！我 还 以 为 你 是 个 值 得 信 赖 的 人，{playername}。
str_id_4002|什 么！我 还 以 为 你 是 个 值 得 信 赖 的 人，{playername}。
str_id_4003|什 么！我 还 以 为 你 是 个 值 得 信 赖 的 人，{playername}。
str_id_4004|什 么！我 还 以 为 你 是 个 值 得 信 赖 的 人，{playername}。
str_id_4005|什 么！我 还 以 为 你 是 个 值 得 信 赖 的 人，{playername}。
str_id_4006|什 么！我 还 以 为 你 是 个 值 得 信 赖 的 人，{playername}。
str_id_4007|什 么！我 还 以 为 你 是 个 值 得 信 赖 的 人，{playername}。
str_id_4008|什 么！我 还 以 为 你 是 个 值 得 信 赖 的 人，{playername}。
str_id_4009|什 么！我 还 以 为 你 是 个 值 得 信 赖 的 人，{playername}。
str_id_4010|什 么！我 还 以 为 你 是 个 值 得 信 赖 的 人，{playername}。
str_id_4011|什 么！我 还 以 为 你 是 个 值 得 信 赖 的 人，{playername}。
str_id_4012|什 么！我 还 以 为 你 是 个 值 得 信 赖 的 人，{playername}。
str_id_4013|我 听 说 你 效 忠 于 某 个 质 疑 我 王 位 宣 称 的 僭 主。但 我 们 仍 可 谈 谈。{reg33?:}
str_id_4014|你 的 威 名 早 已 先 你 而 至！
str_id_4015|你 的 威 名 早 已 先 你 而 至！
str_id_4016|我 听 说 过 你。我 不 喜 欢 无 用 的 争 执，有 什 么 话 你 就 直 说 吧。
str_id_4017|我 知 道 你 的 名 字，它 让 很 多 人 从 心 里 感 到 害 怕。很 好，或 许 我 们 该 找 个 时 间 好 好 谈 谈。
str_id_4018|啊，是 的。我 们 终 于 见 面 了。你 听 起 来 像 个 值 得 认 识 的 {reg33?女 人 :男 人 }。让 我 们 时 不 时 聊 一 聊 吧。
str_id_4019|我 知 道 你 的 名 字，我 担 保 也 有 很 多 悲 伤 的 寡 妇 知 道 它。不 过 跟 我 没 关 系。
str_id_4020|我 听 说 过 你！今 日 终 于 得 以 相 识，实 在 荣 幸。
str_id_4021|我 听 过 你 的 名 号。人 们 说 你 是 位 勇 冠 三 军 的 战 士；只 盼 你 的 荣 誉 与 仁 慈，也 能 配 得 上 这 份 武 勇。
str_id_4022|我 还 听 说，一 支 打 着 贵 族 旗 帜 的 队 伍 正 在 这 一 带 活 动。想 必 那 就 是 你。
str_id_4023|我 看 到 你 举 着 贵 族 旗 帜，但 我 不 认 识 那 个 纹 章。没 关 系—— 勇 敢 的 {reg33?战 士 :男 人 } 的 家 就 是 全 世 界，或 者 说 大 家 都 这 么 说！{reg33?:}
str_id_4024|我 不 认 得 你 旗 子 上 的 这 个 徽 标。一 定 又 是 个 外 乡 人 到 这 里 来 了，好 像 这 里 还 不 够 多 似 的。
str_id_4025|我 看 你 带 着 面 贵 族 的 旗 子，不 过 我 不 认 得 这 个 徽 标。毫 无 疑 问，又 一 只 秃 鹰 盯 上 了 战 争 的 尸 体。
str_id_4026|我 看 见 你 举 着 一 面 贵 族 旗 帜，但 并 不 认 得 上 面 的 纹 章。不 过，与 将 来 可 能 成 为 伟 大 战 士 的 人 结 交，总 不 会 有 坏 处。
str_id_4027|我 看 到 你 举 着 贵 族 旗 帜，但 我 不 认 识 那 个 纹 章。或 许 你 是 个 自 大 的 偷 牛 贼 的 私 生 {reg33?女 儿 :儿 子 }？或 者 你 偷 来 的？
str_id_4028|我 看 到 你 举 着 贵 族 旗 帜，但 我 不 认 识 那 个 纹 章。请 原 谅 我 的 无 知，{reg33?女 士 :先 生 }！认 识 你 真 好。
str_id_4029|我 看 到 你 举 着 贵 族 旗 帜，但 我 不 认 识 那 个 纹 章。毫 无 疑 问，你 是 来 这 里 寻 找 财 富 和 荣 耀 的。如 果 真 是 这 样，那 我 只 求 你 怜 悯 那 些 在 战 争 路 径 上 受 苦 的 可 怜 人。
str_id_4030|也 许 你 的 出 身 很 平 常。但 你 该 知 道 我 总 在 寻 找 能 为 我 而 战 的 勇 士，如 果 他 们 能 够 证 明 自 己 值 得 我 信 任 的 话。
str_id_4031|或 许 你 不 是 贵 族 出 身，但 即 使 是 个 平 民，只 要 {reg33?她 :他 } 有 足 够 的 勇 气，总 有 一 天 也 能 出 人 头 地。
str_id_4032|又 一 个 想 靠 战 争 发 财 的 无 名 雇 佣 兵。
str_id_4033|又 一 只 赶 来 啄 食 这 片 土 地 苦 难 的 秃 鹫。
str_id_4034|嗯……我 从 没 听 说 过 你，但 看 得 出 来，你 或 许 终 有 一 天 会 闯 出 名 堂。
str_id_4035|对 那 些 不 请 自 来 的，放 肆 无 礼 的 无 名 之 辈，通 常 我 会 直 接 切 开 他 们 的 喉 咙。不 过 大 爷 我 今 天 心 情 不 错。
str_id_4036|嗯，你 看 起 来 蛮 像 一 个 好 人。
str_id_4037|愿 诸 神 护 佑 你—— 只 要 你 的 行 为 配 得 上 他 们 的 庇 佑。
str_id_4038|我 早 已 听 说 过 你 的 事 迹。有 些 {reg65?女 人:男 人} 或 许 会 畏 惧 精 通 战 斗 的 {reg33?女 人:男 人}，但 只 要 此 人 勇 敢 而 忠 诚，我 绝 不 会 拒 绝 一 双 懂 得 挥 剑 的 手。
str_id_4039|我 听 说 过 很 多 你 的 传 闻。他 们 说 你 的 强 悍 甚 至 不 输 给 最 勇 敢 的 男 子。或 许 我 们 该 在 竞 技 场 上，或 者 战 场 上 来 较 量 一 下，看 看 谁 更 勇 猛！
str_id_4040|我 听 说 过 关 于 你 的 谈 论—— 那 个 {reg33?女 人 :男 人 }，知 道 如 何 像 {reg33?男 人 :女 人 } 一 样 战 斗。
str_id_4041|我 知 道 你 的 名 字，它 让 很 多 人 从 心 里 感 到 害 怕。很 好，或 许 我 们 该 找 个 时 间 好 好 谈 谈。
str_id_4042|啊，是 的。我 们 终 于 见 面 了。你 听 起 来 像 个 值 得 认 识 的 {reg33?女 人 :男 人 }。让 我 们 时 不 时 聊 一 聊 吧。
str_id_4043|我 知 道 你 的 名 字，我 担 保 也 有 很 多 悲 伤 的 寡 妇 知 道 它。不 过 跟 我 没 关 系。
str_id_4044|我 听 说 过 你！今 日 终 于 得 以 相 识，实 在 荣 幸。
str_id_4045|我 听 过 你 的 名 号。人 们 说 你 是 位 勇 冠 三 军 的 战 士；只 盼 你 的 荣 誉 与 仁 慈，也 能 配 得 上 这 份 武 勇。
str_id_4046|我 很 少 遇 见 渴 望 率 领 {reg33?女 战 士:男 人} 上 阵 的 {reg33?女 人:男 人}。但 如 今 世 道 黑 暗 动 荡，只 要 此 人 勇 敢 忠 诚，我 不 会 拒 绝 一 双 懂 得 挥 剑 的 手。
str_id_4047|我 不 认 识 你 旗 帜 上 的 纹 章，但 显 然 你 是 个 有 地 位 的 {reg33?女 士 :男 孩 }。请 把 我 当 作 你 最 谦 卑 的 仆 人。
str_id_4048|我 不 认 得 你 旗 子 上 的 这 个 徽 标。一 定 又 是 个 外 乡 人 到 这 里 来 了，带 着 他 们 奇 怪 的 习 惯。
str_id_4049|我 看 到 你 举 着 贵 族 旗 帜，但 我 不 认 识 那 个 纹 章……你 应 该 知 道，{reg33?女 士 :男 孩 }，在 这 里 是 {reg33?男 人 :女 人 } 上 战 场，如 果 你 试 图 颠 覆 事 物 的 自 然 秩 序，你 会 发 现 你 漂 亮 的 脑 袋 插 在 长 矛 上—— 就 像 任 何 其 他 叛 徒 一 样！{reg33?:}
str_id_4050|在 旧 世 界 的 战 场 上 追 寻 {reg33?她:他} 的 财 富，对 {reg33?女 人:男 人} 而 言 并 非 闻 所 未 闻，却 也 不 常 见。我 会 十 分 关 注 你 的 进 展。
str_id_4051|你 看 起 来 有 贵 族 身 份，但 我 不 认 识 你 的 旗 帜。显 然，又 是 另 一 个 外 国 佬 来 到 我 们 的 海 岸—— 毫 无 疑 问 来 自 一 个 {reg33?男 人 :女 人 } 软 弱、而 {reg33?女 人 :男 人 } 代 替 他 们 上 战 场 的 土 地！
str_id_4052|我 看 见 你 打 着 一 位 贵 族 {reg33?女 性:男 性} 的 旗 帜，却 认 不 出 徽 记。请 原 谅 我 的 无 知，{reg33?女 士:小 伙 子}！很 高 兴 认 识 你。
str_id_4053|我 们 不 常 看 到 {reg33?女 人 :男 性 } 全 副 武 装 准 备 战 争。请 别 误 会，{reg33?我 的 女 士 :亲 爱 的 男 孩 }，因 为 你 有 权 保 护 自 己，但 我 不 能 假 装 完 全 接 受 你 上 战 场 的 决 定。我 更 希 望 {reg33?女 人 :男 性 } 不 受 这 些 战 争 影 响，因 为 我 相 信 {reg33?女 性 :男 性 } 是 保 存 我 们 仅 存 温 柔 和 体 贴 的 守 护 者。{reg33?:}
str_id_4054|我 很 少 遇 见 渴 望 率 领 {reg33?战 士/男 人} 上 阵 的 {reg33?女 人:男 人}。但 如 今 世 道 黑 暗 动 荡，只 要 此 人 勇 敢 忠 诚，我 不 会 拒 绝 一 双 懂 得 挥 剑 的 手。
str_id_4055|你 好，{reg33?女 士:小 伙 子}。从 你 的 举 止 看 来，你 绝 非 寻 常 的 {reg33?少 女:少 年}；希 望 你 不 会 拒 绝 最 卑 微 的 仆 人 向 你 表 达 仰 慕。
str_id_4056|嘿。想 想 看—— 一 个 {reg33?少 女 :漂 亮 男 孩 }，全 副 武 装 准 备 战 争。好 吧，这 是 个 奇 怪 的 景 象，但 在 你 的 情 况 下，我 能 想 象 自 己 可 能 会 慢 慢 接 受。
str_id_4057|看 到 {reg33?女 人 :男 孩 } 全 副 武 装 准 备 战 争 很 不 寻 常。小 心 点，{reg33?我 的 女 士 :亲 爱 的 男 孩 }—— 这 是 个 残 酷 的 世 界，看 到 这 样 的 美 丽 被 剑 伤 破 坏 会 是 个 遗 憾。
str_id_4058|你 好，{reg33?女 士:小 伙 子}。请 别 以 为 我 唐 突，但 很 少 见 到 {reg33?女 人:男 孩} 全 副 武 装 准 备 作 战。我 希 望 有 朝 一 日，自 己 也 能 成 为 这 样 勇 敢 而 有 精 神 的 女 儿 的 {reg65?母 亲:父 亲}。
str_id_4059|我 们 这 里 有 什 么！一 个 {reg33?女 人 :漂 亮 男 孩 }，全 副 武 装 准 备 战 争！好 吧，我 敢 说，像 你 这 样 美 丽 的 人 甚 至 能 给 锁 子 甲 增 添 一 丝 {reg33?女 性 气 质 :精 致 }。
str_id_4060|{reg33?我 的 女 士 :亲 爱 的 男 孩 }，如 果 你 在 武 艺 上 像 容 貌 一 样 出 色，那 么 你 的 敌 人 确 实 该 害 怕 你！{reg33?:}
str_id_4061|问 候，{reg33?我 的 女 士 :亲 爱 的 男 孩 }。即 使 你 衣 服 和 装 备 上 沾 满 行 军 的 尘 土，我 也 能 看 出 你 不 乏 你 高 贵 性 别 的 优 雅。
str_id_4062|我 很 少 遇 见 渴 望 率 领 {reg33?战 士:男 人} 上 阵 的 {reg33:女 人:男 人}。但 如 今 世 道 黑 暗 动 荡，只 要 此 人 勇 敢 忠 诚，我 不 会 拒 绝 一 双 懂 得 挥 剑 的 手。
str_id_4063|我 得 提 醒 你，{reg33?亲 爱 的 姑 娘:年 轻 人}—— 在 这 片 危 险 的 土 地 上 骑 行 务 必 小 心。如 果 你 有 一 天 想 过 一 种 更……嗯……安 稳 的 生 活，我 相 信 能 从 我 的 {reg33?部 下:战 士} 中，为 你 找 到 一 位 合 适 的 {reg33?丈 夫:妻 子}。
str_id_4064|顺 便 问 一 句，{reg33?姑 娘:小 子}，你 的 {reg33?丈 夫:情 妇} 知 道 你 弄 坏 了 对 方 的 武 器 和 盔 甲 吗？我 敢 打 赌，你 回 家 后 准 会 挨 一 顿 狠 揍！
str_id_4065|这 真 是 堕 落 的 时 代，连 {reg33?女 人 :男 性 } 都 变 成 强 盗，来 捡 战 争 残 骸 中 的 剩 饭。
str_id_4066|即 使 她 们 很 少，你 也 不 是 第 一 个 来 这 里 在 战 场 上 找 钱 的 女 人。我 将 非 常 感 兴 趣 地 关 注 你 的 进 展。
str_id_4067|一 个 {reg33?女 人 :男 人 }，全 副 武 装 准 备 战 斗！嗯，我 猜 你 {reg33?并 不 比 :也 差 不 多 } 我 手 下 那 些 自 称 战 士 的 人 更 女 性 化。
str_id_4068|从 你 的 样 子 看，我 觉 得 你 能 照 顾 好 自 己，但 在 外 面 要 小 心 点，{reg33?我 的 女 士 :我 的 小 伙 子 }。
str_id_4069|我 们 不 是 每 天 都 能 看 到 一 个 {reg33?女 人 :男 人 } 全 副 武 装 准 备 战 斗 的。请 别 误 会，{reg33?我 的 女 士 :我 的 小 伙 子 }，因 为 你 有 权 保 护 自 己，但 我 不 能 假 装 完 全 赞 同 你 上 战 场 决 定。我 宁 愿 {reg33?女 性 :男 性 } 不 受 这 些 战 争 影 响，因 为 我 相 信 {reg33?女 性 :男 性 } 是 我 们 所 剩 无 几 的 优 雅 和 温 柔 的 守 护 者。{reg33?:}
str_id_4070|我 的 武 器 在 战 场 上 所 向 披 靡。你 敢 和 它 们 比 划 比 划 吗？
str_id_4071|别 管 我 的 国 家 了！这 里，似 乎 狗 带 领 士 兵 去 打 仗。
str_id_4072|而 你，{reg65?女 士 :先 生 }，并 不 比 我 的 马 更 野 蛮。{reg33?:}
str_id_4073|我 会 重 写 这 个 自 然 规 律，所 以 你 现 在 少 说 屁 话。
str_id_4074|当 然，当 堕 落 时 期 来 临，土 匪 都 自 称 为“领 主”。
str_id_4075|也 许 现 在 我 应 该 夺 取 你 的 旗 帜。还 有 你 的 牲 口。以 及 你 的 小 命。
str_id_4076|我 很 乐 意 毁 掉 你 那 {reg65?漂 亮 脸 蛋:英 俊 鼻 梁}，{reg65?女 士:先 生}。
str_id_4077|想 亲 自 尝 尝 我 这 钢 刃 的“温 柔”吗？
str_id_4078|想 亲 自 尝 尝 我 这 钢 刃 的“温 柔”吗？
str_id_4079|我 能 找 到 比 狗 窝 里 那 些 更 配 得 上 的 {reg33?丈 夫 :妻 子 }。
str_id_4080|你 或 许 能 给 马 具 增 添 一 丝 人 性，但 仅 仅 是 一 丝。
str_id_4081|如 果 你 因 为 看 到 我 而 心 神 不 宁，我 很 乐 意 帮 你 弄 掉 你 的 眼 睛。
str_id_4082|你 竟 然 在 我 保 护 下 的 {s51} 村 庄 屠 杀 无 辜 的 平 民。现 在，你 将 为 你 的 罪 行 遭 到 惩 罚。
str_id_4083|你 掠 夺 了 我 的 {s51} 村 庄，毁 坏 我 的 产 业 并 杀 害 我 的 租 户。我 要 你 用 血 来 偿 还！
str_id_4084|你 掠 夺 了 我 的 {s51} 村 庄，毁 坏 我 的 产 业 并 杀 害 我 的 租 户。在 你 想 再 次 这 样 做 之 前，我 劝 你 三 思。
str_id_4085|你 掠 夺 了 我 的 {s51} 村 庄，毁 坏 我 的 产 业 并 杀 害 我 保 护 下 的 租 户。你 必 须 为 自 己 的 罪 行 付 出 代 价！
str_id_4086|你 掠 夺 了 我 的 {s51} 村 庄，如 果 你 再 这 样 我 就 像 收 拾 鱼 那 样 捏 爆 你 的 鱼 泡！
str_id_4087|你 掠 夺 了 我 的 {s51} 村 庄，彻 底 毁 掉 了 我 们 之 间 的 关 系。
str_id_4088|你 洗 劫 了 我 的 村 庄{s51}。若 仍 这 般 胡 作 非 为，我 们 很 快 便 会 兵 戎 相 见。
str_id_4089|你 洗 劫 了 我 的 村 庄{s51}。等 我 把 你 的 残 肢 挂 遍 村 子 的 每 个 角 落，村 民 们 一 定 会 欢 呼 雀 跃。
str_id_4090|你 洗 劫 了 我 的 村 庄{s51}。我 会 为 此 把 你 砸 成 肉 泥；你 若 死 了，我 便 让 村 民 用 你 的 头 骨 畅 饮。
str_id_4091|我 听 说 你 从 {s51} 村 那 些 受 我 保 护 的 老 实 村 民 手 中 偷 走 了 不 少 牲 口，现 在 是 你 为 你 的 罪 行 付 出 代 价 的 时 候 了。
str_id_4092|我 听 说 你 从 属 于 我 的 {s51} 村 的 村 民 们 手 中 偷 走 了 不 少 牲 口，现 在 你 将 为 你 可 耻 的 行 为 付 出 代 价！
str_id_4093|我 听 说 你 从 属 于 我 的 {s51} 村 的 村 民 们 手 中 偷 走 了 不 少 牲 口，我 给 你 一 个 机 会，让 你 弥 补 你 再 次 破 坏 我 的 收 入 的 愚 行！
str_id_4094|我 听 说 你 从 属 于 我 的 {s51} 村 的 村 民 们 手 中 偷 走 了 不 少 牲 口，现 在 你 将 为 你 可 耻 的 行 为 付 出 代 价！
str_id_4095|我 听 说 你 从 属 于 我 的 {s51} 村 的 村 民 们 手 中 偷 走 了 不 少 牲 口，如 果 你 敢 再 烦 的 话，我 发 誓 我 会 把 你 像 鱼 一 样 挂 起 来！
str_id_4096|我 听 说 你 从 属 于 我 的 {s51} 村 的 村 民 们 手 中 偷 走 了 不 少 牲 口，这 种 行 为 极 大 的 损 害 了 我 们 的 友 谊。
str_id_4097|我 听 说 你 从 属 于 我 的 {s51} 村 的 村 民 们 手 中 偷 走 了 不 少 牲 口，如 果 你 不 停 止 这 种 行 径，我 们 将 不 得 不 对 你 展 开 攻 击。
str_id_4098|你 在 我 的 {s51} 村 庄 抢 夺 我 的 租 户，我 认 为 这 是 对 我 个 人 的 侮 辱。
str_id_4099|你 竟 然 在 我 保 护 下 的 {s51} 村 庄 屠 杀 无 辜 的 平 民。我 来 是 为 你 犯 下 的 严 重 罪 行 为 惩 罚 你。
str_id_4100|我 听 说 你 在 我 的 {s51} 村 庄，抢 夺 我 租 户 的 口 粮。我 不 在 乎 让 你 拿 走 点 东 西，但 是 记 住，我 也 是 那 些 村 民 的 申 诉 对 象。
str_id_4101|我 听 说 你 在 我 的 {s51} 村 庄 强 行 征 粮。我 相 信 如 果 不 是 迫 不 得 已 你 是 不 会 这 么 做 的。
str_id_4102|你 在 我 的 {s51} 村 庄 强 行 征 粮。如 果 你 再 这 样，我 们 真 的 会 打 起 来。
str_id_4103|我 们 不 是 敌 人，{playername}。我 劝 你 不 要 再 抢 劫 我 的 村 庄 了，明 白 嘛！
str_id_4104|抢 劫 {s51} 的 村 民 是 弱 者 的 行 为，关 于 你 做 的 一 切 我 只 想 说：真 是 弱 爆 了。
str_id_4105|当 看 到 某 个 认 识 的 人 抢 劫 我 的 村 民，这 让 我 感 觉 很 糟。我 可 能 被 迫 作 出 反 应，尤 其 是 当 我 受 到 挑 战 时。我 希 望 你 不 会 那 样 做。
str_id_4106|你 想 针 对 我 就 明 说，抢 劫 {s51} 村 证 明 不 了 什 么。你 如 果 想 从 我 这 得 到 好 处，就 要 做 好 被 我 粉 碎 的 准 备。
str_id_4107|你 竟 然 想 对 我 保 护 下 的 商 队 下 手，看 来 你 的 盗 匪 生 涯 就 要 结 束 了。
str_id_4108|你 竟 然 想 对 我 保 护 下 的 商 队 下 手，这 种 行 为 必 须 结 束 了。
str_id_4109|我 听 说 你 在 我 的 {s51} 村 庄 行 善。作 为 领 主 和 保 护 者 我 却 忽 略 了 自 己 的 责 任，非 常 感 激 你 为 我 做 的 这 些。
str_id_4110|我 听 说 你 在 我 的 {s51} 村 庄 行 善。我 想 你 的 意 图 是 好 的，但 我 不 想 你 再 这 样 随 意 损 害 我 的 威 信。
str_id_4111|我 听 说 你 在 我 的 {s51} 村 庄 行 善。我 不 反 对 你 对 他 们 提 供 帮 助。
str_id_4112|我 听 说 你 在 我 的 {s51} 村 庄 行 善。看 你 在 我 的 附 庸 民 中 间 赚 取 好 感 真 是 有 趣，不 过 我 劝 你 还 是 去 忙 你 自 己 的 事 情 吧。
str_id_4113|我 听 说 你 在 我 的 {s51} 村 庄 行 善。作 为 领 主 和 保 护 者，那 些 是 我 的 责 任。世 道 艰 难，我 也 认 为 你 的 意 图 是 好 的，但 你 这 样 还 是 在 损 害 我 的 威 信。我 要 谢 谢 你，并 请 你 别 管 他 们。
str_id_4114|我 听 说 你 在 我 的 {s51} 村 庄 行 善。世 道 艰 难，我 也 认 为 你 的 意 图 是 好 的，但 别 养 成 这 样 的 习 惯。作 为 领 主 和 保 护 者，我 不 想 让 他 们 去 盼 望 一 个 陌 生 人 的 帮 助。
str_id_4115|我 听 说 你 帮 助 了 {s51} 的 村 民。想 必 你 是 想 赢 得 我 的 青 睐。若 真 想 讨 我 欢 心，下 次 就 来 帮 我 洗 劫 一 座 城 市—— 那 可 有 效 得 多。
str_id_4116|你 不 会 后 悔 决 定 把 {s51} 封 给 我。我 会 替 你 保 护 它。
str_id_4117|我 听 说 你 围 攻 并 夺 下 了 {s51}，而 且 没 留 下 一 个 活 口。好 极 了—— 至 少 不 会 有 人 把 你 在 那 里 做 过 的 事 传 出 去。
str_id_4118|我 听 说 你 在 {s51} 撕 碎 了 守 军，把 他 们 砸 得 不 成 人 形。干 得 漂 亮！
str_id_4119|夺 下 {s51} 可 是 一 桩 壮 举。看 来 你 的 本 事 比 我 原 先 以 为 的 更 大。
str_id_4120|听 说 你 夺 下 了 {s51}。那 里 的 寡 妇 们 往 后 还 得 为 你 斟 酒—— 想 必 这 场 胜 利 格 外 甘 美。
str_id_4121|听 说 你 击 败 了 {s51}。哈，每 条 狗 都 有 得 意 的 一 天—— 看 来 今 天 轮 到 你 了。
str_id_4122|我 听 说 你 包 围 并 攻 下 了 {s51}。不 管 我 们 以 前 有 多 少 分 歧，我 还 是 奉 上 我 的 祝 贺。
str_id_4123|我 听 说 你 包 围 并 攻 下 了 {s51}。我 们 把 他 们 打 跑 了！
str_id_4124|我 听 说 你 闯 进 了 我 在 {s51} 的 家。我 希 望 地 牢 合 你 心 意，因 为 未 来 几 年 你 会 花 很 多 时 间 在 那 里。{reg33?:}
str_id_4125|你 占 领 了 我 的 封 地 {s51}，希 望 你 能 给 我 机 会 赢 它 回 来。
str_id_4126|你 有 些 东 西 是 属 于 我 的——{s51}。我 会 让 你 放 弃 它。
str_id_4127|你 占 着 本 该 属 于 我 的{s51}。等 我 收 拾 完 你，连 你 的 灵 魂 都 会 在 痛 苦 中 尖 叫，而 那 声 音 将 成 为 我 耳 中 最 美 妙 的 乐 曲。
str_id_4128|听 说 你 夺 下 了 {s51}。把 敌 人 的 头 颅 挂 满 城 墙，把 他 们 的 骨 头 堆 在 大 门 前—— 让 所 有 人 都 记 住 是 谁 征 服 了 此 地。
str_id_4129|我 想 你 会 为 我 们 对 {s54} 的 胜 利 干 一 杯。不 过 还 是 省 省 你 的 酒—— 让 我 们 在 你 洗 净 前 耻 之 后 再 喝 吧。
str_id_4130|我 不 会 忘 记 当 初 我 们 如 何 并 肩 作 战，对 抗 {s54}，但 我 也 不 会 忘 记 那 些 横 在 我 们 之 间 的 过 节。
str_id_4131|{s54} 之 战 是 一 场 伟 大 的 胜 利，对 吧？我 们 把 敌 人 的 部 队 变 成 了 一 场 乌 鸦 的 盛 宴！
str_id_4132|听 说 你 狠 狠 收 拾 了 {s54}。干 得 不 错。
str_id_4133|我 不 会 忘 记 我 们 对 {s54} 的 胜 利。让 我 们 再 次 感 谢 诸 神，也 祈 求 自 己 莫 因 胜 利 而 骄 狂。
str_id_4134|那 是 对 {s54} 的 一 场 大 胜，不 是 吗？我 很 荣 幸 能 与 你 并 肩 作 战。
str_id_4135|那 一 仗 我 们 的 军 队 都 出 了 力，但 我 的 人 承 担 了 最 艰 苦 的 战 斗，也 理 应 分 得 胜 利 中 最 大 的 一 份。{s54}
str_id_4136|{s54} 陷 落 了。消 息 传 播 的 很 快，许 多 人 会 害 怕 我 们 的 名 字，现 在 是 时 候 继 续 向 前 推 进 了。
str_id_4137|我 想 你 会 为 我 们 攻 下 {s51} 干 一 杯。不 过 还 是 省 省 你 的 酒—— 让 我 们 在 你 洗 净 前 耻 之 后 再 喝 吧。
str_id_4138|我 不 会 忘 记 我 们 紧 密 合 作 暴 风 雨 般 的 席 卷 了 {s51}，不 过，我 也 不 会 忘 记 我 们 之 间 存 在 的 过 节。
str_id_4139|我 不 会 忘 记 我 们 是 如 何 攻 破 {s51} 的 城 墙 并 让 守 卫 者 都 倒 在 剑 下 的。这 是 个 美 好 的 回 忆。
str_id_4140|记 得 敌 人 在 我 们 攻 下 {s51} 的 城 墙 的 时 候 是 怎 么 尖 叫 的 吗？他 们 以 为 很 安 全！我 们 扇 去 了 他 们 脸 上 自 鸣 得 意 的 笑！
str_id_4141|我 不 会 忘 记 我 们 夺 下 {s51} 的 那 一 天。让 我 们 再 次 感 谢 诸 神，也 祈 求 自 己 莫 因 胜 利 而 骄 狂。
str_id_4142|我 不 会 忘 记 我 们 紧 密 合 作 攻 占 了 {s51}。和 你 一 起 战 斗 我 感 到 荣 耀。
str_id_4143|我 不 会 忘 记 我 们 在 {s51} 并 肩 作 战 的 情 景。若 非 你 的 援 手，那 场 战 斗 未 必 能 有 如 此 结 局。
str_id_4144|我 想 你 会 为 我 们 在 {s51} 附 近 的 伟 大 胜 利 干 杯。不 过 还 是 省 省 你 的 酒—— 让 我 们 在 你 洗 净 前 耻 之 后 再 喝 吧。
str_id_4145|我 不 会 忘 记 我 们 在 {s51} 附 近 的 伟 大 战 役 中 的 紧 密 合 作，不 过，我 也 不 会 忘 记 我 们 之 间 存 在 的 过 节。
str_id_4146|我 不 会 忘 记 在 {s51} 附 近 的 伟 大 战 役，当 我 们 攻 破 敌 人 的 防 线 之 后 他 们 尖 叫 着 在 我 们 面 前 溃 散。这 是 一 个 美 好 的 回 忆。
str_id_4147|在 {s51} 附 近 的 战 斗 很 棒，我 们 把 那 些 混 蛋 赶 跑 了！
str_id_4148|我 不 会 忘 记 我 们 在 {s51} 附 近 的 大 战 中 并 肩 奋 战。让 我 们 感 谢 诸 神 赐 下 胜 利，也 祈 求 自 己 莫 因 此 骄 狂。
str_id_4149|我 不 会 忘 记 在 {s51} 附 近 的 伟 大 战 役 中 我 们 并 肩 战 斗。和 你 一 起 战 斗 我 感 到 荣 耀。
str_id_4150|我 不 会 忘 记 在 {s51} 附 近 的 伟 大 战 役 中 我 们 并 肩 战 斗。这 样 的 战 斗 只 会 让 我 对 血 液 和 死 亡 的 渴 望 越 发 强 烈，我 相 信 你 也 有 同 样 的 感 受。
str_id_4151|这 么 说，你 与 那 个 叫 {s54} 的 恶 棍 交 了 手，还 胜 了。我 很 高 兴 听 到 这 个 消 息。{reg33?:}
str_id_4152|我 听 说 你 战 斗 并 击 败 了 {s54}。我 想，凡 人 皆 有 得 意 日。{reg33?:}
str_id_4153|我 听 说 过 你 击 败 了 狗 娘 养 的 {s54}。啊，我 要 是 能 亲 耳 听 到 他 求 饶 就 好 了。
str_id_4154|我 听 说 你 战 斗 并 击 败 了 {s54}。我 希 望 你 没 有 使 用 不 光 彩 的 手 段。{reg33?:}{reg33?:}
str_id_4155|我 听 说 你 战 斗 并 击 败 了 {s54}。我 祝 您 胜 利 快 乐。{reg33?:}
str_id_4156|我 不 会 愤 恨 上 次 你 击 败 了 我，但 是 我 渴 望 下 一 次 交 手！
str_id_4157|我 正 期 待 与 你 再 次 见 面。你 的 小 诡 计 不 会 再 让 我 上 当 了，我 将 很 享 受 你 的 求 饶。
str_id_4158|当 我 们 上 次 遇 到 的 时 候，{playername}，你 比 我 强。但 是 我 保 证 再 也 不 会 出 现 那 种 事 了！
str_id_4159|上 次 你 击 败 了 我，证 明 了 自 己 的 力 量，{playername}。这 一 回 轮 到 我 证 明 自 己—— 等 你 的 军 队 被 杀 得 七 零 八 落，我 会 亲 手 把 你 的 脑 袋 从 肩 上 摘 下 来。
str_id_4160|上 次 你 打 败 了 我，{playername}。可 我 挨 得 住 揍，如 今 又 回 来 了。这 一 回 你 不 会 再 那 么 走 运—— 去 死 吧！WAAAGH！
str_id_4161|还 没 打 够？那 让 我 们 再 干 一 仗，我 会 用 你 的 肠 子 喂 狗。
str_id_4162|又 来 找 我 较 量 胆 色 了 吗？很 好，我 正 想 看 看 你 这 次 能 撑 多 久。{playername}
str_id_4163|你 永 远 学 不 会 教 训 吗？
str_id_4164|你 很 坚 持 不 懈，但 是 很 讨 厌。
str_id_4165|要 我 教 训 你 多 少 次 你 才 能 学 会 走 远 点？
str_id_4166|上 次 我 见 到 你 时，你 被 {s54} 的 {reg4?人 :人 } 击 倒 了。我 责 怪 你 造 成 了 那 场 灾 难。真 遗 憾 看 到 你 活 了 下 来。
str_id_4167|上 次 我 见 到 你 时，你 被 {s54} 的 {reg4?人 :人 } 击 倒 了。嗯，我 看 到 你 活 下 来 了。
str_id_4168|上 次 我 见 到 你 时，你 被 {s54} 的 {reg4?人 :人 } 击 倒 了。别 担 心—— 我 们 会 找 到 {reg4?她 :他 }，让 {reg4?她 :他 } 被 自 己 的 胜 利 噎 死。{reg33?:}{reg33?:}
str_id_4169|上 次 我 见 到 你 时，你 被 {s54} 的 {reg4?人 :人 } 击 倒 了。很 高 兴 看 到 你 安 然 无 恙。
str_id_4170|我 听 说 {s54} 让 你 吃 了 不 少 苦 头。别 担 心，我 的 朋 友；我 会 找 到 {reg4?她:他}，把 那 人 的 头 颅 送 给 你。
str_id_4171|我 听 说 {s54} 把 你 的 人 像 羊 一 样 屠 了。可 你 居 然 还 活 生 生 站 在 这 里—— 真 令 人 失 望！
str_id_4172|我 听 说{s54}像 踩 蚂 蚁 一 样 把 你 碾 在 脚 下。哈！小 孩 不 该 玩 大 人 的 游 戏，{reg33?小 姑 娘:小 子}！
str_id_4173|我 听 说 {s54} 击 败 了 你，并 驱 散 了 你 的 部 队。那 太 令 人 失 望 了……{reg33?:}
str_id_4174|我 听 说 {s54} 击 败 了 你。也 许 你 应 该 考 虑 是 否 做 了 任 何 恶 行，导 致 上 天 这 样 谴 责 你。{reg33?:}
str_id_4175|我 听 说 {s54} 击 败 了 你。听 着，尽 量 别 让 我 们 太 多 人 送 死，行 吗？{reg33?:}
str_id_4176|我 听 说 {s54} 击 败 了 你。但 振 作 起 来—— 局 势 很 快 就 会 逆 转！{reg33?:}
str_id_4177|我 听 说 你 从 一 场 很 危 急 的 战 斗 中 解 救 了 {s54}。不 管 我 怎 么 看 你 这 个 人，我 至 少 很 赞 赏 你 做 到 了 这 个。
str_id_4179|我 听 说 你 救 了 我 的 附 庸 {s54}，避 免 了 他 可 能 失 败。
str_id_4180|我 听 说 你 骑 马 去 救 了 我 们 可 怜 的 {s54}。你 以 为 {reg4?她 :他 } 是 落 难 少 女 吗？没 关 系—— 这 是 个 常 见 的 错 误。
str_id_4181|我 听 说 你 救 了 {s54}，避 免 了 他 挨 鞭 子。依 我 看，你 本 该 让 {reg4?她 :他 } 吸 取 教 训。
str_id_4182|我 听 说 你 在 紧 要 关 头 把 {s54} 救 了 出 来。这 真 是 骑 士 风 度。
str_id_4183|我 听 说 你 在 紧 要 关 头 把 {s54} 救 了 出 来。干 的 漂 亮！
str_id_4184|叛 徒 就 该 埋 进 无 名 坟 墓，连 一 块 墓 碑 都 不 配 留 下。{s54}
str_id_4185|恩……你 在 战 斗 中 把 我 抛 弃 给 {s54}，是 不 是？我 将 看 到 你 的 墓 碑 上 写 着 叛 国 者。
str_id_4186|你 那 点 胆 量 恐 怕 全 藏 在 肚 肠 里—— 而 且 随 时 都 会 从 裤 子 里 流 出 来。{s54}
str_id_4187|发 生 什 么 事 了？你 在 对 {s54} 的 战 斗 中 失 踪 了。我 只 能 希 望 是 你 受 重 伤 倒 下 了，因 为 我 会 为 和 胆 小 鬼 一 起 战 斗 而 感 到 羞 愧。
str_id_4188|发 生 什 么 事 了？你 在 对 {s54} 的 战 斗 中 失 踪 了。我 估 计 你 一 定 是 受 伤 了，但 是 现 在 看 起 来 很 可 疑。
str_id_4189|发 生 什 么 事 了？刚 刚 你 还 和 我 们 一 起 与 {s54} 战 斗，一 会 功 夫 就 找 不 到 你 了？
str_id_4190|上 次 我 们 遇 到 的 时 候，你 象 一 条 挨 了 鞭 子 的 狗 从 我 这 里 逃 走 了。你 现 在 来 是 再 次 向 我 咆 哮，还 是 请 求 宽 恕？
str_id_4191|若 你 还 有 半 点 荣 誉，就 站 住，像 个 真 正 的 贵 族 一 样 战 斗！
str_id_4192|当 上 次 我 们 遇 到 的 时 候 看 到 你 逃 跑，我 就 希 望 不 再 与 你 战 斗。
str_id_4193|上 次 我 们 遇 到 的 时 候，你 逃 跑 了。这 是 个 英 明 的 决 定。
str_id_4194|上 次 我 们 遇 到 的 时 候 你 能 够 逃 走，但 是 下 次 我 怀 疑 你 还 能 那 么 走 运 么。
str_id_4195|他 们 说 你 从 {s54} 那 里 逃 跑 了，把 你 的 部 下 留 在 后 面。我 希 望 这 不 是 真 的，因 为 这 种 行 为 让 我 们 大 家 蒙 羞。
str_id_4196|他 们 说 你 从 {s54} 那 里 逃 跑 了，把 你 的 部 下 留 在 后 面。我 一 般 是 不 相 信 这 些 谣 言 的，并 且 我 也 知 道 让 人 绝 望 的 困 境 产 生 让 人 绝 望 的 压 力。但 是 我 请 求 你 还 是 要 注 意 你 的 好 名 誉，因 为 如 果 民 众 听 到 我 们 在 战 场 上 抛 弃 他 们，他 们 就 不 会 为 我 军 而 战。
str_id_4197|顺 便 说 一 下，他 们 说 你 从 {s54} 那 里 象 受 惊 的 小 兔 子 一 样 逃 走 了，丢 下 你 的 部 下 被 屠 宰。哈！多 么 壮 观 的 场 面！
str_id_4198|你 也 许 可 以 打 败 {s54}，但 是 你 不 可 能 打 败 我 们 所 有 人。
str_id_4199|我 听 说 你 打 败 了 {s54}，从 那 时 候 起 他 就 渴 望 与 你 再 次 交 锋。
str_id_4200|你 有 点 名 过 其 实，{playername}。{s54} 也 许 败 在 你 的 花 招 之 下，但 是 如 果 你 跟 我 打，你 将 发 现 我 是 一 个 更 加 难 对 付 的 对 手。
str_id_4201|听 说 你 击 败 了 {s54}。但 我，才 会 真 正 检 验 你 的 武 艺。
str_id_4202|我 听 说 你 抓 住 {s54} 了。我 希 望 你 能 从 他 身 上 勒 索 到 每 个 金 币。
str_id_4203|我 听 说 你 抓 住 {s54} 了。你 的 箱 子 里 现 在 一 定 装 满 了 赎 金。但 是 很 可 惜 钱 不 能 使 你 从 一 个 低 贱 的 野 狗 变 成 绅 士 的！
str_id_4204|我 听 说 你 俘 虏 了 {s54}。干 得 好。我 当 然 假 设 {reg4?她 :他 } 已 经 得 到 了 与 其 地 位 相 称 的 礼 遇。
str_id_4205|我 听 说 你 抓 住 {s54} 了。干 得 不 错，他 的 赎 金 一 定 很 丰 厚。
str_id_4206|我 听 说 你 抓 住 {s54} 了，但 是 你 把 他 放 走 了。这 样 的 骑 士 精 神 对 我 来 说 是 一 种 荣 誉。
str_id_4207|我 听 说 你 抓 住 {s54} 了，但 是 你 把 他 放 走 了。很 好，这 是 一 个 光 荣 的 做 法，但 是 同 时 也 可 能 是 一 种 危 险 的 做 法。
str_id_4208|我 听 说 你 抓 住 {s54} 了，但 是 你 把 他 放 走 了。对 你 来 说，这 是 一 件 富 有 骑 士 精 神 的 做 法，但 是 骑 士 精 神 赢 不 了 战 争。
str_id_4209|我 听 说 你 抓 住 {s54} 了，但 是 你 把 他 放 走 了。你 是 多 么 富 有 骑 士 精 神 啊！不 用 怀 疑 他 遗 留 在 家 的 孤 儿 寡 妇 一 定 想 来 亲 自 称 赞 你。
str_id_4210|我 听 说 你 抓 住 {s54} 了，但 是 你 把 他 放 走 了。我 不 会 干 涉 你 会 怎 样 处 理 你 自 己 的 俘 虏。
str_id_4211|我 们 上 次 遇 到 的 时 候，你 对 我 很 仁 慈，并 放 我 走 了。我 希 望 你 喜 欢 跟 我 玩 类 似 猫 捉 老 鼠 的 游 戏，因 为 很 快 我 将 让 你 乞 求 我 的 仁 慈，杀 死 或 者 羞 辱 都 由 我 的 想 法 决 定。
str_id_4212|我 们 上 次 遇 到 的 时 候，你 对 我 很 仁 慈，并 放 我 走 了。你 太 有 骑 士 精 神 了，我 不 会 忘 记 你 的。但 是 我 同 时 也 必 须 牢 记 我 对 我 的 君 主 发 过 的 誓 言，而 且 我 们 的 国 家 还 在 交 战 中。
str_id_4213|我 们 上 次 遇 到 的 时 候，你 对 我 很 仁 慈，并 放 我 走 了。但 是 我 们 仍 然 是 敌 人，我 不 会 以 同 样 的 方 式 对 你 仁 慈 的。
str_id_4214|我 们 上 次 遇 到 的 时 候，你 对 我 很 仁 慈，并 放 我 走 了。你 很 仁 慈，但 是 我 们 仍 然 在 交 战 中。
str_id_4215|我 们 上 次 遇 到 的 时 候，你 对 我 很 仁 慈，并 放 我 走 了。你 很 仁 慈，而 且 我 很 高 兴 我 们 的 国 家 不 再 交 战 了。
str_id_4216|我 听 说 你 已 经 发 誓 效 忠 我 们 的 国 王 {s54} 了。祈 祷 你 不 会 表 现 出 懦 弱 的 样 子 而 使 我 们 都 感 到 丢 脸。
str_id_4217|我 听 说 你 已 经 发 誓 效 忠 我 们 的 国 王 {s54} 了。我 一 直 都 想 和 你 并 肩 对 抗 我 们 的 敌 人。
str_id_4218|我 听 说 你 已 经 发 誓 效 忠 我 们 的 国 王 {s54} 了。呸！你 就 自 重 吧，离 我 远 点。
str_id_4219|我 听 说 你 已 经 发 誓 效 忠 我 们 的 国 王 {s54} 了。努 力 和 我 们 的 敌 人 战 斗，尊 敬 你 的 前 辈，而 且 不 要 妨 碍 我。这 样 我 们 就 能 和 谐 相 处 了。
str_id_4220|我 听 说 你 已 经 发 誓 效 忠 我 们 的 国 王 {s54} 了。如 果 我 是 他，我 就 不 会 信 任 你 能 当 好 火 头 军。
str_id_4221|我 听 说 你 已 经 发 誓 效 忠 我 们 的 国 王 {s54} 了。勇 敢 地 战 斗，你 将 会 获 得 更 多 的 报 酬。背 叛 我 们 的 话，我 们 会 一 辈 子 记 仇 的。
str_id_4222|我 听 说 你 已 经 发 誓 效 忠 我 们 的 国 王 {s54} 了。我 不 会 假 意 地 对 他 的 决 定 表 示 高 兴，但 是 也 许 让 你 加 入 我 们 的 阵 营 比 加 入 别 的 好 多 了。
str_id_4223|我 听 说 你 已 经 发 誓 效 忠 我 们 的 国 王 {s54} 了。太 好 了，在 这 个 动 乱 的 年 代，你 这 样 的 能 干 的 战 士 越 多 越 好。我 将 看 着 你 成 长。
str_id_4224|我 听 说 你 已 经 发 誓 效 忠 我 们 的 国 王 {s54} 了。不 用 怀 疑，你 很 快 就 会 背 叛 他，而 我 很 乐 意 看 到 你 受 到 叛 国 者 应 该 受 到 的 下 场。
str_id_4225|我 听 说 你 已 经 发 誓 效 忠 我 们 的 国 王 {s54} 了。非 常 棒……我 确 信 你 和 我 将 会 成 为 很 好 的 朋 友。但 记 住，如 果 你 出 卖 我 们，这 将 是 你 犯 的 最 大 的 错 误。
str_id_4226|我 听 说 你 已 经 发 誓 效 忠 我 们 的 国 王 {s54} 了。好 吧，我 不 能 说 我 将 信 任 你，但 是 也 许 在 没 有 确 实 证 据 之 前 是 这 样。
str_id_4227|听 说 你 已 向 我 们 的 领 主 {s54} 宣 誓 效 忠。做 得 好，{reg33?女 士:先 生}！我 们 的 领 主 品 格 高 尚，会 以 仁 慈 与 慷 慨 回 报 忠 诚 和 勇 气。
str_id_4228|我 听 说 你 已 经 发 誓 效 忠 我 们 的 国 王 {s54} 了。唉，自 从 我 认 识 你 开 始，我 就 担 心 你 给 我 们 丢 脸，但 是 我 希 望 你 能 证 明 我 是 错 的。
str_id_4229|我 听 说 你 已 经 发 誓 效 忠 我 们 的 国 王 {s54} 了。勇 敢 地 和 我 们 的 敌 人 战 斗，但 是 也 要 保 持 荣 誉 和 怜 悯。一 个 好 的 名 声 对 于 部 队 来 说 就 像 利 刃 和 千 里 马 那 样 有 价 值。
str_id_4230|我 听 说 {s54} 把 {s51} 封 给 你 了。不 要 忘 记，不 要 鞭 打 和 搜 刮 这 些 农 民 
str_id_4231|我 听 说 {s54} 把 {s51} 封 给 你 了。我 很 高 兴 看 到 你 的 繁 荣，但 要 当 心。人 心 险 恶，嫉 妒 和 贪 婪 是 财 富 的 左 右 邻 居。和 我 靠 近 些，我 会 给 你 支 援。
str_id_4232|我 听 说 {s54} 把 {s51} 封 给 你 了。希 望 你 的 新 封 地 变 得 繁 荣 起 来。
str_id_4233|我 听 说 {s54} 把 {s51} 封 给 你 了。但 是 要 记 得，骄 兵 必 败。
str_id_4234|我 听 说 {s54} 把 {s51} 封 给 你 了。我 怀 疑，不 管 怎 么 说，这 笔 巨 大 的 财 富 只 是 使 你 暂 时 暴 发，当 他 突 然 把 你 丢 进 粪 坑 中，你 的 身 份 就 越 发 显 得 低 微。
str_id_4235|我 听 说 {s54} 把 {s51} 封 给 你 了。我 希 望 你 能 确 实 得 到 我 们 国 王 的 称 赞。
str_id_4236|我 听 说 {s54} 把 {s51} 封 给 你 了。你 一 个 人 似 乎 干 得 挺 不 错 的。
str_id_4237|我 听 说 你 背 弃 了 对 我 们 领 主 {s54} 的 效 忠。我 很 悲 痛 我 们 现 在 必 须 在 战 场 上 兵 戎 相 见。
str_id_4238|我 听 说 你 背 弃 了 对 我 们 领 主 {s54} 的 效 忠。让 我 们 祈 祷 我 们 不 会 动 武。
str_id_4239|我 一 直 认 为 你 是 {s54} 的 叛 徒，现 在 似 乎 我 证 明 对 了。我 希 望 你 准 备 好 以 叛 徒 之 死 告 终！{reg33?:}{reg33?:}{reg33?:}
str_id_4240|我 听 说 你 背 弃 了 对 我 们 领 主 {s54} 的 效 忠。我 不 得 不 视 你 为 叛 徒。
str_id_4241|我 听 说 你 背 弃 了 对 我 们 领 主 {s54} 的 效 忠。嗯，老 战 友 变 敌 人 是 世 间 常 事。
str_id_4242|我 听 说 你 背 弃 了 对 我 们 领 主 {s54} 的 效 忠。嗯，那 是 你 的 决 定，但 别 指 望 我 在 战 场 上 对 你 手 下 留 情。
str_id_4243|我 的 线 人 告 诉 我，这 个 王 国 里 有 些 人 议 论 你 是 下 任 统 治 者。我 假 设 你 会 迅 速 制 止 这 种 无 聊 而 危 险 的 言 论。{reg33?:}
str_id_4244|我 的 线 人 说，你 的 某 些 手 下 已 经 告 诉 那 些 农 民，说 你 宣 布 参 与 竞 逐 王 位。我 衷 心 地 希 望 他 们 的 行 为 不 是 你 指 使 的。
str_id_4245|众 所 周 知，我 与 {s54} 不 和，而 {s50} 的 裁 决 对 我 不 利。
str_id_4246|众 所 周 知，我 反 对 {s54} 任 命 {s51} 为 元 帅。
str_id_4247|众 所 周 知，{s54} 对 {s51} 的 偏 袒 让 我 很 不 满 意，就 是 因 为 他，我 们 才 在 战 场 上 败 给 了 {s56}。
str_id_4248|众 所 周 知，我 很 失 望 {s54} 得 到 了 {s51} 的 封 地，那 本 该 属 于 我。{reg33?:}
str_id_4249|众 所 周 知，{s51} 一 直 在 追 求 {s54}，而 我 也 对 {reg4?她:他} 有 意。{reg3?她:他} 不 配 得 到 对 方 的 青 睐；我 会 迫 使 {reg3?她:他} 离 对 方 远 些。
str_id_4250|我 听 说 你 一 直 在 向 {s54} 求 爱。我 不 认 为 你 配 得 上 像 {reg4?她 :他 } 这 样 一 位 美 丽 的 {reg4?女 士 :少 年 }，并 强 烈 鼓 励 你 停 止 追 求 {reg4?她 :他 }。
str_id_4251|听 说 你 在 追 求 {s54}。告 诉 你 吧，我 从 自 己 还 是 {reg65?少 女:少 年}、而 {reg4?她:他} 也 还 是 {reg4?少 女:少 年} 时 就 中 意 对 方 了。{reg4?她:他} 是 本 王 国 出 身 高 贵 的 {reg4?女 士:子 嗣}，不 该 受 外 国 人 的 粗 俗 纠 缠。离 {reg4?她:他} 远 点，否 则 你 会 付 出 代 价！
str_id_4252|我 听 从 了 你 的 建 议，这 使 我 受 益 匪 浅。
str_id_4253|我 听 从 了 你 的 建 议，结 果 遇 上 了 大 麻 烦，你 应 该 为 此 负 责。
str_id_4254|听 说 你 把 {s51} 封 给 了 一 个 自 称 {s54} 的 平 民，{reg4?她:他} 可 不 懂 治 理。小 心，统 治 之 术 绝 非 一 朝 一 夕 能 学 会，也 许 还 是 由 父 亲 传 给 儿 子 更 妥 当。我 劝 你 不 要 随 意 动 摇 领 主 制 度。
str_id_4255|听 说 你 把 {s51} 封 给 了 一 个 自 称 {s54} 的 平 民。古 人 不 是 告 诫 过 我 们，不 能 拿 猪 皮 缝 制 王 袍 吗 {reg4?:}？
str_id_4256|我 知 道，你 把 {s51} 封 给 了 那 个 自 称 是 {s54} 的 平 民。小 心 点，狗 也 会 咬 主 人！
str_id_4257|恭 喜 你 和 我 的 孩 子 结 婚 {s50} 你 现 在 可 以 把 自 己 当 成 一 个 家 庭 成 员 了！
str_id_4258|恭 喜 你 跟 {s50} 结 为 夫 妻。这 是 你 们 双 方 的 荣 耀。
str_id_4259|哦—— 看 来 你 与 {s50} 结 婚 了。此 人 一 向 愚 蠢 {reg4?:}，判 断 力 糟 糕 透 顶。
str_id_4260|嗯……你 不 知 怎 么 说 服 了 我 的 {s11}{s50} 嫁 给 你。我 不 知 道 你 做 了 什 么 让 {reg4?她 :他 } 接 受 你，但 我 们 家 族 不 会 忘 记 这 种 羞 辱。
str_id_4261|据 说 你 和 {s50} 不 顾 她 家 族 的 意 愿 而 私 奔，这 令 我 很 不 愉 快。她 的 家 族 是 我 的 王 国 中 最 有 地 位 的 贵 族 之 一，我 绝 不 想 看 到 他 们 被 人 当 成 蠢 货 般 被 人 愚 弄。
str_id_4262|听 说 你 攻 击 {s55} 破 坏 了 我 签 订 的 停 战 协 定。你 知 道 人 们 会 怎 么 看 待 我 吗？如 果 你 的 行 为 是 我 指 使 的，那 么 我 失 去 了 信 誉。如 果 这 是 你 个 人 的 决 定，那 么 我 失 去 了 威 信。此 时 此 刻，我 真 有 点 儿 想 治 你 一 个 叛 国 罪。
str_id_4263|听 说 你 攻 击 了 {s55}。这 等 于 是 给 了 他 们 攻 击 我 的 借 口，如 果 他 们 希 望 这 么 做 的 话……走 着 瞧 吧。你 可 真 是 做 了 件 好 事！
str_id_4264|君 主 
str_id_4265|尚 武
str_id_4266|脾 气 暴 躁 的 
str_id_4267|无 情
str_id_4268|狡 诈 的 
str_id_4269|虐 待 狂
str_id_4270|好 脾 气
str_id_4271|正 直 的 
str_id_4272|无 赖 的 
str_id_4273|仁 慈
str_id_4274|重 商
str_id_4275|投 降 或 者 去 死！
str_id_4276|今 天 你 的 好 运 到 头 了。你 可 以 和 我 们 死 拼，但 是 现 在 就 投 降 一 样 不 是 什 么 耻 辱 的 事 情。
str_id_4277|我 已 经 把 你 逼 到 绝 路 了。投 降 吧，否 则 我 会 骑 马 把 你 像 条 狗 一 样 碾 过。
str_id_4278|你 赢 不 了 我 的，你 如 果 想 试 试 的 话，我 会 好 好 教 训 你 一 顿。投 降 吧！
str_id_4279|你 今 天 输 定 了。放 弃 吧，不 为 自 己 着 想，也 得 为 你 的 部 下 着 想 吧！
str_id_4280|投 降！不 然 我 会 把 你 当 鱼 一 样 挖 出 你 的 内 脏！
str_id_4281|我 们 占 你 上 风。投 降，你 会 受 到 良 好 对 待。
str_id_4282|你 可 以 和 我 们 死 拼，但 是 你 的 许 多 部 下 都 将 被 杀 死，你 也 会 战 败。投 降，尽 量 避 免 我 们 双 方 不 必 要 的 流 血 牺 牲 吧。
str_id_4283|停！我 投 降！
str_id_4284|停！我 投 降！
str_id_4285|够 了！今 天 你 赢 了，混 蛋！啊，多 么 耻 辱 啊！
str_id_4286|我 投 降！你 赢 了。今 天 见 鬼 了！
str_id_4287|我 投 降！我 向 你 投 降！
str_id_4288|我 投 降！我 投 降！叫 你 的 走 狗 停 手 吧！
str_id_4289|我 放 下 武 器！祝 贺 你 获 胜，{reg33?女 士:先 生}！
str_id_4290|我 投 降！保 证 我 军 人 的 荣 誉，也 请 你 遵 守 信 用！
str_id_4291|也 许 吧，不 过 我 想 跟 你 打 
str_id_4292|也 许 吧，不 过 我 有 义 务 跟 你 打 一 仗 
str_id_4293|嘿！我 要 和 你 打 
str_id_4294|我 何 必 关 心 这 个 呢？我 想 跟 你 打 
str_id_4295|哈，真 不 幸，你 知 道 吗，我 想 跟 你 打 
str_id_4296|收 好 你 的 舌 头！很 快 你 就 会 需 要 用 到 它 的，当 你 求 饶 的 时 候 
str_id_4297|不 好 意 思—— 我 可 不 能 让 你 就 这 么 离 开。你 不 会 见 怪 吧？
str_id_4298|也 许 吧，不 过 出 于 对 国 王 的 义 务，我 必 须 和 你 打 
str_id_4299|我 感 谢 你，{reg33?女 士 :先 生 }。我 不 会 忘 记 你 的 善 意。
str_id_4300|你 果 然 是 位 重 信 守 诺 的 {reg33?女 人 :男 人 }，{reg33?女 士 :先 生 }。我 不 会 忘 记 此 事！
str_id_4301|我 自 由 了？呃……那，再 见 吧。
str_id_4302|谢 谢 你。当 你 最 终 被 打 败 的 时 候，我 就 让 你 死 得 痛 快 一 些。除 非……除 非 你 愿 意 加 入 我 们……再 见 了。
str_id_4303|真 的 放 我 自 由？你 是 个 好 人！我 以 后 一 定 会 想 办 法 报 答 你。
str_id_4304|我？你 的 残 酷 表 现 得 多 优 雅 啊，宁 愿 看 到 我 自 由 并 受 到 羞 辱，也 不 愿 看 到 我 关 在 枷 锁 里。你 就 自 己 耀 武 扬 威 吧！
str_id_4305|你 果 然 是 位 重 信 守 诺 的 {reg33?女 人 :男 人 }，{reg33?女 士 :先 生 }。我 不 会 忘 记 此 事！
str_id_4306|你 果 然 是 位 重 信 守 诺 的 {reg33?女 人 :男 人 }，{reg33?女 士 :先 生 }。我 不 会 忘 记 此 事！
str_id_4307|你 是 谁，竟 全 副 武 装 来 对 抗 我？
str_id_4308|你 叫 什 么 名 字，{reg33?女 士 :先 生 }？如 果 我 们 动 手，我 想 知 道 我 和 谁 打。
str_id_4309|你 他 妈 的 是 谁？
str_id_4310|你 是 谁？快 说，好 让 我 知 道 我 杀 的 是 谁。
str_id_4311|告 诉 我 你 的 名 字。了 解 敌 人 的 名 字 总 是 有 好 处 的。
str_id_4312|你 是 谁？趁 我 还 没 有 割 掉 你 的 舌 头 之 前 快 点 说。
str_id_4313|你 叫 什 么 名 字，{reg33?女 士 :先 生 }？如 果 我 们 动 手，我 想 知 道 我 和 谁 打。
str_id_4314|你 是 谁？我 想 知 道 是 谁 想 用 武 力 阻 止 我 们 正 义 的 事 业。
str_id_4315|你 今 天 证 明 了 自 己 是 个 非 常 宝 贵 的 盟 友。{reg33?:}
str_id_4316|没 有 什 么 比 在 战 场 上 展 现 个 人 的 勇 武 更 加 有 成 就 感！
str_id_4317|啊 哈，我 们 好 好 教 训 了 这 些 混 蛋 了，是 吧？
str_id_4318|我 们 只 要 联 合 起 来，就 能 让 敌 人 闻 风 丧 胆！
str_id_4319|现 在，我 们 得 保 持 我 们 的 优 势，那 样 我 们 今 天 的 鲜 血 就 不 算 白 流。
str_id_4320|现 在 让 我 们 剥 光 这 些 尸 体 丢 去 喂 乌 鸦，好 让 他 们 知 道 对 抗 我 们 的 人 将 会 是 什 么 下 场。
str_id_4321|那 是 一 场 好 斗！没 有 比 胜 利 的 喜 悦 更 快 乐 的 了，嗯？
str_id_4322|现 在，让 我 们 感 谢 诸 神 赐 下 胜 利，也 为 今 日 倒 在 战 场 上 的 众 多 勇 士 致 哀。
str_id_4323|今 天，你 在 战 场 上 帮 忙 扭 转 了 局 势。不 管 我 怎 么 样 看 你，不 过 你 的 勇 武 是 无 可 挑 剔 的。
str_id_4324|{playername}，无 论 你 过 去 有 过 何 种 过 错，今 日 的 英 勇 表 现 都 足 以 为 你 赢 得 荣 誉。
str_id_4325|哼，我 通 常 都 不 想 看 到 你 的 那 张 脸，但 是 我 今 天 还 是 得 感 谢 你 的 帮 忙。
str_id_4326|你 今 天 的 帮 忙 很 受 用。我 完 全 没 有 想 到 你 会 这 么 好 心 地 来 帮 我，但 是 我 还 是 得 谢 谢 你。
str_id_4327|你 在 我 最 需 要 帮 忙 的 时 候 来 帮 了 我，如 果 我 不 感 谢 你，我 就 显 的 太 不 厚 道 了。所 以……我 很 感 激 你。
str_id_4328|啊！多 么 令 人 感 动 啊！{playername} 居 然 来 救 我 了。
str_id_4329|{playername}！我 不 想 说 过 去 我 们 相 处 得 如 何，但 是 你 今 天 在 战 场 上 的 表 现 不 错。非 常 感 谢 你！
str_id_4330|也 许 过 去 我 对 你 有 些 误 解。你 的 到 来 非 常 及 时。我 很 感 激 你。
str_id_4331|你 来 了。好 吧，我 认 为 晚 点 来 总 比 不 来 的 好。
str_id_4332|我 以 前 对 你 说 了 很 多 难 听 且 尖 锐 的 话，但 是 现 在，就 让 我 们 享 受 胜 利 的 喜 悦 吧。
str_id_4333|如 果 你 站 在 这 里 想 等 我 来 感 谢 你，你 可 以 继 续 等 下 去。我 们 根 本 不 需 要 你 的 帮 忙，但 是 我 想 比 起 这 个 你 也 没 有 什 么 别 的 事 情 好 做 了，是 吧？
str_id_4334|你 到 这 里 来 就 像 是 一 头 豺 狼 来 抢 狮 子 的 口 食。很 好，你 自 己 拿 吧，我 不 会 阻 止 你 的。
str_id_4335|{playername}……虽 然 我 不 打 算 装 出 一 副 我 很 喜 欢 见 到 你 的 样 子，但 是 我 认 为 你 的 到 来 没 有 危 害。
str_id_4336|滚 开，吃 腐 肉 的 禽 兽！这 是 我 个 人 的 胜 利，你 竟 然 想 窃 取 我 的 胜 利 果 实。
str_id_4337|哦，是 你 啊。好 吧，我 认 为 我 应 该 感 谢 你 的 帮 助。
str_id_4338|谢 谢 你 过 来 帮 忙。现 在 在 我 要 说 出 一 些 会 令 我 后 悔 的 话 之 前，我 得 离 开 了。
str_id_4339|我 需 要 像 你 这 样 的 人 把 他 们 训 练 得 像 个 样 子。
str_id_4340|他 们 需 要 有 人 向 他 们 展 示 一 下 勇 猛 的 含 义。
str_id_4341|又 肥 又 懒 的 杂 种。他 们 让 我 想 吐。
str_id_4342|他 们 怕 敌 人 胜 过 怕 我，但 以 后 不 会 这 样。
str_id_4343|但 是 人 就 像 剑 一 样，经 过 火 的 锻 炼 才 能 变 得 坚 强 起 来。
str_id_4344|他 们 需 要 一 个 铁 骨 铮 铮 的 人，把 勇 气 硬 生 生 抽 进 他 们 体 内；若 还 学 不 会，就 让 他 们 死 在 训 练 场 上。
str_id_4345|他 们 是 不 错 的 小 伙 子，但 是 我 认 为 现 在 让 他 们 上 战 场 好 像 太 早 了。
str_id_4346|以 他 们 现 在 的 状 况 带 领 他 们 去 打 仗 的 话，等 于 是 要 我 谋 杀 他 们。
str_id_4347|什 么？为 什 么 你 要 攻 击 我 们？快 讲，你 这 个 混 蛋！
str_id_4348|我 不 反 对 使 用 武 力 解 决 问 题，但 是 我 要 问 你 为 什 么 攻 击 我 们？
str_id_4349|你 犯 了 大 错，{reg33?女 孩 :男 孩 }。你 以 为 你 在 干 什 么？
str_id_4350|是 吗？如 果 你 今 天 想 死 的 话，我 将 很 高 兴 成 全 你。但 是 我 很 想 了 解 你 到 底 有 何 目 的。
str_id_4351|真 的 吗？我 认 为 你 的 做 法 很 不 明 智。你 想 从 中 得 到 什 么 呢？
str_id_4352|你 在 干 什 么？你 喜 欢 你 的 眼 睛 被 挖 出 来 吗？
str_id_4353|你 为 什 么 这 么 做？我 们 没 争 执，{reg33?女 士 :先 生 }。
str_id_4354|我 认 为 这 是 一 个 无 故 的 袭 击，我 要 向 你 的 国 王 抗 议。你 为 什 么 要 这 么 做？
str_id_4355|既 然 你 如 此 坚 持，那 就 别 再 浪 费 时 间。拔 剑 吧。
str_id_4356|我 渴 望 接 受 你 的 挑 战，{reg33?夫 人 :先 生 }，不 过 我 会 给 你 一 分 钟 重 新 考 虑。
str_id_4357|呸！今 天 我 没 有 心 情 跟 你 胡 闹，滚 开。
str_id_4358|我 今 天 心 情 很 好，我 就 装 做 没 有 听 见 你 说 的 话。
str_id_4359|我 没 有 看 出 你 与 我 为 敌 能 得 到 什 么 好 处。也 许 你 应 该 骑 着 马 从 我 面 前 走 开。
str_id_4360|我 不 想 把 时 间 浪 费 到 你 这 样 的 鼠 辈 上，滚 开。
str_id_4361|我 看 不 出 挑 起 争 斗 你 能 得 到 什 么 好 处，{reg33?夫 人 :先 生 }。你 还 可 以 骑 马 离 开。
str_id_4362|如 果 这 就 是 你 想 要 的 战 斗，{reg33?夫 人 :先 生 }，那 你 将 得 到 一 场，但 我 仍 会 给 你 机 会 退 让。
str_id_4363|如 你 所 愿，准 备 去 死 吧！
str_id_4364|那 就 来 吧。拔 剑 自 卫！
str_id_4365|你 这 个 无 礼 的 小 子！我 会 碾 碎 你！
str_id_4366|如 果 你 如 此 迫 切 想 死，那 我 别 无 选 择，只 能 成 全 你。{reg33?:}
str_id_4367|既 然 你 不 给 我 选 择……那 就 动 手 吧。
str_id_4368|你 这 个 肮 脏 的 家 伙！我 会 让 你 希 望 自 己 没 有 出 生 在 这 个 世 界 上。
str_id_4369|很 好。我 本 希 望 我 们 可 以 避 免 战 斗，但 是 我 明 白 那 是 不 可 能 的 了。
str_id_4370|你 如 此 不 可 理 喻，看 来 再 多 话 也 是 白 费。
str_id_4371|好 吧，我 很 失 望，但 是 我 确 信 你 以 后 会 有 很 多 机 会 去 弥 补 你 的 过 失。
str_id_4372|接 下 任 务 却 未 能 完 成，绝 非 光 彩 之 事。不 过，我 接 受 你 的 解 释。
str_id_4373|你 失 败 了？呸！我 早 就 该 猜 到 会 是 这 样 的。
str_id_4374|你 失 败 了？好 吧，你 令 我 感 到 很 失 望。你 做 事 太 欠 考 虑 了。
str_id_4375|好 吧，我 很 失 望，但 是 没 有 人 能 保 证 总 是 顺 风 顺 水 的。
str_id_4376|真 的 吗？那 些 令 我 失 望 的 人，我 通 常 都 不 会 让 他 们 活 着 为 此 事 后 悔 的。
str_id_4377|哦，好 吧。不 管 怎 么 说，那 件 事 成 功 的 希 望 不 大。谢 谢 你 付 出 的 努 力。
str_id_4378|很 好，我 确 信 你 已 经 尽 全 力 了。
str_id_4379|追 随 你？你 忘 了 自 己 的 身 份，{reg33?夫 人 :先 生 }。
str_id_4380|也 许 有 一 天 你 能 成 为 一 个 勇 敢 且 值 得 尊 敬 的 战 士，那 时 候 我 将 跟 随 你。但 是 不 是 今 天。
str_id_4381|跟 随 像 你 这 样 的 人？我 可 不 想 这 么 做。
str_id_4382|像 我 这 样 的 领 主 不 会 追 随 像 你 这 样 的 人，{reg33?夫 人 :先 生 }。
str_id_4383|先 证 明 你 不 会 把 我 带 进 灾 难，也 许 我 才 会 跟 随 你。
str_id_4384|你 像 条 挨 过 鞭 子 的 狗，只 会 夹 着 尾 巴 哀 叫。
str_id_4385|呃，我 现 在 正 好 有 任 务 在 身。以 后 再 说 吧。
str_id_4386|你 得 先 证 明 你 是 个 好 的 领 导 者，然 后 我 才 会 跟 着 你。
str_id_4387|卑 贱 无 耻 的 恶 棍
str_id_4388|毫 无 荣 誉 的 无 赖
str_id_4389|吞 污 饮 秽 的 杂 种
str_id_4390|鲁 莽 愚 钝 的 蠢 货
str_id_4391|哭 哭 啼 啼 的 癞 狗
str_id_4392|顽 固 鲁 莽 的
str_id_4393|好 斗 而 挑 拨 离 间 的
str_id_4394|阴 险 狡 诈 的
str_id_4395|卑 鄙 恶 劣 的 
str_id_4396|固 执 的 {reg33?:}
str_id_4397|好 争 吵 且 分 裂 的 {reg33?:}
str_id_4398|残 忍 的，专 制 的 {reg33?:}
str_id_4399|不 择 手 段 且 操 纵 性 的 {reg33?:}
str_id_4400|无 耻 下 作 的 {reg33?:}{reg33?:}
str_id_4401|无 可 救 药 的 天 真 
str_id_4402|顽 固 且 伪 善 的 {reg33?:}
str_id_4403|带 来 毁 灭 的 
str_id_4404|不 加 思 索 或 计 划 地 攻 击 敌 人，白 白 牺 牲 你 手 下 人 的 生 命
str_id_4405|与 其 他 领 主 挑 起 争 斗，让 我 们 分 裂 弱 小
str_id_4406|疏 远 平 民，引 发 叛 乱 和 兵 变
str_id_4407|在 我 们 背 后 与 敌 人 做 交 易
str_id_4408|给 我 们 的 目 标 和 王 国 带 来 耻 辱
str_id_4409|怜 悯 我 们 的 敌 人，而 不 是 与 他 们 战 斗
str_id_4410|将 个 人 过 分 的 荣 誉 感 置 于 王 国 的 需 要 之 上 
str_id_4412|{s45} 显 然 遭 到 了 不 公 对 待。虽 然 我 曾 向 {s46} 宣 誓，但 若 他 以 非 法 手 段 篡 夺 王 位，这 誓 言 便 不 能 约 束 我 继 续 支 持 他。
str_id_4413|嗯。{s46} 从 未 给 过 我 应 得 的 东 西，我 不 觉 得 自 己 欠 他 多 少。不 过，{s45} 未 必 会 更 好；至 少 {s46} 的 为 人，我 们 已 经 见 识 过 了。
str_id_4414|嗯。{s45} 说 他 是 真 正 的 王 位 继 承 人。这 很 好—— 这 让 我 对 {s46} 不 再 忠 诚。但 我 还 是 得 仔 细 掂 量 我 的 决 定。
str_id_4415|嗯。我 曾 向 {s46} 宣 誓 效 忠，可 权 贵 并 不 像 普 通 人 那 样 总 被 誓 言 束 缚。我 们 真 正 的 责 任，是 凭 自 身 才 能 维 持 统 治、建 立 秩 序，并 阻 止 所 有 人 对 所 有 人 的 战 争。
str_id_4416|嗯。在 这 个 卑 劣 的 世 界 里，聪 明 人 必 须 为 自 己 打 算，因 为 没 有 别 人 会 替 他 着 想。那 么—— 我 能 从 中 得 到 什 么？
str_id_4417|我 不 知 道 该 说 什 么。我 向 {s46} 宣 誓 认 可 他 为 法 定 的 统 治 者，但 如 果 他 不 是 法 定 的 统 治 者，我 不 知 道 我 是 否 还 受 誓 言 的 限 制。
str_id_4418|这 很 棘 手。宣 告 我 对 {s46} 的 效 忠 无 效，解 除 维 系 这 片 土 地、使 其 不 至 沉 入 无 政 府 状 态 的 纽 带，是 件 极 为 严 重 的 事。可 我 同 样 发 誓 维 护 合 法 继 承，而 {s45} 对 王 位 也 确 有 正 当 主 张。
str_id_4420|另 一 方 面，{s46} 曾 在 战 争 与 和 平 时 期 领 导 我 们，我 也 不 愿 轻 易 背 弃 自 己 的 效 忠。
str_id_4421|那 么 告 诉 我，为 什 么 我 该 背 弃 我 认 识 的 {reg4?婊 子 :杂 种 }，而 支 持 我 不 认 识 的 {reg3?一 个 女 人 :那 个 杂 种 }？
str_id_4422|被 询 问 我 将 立 谁 为 这 片 领 土 的 {reg3?统 治 者 :国 王 }，会 让 我 处 于 一 种 非 常 危 险 的 境 地。然 而 那 也 将 成 为 大 好 的 时 机，对 我 来 说 获 取 回 报 也 是 我 的 权 益！
str_id_4423|{s46} 的 王 位 主 张 备 受 争 议 {reg4?:}，因 此 {reg4?她:他} 永 远 无 法 像 王 位 从 未 受 质 疑 的 人 那 样 稳 固 统 治。不 过，若 {s45} 以 武 力 登 上 王 位，{reg3?她:他} 的 威 望 也 不 及 和 平 继 位 者。
str_id_4424|也 许 趁 {s45} 仍 然 虚 弱 时 加 入 {reg3?她:他}，{reg3?她:他} 便 会 让 我 飞 黄 腾 达！若 我 把 你 的 头 颅 带 给 {s46}，赏 赐 想 必 会 更 丰 厚。
str_id_4425|{s46} 一 直 待 我 不 错，但 确 实 {reg4?她 :他 } 亏 待 了 {s45}。我 犹 豫 是 否 背 弃 对 {s46} 的 效 忠，但 我 也 认 为 支 持 不 公 正 不 对。
str_id_4426|我 觉 得 我 必 须 为 了 领 地 尽 力 做 任 何 事 情，来 避 免 它 因 为 内 战 而 被 敌 人 掠 夺 并 且 荒 废 掉。
str_id_4428|我 的 剑 只 为 合 法 的 国 王 而 挥，前 提 是 他 保 证 尽 到 对 我 的 义 务。
str_id_4429|呸，他 们 就 是 一 群 混 蛋。我 会 让 干 坏 事 的 人 觉 得 后 悔 的。
str_id_4430|人 们 总 是 试 图 骗 取 别 人 应 得 的 东 西。在 这 个 毫 无 诚 信 可 言 的 世 界 上，每 个 人 都 要 警 惕 的 看 管 好 属 于 自 己 的 权 利。
str_id_4431|好 吧，这 个 世 界 是 残 酷 的，面 对 残 酷 的 选 择 是 我 们 的 宿 命。有 时 候 一 个 人 需 要 侍 奉 暴 君 以 维 护 和 平，而 有 时 候 一 点 儿 必 要 的 叛 乱 才 能 让 君 王 保 持 公 正。总 之，时 势 就 是 一 切。
str_id_4432|我 的 哲 学 很 简 单：做 狼 好 过 做 羊。
str_id_4433|好 吧，你 必 须 用 承 诺 来 坚 定 信 仰，并 且 避 免 待 人 不 公。有 时 候，要 想 平 衡 各 方 确 实 很 难。我 觉 得，跟 你 信 任 的 人 站 在 一 边，这 就 不 至 于 错 得 太 离 谱。
str_id_4434|国 王 和 贵 族 的 权 力 应 该 被 用 来 维 护 和 平，避 免 所 有 人 相 互 对 抗，然 而 又 不 能 蒙 蔽 人 民，让 他 们 看 不 到 不 公 正 的 地 方。
str_id_4435|嗯……我 觉 得 当 个 领 主 应 该 还 不 错 吧。
str_id_4436|一 个 好 的 统 治 者，懂 得 对 所 有 臣 民 都 公 正 无 私。就 个 人 来 说，我 打 算 用 我 的 权 力，让 生 活 在 我 的 领 地 里 的 人 们 过 得 更 好。
str_id_4437|一 个 好 的 统 治 者 懂 得 创 造 条 件，让 城 市 繁 荣 发 展，人 民 安 居 乐 业。就 个 人 来 说，我 打 算 用 我 的 财 富 去 创 造 更 多 的 财 富，既 为 我 自 己，也 为 公 共 的 利 益。
str_id_4438|我 已 经 听 到 了 一 些 支 持 你 的 候 选 人 获 得 王 位 的 意 见，而 我 有 意 倾 向 这 些 意 见。
str_id_4439|我 已 经 听 到 了 一 些 支 持 你 的 候 选 人 获 得 王 位 的 意 见，而 我 有 意 倾 向 这 些 意 见。
str_id_4440|我 已 经 听 到 了 一 些 支 持 你 的 候 选 人 获 得 王 位 的 意 见，而 我 并 不 认 可 这 些 意 见。
str_id_4441|我 已 经 听 到 了 一 些 支 持 你 的 候 选 人 获 得 王 位 的 意 见，但 是 我 不 同 意 其 中 大 部 分 的 意 见。
str_id_4443|{s49} 你 的 盟 友 {s44} 曾 经 怀 疑 我 的 荣 耀 与 勇 气。我 好 不 容 易 得 到 了 在 战 场 上 和 他 面 对 面 的 机 会，并 让 他 收 回 他 说 的 话。
str_id_4444|{s49} 你 在 帮 {s44} 工 作。他 是 个 狡 猾 的 狐 狸，我 一 点 也 不 相 信 他。
str_id_4445|{s49} 你 似 乎 在 谋 求 {s44} 的 帮 助—— 那 个 人 很 软 弱，并 且 一 点 也 不 适 合 统 治 封 地，而 且 我 一 直 很 讨 厌 那 个 人。
str_id_4446|{s49}{s44}，那 个 人 已 经 加 入 了 你，是 个 既 不 听 命 令 又 爱 吵 架，而 且 没 有 责 任 心 的 人。
str_id_4447|{s49} 我 不 想 和 你 的 盟 友 {s44} 一 起 作 战，那 个 人 的 道 德 表 现 令 人 恶 心。
str_id_4448|{s49} 我 不 想 勉 强 和 {s44} 在 同 一 方，那 个 人 有 点 残 忍 的 名 声。
str_id_4449|{s49} 你 的 盟 友 {s44} 在 我 看 来 是 个 危 险，不 可 靠，而 且 非 常 不 道 德 的 人。
str_id_4450|我 尊 重 你 的 一 系 列 意 见 
str_id_4451|我 发 现 你 的 一 系 列 意 见 不 是 很 吸 引 人 
str_id_4452|我 没 有 觉 得 你 的 一 系 列 意 见 吸 引 人 
str_id_4453|你 言 辞 犀 利 地 阐 述 了 你 的 观 点
str_id_4454|你 提 出 了 一 个 合 理 的 论 点
str_id_4455|你 的 陈 述 不 令 人 相 信 
str_id_4456|我 对 你 本 人 极 为 敬 重。
str_id_4457|我 了 解 并 且 敬 重 你 本 人。
str_id_4458|我 不 了 解 也 不 想 了 解 你。
str_id_4459|我 不 信 任 你。
str_id_4460|此 外，
str_id_4461|然 而，
str_id_4462|，并 且 
str_id_4463|，但 是 
str_id_4464|。此 外，
str_id_4465|。虽 然 如 此，
str_id_4466|很 好 -- 我 已 经 准 备 向 {s45} 宣 誓 作 为 我 的 {reg3?女 皇 :国 王 }。
str_id_4467|我 已 经 决 定。我 要 支 持 {s45} 作 为 合 法 的 继 承 人。
str_id_4468|啊，我 已 经 考 虑 得 够 久 了。反 正 我 从 来 都 不 太 喜 欢 {s46}。我 们 去 把 {reg4?她 :他 } 的 王 位 夺 过 来
str_id_4469|你 很 幸 运。我 决 定 加 入 你 的 事 业。祈 祷 你 不 要 让 我 后 悔 这 个 决 定
str_id_4470|这 是 一 个 非 常 危 险 的 决 定，但 经 过 仔 细 考 虑，我 决 定 加 入 你。希 望 这 是 最 好 的 选 择
str_id_4471|那 么。我 会 支 持 {reg5?你 :你 的 {reg3?女 人 :男 人 }{s45}}。但 你 最 好 确 保 {reg5?我 得 到 奖 励 :{reg3?她 :他 } 奖 励 我 } 丰 厚！
str_id_4472|好 吧。我 认 为 {reg5?你 :你 的 {reg3?女 人 :男 人 }} 会 是 个 好 统 治 者。我 会 加 入 你 的 事 业
str_id_4473|愿 上 天 原 谅 我 如 果 我 做 错 了。我 的 首 要 职 责 是 对 这 个 王 国，为 了 将 其 从 无 法 无 天 中 拯 救 出 来，我 会 支 持 {s45} 并 放 弃 对 {s46} 的 效 忠
str_id_4475|对 不 起。{s45} 有 一 个 很 好 的 主 张，但 这 不 足 以 令 我 对 {s46} 倒 戈。我 将 依 然 忠 于 我 的 君 主。
str_id_4476|不。你 拥 护 的 {s45} 太 嫩 了，没 有 能 力 管 理 这 片 领 地。我 还 是 紧 随 {s46}。
str_id_4477|不，我 不 会 加 入 你 的 叛 乱 我 认 为 这 是 孩 子 的 冲 动 否 认 证 据。我 陪 着 你 {s46} 其 治 理 能 力 已 得 到 充 分 证 明。
str_id_4478|我 很 抱 歉。没 有 理 由 让 我 相 信 你 会 赢。许 多 人 会 死 去，但 我 不 想 成 为 他 们 中 的 一 员。我 会 继 续 支 持 {s46}。
str_id_4479|不，我 不 会 玩 你 的 小 游 戏。你 以 为 你 能 夺 得 皇 冠？我 会 在 {s46} 身 旁 看 到 你 人 头 落 地。
str_id_4480|我 很 抱 歉。我 觉 得 背 弃 {s46} 不 对。当 我 们 在 战 场 上 相 遇 时，不 要 记 恨
str_id_4481|抱 歉，{s45} 还 无 法 带 领 领 地 上 那 些 可 怜 的 人 民，我 会 继 续 支 持 {s46}。如 果 我 做 错 了，愿 上 天 原 谅 我。
str_id_4483|现 在 不 是 谈 政 治 的 时 候！我 今 天 带 着 许 多 追 随 我 的 领 主 来，他 们 都 全 副 武 装 准 备 战 斗。你 最 好 做 好 准 备 开 始 作 战。
str_id_4484|你 指 望 现 在 和 我 谈 背 叛 我 君 主 的 事 情，就 在 这 四 周 都 是 他 的 军 队 的 时 候？你 当 我 是 什 么？一 个 地 道 的 白 痴？
str_id_4485|住 口！无 论 我 对 这 件 事 有 什 么 要 说 的，我 不 会 在 这 里 和 现 在 说，当 我 们 在 军 队 中 时
str_id_4486|此 时 此 地 完 全 不 适 合 进 行 这 样 一 场 谈 话。也 许 我 们 可 以 过 一 会 或 者 在 其 它 地 方 再 谈，但 现 在 我 们 依 然 是 敌 人。
str_id_4487|你 应 该 闭 上 你 的 鸟 嘴！你 能 想 像 如 果 其 他 的 封 臣 听 到 我 们 讨 论 叛 国 的 事 情，那 个 后 果 有 多 严 重 吗？
str_id_4488|你 想 和 我 谈 叛 国 的 事 情 是 吗？还 是 等 我 们 未 被 我 君 主 的 军 队 包 围 的 时 候 再 谈 吧，那 时 候 我 将 听 听 你 要 说 什 么。
str_id_4489|不 管 我 对 王 位 更 替 的 合 法 性 怎 么 看，我 也 不 会 在 此 时 此 地 拿 出 来 讨 论。如 果 我 们 下 次 能 私 下 见 面 的 话，我 将 好 好 听 听 你 的 想 法。但 是 现 在，请 把 我 当 作 是 你 的 敌 人。
str_id_4498|据 说 {s6} 没 什 么 有 趣 的 个 性。
str_id_4499|据 说 {s6} 是 个 战 争 狂。
str_id_4500|据 说 {s6} 很 快 就 要 和 另 一 个 领 主 开 战，因 为 那 个 人 拿 他 的 鼻 子 开 玩 笑。
str_id_4501|我 听 说 {s6} 处 死 了 一 名 随 从 因 为 那 个 不 幸 的 家 伙 在 他 的 猎 场 里 杀 死 了 一 头 鹿。
str_id_4502|据 说 {s6} 是 个 狡 猾 的 对 手。
str_id_4503|据 说 {s6} 喜 欢 折 磨 他 的 敌 人。我 可 不 想 和 他 作 对。
str_id_4504|据 说 {s6} 是 个 好 人，很 善 待 他 领 地 上 的 人 民。所 作 所 为 比 大 多 数 贵 族 都 好。
str_id_4505|人 们 说 为 {s6} 服 务 是 件 好 事。{reg4?她 :他 } 对 {reg4?她 :他 } 的 追 随 者 很 好，如 果 他 们 工 作 出 色 就 会 奖 励 他 们
str_id_4506|你 听 到 关 于 {s6} 的 最 近 一 次 传 闻 是：
str_id_4508|不 过，你 的 滔 滔 雄 辩 让 我 重 新 考 虑 了 我 的 立 场。
str_id_4509|可 我 觉 得 你 的 话 好 歹 把 我 绕 进 去 了，你 这 混 蛋。我 听 着 呢。
str_id_4510|可 你 像 这 样 恳 求 我，我 还 是 勉 为 其 难，重 新 考 虑 下 吧。
str_id_4511|可 是 你 看，你 还 真 是 个 能 说 会 道 的 混 蛋，让 人 印 象 深 刻。我 听 着 呢。
str_id_4512|但 当 你 的 银 舌 为 你 唱 出 如 此 动 听 的 歌 曲 时，我 不 会 立 即 驳 回 这 个 想 法
str_id_4513|但 是 你 说 得 很 好，所 以 我 会 试 着 不 抱 偏 见。
str_id_4514|不 过，你 的 观 点 很 有 道 理。我 听 着 呢。
str_id_4515|我 是 黑 爪，欧 克 的 合 法 老 大。
str_id_4516|我 叫 维 迪 姆。有 人 叫 我“杂 种”。我 是 维 吉 亚 的 一 名 王 子，但 是 根 据 我 的 权 利 我 应 该 做 他 们 的 国 王，而 不 是 我 的 堂 兄 弟 亚 罗 格 尔 克。
str_id_4517|我 是 达 斯 塔 姆 可 汗，是 杰 拉 克 可 汗 的 儿 子，也 是 库 吉 特 的 合 法 可 汗。
str_id_4518|我 是 莱 斯 温 远 寻 者，老 哈 克 里 姆 之 子，应 该 是 卡 拉 迪 亚 诺 德 的 国 王
str_id_4519|我 是 凯 斯 托 领 主，罗 多 克 的 合 法 国 王，我 将 推 翻 暴 君，带 给 罗 多 克 人 民 自 由。
str_id_4520|我 是 阿 尔 瓦，他 们 称 为 珍 珠 之 母，萨 兰 德 的 母 亲 和 他 们 的 合 法 女 王
str_id_4521|我 是 格 里 格 的 兄 弟。
str_id_4522|在 我 小 时 候 父 亲 就 去 世 了，他 的 兄 弟 贝 尔 勒 克 作 为 摄 政 王 照 顾 我。这 个 篡 位 者 并 没 有 打 算 将 王 冠 给 我，他 利 用 权 力 指 控 我 母 亲 通 奸，同 时 声 称 我 不 是 父 亲 所 生，母 亲 被 以 叛 国 罪 处 决，而 我 被 宣 布 为 私 生 子。
str_id_4523|塞 加 可 汗 和 我 是 老 可 汗 杰 拉 克 同 父 异 母 的 兄 弟。我 是 幼 子，但 所 有 认 识 老 可 汗 的 人 都 会 证 明 父 亲 最 器 重 我，因 为 我 对 国 家 有 强 烈 的 责 任 感。而 塞 加 整 天 忙 于 狩 猎 和 宴 会，借 此 笼 络 了 大 部 分 父 亲 手 下 那 些 自 甘 堕 落 的 将 军。
str_id_4524|我 被 称 为 远 寻 者 是 因 为 我 旅 行 了 很 远 的 距 离，即 使 以 诺 德 的 标 准，以 寻 求 知 识。在 我 成 年 之 前，我 父 亲 送 我 去 海 外 土 地 的 宫 廷 和 大 学 进 行 学 习 之 旅。如 果 诺 德 人 要 自 称 是 卡 拉 迪 亚 帝 国 的 继 承 人，那 么 他 们 必 须 言 行 一 致，了 解 一 些 法 律 和 文 学，而 不 是 仅 仅 满 足 于 战 斗、掠 夺 和 饮 酒
str_id_4525|罗 多 克 是 一 个 自 由 的 民 族，不 是 任 何 世 袭 君 主 的 奴 隶。国 王 必 须 从 该 地 的 主 要 贵 族 家 族 中 选 出，由 从 杰 尔 卡 拉、维 鲁 卡 和 亚 伦 城 市 的 贵 族 中 抽 签 组 成 的 议 会 选 举。议 会 在 杰 尔 卡 拉 前 的 田 野 上 开 会，在 审 议 期 间，任 何 人 不 得 携 带 武 器 出 现，违 者 处 死
str_id_4526|我 出 生 于 一 片 遥 远 大 陆 上 一 个 地 位 卑 下 的 家 庭，在 我 还 是 一 个 小 女 孩 的 时 候 成 为 了 奴 隶—— 但 这 没 什 么 好 羞 愧 的，我 们 许 多 国 王 的 母 亲 都 曾 是 奴 隶。老 苏 丹，艾 扎 尔，在 市 场 中 发 现 了 我 并 被 我 的 美 貌 所 吸 引。我 就 此 被 收 入 宫 中，而 后 他 逐 渐 发 现 并 看 重 我 的 才 智。随 着 他 逐 渐 老 去，他 准 许 我 治 理 他 的 国 家。一 开 始 我 还 只 是 管 理 宫 廷 事 务，后 来 开 始 处 理 国 政。
str_id_4527|我 比 他 更 他 妈 的 强 悍！
str_id_4528|我 被 一 个 忠 诚 的 仆 人 偷 偷 带 到 了 国 外，现 在 我 长 大 了，我 回 来 夺 回 我 应 有 的 权 力。贝 尔 勒 克 在 他 背 叛 不 久 后 就 死 了，毫 无 疑 问，这 是 天 意！他 的 儿 子 亚 罗 格 尔 克 现 在 自 封 为 国 王，但 他 的 声 明 充 满 了 恶 臭，他 和 他 父 亲 一 样 是 篡 位 者，而 我 将 推 翻 他 的 统 治。
str_id_4529|依 照 克 吉 特 传 统，一 个 人 去 世 后，牲 畜 与 遗 产 应 由 所 有 儿 子 平 分；可 汗 国 也 应 如 此。父 亲 去 世 时，我 正 在 巡 视 边 境。我 立 刻 赶 回 图 尔 加，准 备 把 桑 贾 尔 应 得 的 份 额 交 给 他，并 与 他 共 同 治 理 可 汗 国。可 我 抵 达 时 才 发 现，他 早 已 召 集 支 持 者 进 入 宫 廷，把 自 己 宣 布 为 唯 一 的 可 汗。
str_id_4530|父 亲 驾 崩 时 我 已 经 完 成 了 学 业，但 我 赶 回 去 继 承 王 位 时，我 的 船 遭 遇 了 风 暴。父 亲 手 下 一 个 叫 拉 格 纳 的 领 主 抓 住 了 这 个 机 会，传 播 我 遇 难 的 谣 言。他 招 集 了 自 己 的 支 持 者，宣 称 自 己 为 国 王，在 过 去 几 年 时 间 不 断 强 化 自 己 的 权 力。
str_id_4531|在 上 次 选 举 中，只 有 两 位 候 选 人，我 自 己 和 领 主 格 拉 维 斯。当 议 会 正 在 审 议 时，格 拉 维 斯 手 持 剑 出 现，告 诉 他 们 一 支 斯 瓦 迪 亚 掠 夺 队 即 将 袭 击 审 议 场 地—— 顺 便 说 一 句，这 是 真 的—— 如 果 他 没 有 被 选 为 国 王，他 就 会 让 他 们 自 生 自 灭。
str_id_4532|当 艾 扎 尔 苏 丹 去 世 之 后，貌 似 国 内 的 酋 长 们 都 支 持 我 继 承 王 位，如 此 就 可 以 免 除 内 战 的 风 险。不 过 他 们 坚 持 我 必 须 下 嫁 他 们 中 的 一 个，拜 巴 克 酋 长。酋 长 们 随 后 联 合 起 来 向 我 们 宣 誓 效 忠—— 拜 巴 克 掌 握 军 权，我 则 成 为 国 母。在 我 们 携 手 共 治 的 那 段 时 间 里，我 们 的 国 度 欣 欣 向 荣。
str_id_4533|我 会 好 好 揍 他 一 顿！^^哇 啊 啊 啊！
str_id_4534|在 所 有 维 吉 亚 人 面 前 恢 复 我 的 权 利 之 前，我 将 背 负“私 生 子”的 绰 号，以 提 醒 我 必 须 做 什 么。
str_id_4535|我 的 兄 弟 认 为 库 吉 特 人 只 尊 重 力 量：一 个 随 心 所 欲 夺 取 想 要 的 领 袖。但 我 认 为 他 误 解 了 我 们 民 族 的 精 神。—— 我 们 钦 佩 果 断 的 领 袖，但 更 钦 佩 公 正 的 领 袖，我 们 知 道 一 个 不 尊 重 自 己 兄 弟 权 利 的 人 也 不 会 尊 重 他 追 随 者 的 权 利。
str_id_4536|所 以 我 仍 被 放 逐 中—— 只 是 现 在 我 不 再 寻 找 遥 远 大 陆 的 贤 人 来 指 导 我 的 智 慧，而 是 勇 士，来 和 我 一 起 回 到 诺 德 的 领 地 夺 回 我 的 王 位。如 果 拉 格 纳 怀 疑 我 管 理 的 才 能，那 么 让 他 面 对 面 地 和 我 说，我 们 将 会 在 战 场 上 对 话。作 为 一 个 战 士 能 成 为 一 个 学 者，学 者 亦 能 成 为 战 士，而 我 认 为，只 有 能 将 二 者 合 二 为 一 的 人 才 是 真 正 的 王 者！
str_id_4537|嗯，格 拉 维 斯 击 败 了 斯 瓦 迪 亚 人，为 此，作 为 罗 多 克 人，我 感 激 不 尽。当 我 成 为 国 王 时，我 会 亲 自 将 胜 利 花 环 戴 在 他 头 上。但 之 后 我 会 让 他 的 头 与 肩 膀 分 家，因 为 他 的 行 为 表 明 他 是 罗 多 克 联 邦 及 其 神 圣 习 俗 的 叛 徒。
str_id_4538|但 唉，贝 巴 克 自 己 很 快 在 与 库 吉 特 人 的 小 冲 突 中 被 杀。如 果 我 能 及 时 得 知 他 的 死 讯，我 就 能 做 好 准 备 应 对 任 何 背 叛 的 可 能。但 唉，我 丈 夫 奸 诈 的 侄 子 哈 基 姆 带 着 他 的 人 骑 马 而 来，身 上 还 沾 着 战 场 的 尘 土，用 剑 指 着 我 将 我 赶 出 宫 殿，并 宣 布 自 己 为 苏 丹。就 这 样 吧—— 我 将 召 集 自 己 的 军 队，以 牙 还 牙。
str_id_4539|黑 爪 认 为 他 应 该 是 欧 克 的 酋 长？我 用 不 正 当 手 段 夺 取 了 酋 长 之 位？他 简 直 是 在 扯 淡。
str_id_4540|如 果 维 迪 姆 带 着 和 平 而 来，我 会 给 他 爵 位 和 荣 誉，他 会 成 为 我 最 大 的 诸 侯，而 如 果 他 带 着 军 队 而 来，我 会 用 铁 链 绑 住 他，让 他 在 我 面 前 承 认 我 是 合 法 的 君 主，然 后 割 掉 他 的 舌 头，让 他 不 能 反 悔。
str_id_4541|我 的 兄 弟 达 斯 塔 姆 可 能 告 诉 过 你 他 坚 持 分 裂 汗 国，就 像 分 一 群 羊 一 样。让 我 告 诉 你 一 件 事。自 从 库 吉 特 人 在 这 片 土 地 上 立 足 以 来，每 个 可 汗 的 死 都 有 同 样 的 结 果—— 土 地 被 分 割，可 汗 的 儿 子 们 互 相 战 争，最 强 者 最 终 夺 取 一 切。我 只 是 有 先 见 之 明，提 前 防 止 了 内 战。
str_id_4542|勒 斯 汶 先 知？作 家 勒 斯 汶 还 差 不 多。也 许 你 听 说 过 这 句 话：“国 王 是 小 孩，人 民 遭 不 幸。”更 不 幸 的 是 国 王 是 个 学 生。你 想 让 统 治 诺 德 人 的 是 个 嘴 上 无 毛 的 小 子？一 个 连 剑 把 都 握 不 紧 的 小 子？一 个 还 从 来 都 没 站 在 盾 牌 之 后 的 小 子？如 果 勒 斯 汶 当 了 国 王，他 领 主 们 会 嘲 笑 他 那 张 娃 娃 脸！
str_id_4543|毫 无 疑 问，卡 斯 特 领 主 告 诉 过 你：我 干 涉 贵 族 议 员 推 选 国 王，玷 污 了 罗 多 克 神 圣 的 古 老 习 俗。那 我 也 告 诉 你 一 件 事—— 城 镇 贵 族 们 总 爱 长 篇 大 论 地 吹 嘘 我 们 的 古 老 自 由，最 后 却 往 往 选 中 那 个 刚 在 他 们 别 墅 里 品 过 美 酒，并 承 诺 对 欠 税 睁 一 只 眼 闭 一 只 眼 的 贵 族 做 国 王。
str_id_4544|我 们 的 学 者 早 已 达 成 共 识：政 治 中 有 一 条 高 于 一 切 的 原 则—— 人 们 应 当 接 受 统 治 者 的 权 威，因 为 暴 政 也 好 过 内 战。正 因 如 此，我 才 接 受 拜 巴 克 与 阿 瓦 尔 共 同 统 治，并 向 二 人 宣 誓 效 忠。
str_id_4545|我 凭 战 斗 挑 战 赢 得 大 头 目 之 位，也 凭 自 己 是 最 强 者 而 拥 有 这 项 权 利。这 比 其 他 一 切 都 更 重 要—— 谁 敢 在 这 片 土 地 上 说 个“不”字，谁 就 等 着 遭 殃。
str_id_4546|不 管 我 父 亲 怎 么 获 得 权 力 都 无 所 谓，现 在 我 继 承 了 王 位 就 足 够 了。如 果 所 有 过 去 的 事 都 要 翻 出 来，所 有 继 承 权 都 要 随 时 拿 出 来 讨 论 一 番，王 位 制 度 也 就 终 结 了，我 们 面 临 的 将 会 是 一 场 内 战。
str_id_4547|达 斯 塔 姆 可 以 当 一 个 很 不 错 的 牧 群 推 事，也 可 以 当 一 个 土 地 纠 纷 的 仲 裁 者，但 你 能 想 象 这 样 的 人 能 成 为 一 个 可 汗？照 他 那 样，我 们 只 会 被 邻 国 攻 占 土 地，回 到 以 前 在 草 原 上 受 冻 挨 饿 的 日 子。
str_id_4548|老 哈 克 瑞 姆 或 许 对 如 何 处 置 王 国 有 过 一 番 异 想 天 开 的 安 排，但 诺 德 人 的 国 王 绝 不 只 靠 王 室 血 脉。我 是 由 诸 侯 拥 戴 而 登 位，也 凭 自 己 是 最 强 者 而 为 王。这 比 血 统 更 重 要—— 谁 敢 在 这 片 土 地 上 说 个“不”字，谁 就 等 着 遭 殃。
str_id_4549|他 们 唯 一 关 心 的 自 由 是 他 们 长 胖 的 自 由。与 此 同 时，我 的 人 在 草 原 上 露 宿，吃 干 面 包 和 咸 鱼，扫 描 地 平 线 看 燃 烧 的 村 庄，流 血 流 汗 保 持 商 路 开 放。有 个 想 法—— 如 果 我 遇 到 一 个 因 库 吉 特 箭 伤 或 斯 瓦 迪 亚 剑 伤 而 跛 行 的 商 人，我 会 说，“这 个 人 的 建 议 值 得 听 取。”
str_id_4550|不 过 你 应 当 明 白，阿 瓦 尔 之 所 以 成 为 拜 巴 克 的 伴 侣，并 不 是 因 为 她 的 智 慧 或 是 对 公 正 的 热 爱。不 是，她 被 选 中 只 是 因 为 她 是 个 女 巫，她 能 够 把 像 艾 扎 尔 和 拜 巴 克 这 样 的 男 人 变 成 口 吃 的 笨 蛋。没 关 系—— 我 曾 谨 遵 我 的 誓 言，而 且 尊 重 她 对 权 位 的 篡 夺，直 到 誓 言 随 着 她 傀 儡 的 死 亡 而 失 效。现 在 她 必 须 尊 重 我 的。
str_id_4551|是 非 常 有 教 养 一 类 的 
str_id_4552|似 乎 是 足 够 正 派 的 
str_id_4553|非 常 礼 貌 和 体 贴
str_id_4554|缺 乏 魄 力—— 不 过 也 许 可 以 补 救 
str_id_4555|看 起 来 是 个 好 人 
str_id_4556|不 足 的 
str_id_4557|刚 刚 够 的 
str_id_4558|勉 强 够 用
str_id_4559|充 足 的 
str_id_4560|丰 盛 的
str_id_4561|极 尽 奢 华 的
str_id_4562|你 准 备 的 食 物 不 足 以 供 应 宾 客 及 其 随 从，迫 使 他 们 只 得 从 周 边 乡 野 以 高 得 离 谱 的 价 格 购 买 口 粮。与 宴 者 一 致 认 为，你 没 有 尽 到 主 人 的 本 分；这 既 损 害 了 他 们 对 你 的 信 任，也 败 坏 了 你 的 名 声。
str_id_4563|你 准 备 的 酒 食 最 终 耗 尽，一 些 宾 客 只 得 向 路 过 的 小 贩 自 掏 腰 包，另 一 些 则 提 前 遣 返 部 分 随 从。较 为 宽 厚 的 人 把 短 缺 归 咎 于 计 划 不 周，而 非 你 生 性 吝 啬；但 无 论 如 何，此 事 都 有 损 你 的 名 声。
str_id_4564|你 准 备 的 酒 食 足 以 款 待 贵 族 宾 客，虽 然 他 们 随 从 中 的 一 些 平 民 只 能 饿 着 肚 子。至 少，你 正 在 树 立 一 个 尚 且 懂 得 贵 族 社 会 义 务 的 名 声。
str_id_4565|你 准 备 了 充 足 而 丰 富 的 酒 食，足 以 为 自 己 赢 得 好 名 声。佳 肴、美 酒 与 欢 笑 让 宾 客 们 放 下 戒 心，开 始 坦 率 议 论 国 事，也 因 此 更 加 信 任 你。
str_id_4566|你 摆 下 了 丰 盛 宴 席，不 仅 贵 族 宾 客 与 随 从 尽 得 饱 足，余 下 的 食 物 还 分 给 了 穷 人。宾 客 们 盛 赞 你 的 慷 慨，也 称 颂 你 深 知 自 身 地 位 所 负 的 社 会 责 任。酒 食 催 动 欢 谈，席 间 气 氛 愉 悦，也 加 深 了 与 宴 者 彼 此 间 的 情 谊。
str_id_4567|未 来 数 月，整 个 王 国 都 会 传 颂 你 宴 席 的 丰 盛；它 也 将 成 为 后 世 宴 会 争 相 企 及 的 标 杆。你 不 仅 填 饱 了 贵 族 宾 客 与 随 从 的 肚 子，就 连 聚 集 在 大 门 外 的 穷 人 也 得 到 了 饱 餐。
str_id_4568|帝 国 
str_id_4569|矮 人 
str_id_4570|高 精 灵 
str_id_4571|混 沌 矮 人
str_id_4572|混 沌 
str_id_4573|古 墓 王 
str_id_4574|蜥 蜴 人 
str_id_4575|地 精
str_id_4576|阿 拉 比 
str_id_4577|兽 人
str_id_4578|巴 托 尼 亚 
str_id_4579|暗 精 灵 
str_id_4580|斯 卡 文 魔 鼠 
str_id_4581|基 斯 里 夫 
str_id_4582|野 兽 人 
str_id_4583|尼 朋 
str_id_4584|西 尔 凡 尼 亚 
str_id_4585|木 精 灵 
str_id_4586|海 盗
str_id_4587|《骑 马 与 砍 杀：战 团》版 权 所 有 2008-2010 TaleWorlds Entertainment
str_id_4588|游 戏 设 计：^阿 尔 马 甘 · 亚 武 兹 ^史 蒂 夫 · 内 格 斯 ^杰 姆 · 奇 门 比 塞 尔
str_id_4589|编 程：^阿 尔 马 甘 · 亚 武 兹 ^杰 姆 · 奇 门 比 塞 尔 ^塞 尔 达 尔 · 科 奇 德 米 尔 ^奥 赞 · 古 穆 斯 ^穆 斯 塔 法 · 科 尔 克 马 兹 ^^额 外 编 程：^戈 汉 · 乌 拉 斯 ^M。富 尔 坎 · 耶 尔 马 兹
str_id_4590|CG艺 术 家：^奥 兹 古 尔 · 萨 拉 尔 ^穆 斯 塔 法 · 奥 兹 图 尔 克 ^皮 纳 尔 · 切 基 奇 ^奥 赞 · 温 卢 ^伊 吉 特 · 萨 夫 图 尔 ^乌 米 特 · 辛 吉 尔
str_id_4591|概 念 艺 术 家：^甘 巴 特 · 巴 达 姆 汗 德
str_id_4592|编 剧：^史 蒂 夫 · 内 格 斯 ^阿 尔 马 甘 · 亚 武 兹 ^瑞 安 · A· 斯 潘
str_id_4593|原 创 音 乐：^杰 西 · 霍 普 金 斯
str_id_4594|配 音 演 员：^塔 西 洛 · 埃 格 洛 夫 斯 坦
str_id_4595|本 游 戏 得 到 了 土 耳 其 科 学 技 术 研 究 理 事 会 的 支 持。^^教 程 编 写：^史 蒂 夫 · 内 格 斯 ^阿 尔 马 甘 · 亚 武 兹 ^爱 德 华 · 斯 波 尔 ^^马 匹 动 作 捕 捉 动 画 由：^理 查 德 · 威 杰 里 与 动 能 脉 冲 提 供 ^^物 理 引 擎：^Havok^^声 音 和 音 乐 程 序 库：^Firelight Technologies的 FMODex声 音 系 统 ^^天 空 盒 纹 理：^杰 伊 · 韦 斯 顿 ^^中 文 翻 译：^赫 泰 洛 伊；高 大 太 郎；寂 静 嫉 妒；金；辐 射 13；詹 姆 斯；D。枫；Kan2；阿 里 克 斯 杨；木 易 男 孩 ^^故 事 世 界 通 讯 总 监：^阿 里 · 埃 尔 金 ^^故 事 世 界 论 坛 编 程：^布 雷 特 · 弗 拉 尼 根 ^^^故 事 世 界 网 站 论 坛 管 理 员 和 版 主：^贾 努 斯 ^阿 肯 索 德 ^纳 西 索 斯 ^奈 拉 戈 恩 ^迷 失 羔 羊 ^ Deus Ex^梅 伦 莎 ^沃 尔 基 尔 ^Instag0^阿 提 万 ^自 我 ^古 斯 帕 夫 ^哈 利 奎 因 ^无 敌 ^okiN^拉 兹 ^雷 杰 诺 斯 特 ^天 空 rage^ThVaz^^^骑 马 与 砍 杀 社 区 建 议 与 反 馈：^A野 马 ^亚 当 卢 格 ^阿 多 诺 ^阿 尔 登 ^阿 尔 哈 纳 勒 姆 ^阿 马 德 ^安 塔 拉 斯 ^阿 尔 卡 迪 亚 斯 大 师 ^Arch3r^阿 切 维 厄 斯 ^阿 卡 斯 · 内 本 ^阿 康 ^阿 刻 图 勒 斯 ^ares007^阿 尔 吉 哈 德 ^BadabombadaBang^巴 顿 ^阿 什 男 爵 ^狂 战 士 骄 傲 ^bgfan^bierdopjeee^巨 无 霸 ^宾 博 伊 ^blink180heights^布 洛 兹 哈 马 尔 ^布 洛 伊 德 ^布 兰 登 ^布 雷 戈 ^陈 杰 联 ^cifre^COGlory^科 林 斯 重 装 步 兵 ^疯 狂 兔 子 ^加 密 仙 人 掌 ^CtrlAltDe1337^卡 瑟 ^Da-V-Man^迪 米 特 里 斯 克 里 斯 ^dstemmer^EasyCo506^埃 格 伯 特 ^ethneldryt^eudaimondaimon^法 拉 诺 克 斯 ^法 齐 娅 · 多 赫 塔 尔 -伊 -桑 贾 尔 ^飞 刀 ^加 比 德 ^GeN76^总 医 院 ^鬼 影 ^glustrod^古 斯 帕 夫 ^哈 尔 西 翁 ^哈 恩 ^赫 斯 威 尔 ^高 级 精 灵 战 士 ^浩 克 smash^伊 比 隆 ^ ignoble^杰 克 商 人 ^JoG^乔 夫 ^卡 赞 ^伟 大 的 乔 纳 森 国 王 ^克 莱 多 福 罗 斯 ^骑 士 ^汉 堡 王 ^克 里 斯 蒂 安 尼 亚 ^l3asu^拉 克 拉 克 斯 姆 ^莱 安 德 罗 1021DX^光 晕 ^卢 2^里 奇 勋 爵 ^洛 杜 姆 · 埃 迪 兹 ^卢 克 189^马 邦 斯 ^麦 克 法 兰 ^疯 狂 5^魔 法 大 师 ^马 赫 ^马 尼 克 ^马 尼 塔 斯 ^马 林 和 平 使 者 ^马 丁 内 特 ^MAXHARDMAN^梅 尔 基 尔 ^米 格 尔 8500^密 特 拉 ^莫 丹 ^内 特 ^内 梅 奥 ^Nite/m4re^noobalicous^北 方 冠 军 ^okiN^猎 户 座 ^OTuphlos^帕 帕 · 拉 扎 鲁 ^法 拉 斯 ^普 拉 泽 克 ^普 尔 辛 ^PSYCHO78^PsykoOps^里 皮 ^红 河 ^根 瘤 菌 ^里 盖 亚 ^龙 加 尔 ^罗 斯 ^悲 伤 快 乐 ^萨 雷 霍 ^科 学 卓 越 ^灼 烧！^海 维 德 86^sebal87^shikamaru 1993^瞬 ^寂 静 黎 明 ^戈 威 爵 士 ^天 空 rage^阿 啊 啊 的 斯 拉 沃 米 尔 ^独 奏 塞 博 ^苏 联 士 兵 ^刺 探 游 民 ^斯 特 拉 提 戈 斯 001^斯 蒂 约 ^塔 隆 阿 奎 拉 ^测 试 ^瑜 伽 士 ^雷 蹄 ^提 尔 ^蒂 姆 ^泰 坦 鞋 ^tmos^托 菲 ^通 图 ^特 雷 纳 洛 克 ^特 隆 德 ^超 级 威 吉 特 ^乌 里 斯 特 ^乌 尔 斯 卡 ^乌 尔 齐 ^害 虫 ^维 亚 杰 罗 ^文 森 佐 ^伏 尔 肯 ^战 猫 92^欢 迎 来 到 地 狱 ^惠 姆 ^吴 龙 ^耶 洛 内 特 ^约 博 ^吉 村 紫 ^吉 娃 娃 ^齐 康 尼 克 ^^^特 别 感 谢 托 比 · 李 对 战 斗 系 统 的 想 法 和 深 入 反 馈。^……以 及 许 多 其 他 出 色 的 骑 马 与 砍 杀 玩 家！^^（这 仅 是 所 有 通 过 提 供 建 议 和 反 馈 为 游 戏 做 出 贡 献 的 玩 家 的 一 小 部 分 样 本。^此 列 表 仅 通 过 采 样 故 事 世 界 论 坛 中 的 几 个 帖 子 编 译 而 成。^不 幸 的 是，编 制 完 整 列 表 几 乎 不 可 能。^如 果 您 贡 献 了 建 议 和 反 馈 但 未 列 入 此 处，我 们 深 表 歉 意，并 请 知 道 我 们 同 样 感 激 您……）
str_id_4596|悖 论 互 动 ^^总 裁 兼 首 席 执 行 官：^西 奥 多 · 贝 里 奎 斯 特 ^^执 行 副 总 裁：^弗 雷 德 里 克 · 韦 斯 特 ^^首 席 财 务 官：^莉 娜 · 埃 里 克 森 ^^财 务 与 会 计：^安 路 易 斯 · 拉 尔 森 ^^美 国 销 售 与 营 销 副 总 裁：^里 娜 · M· 米 兰 达 ^^欧 盟 销 售 与 营 销 副 总 裁：^马 丁 · 西 尔 克 ^^北 欧 分 销 经 理：^埃 里 克 · 赫 尔 姆 弗 里 德 森 ^^公 关 与 营 销 总 监：^苏 珊 娜 · 梅 萨 ^^公 关 与 营 销：^索 菲 亚 · 福 斯 格 伦 ^^产 品 经 理：^布 尔 · 伯 曼
str_id_4597|标 识 设 计：^贾 森 · 布 朗 ^^封 面 艺 术：^皮 奥 特 · 福 克 斯 · 维 索 茨 基 ^^版 式 设 计：^克 里 斯 蒂 安 · 萨 贝 ^梅 利 娜 · 格 伦 德 尔 ^^海 报：^皮 奥 特 · 福 克 斯 · 维 索 茨 基 ^^地 图 与 概 念 艺 术：^甘 巴 特 · 巴 达 姆 汗 德 ^^手 册 编 辑：^数 字 文 字 加 工：瑞 安 · 纽 曼，尼 克 · 斯 图 尔 特 ^^网 页：^马 丁 · 埃 里 克 松 ^^营 销 资 产：^2Coats^^本 地 化：^S&H娱 乐 本 地 化 ^^GamersGate: ^乌 尔 夫 · 赫 德 布 洛 姆 ^安 德 烈 亚 斯 · 普 塞 特 ^马 丁 · 埃 里 克 森 ^克 里 斯 托 弗 · 林 德 伯 格
str_id_4598|感 谢 我 们 全 球 所 有 的 合 作 伙 伴，特 别 是 长 期 合 作 伙 伴：^科 赫 媒 体（德 国 和 英 国）^蓝 标（意 大 利 和 法 国）^Friendware（西 班 牙）^新 时 代 互 动 传 媒 有 限 公 司（亚 洲）^雪 球（俄 罗 斯）^巅 峰（英 国）^波 尔 图 编 辑（葡 萄 牙）^地 狱 科 技（希 腊）^CD Projekt（波 兰、捷 克 共 和 国、斯 洛 伐 克 和 匈 牙 利）^悖 论 斯 堪 的 纳 维 亚 分 销（斯 堪 的 纳 维 亚）
str_id_4599|废 墟 
str_id_4600|村 庄 
str_id_4601|海 勒 斯 城 堡 
str_id_4602|废 弃 堡 垒
str_id_4603|场 景 5 
str_id_4604|场 景 6 
str_id_4605|河 边 田 野
str_id_4606|罗 多 翰 城 堡 
str_id_4607|雪 山 小 村 
str_id_4608|都 灵 城 堡 
str_id_4609|诺 德 城 镇 
str_id_4610|港 口 突 击
str_id_4611|布 鲁 沃 德 城 堡 
str_id_4612|雪 中 战 场 
str_id_4613|麦 达 尔 城 堡 
str_id_4614|加 米 耶 德 堡 
str_id_4615|竞 技 场 
str_id_4616|森 林 藏 身 处 
str_id_4617|峡 谷 
str_id_4618|沙 漠 小 镇 
str_id_4619|随 机 平 原 ( 中 ) 
str_id_4620|随 机 平 原 ( 大 ) 
str_id_4621|随 机 草 原 ( 中 ) 
str_id_4622|随 机 草 原 ( 大 ) 
str_id_4623|multi scene end
str_id_4624|混 战 模 式 
str_id_4625|团 队 死 斗
str_id_4626|战 场 模 式 
str_id_4627|攻 防 模 式
str_id_4628|抢 旗 模 式 
str_id_4629|征 服 模 式 
str_id_4630|攻 城 模 式 
str_id_4631|决 斗 模 式 
str_id_4632|multi game types end
str_id_4633|{s0} 发 起 投 票 踢 出 玩 家 {s1}。
str_id_4634|{s0} 发 起 投 票 禁 止 玩 家 {s1} 进 入 服 务 器。
str_id_4635|{s0} 发 起 投 票 更 换 地 图 为 {s1}。
str_id_4636|{s0} 发 起 投 票 更 换 地 图 为 {s1} 更 换 国 家 为 {s2} 和 {s3}。
str_id_4637|{s0} 发 起 投 票 改 变 虚 拟 人 数 量 为 {reg0}和 {reg1}。
str_id_4638|有 人 提 议 投 票 踢 出 玩 家 {s0}：^ 1为 赞 成，2为 反 对。
str_id_4639|有 人 提 议 投 票 禁 止 玩 家 {s0} 进 入 服 务 器：^ 1为 赞 成，2为 反 对。
str_id_4640|有 人 提 议 投 票 切 换 地 图 为 {s0}：^ 1为 赞 成，2为 反 对。
str_id_4641|有 人 提 议 投 票 切 换 地 图 为 {s0}，双 方 势 力 为 {s1} 和 {s2}：^ 1为 赞 成，2为 反 对。
str_id_4642|有 人 提 议 投 票 设 定 虚 拟 人（bot）数 量 为：{s0}{reg0}人，{s1}{reg1}人：^ 1为 赞 成，2为 反 对。
str_id_4643|（投 票 时 间 还 剩 {reg0}秒）
str_id_4644|多 数 人 通 过 了 投 票。
str_id_4645|多 数 人 否 决 了 投 票。
str_id_4646|装 备 总 值：{reg0}
str_id_4647|服 务 器 名：
str_id_4648|进 入 密 码：
str_id_4649|地 图：
str_id_4650|游 戏 模 式：
str_id_4651|最 大 人 数：
str_id_4652|{reg1}队 中 虚 拟 人 数：
str_id_4653|{reg1}队 所 属 国 家：
str_id_4654|允 许 Valve反 作 弊（需 要 有 效 的 Steam账 号）
str_id_4655|允 许 远 程 队 友 伤 害 
str_id_4656|允 许 队 友 近 战 伤 害 
str_id_4657|队 友 伤 害 到 自 己（%）：
str_id_4658|队 友 伤 害 到 队 友（%）：
str_id_4659|旁 观 者 视 角：
str_id_4660|格 挡 方 向 控 制：
str_id_4661|地 图 时 间 限 制（分 钟）：
str_id_4662|回 合 时 间 限 制（秒）：
str_id_4663|玩 家 死 亡 后 切 换 到 虚 拟 人：
str_id_4664|队 伍 分 数 限 制：
str_id_4665|因 旗 帜 获 得 的 团 队 点 数（%）：
str_id_4666|占 领 旗 帜 获 得 的 点 数：
str_id_4667|重 生 间 隔 时 间（秒）：
str_id_4668|加 入 官 方 服 务 器 列 表 
str_id_4669|战 斗 速 度：
str_id_4670|最 慢 
str_id_4671|稍 慢 
str_id_4672|中 等
str_id_4673|稍 快 
str_id_4674|最 快 
str_id_4675|关 闭 
str_id_4676|开 
str_id_4677|防 守 方 最 大 重 生 次 数：
str_id_4678|无 限 制 
str_id_4679|自 动 
str_id_4680|鼠 标 控 制 
str_id_4681|自 由 
str_id_4682|锁 定 任 一 玩 家 
str_id_4683|锁 定 队 友 
str_id_4684|锁 定 为 队 友 视 角 
str_id_4685|允 许 投 票 更 改 阵 营
str_id_4686|可 投 票 踢 玩 家 
str_id_4687|可 投 票 禁 止 玩 家 
str_id_4688|可 投 票 选 择 虚 拟 人 的 上 限：
str_id_4689|可 投 票 选 择 地 图 
str_id_4690|投 票 最 低 通 过 比 例（%）：
str_id_4691|自 动 队 伍 平 衡 最 低 值（相 差）：
str_id_4692|欢 迎 信 息：
str_id_4693|初 始 金 额（%）：
str_id_4694|战 斗 奖 金（%）：
str_id_4695|回 合 奖 金（%）：
str_id_4696|允 许 个 性 旗 帜 
str_id_4697|强 制 起 始 防 具 
str_id_4703|{reg0}秒 后 重 生……
str_id_4704|本 轮 无 剩 余 生 命
str_id_4705|（还 剩 {reg0}条 命）
str_id_4706|（这 是 你 的 最 后 一 条 命）
str_id_4707|（等 候 下 一 回 合）
str_id_4708|是
str_id_4709|否 
str_id_4710|我 们 没 有 足 够 的 兵 力 继 续 作 战。我 们 向 你 投 降，{playername}。
str_id_4711|我 还 想 活 下 去。我 投 降。
str_id_4712|{s1} 已 将 己 方 旗 帜 送 回 基 地！
str_id_4713|{s1} 旗 帜 自 动 回 到 了 他 们 的 基 地！
str_id_4714|{s1} 俘 获 敌 军 旗 帜！
str_id_4715|{s1} 抢 到 了 敌 军 旗 帜！
str_id_4716|{s1} 已 使 {reg0}号 旗 帜 恢 复 中 立。
str_id_4717|{s1} 占 领 了 旗 帜 {reg0}！
str_id_4718|{s1} 开 始 夺 取 {reg0}号 旗 帜。
str_id_4719|{s1} 摧 毁 目 标 A！
str_id_4720|{s1} 摧 毁 目 标 B！
str_id_4721|{s1} 摧 毁 投 石 机！
str_id_4722|{s1} 摧 毁 投 石 车！
str_id_4723|{s1} 摧 毁 了 所 有 目 标。
str_id_4724|{s1} 保 护 了 一 个 目 标。
str_id_4725|{s1} 守 住 了 所 有 目 标！
str_id_4726|{s1} 守 住 了 城 堡！
str_id_4727|{s1} 占 领 城 堡！
str_id_4728|自 动 平 衡 将 在 20秒 后 进 行。
str_id_4729|自 动 平 衡 将 在 下 一 轮 进 行。
str_id_4730|队 伍 已 被 自 动 平 衡。
str_id_4731|{s1} 此 回 合 胜！
str_id_4732|时 间 到，平 局。
str_id_4733|无 人 幸 存，平 局。
str_id_4734|快！成 为 战 场 之 主！
str_id_4735|默 认 设 置 
str_id_4736|完 成 
str_id_4737|玩 家 
str_id_4738|击 杀 数
str_id_4739|死 亡 数
str_id_4740|延 迟
str_id_4741|死 亡 
str_id_4742|{reg0}死 亡 
str_id_4743|虚 拟 人 ({reg0}人 ) 
str_id_4744|虚 拟 人 (1人 ) 
str_id_4745|得 分 
str_id_4746|得 分：{reg0}
str_id_4747|( 旗 帜：{reg0}) 
str_id_4748|({reg0}玩 家 ) 
str_id_4749|({reg0}玩 家 ) 
str_id_4750|开 启 城 门
str_id_4751|关 闭 城 门
str_id_4752|开 门 
str_id_4753|关 门 
str_id_4754|使 用
str_id_4755|放 下 梯 子
str_id_4756|返 回 
str_id_4757|开 始 地 图 
str_id_4758|选 项：
str_id_4759|投 票 类 型：
str_id_4760|选 择 国 家 
str_id_4761|选 择 国 家：
str_id_4762|选 择 兵 种 
str_id_4763|选 择 兵 种 等 级：
str_id_4764|选 择 装 备 
str_id_4765|选 项 
str_id_4766|重 新 定 义 键 值 
str_id_4767|发 起 投 票 
str_id_4768|管 理 员 界 面 
str_id_4769|踢 出 玩 家 
str_id_4770|禁 止 玩 家 
str_id_4771|禁 言 玩 家
str_id_4772|取 消 禁 言
str_id_4773|退 出 
str_id_4774|改 换 地 图 
str_id_4775|更 换 地 图 与 阵 营
str_id_4776|调 整 双 方 机 器 人 数 量
str_id_4777|踢 出 玩 家 
str_id_4778|禁 止 玩 家 
str_id_4779|选 择 一 个 玩 家：
str_id_4780|选 择 一 个 地 图：
str_id_4781|为 队 伍 {reg0}选 择 阵 营：
str_id_4782|为 队 伍 {reg0}设 置 机 器 人 数 量：
str_id_4783|旁 观 者 
str_id_4784|旁 观 者 
str_id_4785|命 令：
str_id_4786|给 你 的 角 色 选 定 一 面 旗 帜 
str_id_4787|使 用 国 家 默 认 旗 帜 
str_id_4788|一 些 部 队 士 气 低 下！
str_id_4789|周 报 告 
str_id_4790|逃 离 了 队 伍。
str_id_4791|逃 离 了 队 伍。
str_id_4792| 
str_id_4793|我 军 
str_id_4794|友 军 
str_id_4795|敌 人 
str_id_4796|溃 败
str_id_4797|周 预 算 
str_id_4798|{s0} 收 入：
str_id_4799|{s0} 佣 兵 费 用：
str_id_4800|{s0} 的 部 队 
str_id_4801|税 收 无 效 损 失：
str_id_4802|{s0} 工 资：
str_id_4803|先 前 欠 债：
str_id_4804|净 收 支：
str_id_4805|先 前 财 产：
str_id_4806|新 财 产：
str_id_4807|新 债 务：
str_id_4814|每 轮 的 最 大 秒 数 是 {reg0}。
str_id_4815|复 活 时 间 是 {reg0}秒。
str_id_4816|投 票 可 以 设 置 的 最 大 虚 拟 人 数 为 {reg0}。
str_id_4817|此 地 图 可 投 票。
str_id_4818|玩 家 不 能 投 票 更 换 地 图。
str_id_4819|可 投 票 选 择 国 家。
str_id_4820|不 可 投 票 选 择 国 家。
str_id_4821|玩 家 作 为 虚 拟 人 重 生。
str_id_4822|玩 家 不 作 为 虚 拟 人 重 生。
str_id_4823|可 以 投 票 踢 出 玩 家。
str_id_4824|不 能 就 是 否 踢 出 一 名 玩 家 进 行 投 票。
str_id_4825|可 通 过 投 票 封 禁 玩 家。
str_id_4826|封 禁 玩 家 不 可 投 票。
str_id_4827|允 许 玩 家 旗 帜。
str_id_4828|不 允 许 玩 家 旗 帜。
str_id_4829|默 认 防 具 已 被 强 制 使 用。
str_id_4830|默 认 防 具 没 有 强 制 使 用。
str_id_4831|达 成 决 议 所 需 的 赞 成 票 比 例 是 {reg0}%。
str_id_4832|自 动 队 伍 平 衡 的 临 界 值 是 {reg0}。
str_id_4833|初 始 金 钱 比 率 是 {reg0}%。
str_id_4834|战 斗 奖 金 获 取 率 是 {reg0}%。
str_id_4835|回 合 奖 金 比 率 是 {reg0}%。
str_id_4836|夺 旗 获 得 的 队 伍 分 数 为 {reg0}%。
str_id_4837|获 得 旗 帜 的 奖 励 分 数 为 {reg0}%。
str_id_4838|地 图 时 间 限 制 为 {reg0}分 钟。
str_id_4839|队 伍 分 数 限 制 为 {reg0}。
str_id_4840|默 认 重 生 次 数 为 {s1}。
str_id_4841|系 统 错 误！
str_id_4842|战 俘 获 得 释 放 
str_id_4843|囚 犯 未 获 假 释
str_id_4844|^ 年 龄：{reg1}^ 家 族：
str_id_4845|{s49}{s12}（{s11}，关 系：{reg0}），
str_id_4846|{s49}{s12}（{s11}），
str_id_4847|{reg6?:{reg4?{s54} 统 治 着 {s56}。^:{s54} 是 {reg5?元 帅:封 臣}，在 {s55} 麾 下 效 忠 {s56}。^}} 声 望：{reg15}。争 议：{reg16}。{s63}^{reg9?{reg3?她:他} 是 {reg3?女 领 主:领 主}，封 地 为 {s58}。{s61}:{reg3?她:他} 没 有 封 地。}{s59}^{s49}
str_id_4849|{s20}^对 外 关 系：^
str_id_4850|{s21}^*{s5} 与 {s14} 正 处 于 战 争 状 态 中 
str_id_4851|{s21}{s5} 在 交 战 中 处 于 上 风 
str_id_4852|{s21}{s5} 在 交 战 中 处 于 下 风 
str_id_4853|{s21} 战 争 已 经 持 续 了 很 长 时 间，这 场 战 争 可 能 很 快 将 以 一 纸 休 战 条 约 作 为 结 束。
str_id_4854|{s21} 战 争 只 是 刚 刚 开 始，这 场 战 争 应 该 还 会 持 续 一 段 时 间。
str_id_4856|不 管 怎 样，现 在 {s14} 不 再 受 到 和 约 的 束 缚 了。
str_id_4857|{s21}^* {s5} 由 于 休 战 条 约 的 约 束 而 无 法 攻 击 {s14}。{s18} 休 战 条 约 将 在 {reg1}天 后 终 止。
str_id_4858|{s21}^* {s5} 最 近 收 到 了 {s14} 的 挑 衅 很 可 能 会 引 发 一 场 战 争。
str_id_4859|{s21}^* {s5} 在 关 于 {s14} 的 事 宜 上 没 有 什 么 是 悬 而 未 决 的。
str_id_4860|{s21}{s14} 近 期 遭 到 了 {s5} 的 挑 衅，很 可 能 将 会 爆 发 一 场 战 争。^ 
str_id_4862|{s5} 由 {s6} 统 治。^占 据 着 {s8}。^封 臣 分 别 是 {s10}。^^{s21}
str_id_4872|{reg4}被 杀，{reg5}受 伤，{reg6}逃 走 
str_id_4873|{reg4}被 杀，{reg5}逃 走 
str_id_4874|{reg4}被 杀，{reg5}受 伤 
str_id_4875|{reg4}受 伤，{reg5}逃 走 
str_id_4881|{s42}
str_id_4884|{s4} 奖 励 给 {s5}
str_id_4888|预 计 {s4} 突 围，{reg3}兵 力 对 抗 {reg4}敌 军 
str_id_4890|当 前 财 富：{reg1}金 币。最 后 一 次 税 收 于 {s4}
str_id_4894|{s4} 有 {reg4}的 可 能 去 募 兵 
str_id_4895|{s4} 有 {reg4}的 可 能 去 {s5}
str_id_4896|{s4} 有 {reg5}的 几 率 巡 逻 {s6}
str_id_4897|{s4} 有 {reg5}的 几 率 袭 击 {s6}
str_id_4898|{s4} 有 {reg5}的 几 率 围 攻 {s6}
str_id_4899|合 计 可 能：{reg6}
str_id_4900|决 定 {s3} 的 国 家 AI 
str_id_4902|{s1} 的 领 主 们 聚 集 在 {s2} 大 摆 筵 席。
str_id_4906|玩 家 的 王 国 已 经 保 持 了 {reg3}天 的 和 平 
str_id_4911|{s4} 到 来 并 正 在 出 席 宴 会 
str_id_4912|{s4} 到 来 并 正 在 私 下 等 待 玩 家 的 到 来 
str_id_4913|{s4} 到 来 并 允 许 接 见 玩 家 
str_id_4914|{s4} 到 来 并 不 许 接 见 玩 家 
str_id_4915|无 关 系 
str_id_4916|妻 子 
str_id_4917|丈 夫 
str_id_4918|父 亲 
str_id_4919|母 亲 
str_id_4920|女 儿 
str_id_4921|儿 子 
str_id_4922|姐 妹 
str_id_4923|兄 弟 
str_id_4924|侄 女 
str_id_4925|侄 子 
str_id_4926|阿 姨 
str_id_4927|叔 叔 
str_id_4928|{reg4?表 姐 妹:表 兄 弟}
str_id_4929|儿 媳 
str_id_4930|女 婿 
str_id_4931|岳 母 
str_id_4932|岳 父 
str_id_4933|妯 娌 
str_id_4934|连 襟 
str_id_4935|列 出 进 入 的 队 伍 成 员 
str_id_4936|同 伴 堆 栈 数 ={reg10}
str_id_4937|某 个 人 
str_id_4938|我 有 什 么 工 作 就 做 什 么，{s0}。我 挑 水，或 帮 商 人 搬 运 货 物，或 帮 忙 建 造 东 西，如 果 有 东 西 要 建 的 话。
str_id_4941|我 什 么 都 没 做，{s0}。这 些 日 子 这 里 没 有 工 作 可 找。
str_id_4942|我 什 么 都 没 做，{s0}。我 没 有 自 己 的 土 地，这 些 日 子 这 里 也 没 有 工 作 可 找。
str_id_4943|哎 呀，我 还 靠 着 你 的 善 意 和 好 心 过 日 子 呢，{s0}。希 望 很 快 会 有 工 作。
str_id_4944|我 就 在 城 外 的 地 里 干 活，种 些 小 麦。我 们 的 收 成 不 够 糊 口，还 得 从 周 围 的 其 他 村 子 进 一 些。
str_id_4945|我 大 多 数 时 候 都 在 地 里 干 活，种 小 麦。镇 子 里 的 人 把 它 们 磨 碎 了 做 面 包 或 是 麦 酒，而 我 们 也 用 它 们 煮 粥 喝。
str_id_4946|我 在 酿 酒 作 坊 里 干 活，酿 制 麦 酒。那 些 穷 人 们 总 是 要 喝 很 多 这 个，因 为 它 比 葡 萄 酒 便 宜 多 了。我 们 用 从 村 子 里 买 来 的 小 麦 作 原 料。
str_id_4947|我 在 磨 坊 里 干 活，磨 出 面 粉 来 做 面 包。面 包 便 宜，易 于 贮 存，还 能 充 饥。
str_id_4948|我 养 牛。我 们 把 牛 肉 风 干 腌 制 保 存，把 生 皮 送 到 镇 上 加 工 成 皮 革，还 用 牛 奶 做 奶 酪。
str_id_4949|我 养 牛。我 们 把 牛 肉 风 干 腌 制 保 存，把 生 皮 送 到 镇 上 加 工 成 皮 革，还 用 牛 奶 做 奶 酪。
str_id_4950|我 养 羊。我 们 把 羊 毛 送 进 城 市 让 他 们 织 成 衣 物，在 杀 掉 一 些 老 弱 的 羊 之 后，我 们 还 会 把 羊 肉 做 成 香 肠。
str_id_4951|我 在 织 布 机 上 工 作，将 羊 毛 纺 成 衣 物。羊 毛 衣 物 是 你 所 能 买 到 的 最 便 宜 的 衣 物 之 一，但 它 一 样 能 让 你 保 暖。
str_id_4952|我 在 一 条 渔 船 上 工 作。我 们 腌 制 并 熏 烤 捕 到 的 鱼，然 后 把 它 们 卖 到 遥 远 的 内 陆。
str_id_4953|我 在 附 近 的 一 片 水 边 洼 地 中 筛 盐。哪 里 都 需 要 盐，用 来 保 存 肉 和 鱼。
str_id_4954|我 从 附 近 一 处 悬 崖 中 的 矿 脉 中 开 采 铁 矿 石。人 们 用 它 来 制 造 工 具，武 器，还 有 其 它 东 西。
str_id_4955|我 制 作 陶 器，人 们 用 它 们 来 装 小 麦，运 水。
str_id_4956|我 在 一 家 铁 匠 铺 工 作，{s0}，制 造 各 种 铁 器—— 刀、斧、锅、犁 刃、镰 刀、锤 子、铁 砧、钳 子、锛 子、锯 子、钉 子、马 蹄 铁、打 火 石、火 盆，当 然 还 有 为 阁 下 们 准 备 的 武 器 和 盔 甲。
str_id_4957|我 在 一 个 榨 油 作 坊 工 作，用 从 乡 村 收 购 来 的 橄 榄 为 原 料 制 油。只 要 你 买 得 起，有 的 是 用 得 上 油 的 地 方—— 烹 饪，照 明，甚 至 帮 助 顺 产。
str_id_4958|我 编 织 亚 麻 布，使 用 从 周 边 乡 村 运 来 的 亚 麻。它 制 成 一 种 坚 韧、轻 便 的 布 料，{s0}—— 适 合 夏 装、船 帆 等。
str_id_4959|我 在 镇 上 的 一 家 大 织 布 作 坊 做 工，那 里 的 织 布 作 坊 以 精 工 细 制 的 天 鹅 绒 闻 名。我 们 用 翻 越 山 脉 带 来 的 丝，世 界 远 角 的 染 料，制 成 这 个 地 方 最 精 美，最 奢 华 的 布 料。
str_id_4960|我 在 商 队 旅 馆 干 活，替 商 人 把 他 们 翻 山 越 岭 带 来 的 香 料 卸 下 来。胡 椒 粉，肉 桂，丁 香 油，西 红 花……富 人 们 以 他 们 食 物 中 香 料 的 多 少 来 标 志 他 们 的 财 富，并 且 他 们 断 定 对 于 任 何 一 种 身 心 失 调，总 会 有 一 种 香 料 能 够 把 它 治 好。
str_id_4961|我 就 在 果 园 里 种 苹 果。我 们 把 它 们 风 干 储 存，或 者 制 成 果 酒 或 醋。
str_id_4962|我 在 山 坡 上 的 葡 萄 园 工 作，用 种 植 的 葡 萄 酿 酒，上 等 酒 被 送 到 贵 族 和 富 商 的 餐 桌 上，廉 价 酒 兑 水 后 给 普 通 人 解 渴。
str_id_4963|我 在 商 队 旅 馆 工 作，卸 载 从 旧 世 界 之 外 的 土 地 运 来 的 染 料—— 橡 树 甲 虫 的 深 红 色 和 茜 草 的 根 红 色，靛 蓝 和 菘 蓝 灌 木 的 蓝 色，淡 黄 木 樨 草 和 绿 草 的 黄 色。织 工 用 它 来 给 王 国 大 领 主 的 丝 绸 和 天 鹅 绒 上 色。
str_id_4964|我 在 城 墙 外 的 制 革 厂 工 作，把 从 乡 下 运 来 的 鞣 制 皮 革 变 成 优 质、柔 软 的 皮 革。这 是 肮 脏 的 工 作，我 回 家 时 浑 身 散 发 着 尿、粪 和 石 灰 的 臭 味—— 但 这 就 是 你 的 靴 子、马 鞍 和 缰 绳 的 来 源，{s0}。
str_id_4965|我 播 种 和 收 获 亚 麻 籽，并 腐 烂 茎 秆 来 制 作 亚 麻 纤 维。这 就 是 你 精 美 亚 麻 布 的 来 源，{s0}—— 田 地 边 缘 的 一 个 腐 烂 坑。
str_id_4966|我 喜 欢 一 片 枣 椰 林。我 希 望 你 不 介 意 我 这 么 说，{s0}，但 是 照 料 它 们 需 要 高 超 的 技 巧，因 为 我 们 必 须 爬 到 棕 榈 树 的 顶 端，以 确 保 树 木 开 花。我 们 把 水 果 出 口 到 世 界 各 地，因 为 它 们 经 过 适 当 干 燥 后 可 以 保 存 好 几 个 月。像 蜂 蜜 一 样 甜，它 们 赋 予 食 者 健 康 和 力 量。
str_id_4967|我 喜 欢 一 片 枣 椰 林。我 们 用 井 水 种 植 它 们，并 将 果 实 出 口 到 世 界 各 地，因 为 它 们 在 适 当 干 燥 后 可 以 保 存 数 月。像 蜂 蜜 一 样 甜，给 食 者 带 来 健 康 和 活 力。
str_id_4968|我 看 管 着 一 处 橄 榄 树 林。果 实 可 以 吃 或 者 浸 在 盐 水 中 保 存 起 来，不 过 我 们 最 终 会 把 大 多 数 橄 榄 榨 成 橄 榄 油。
str_id_4970|{s14}。我 听 说 你 能 在 {s15} 把 这 东 西 卖 个 好 价 钱。
str_id_5001|{s2} 叛 军 
str_id_5002|政 策 建 议 
str_id_5005|{s4} 在 {s5}
str_id_5006|动 乱：{reg0}% 的 领 主 感 到 不 满，{reg1}% 感 到 不 安 
str_id_5007|{reg1?她 :他 } 是 {s1} 的 俘 虏。
str_id_5008|{s39}（竞 争 者）
str_id_5010|{s41}，{s39}（竞 争 者）
str_id_5024|爱 情 影 响 
str_id_5025|未 婚 夫 /妻
str_id_5027|其 它 关 系：{s40}^ 
str_id_5028|和 君 主 关 系：{reg0}^ 
str_id_5029|安 全 感：军 事 上 {reg1}，朝 中 地 位 {reg3}^ 
str_id_5031|内 政 详 细：^{s47}^ 
str_id_5039|{s55}
str_id_5040|道 路 上 的 旅 行 者 
str_id_5043|不 久 前
str_id_5044|一 天 之 前 
str_id_5045|两 天 以 前 
str_id_5046|这 周 早 些 时 候 
str_id_5047|一 周 以 前 
str_id_5048|两 周 之 前 
str_id_5049|几 星 期 之 前 
str_id_5050|未 知 攻 击 者 
str_id_5051|帝 国 
str_id_5052|矮 人 
str_id_5053|高 精 灵 
str_id_5054|混 沌 矮 人
str_id_5055|混 沌 
str_id_5056|古 墓 王 
str_id_5057|蜥 蜴 人 
str_id_5058|地 精
str_id_5059|阿 拉 比 
str_id_5060|欧 克 
str_id_5061|巴 托 尼 亚 
str_id_5062|暗 精 灵 
str_id_5063|斯 卡 文 魔 鼠 
str_id_5064|基 斯 里 夫 
str_id_5065|野 兽 人 
str_id_5066|尼 朋 
str_id_5067|西 尔 凡 尼 亚 
str_id_5068|木 精 灵 王 国 
str_id_5069|亡 灵 海 盗
str_id_5070|强 盗 
str_id_5071|逃 兵
str_id_5072|你 的 部 下 
str_id_5073|我 们 已 经 得 知 前 往 {s40} 的 旅 行 者 在 途 经 {s46} 的 路 上 被 {s39} 袭 击 了 
str_id_5075|我 们 已 经 得 知 来 自 {s40} 的 旅 行 者 在 途 经 {s46} 的 路 上 被 {s39} 袭 击 了 
str_id_5076|来 自 {s40} 的 旅 行 者 在 {s46} 这 儿 做 生 意 
str_id_5078|现 在 还 不 是 商 旅 繁 忙 的 时 节，所 以 我 们 看 到 的 生 意 还 很 少。{s42}
str_id_5079|最 近 这 里 的 交 易 活 动 非 常 少。{s42}
str_id_5080|此 地 的 商 贸 现 在 略 有 起 色，但 还 不 够。{s42}
str_id_5081|此 地 的 商 贸 现 在 略 有 起 色，但 道 路 不 靖。{s42}
str_id_5082|此 地 附 近 的 道 路 非 常 危 险。{s42}
str_id_5083|镇 子 里 现 在 已 经 来 了 很 多 商 人，虽 然 道 路 上 还 有 一 些 危 险。{s42}
str_id_5084|镇 子 里 现 在 已 经 来 了 很 多 商 人。{s42}
str_id_5087|目 前 没 有 那 些 往 返 于 {s44} 的 城 镇 还 有 周 边 地 区 的 商 队 的 消 息。但 没 有 消 息 就 是 好 消 息，所 以 那 些 商 队 可 以 被 视 作 是 安 全 的。
str_id_5088|{s47} 同 样，那 些 通 往 {s44} 的 村 子 和 周 围 其 他 村 子 的 道 路 被 认 为 是 安 全 的。
str_id_5089|不 过，那 些 通 往 {s44} 的 村 子 和 周 围 其 他 村 子 的 道 路 被 认 为 是 安 全 的。
str_id_5090|我 们 缺 少 
str_id_5092|我 们 所 有 的 货 物 都 有 足 够 的 库 存 
str_id_5093|{s33} 和 一 些 其 它 货 物 
str_id_5094|虽 说 这 些 道 路 上 盗 贼 遍 地，朋 友，但 那 伙 家 伙 的 名 号 却 从 没 听 说 过。尽 管 如 此，还 是 祝 你 马 到 成 功。
str_id_5095|不 到 一 小 时 之 前 
str_id_5096|也 许 {reg3}小 时 之 前 
str_id_5097|{reg3}天 之 前 
str_id_5098|你 运 气 不 错。我 们 在 靠 近 {s17} 的 {s16} 发 现 了 那 些 杂 碎。快 点，没 准 你 还 能 逮 他 们 个 正 着。
str_id_5099|你 谈 及 对 王 位 的 宣 称。很 好。我 最 愿 意 做 的 就 是 为 正 义 事 业 而 战。
str_id_5100|你 谈 及 对 王 位 的 宣 称。嗯，我 最 愿 意 做 的 就 是 为 正 义 事 业 而 战，但 你 的 宣 称 似 乎 有 些 薄 弱。
str_id_5101|我 很 高 兴 你 能 支 持 我 古 老 的 权 利，它 们 在 过 往 的 悲 惨 岁 月 里 曾 被 无 情 践 踏。
str_id_5102|我 很 高 兴 你 谈 及 维 护 我 古 老 的 权 利。但 有 时 人 们 在 {s14} 之 前 做 出 承 诺，一 旦 登 上 王 位 就 无 法 遵 守。
str_id_5103|你 谈 及 保 护 平 民。嗯，我 认 为 这 是 好 事，但 有 时 平 民 越 界。我 更 关 心 你 的 宣 称 是 否 合 法，这 样 我 才 能 {s14} 而 问 心 无 愧。
str_id_5104|你 说 要 给 我 土 地。很 好。我 只 要 我 应 得 的 那 一 份。
str_id_5105|你 说 要 给 我 土 地。不 幸 的 是，对 于 那 些 你 曾 经 如 此 许 诺 的 人，你 好 像 并 不 乐 于 将 其 兑 现。
str_id_5106|你 谈 到 统 一 旧 世 界。好 吧，我 相 信 战 争 永 不 会 真 正 停 止—— 重 要 的 是，我 们 必 须 为 正 当 的 事 业 而 战。
str_id_5107|你 声 称 王 位 应 属 于 你，不 过 我 向 来 把 这 类 关 于 法 理 的 争 辩 丢 给 那 些 讼 师 书 吏 处 理。
str_id_5108|你 谈 及 公 正 统 治。哈！等 我 见 到 一 个 公 正 的 {s14} 时，我 才 会 相 信 有 这 种 事。
str_id_5109|你 谈 及 保 护 贵 族 的 权 利。如 果 你 做 到 了，你 将 是 很 长 一 段 时 间 内 第 一 个 这 样 做 的 {s14}。
str_id_5110|你 说 要 给 我 土 地。这 我 赞 成，好 吧，让 我 们 来 看 看 你 会 不 会 信 守 承 诺。
str_id_5111|你 说 要 给 我 土 地。省 省 吧。你 可 不 像 是 信 守 承 诺 的 人。
str_id_5112|你 谈 及 统 一 旧 世 界。嗯，你 做 得 很 好，让 它 向 你 屈 服，所 以 也 许 不 只 是 空 谈。
str_id_5113|你 谈 及 统 一 世 界。如 果 你 能 做 到，我 会 印 象 深 刻。但 不 幸 的 是，你 做 不 到。
str_id_5114|你 声 称 王 位 应 属 于 你。好 吧，任 何 一 个 农 民 都 可 以 宣 称 他 是 一 个 国 王 的 私 生 子。
str_id_5115|好 吧，用 许 诺 来 讨 好 平 民 是 不 错，但 是 你 能 给 我 什 么？
str_id_5116|你 谈 及 保 护 {s15} 的 权 利。如 果 像 我 这 样 的 {s14} 的 权 利 得 到 尊 重，那 将 是 一 个 很 好 的 改 变。
str_id_5117|你 谈 到 保 护 {s15} 的 权 利。如 果 我 能 作 为 {s14} 的 权 利 得 到 尊 重，那 倒 是 个 好 变 化。然 而，你 在 弱 小 的 时 候 轻 易 许 诺，等 强 大 后 却 无 意 遵 守。
str_id_5118|你 说 要 给 我 土 地。好 吧，我 的 家 族 有 着 古 老 而 高 贵 的 血 统，你 的 承 诺 无 法 给 予 我 更 多 的 东 西。不 过，还 是 谢 谢 你 的 好 意。
str_id_5119|你 说 要 给 我 土 地。好 吧，你 愿 意 许 愿 就 许 好 了，但 这 对 我 毫 无 影 响。
str_id_5120|你 谈 到 统 一 旧 世 界。嗯，现 在 这 片 土 地 大 多 已 向 你 臣 服，所 以 或 许 这 不 是 空 谈。
str_id_5121|你 谈 到 统 一 旧 世 界，但 目 前 你 只 是 众 多 争 吵 派 系 中 的 一 个。
str_id_5122|你 声 称 王 位 应 属 于 你。好 吧，我 无 意 冒 犯，但 一 个 没 有 实 力 支 撑 的 主 张 通 常 是 很 难 实 现 的。
str_id_5123|你 说 你 要 保 护 平 民。很 好，我 认 为 这 会 造 就 一 个 更 繁 荣 的 国 度。我 一 直 都 试 着 温 和 地 统 治 我 的 农 民。让 他 们 不 用 在 上 床 睡 觉 前 担 心 醒 来 的 时 候 会 不 会 看 见 屋 顶 正 在 燃 烧。
str_id_5124|你 说 你 要 保 护 平 民。非 常 好。但 是 记 住，比 起 从 不 许 诺，出 尔 反 尔 会 让 农 民 们 更 容 易 闹 起 事 来。
str_id_5125|你 谈 到 保 护 {s14} 的 权 利。好。你 最 好 这 么 做—— 士 兵 更 愿 意 为 尊 重 他 们 权 利 的 {s15} 而 战。
str_id_5126|你 谈 到 保 护 {s14} 的 权 利。很 好。但 记 住—— 爬 上 王 座 时 许 下 的 承 诺 若 不 兑 现，一 旦 登 基 就 会 最 快 摔 下 来。
str_id_5127|你 说 会 封 给 我 土 地。多 谢 了，不 过 一 个 为 了 自 己 的 前 程 而 对 别 人 许 下 过 多 美 好 承 诺 的 人，在 达 到 目 的 后 总 是 难 以 将 他 的 承 诺 全 部 实 现。
str_id_5128|你 谈 到 统 一 旧 世 界。嗯，很 多 人 都 这 么 说 过，你 很 可 能 就 是 做 到 的 那 位。{reg33?:}
str_id_5129|你 谈 到 统 一 旧 世 界。嗯，所 有 国 王 都 这 么 说。我 不 确 定 你 能 成 功 而 他 们 失 败。
str_id_5130|你 大 谈 权 利 主 张。难 道 你 以 为 我 会 在 意 那 些 讼 师 的 喋 喋 不 休？
str_id_5131|你 谈 到 保 护 平 民。你 真 好！我 会 把 你 的 甜 言 蜜 语 告 诉 我 的 {s14}。他 无 疑 会 成 为 你 最 忠 诚 的 封 臣。
str_id_5132|你 谈 到 保 护 {s14} 的 权 利。说 得 真 好 听！但 我 告 诉 你—— 这 世 上 只 有 支 配 弱 者 和 服 从 强 者 的 权 利 才 被 尊 重。
str_id_5133|你 说 会 给 我 土 地。很 好，不 过 你 最 好 别 食 言。
str_id_5134|你 说 会 给 我 土 地。呵 呵！那 么 其 他 那 些 被 你 承 诺 会 给 土 地 的 人 难 道 就 会 退 让 吗？
str_id_5135|你 谈 到 统 一 旧 世 界。你 或 许 真 能 羞 辱 这 片 土 地 的 其 他 国 王，那 样 的 话，我 希 望 你 记 得 我 是 你 的 忠 实 仆 人。
str_id_5136|你 谈 到 统 一 旧 世 界。但 你 太 弱 小 了，而 且 我 认 为 你 会 一 直 如 此。
str_id_5137|你 谈 到 宣 称。{s14} 有 强 宣 称 是 好 事，不 过 我 更 关 心 他 统 治 是 否 公 正 而 非 合 法 性。总 之，你 的 宣 称 在 我 看 来 很 合 理。
str_id_5138|说 起 你 的 王 位 主 张，依 我 看 来 你 的 王 位 主 张 太 弱 了。
str_id_5139|你 说 要 保 护 平 民 的 利 益，我 对 此 赞 同。我 的 仆 人 们 会 很 高 兴 的。不 过 我 听 说 其 他 人 家 的 仆 人 就 没 那 么 幸 运 了。
str_id_5140|你 说 你 要 保 护 平 民 的 利 益。我 赞 同 你 的 主 意，不 过 答 应 我，千 万 别 对 那 些 平 民 们 承 诺 你 无 法 提 供 的 东 西，那 肯 定 会 让 他 们 造 反 的，然 后 我 还 得 废 好 大 功 夫 去 镇 压 他 们。
str_id_5141|你 谈 到 保 护 {s14} 的 权 利。嗯，很 好，我 想。但 你 知 道—— 我 们 {s14} 能 照 顾 自 己。在 我 看 来，普 通 百 姓 才 需 要 强 大 的 {s15} 来 关 照。
str_id_5142|你 说 要 封 给 我 土 地，太 好 了，虽 然 我 倒 是 不 太 需 要 它。
str_id_5143|你 谈 到 统 一 旧 世 界。嗯，也 许 你 能 通 过 {s14} 统 一 这 片 土 地。但 我 不 确 定 这 能 让 你 成 为 好 统 治 者。{reg33?:}
str_id_5144|你 谈 到 宣 称。{s14} 必 须 有 强 法 律 宣 称 才 能 避 免 王 国 混 乱，而 你 的 很 稳 固。
str_id_5145|你 谈 到 宣 称。{s14} 必 须 有 强 法 律 宣 称 才 能 避 免 王 国 混 乱，但 你 的 宣 称 不 够 强。
str_id_5146|你 谈 到 保 护 领 主 的 权 利。{s14} 尊 重 封 臣 的 权 利 当 然 重 要，但 我 担 心 没 有 正 当 理 由 登 上 王 座 的 {s14} 不 会 公 正 统 治。
str_id_5147|你 谈 到 保 护 {s15} 的 权 利。{s14} 尊 重 封 臣 的 权 利 当 然 重 要。然 而，我 想 知 道 你 能 否 兑 现 承 诺。
str_id_5148|你 谈 到 保 护 平 民。我 会 乐 意 效 忠 尊 重 臣 民 权 利 的 {s14}，但 我 担 心 没 有 正 当 理 由 登 上 王 座 的 {s14} 不 会 公 正 统 治。
str_id_5149|你 谈 到 保 护 平 民。我 会 乐 意 效 忠 尊 重 臣 民 权 利 的 {s14}。然 而，我 想 知 道 你 能 否 兑 现 承 诺。
str_id_5150|我 才 不 会 因 为 虚 无 的 诺 言 而 动 摇。
str_id_5151|你 谈 到 统 一 旧 世 界。若 能 为 这 片 大 地 带 来 和 平，确 是 好 事；我 也 相 信 你 有 足 够 的 力 量 做 到。{reg33?:}
str_id_5152|你 谈 到 统 一 旧 世 界。给 王 国 带 来 和 平 是 好 事，但 以 你 王 国 现 状，我 担 心 你 只 会 带 来 更 多 纷 争。
str_id_5154|我 的 {s11}{s15}
str_id_5156|我 的 {s11}{s18}
str_id_5157|所 谓 的 {s11}{s18}
str_id_5158|{s18} 想 要 骗 取 我 的 继 承 权。感 谢 上 帝，我 了 解 我 的 权 利，并 且 我 不 会 放 弃。
str_id_5159|{s18} 已 质 疑 过 我 的 荣 誉 与 勇 气。我 盼 着 有 一 天 能 同 {reg3?她:他} 一 战，让 那 人 把 那 些 话 吞 回 去。
str_id_5160|{s18} 曾 质 疑 我 的 战 场 判 断。天 哪，难 道 {reg3?她 :他 } 要 我 们 逃 避 职 责 不 去 打 击 君 主 的 敌 人？
str_id_5161|{s18} 似 乎 认 为 {reg3?她:他} 对 我 的 部 分 财 产 享 有 权 利。但 事 实 并 非 如 此。
str_id_5162|{s18} 曾 误 解 我 的 话。固 执 的 {reg3?婊 子 :混 蛋 } 不 肯 罢 休，一 直 想 逼 我 收 回 言 论。
str_id_5163|{s18} 是 个 只 会 推 卸 责 任 的 狡 猾 家 伙，我 一 点 儿 都 不 信 任 他。
str_id_5164|{s18}？我 鄙 视 {reg3?她:他}。{reg3?她:他} 自 以 为 是 令 人 作 呕 的 道 德 楷 模，满 脑 子 只 想 着 侮 辱 上 级。
str_id_5165|{s18} 曾 和 我 达 成 了 一 个 小 小 的 协 定，不 过 他 现 在 正 想 方 设 法 地 回 避 它。
str_id_5166|{s18} 曾 经 帮 我 办 过 事，现 在 他 觉 得 我 是 欠 他 的。我 才 不 欠 他 什 么 呢。
str_id_5167|{s18} 软 弱 无 能，不 配 治 理 封 地，我 一 直 厌 恶 {reg3?她 :他 }。
str_id_5168|在 我 看 来，{s18} 是 个 好 争 吵 的 蠢 货 和 累 赘，我 已 经 让 {reg3?她 :他 } 知 道 这 点。
str_id_5169|不 知 为 何，{s18}似 乎 对 我 心 怀 成 见。我 不 喜 欢 说 人 坏 话，但{reg3?她:他}有 时 的 确 像 个 无 赖。
str_id_5170|{s18} 我 不 知 道 为 什 么 虽 不 说 恶 人，但 以 为 恶 人。
str_id_5171|{s18} 对 我 总 是 很 傲 慢，不 过 我 可 没 招 惹 过 他。
str_id_5172|{s18} 被 公 认 为 没 有 什 么 名 誉 可 言，他 是 一 个 阴 谋 制 造 者，我 担 心 他 会 把 我 们 卷 入 战 争 或 者 煽 动 我 们 叛 乱。
str_id_5173|{s18} 令 我 失 望。我 曾 批 评 {reg3?她:他} 在 战 斗 中 的 鲁 莽，{reg3?她:他} 便 因 此 恼 怒。我 绝 不 会 为 尽 力 拯 救 对 方 及 其 部 下 而 道 歉。
str_id_5174|{s18} 挥 霍 金 钱、纵 情 享 乐，一 点 也 不 像 贵 族。这 么 做 让 我 们 全 体 蒙 羞。{reg3?:}
str_id_5175|{s18} 总 是 在 我 背 后 说 我 的 坏 话。
str_id_5176|{s18} 不 配 获 得 敬 重。{reg3?她:他} 与 商 人 厮 混，放 高 利 贷，言 语 粗 鄙，也 毫 不 在 意 维 护 自 己 的 身 份。
str_id_5177|{s18} 谴 责 我 从 事 商 业。这 有 什 么 错？
str_id_5178|{s18}，我 听 说 这 家 伙 曾 在 农 民 中 散 播 煽 动 性 的 思 想，这 个 笨 蛋 迟 早 会 把 我 们 都 害 惨 的。
str_id_5179|{s18} 不 喜 欢 我 如 何 对 待 我 的 农 民。但 我 教 他 们 与 所 谓 的"贵 族"平 等，对 他 有 什 么 影 响？
str_id_5180|一 位 非 常 英 勇 的 {reg3?淑 女 :绅 士 }，懂 得 如 何 对 待 一 位 {reg65?女 士 :年 轻 男 子 }{reg3?:}
str_id_5181|一 个 下 流 无 赖 
str_id_5182|一 个 人 谁 对 待 我 像 他 的 平 等，这 是 罕 见 的
str_id_5183|似 乎 会 用 他 的 地 产 和 马 匹 来 作 为 对 我 的 奖 赏 
str_id_5184|有 点 无 聊，但 你 能 指 望 什 么 呢……
str_id_5185|命 运 为 我 安 排 的 {reg3?那 个 人 :男 子 }
str_id_5186|对 我 不 合 适—— 我 说 不 清 为 什 么，但 {reg3?她 :他 } 让 我 毛 骨 悚 然
str_id_5187|是 一 个 {reg3?女 性 :男 性 }，明 显 打 算 在 世 上 留 下 {reg3?她 :他 } 的 印 记
str_id_5188|是 一 个 懒 散、天 真 的 人，比 {reg3?她 :他 } 聪 明 的 人 的 猎 物
str_id_5189|是 一 个 性 格 坚 定 的 {reg3?女 性 :男 性 }
str_id_5190|似 乎 没 有 道 德
str_id_5191|似 乎 没 有 纪 律
str_id_5199|强 盗 攻 击 了 旅 人，估 计 在 悬 赏 他 们 了 
str_id_5227|合 计 增 加：{reg4}
str_id_5228|合 计 减 少：{reg4}
str_id_5231|{s11} 转 移 到 {s10}。
str_id_5247|{s3} 与 {s4} 在 {s5} 成 婚。
str_id_5248|在 我 有 空 担 心 其 他 事 情 前 我 得 先 把 这 件 事 解 决 了。
str_id_5249|其 他 事 务 优 先。
str_id_5250|我 不 能 在 这 座 城 堡 被 围 攻 的 时 候 离 开。
str_id_5251|最 终，我 们 在 被 围 攻。
str_id_5252|和 敌 人 光 明 正 大 地 打 的 话 我 们 实 力 不 够。
str_id_5253|我 应 该 找 面 厚 实 的 城 墙 做 掩 体。
str_id_5254|据 报 附 近 有 敌 人，我 们 应 该 准 备 好 要 么 驻 守 城 墙，要 么 出 击 作 战。
str_id_5255|敌 人 在 附 近。
str_id_5256|身 为 元 帅，我 正 在 召 集 我 们 王 国 的 军 队。
str_id_5257|身 为 元 帅，我 正 在 召 集 我 们 王 国 的 军 队。我 们 将 赶 往 {s10} 地 区 以 通 知 更 多 的 领 主 们 加 入。
str_id_5258|我 计 划 召 集 王 国 的 军 队。
str_id_5259|身 为 元 帅，我 正 率 领 部 队 进 行 围 攻。
str_id_5260|我 打 算 开 始 攻 城。
str_id_5261|身 为 元 帅，我 正 率 领 部 队 进 行 劫 掠。
str_id_5262|我 打 算 开 始 劫 掠。
str_id_5263|身 为 元 帅，我 正 率 领 我 们 的 部 队 搜 索 敌 军。
str_id_5264|我 计 划 率 领 我 们 的 部 队 去 搜 索 敌 军。
str_id_5265|身 为 元 帅，我 正 率 领 我 们 的 部 队 去 与 敌 人 交 战。
str_id_5266|我 计 划 率 领 我 们 的 部 队 迎 击 敌 军。
str_id_5267|我 没 有 足 够 的 部 队，需 要 再 招 一 些。
str_id_5268|我 正 在 减 员。
str_id_5269|我 们 会 听 从 你 的 指 示 的。
str_id_5270|我 得 为 你 的 婚 礼 做 准 备。
str_id_5271|总 之，我 得 为 你 的 婚 礼 做 准 备。
str_id_5272|我 现 在 前 往 我 们 的 婚 礼 地 点。
str_id_5273|总 之，我 们 很 快 就 要 结 婚 了！
str_id_5274|我 正 在 那 里 举 办 宴 会。
str_id_5275|我 有 一 场 宴 会 要 举 办。
str_id_5276|我 就 是 新 郎。
str_id_5277|我 的 婚 期 临 近 了。
str_id_5278|我 带 着 太 多 的 战 利 品 和 俘 虏，我 得 好 好 看 着 他 们。
str_id_5279|看 来 我 得 丢 下 一 些 俘 虏 了。
str_id_5280|它 防 守 薄 弱，我 得 增 援 它。
str_id_5281|这 儿 是 我 们 防 线 上 的 一 个 漏 洞。
str_id_5282|我 将 遵 从 元 帅 的 命 令。
str_id_5283|元 帅 已 经 向 我 下 达 了 这 项 命 令。
str_id_5284|我 正 在 回 应 元 帅 的 召 集。
str_id_5285|我 们 的 王 国 需 要 我 的 支 援。敌 人 正 在 劫 掠 我 们 离 此 不 远 处 的 一 个 村 庄。我 将 赶 赴 那 里。
str_id_5286|元 帅 发 布 了 召 集 令。
str_id_5287|战 友。
str_id_5288|我 支 持 我 的 {s11}{s10}。
str_id_5289|我 认 为 我 的 一 个 同 伴 处 境 危 险。
str_id_5291|一 座 要 塞 容 易 遭 到 攻 击。
str_id_5292|我 认 为 敌 军 现 在 很 虚 弱。
str_id_5293|我 要 去 我 的 治 下 征 税 收 租。
str_id_5294|我 好 久 没 有 巡 视 我 的 封 的 了。
str_id_5295|我 的 部 下 都 疲 倦 了，我 们 要 回 家 了。
str_id_5296|我 的 部 下 开 始 疲 倦。
str_id_5297|我 有 些 事 情 得 和 这 儿 的 领 主 解 决。
str_id_5298|我 在 考 虑 解 决 一 笔 旧 账。
str_id_5299|我 有 点 儿 缺 钱，听 说 那 儿 挺 富 有 的。
str_id_5300|我 得 弄 些 儿 钱，最 好 是 从 敌 人 那 儿 弄 来。
str_id_5301|突 袭 敌 人 最 富 裕 的 地 方，也 许 可 以 把 他 们 拖 入 战 争！
str_id_5302|我 计 划 执 行 攻 击。
str_id_5303|也 许，如 果 我 们 再 努 力 一 次 的 话 我 们 就 能 结 束 这 场 战 争 了。
str_id_5304|再 加 把 劲 或 许 我 们 就 能 结 束 这 场 战 争 了。
str_id_5305|我 想 参 加 那 儿 的 宴 会。
str_id_5306|那 儿 有 个 我 想 参 加 的 宴 会。
str_id_5307|那 儿 有 个 美 女，我 想 追 求 她。
str_id_5308|我 打 算 追 求 一 位 美 女。
str_id_5309|我 收 到 报 告 说 敌 军 已 经 进 入 这 块 区 域。
str_id_5310|我 收 到 报 告 说 敌 军 已 经 入 侵 我 国。
str_id_5311|我 得 花 些 时 间 陪 陪 家 人。
str_id_5312|我 好 久 没 和 家 人 一 起 欢 度 快 乐 时 光 了。
str_id_5313|我 在 看 守 边 境。
str_id_5314|或 许 会 需 要 我 警 戒 边 界。
str_id_5315|我 会 保 卫 我 家 附 近 的 区 域……
str_id_5316|我 也 许 应 该 待 在 家 里。
str_id_5317|我 想 不 出 我 还 能 做 什 么……
str_id_5318|我 会 有 始 有 终 的。
str_id_5319|我 是 无 家 可 归 的 人。
str_id_5321|我 会 独 自 行 动，因 为 还 没 有 任 命 元 帅。
str_id_5322|我 会 独 自 行 动，因 为 元 帅 现 在 身 体 不 适。
str_id_5323|我 会 独 自 行 动，因 为 我 国 现 在 并 没 有 战 役。
str_id_5324|我 不 会 跟 随 元 帅，因 为 我 担 心 他 会 让 我 们 打 败 仗。
str_id_5325|我 不 会 跟 随 元 帅，因 为 他 的 判 断 和 决 定 令 我 怀 疑。
str_id_5326|我 不 会 跟 随 元 帅，因 为 我 可 以 做 得 比 他 更 好。
str_id_5327|{s16} 已 经 让 我 们 在 这 场 战 役 上 拖 得 太 久 了，并 且 还 有 别 的 紧 迫 的 事 情 必 须 要 我 去 亲 自 处 理。
str_id_5328|我 不 会 参 加 元 帅 的 战 役，因 为 我 找 不 到 我 们 的 大 部 队。
str_id_5329|我 会 独 自 行 动。尽 管 在 我 们 的 边 界 上 发 现 了 一 些 敌 人，但 他 们 并 没 有 大 规 模 地 进 犯，而 地 方 守 军 将 能 够 消 灭 他 们。
str_id_5330|国 家 的 需 求 优 先。
str_id_5331|我 们 快 被 {s9} 打 败 了，大 家 自 保 吧。
str_id_5332|我 们 应 当 亲 历 这 次 围 攻 直 到 结 束。
str_id_5333|我 们 应 该 着 手 准 备 防 守 {s21}，但 是 我 们 必 须 先 集 结 部 队 来 获 得 足 够 让 我 们 取 胜 的 力 量。
str_id_5334|我 们 应 该 着 手 准 备 防 守 {s21}。现 在 首 先 我 们 必 须 集 结 部 队。
str_id_5335|我 们 应 该 击 破 对 {s21} 的 包 围。
str_id_5336|我 们 应 该 突 袭 {s21} 附 近 的 敌 军。
str_id_5337|发 现 了 {s21} 的 军 队，我 们 得 迎 击。
str_id_5338|我 们 得 速 战 速 决，这 样 封 臣 们 就 可 以 处 理 他 们 自 己 的 事 情 了。
str_id_5339|领 主 们 已 经 厌 倦 了 一 次 又 一 次 的 战 役，我 们 最 好 让 他 们 暂 时 得 以 休 养 生 息。
str_id_5340|封 臣 们 还 需 要 时 间 去 处 理 他 们 的 私 事。
str_id_5341|是 时 候 进 攻 了，我 们 得 先 召 集 军 队。
str_id_5342|我 们 只 召 集 了 寥 寥 几 位 领 主，在 决 定 进 攻 目 标 并 出 发 前，我 们 一 定 要 聚 集 更 多 的 部 队。
str_id_5343|没 有 必 要 在 边 境 附 近 开 战，我 们 可 以 夺 取 他 们 的 一 个 重 镇。
str_id_5344|我 们 应 当 利 用 我 们 在 {s21} 的 胜 利，乘 势 夺 取 他 们 的 一 个 要 塞。
str_id_5345|我 们 应 该 长 驱 直 入，直 捣 敌 国 的 核 心，竭 尽 所 能 攻 占 那 些 富 有 的 城 镇。
str_id_5346|军 队 将 被 解 散，因 为 我 们 花 了 太 长 时 间 来 考 虑，却 还 没 有 一 个 攻 击 的 目 标。
str_id_5347|部 队 将 被 解 散，以 负 责 巡 逻 和 保 卫 我 们 的 土 地 免 受 混 乱 的 重 担。
str_id_5348|该 是 吃 散 伙 饭 的 时 候 了。
str_id_5349|我 们 应 该 继 续 进 行 宴 会，除 非 出 了 什 么 意 外。
str_id_5350|你 想 过 要 举 办 一 次 宴 会。
str_id_5351|你 的 婚 期 已 近，尊 敬 的 女 士。
str_id_5352|你 的 婚 期 临 近 了。
str_id_5353|{s22} 和 {s23} 打 算 结 婚。
str_id_5354|这 个 王 国 的 领 主 们 已 经 很 久 没 有 聚 在 一 起 举 行 宴 会 了。
str_id_5355|此 一 时 彼 一 时，我 们 应 该 立 刻 停 下 来，重 新 考 虑 这 件 事。
str_id_5357|{s15} 正 在 和 {s16} 开 战。
str_id_5358|眼 下，{s15} 与 {s16} 达 成 了 停 战 协 议。从 一 般 策 略 上 来 说，
str_id_5359|眼 下，{s16} 近 来 的 挑 衅 行 为，使 得 {s15} 被 迫 宣 战。从 一 般 策 略 上 来 说，
str_id_5361|{s12}{s15} 无 法 与 {s16} 因 为 这 会 阻 止 他 要 求 王 位 这 场 内 战 一 定 会 以 一 方 战 胜 另 一 方 而 结 束。
str_id_5362|{s12}{s15}认 为{s16}既 危 险 又 不 可 信 任，{reg4?她:他}一 心 想 将 其 扳 倒。
str_id_5363|{s12}{s15} 急 于 收 回 原 有 的 领 地，比 如 现 在 归 属 于 {s16} 的 {s18}。
str_id_5364|{s12}{s15} 觉 得 {reg4?她 :他 } 快 要 赢 得 与 {s16} 的 战 争 了，所 以 没 理 由 不 继 续 打 下 去。
str_id_5365|{s12}{s15} 面 临 了 太 多 的 国 内 问 题，以 至 于 不 能 忽 视 最 近 由 {s16} 引 发 的 事 端。
str_id_5366|{s12} 尽 管 {reg4?她 :他 } 在 多 个 战 线 作 战，{s15} 倾 向 于 为 了 荣 耀 而 继 续 对 {s16} 的 战 争 一 段 时 间。
str_id_5367|{s12} 觉 得 {reg4?她 :他 } 需 要 让 他 的 军 队 休 息 一 下，在 长 期 的 战 役 后 重 新 集 结。{s15} 倾 向 于 晚 些 时 候 重 新 开 始 对 {s16} 的 战 争。
str_id_5368|{s12}{s15} 觉 得 {reg4?她 :他 } 必 须 为 了 荣 耀 而 继 续 对 {s16} 的 战 争 一 段 时 间。
str_id_5369|{s12}{s15} 目 前 正 在 进 攻 {s16} 的 领 地 {s17}，并 且 不 接 受 和 谈。
str_id_5370|{s16} 的 实 力 日 益 壮 大，让 {s12}{s15} 心 生 警 惕。
str_id_5371|{s12}{s15} 不 信 任 {s16}，担 心 王 国 之 间 达 成 的 任 何 协 议 可 能 不 保。
str_id_5372|{s12}{s15} 四 面 受 敌，非 常 希 望 能 与 {s16} 和 谈。
str_id_5373|{s12}{s15} 似 乎 认 为 {s16} 和 {reg4?她 :他 } 有 共 同 的 敌 人，即 {s17}。
str_id_5374|{s12}{s15} 对 {reg4?她 :他 } 未 能 给 与 {s16} 决 定 性 的 打 击 感 到 相 当 失 望。
str_id_5375|{s12}{s15} 在 与 {s16} 的 交 战 中 吃 够 了 苦 头，而 收 获 甚 微，所 以 准 备 和 谈。
str_id_5376|{s12}{s15} 想 要 稳 固 与 {s16} 之 间 的 停 战 协 定，以 此 来 应 对 来 自 {s17} 的 威 胁。
str_id_5377|{s12}{s15} 希 望 与 {s16} 保 持 和 平 以 便 继 续 与 {s17} 的 战 争。
str_id_5378|{s12}{s15} 似 乎 受 到 {s16} 的 威 胁，表 示 愿 意 与 之 停 战。
str_id_5379|{s12}{s15} 已 经 没 有 了 继 续 与 {s16} 交 战 的 理 由，一 旦 时 机 成 熟，双 方 将 恢 复 和 平。
str_id_5380|{s12}{s15} 似 乎 愿 意 与 {s16} 加 深 友 好 关 系。
str_id_5381|你 说 什 么？你 是 怎 么 觉 得 你 有 资 格 跟 我 们 家 族 联 姻 的？
str_id_5382|嗯……至 于 那 位 女 士，我 们 想 找 的 是 有 一 定 身 份 的 {reg33?新 娘:新 郎}。好 好 战 斗，多 攒 些 钱，也 许 将 来 某 一 天 我 们 可 以 再 谈 此 事，我 亲 爱 的 {reg33:女 士:先 生}！
str_id_5383|嗯……关 于 夫 人，我 们 特 别 在 寻 找 一 位 {reg33?新 娘 :新 郎 } 有 些 声 望 的。
str_id_5384|对 你 来 说，现 在 就 谈 这 个 未 免 太 早 了 点 儿。你 还 得 在 这 个 世 界 上 多 留 下 点 儿 痕 迹 呢。
str_id_5385|你 并 没 有 效 力 于 {s4}，所 以 我 得 说“不”。如 果 有 一 天 我 们 在 战 场 上 相 遇，我 可 不 想 杀 了 我 的 姻 亲。
str_id_5386|你 并 不 是 {s4} 的 封 臣，所 以 我 回 绝 你 的 请 求。要 知 道，无 常 的 命 运 可 能 会 让 我 们 刀 剑 相 向，我 可 不 希 望 把 我 应 该 保 护 的 女 士 变 成 寡 妇。
str_id_5387|既 然 你 不 是 效 忠 于 我 的 君 主 的 封 臣，没 有 统 治 领 地 的 权 力，那 么 我 必 须 拒 绝 你 与 我 的 家 族 联 姻 的 请 求。
str_id_5388|听 着，{reg33?姑 娘 :小 伙 子 }—— 年 轻 的 {s14} 一 直 在 向 {s16} 求 爱，你 得 承 认—— 他 对 她 来 说 是 比 你 更 好 的 选 择。所 以 我 们 就 别 再 谈 这 个 了，好 吗？
str_id_5389|我 并 不 喜 欢 你，{reg33?:}。保 护 家 中 女 士 免 受 不 良 追 求 者 纠 缠，是 我 的 责 任……
str_id_5390|嗯，年 轻 的 姑 娘 们 很 容 易 被 引 入 歧 途，所 以，出 于 对 我 家 族 的 女 士 们 的 责 任 感，我 需 要 更 深 入 地 了 解 你。这 事 儿 咱 们 以 后 再 说 吧。
str_id_5391|你 也 许 真 的 跟 这 位 年 轻 的 女 士 很 般 配。
str_id_5392|{reg33?夫 人 :先 生 }—— 鉴 于 我 们 过 去 的 关 系，这 个 提 议 非 常 令 人 惊 讶。我 不 认 为 你 是 那 种 能 屈 服 于 {reg33?丈 夫 :妻 子 } 意 志 的 {reg33?女 人 :男 人 }，我 宁 愿 我 们 的 婚 姻 生 活 不 会 成 为 不 断 争 吵 的 源 头。
str_id_5393|我 更 愿 意 嫁 给 一 位 端 庄 的 {reg33?少 女:领 主}，会 {reg33?服 从:珍 爱}{reg33?她:他} 的 {reg33?丈 夫:妻 子}，而 不 是 挥 剑 砍 掉 {reg33?他:她} 脑 袋 的 人。
str_id_5394|{reg33?女 士:大 人}，我 虽 然 钦 佩 你 的 勇 气 与 美 貌，但 还 是 得 坦 白：像 你 这 样 的 {reg33?女 人:男 人}，并 不 符 合 我 对 {reg33?妻 子:丈 夫} 的 期 待。我 希 望 对 方 {reg33?温 柔、端 庄 而 纯 洁:刚 毅、体 面 而 纯 洁}。请 原 谅 我。
str_id_5395|不。我 想 要 一 个{reg33?女 人 :男 人 }，懂 得 闭 嘴，并 照 吩 咐 办 事。我 看 你 不 是 那 种 人。
str_id_5396|我 的 {reg33?女 士 :领 主 }，你 拥 有 巨 大 的 魅 力，但 没 有 财 产。在 你 获 得 一 些 财 产 之 前，娶 你 将 会 是 对 我 的 祖 先 和 血 脉 的 不 孝。
str_id_5397|我 的 {reg33?女 士:大 人}，你 是 个 既 无 显 赫 家 世、又 无 任 何 财 产 的 {reg33?女 人:男 人}—— 简 而 言 之，籍 籍 无 名。你 认 为 自 己 配 得 上 与 我 的 家 族 联 姻 吗？
str_id_5398|我 的 {reg33?女 士 :领 主 }—— 请 原 谅—— 我 们 之 间 的 纽 带 质 量 不 是 诗 人 们 所 说 的 维 持 幸 福 婚 姻 所 必 需 的 那 种。
str_id_5399|嗯，我 觉 得 如 果 要 继 续 跟 {s4} 好 好 相 处，最 好 不 要 跟 你 结 婚。
str_id_5400|你 效 忠 于 另 一 个 王 国。我 不 认 为{s4}会 祝 福 我 们 的 结 合。
str_id_5401|{reg33?夫 人 :先 生 }，我 的 心 目 前 属 于 {s4}。[但 你 觉 得 他 们 其 实 对 你 没 有 热 情，只 是 太 礼 貌 而 不 说 出 口 ]
str_id_5402|我 的 {reg33?女 士:大 人}，你 是 一 位 精 神 与 勇 气 兼 备 的 {reg33?女 人:男 人}，拥 有 {reg33?美 貌:力 量}、{reg33?优 雅:胆 识} 与 智 慧。我 会 考 虑 你 的 提 议。
str_id_5403|我 的 {reg33?女 士:大 人}，你 是 一 位 精 神 与 勇 气 兼 备 的 {reg33?女 人:男 人}，拥 有 {reg33?美 貌:力 量}、{reg33?优 雅:胆 识} 与 智 慧。如 果 你 愿 成 为 我 的 {reg33?妻 子:丈 夫}，我 将 深 感 荣 幸。
str_id_5405|啊——“凯 斯 和 莱 亚 拉”—— 真 是 个 凄 美 的 传 说。来 我 们 家 的 吟 游 诗 人 们，一 次 又 一 次 地 提 起 这 首 诗，而 每 一 次 我 都 听 得 流 下 眼 泪。
str_id_5406|“凯 斯 和 莱 亚 拉”？就 像 三 百 段 无 聊 的 啜 泣，如 果 你 要 我 评 价 它 的 话。如 果 凯 斯 想 要 走 出 悲 伤，那 么 他 必 须 活 在 现 实 里，而 不 是 牵 挂 着 那 些 得 不 到 的 东 西。
str_id_5407|“凯 斯 和 莱 亚 拉”？谁 也 不 应 该 写 出 如 此 悲 伤 的 诗 歌！如 果 老 天 注 定 要 让 凯 斯 和 莱 亚 拉 在 一 起，那 么 他 们 的 爱 情 就 该 冲 破 所 有 的 阻 碍！
str_id_5408|啊，“凯 斯 和 莱 亚 拉”很 古 老 的 备 用 文 章，但 是，已 经 过 时 了。
str_id_5409|“海 格 雷 德 和 凯 拉”的 传 说？我 们 的 祖 先 生 活 在 多 么 幸 福 的 年 代 啊！像 凯 拉 那 样 的 女 人，可 以 像 男 人 一 样 外 出 冒 险，为 自 己 赢 得 名 声，而 不 是 活 在 丈 夫 的 阴 影 之 下。
str_id_5410|啊，“海 格 雷 德 和 凯 拉”的 传 说。有 一 个 知 道 自 己 想 追 求 什 么 的 女 士，并 且 为 了 自 己 的 追 求 无 所 畏 惧。
str_id_5411|“海 格 雷 德 和 凯 拉”的 传 说？虽 然 是 个 糟 糕 的 故 事，不 过 它 谈 到 了 伟 大 的 爱 情，如 果 她 愿 意 向 自 己 的 家 族 开 战 的 话。
str_id_5412|“海 格 雷 德 和 凯 拉”的 传 说？我 记 得，凯 拉 把 不 道 德 的 激 情，看 得 比 家 族 的 责 任 更 重 要，还 跟 自 己 的 父 亲 开 战 了。我 可 没 时 间 浪 费 在 一 首 赞 美 这 种 女 人 的 诗 歌 上。
str_id_5413|“海 格 雷 德 和 凯 拉”的 传 说？女 人 怎 么 能 穿 上 盔 甲，拿 起 剑 呢？男 人 又 怎 么 会 爱 上 这 么 粗 鲁 的 家 伙！
str_id_5414|“花 园 中 的 谈 话”？我 不 是 很 理 解 诗 歌 中 那 位 女 士 的 想 法，如 果 她 爱 那 个 男 人，那 为 什 么 又 要 这 么 捉 弄 他 呢？
str_id_5415|“花 园 中 的 谈 话”？让 我 们 瞧 瞧—— 太 不 光 彩 了，歌 颂 欺 骗，最 终 使 一 个 少 女 屈 从 于 她 低 级 的 情 欲……不 过 我 还 是 觉 得 它 很 迷 人，也 许 因 为 它 告 诉 了 我 们 爱 情 不 必 因 为 悲 剧 而 令 人 难 忘。
str_id_5416|“花 园 中 的 谈 话”？这 是 所 有 女 士 都 需 要 谨 记 于 心 的 故 事，因 为 她 们 都 将 会 经 历 那 种 微 妙 的 感 觉！
str_id_5417|“花 园 中 的 谈 话”？我 觉 得 它 很 好 笑—— 不 过 里 面 确 实 没 有 任 何 可 以 触 动 我 灵 魂 的 内 容。
str_id_5418|“爱 情 城 堡 之 风 暴”？啊，是 的。男 人 在 努 力 奋 斗 的 时 候，女 士 只 是 坐 着，什 么 也 不 做。我 的 生 活 里 有 太 多 这 样 的 事 了，为 什 么 还 得 从 诗 歌 里 听 到？
str_id_5419|“爱 情 城 堡 之 风 暴”？啊，是 的。一 首 振 奋 人 心，赞 美 男 人 和 女 人 各 自 的 美 德 的 颂 词。
str_id_5420|“爱 情 城 堡 之 风 暴”？啊，是 的。尽 管 它 是 一 首 关 于 美 德 的 好 诗，可 它 完 全 没 有 提 到 激 情！
str_id_5421|“爱 情 城 堡 之 风 暴”？啊……一 篇 伪 装 成 爱 情 诗 的 说 教，如 果 你 要 我 评 价 它 的 话。
str_id_5422|“心 中 的 渴 望”？啊，一 篇 对 最 最 完 美 的 爱 情 的 最 美 的 总 结！如 果 能 像 诗 歌 里 那 样 去 爱，毫 无 疑 问，将 会 是 最 最 幸 福 的！
str_id_5423|“心 中 的 渴 望”？很 蠢 的 诗，如 果 你 要 我 评 价 的 话。如 果 诗 人 想 追 求 一 个 女 人，那 么 他 应 该 尽 力 去 赢 得 她 的 芳 心—— 而 不 是 把 自 己 的 欲 望，用 虚 假 的 虔 诚 包 装 起 来！
str_id_5424|“心 中 的 渴 望”？嗯—— 这 是 对 世 俗 爱 情 与 神 圣 爱 情 的 有 趣 探 究。它 论 及 对 人 性 中 最 美 好 的 追 求，不 过 我 想 知 道 这 个 诗 人 是 否 未 尝 出 于 低 级 的 情 欲，而 使 他 对 更 崇 高 事 物 的 向 往 陷 入 窘 境。
str_id_5425|“心 中 的 渴 望”？哦，是 的—— 这 首 诗 富 有 哲 理，值 得 一 读。不 过，如 果 要 我 听 吟 游 诗 人 弹 整 整 三 个 钟 头 的 鲁 特 琴，我 个 人 还 是 倾 向 于 内 容 里 有 那 么 一 点 儿 故 事。
str_id_5428|{reg3}个 {s4} 给 {reg5}个 客 人 以 及 随 行 人 员 
str_id_5429|消 耗 了 {reg5}个 单 位 的 香 料 中 的 {reg3}个 
str_id_5430|消 耗 了 {reg5}个 单 位 的 油 中 的 {reg3}个 
str_id_5431|作 为 最 先 供 应 的 食 物，总 数 是 {s8}
str_id_5432|{s9} 并 且 种 类 是 {s8}。
str_id_5433|{s9} 的 酒，供 宾 客 畅 饮，总 数 是 {s8}
str_id_5434|{s9} 的 香 料，最 能 体 现 出 主 人 待 客 不 惜 成 本 的 东 西，总 数 是 {s8}。
str_id_5435|{s9} 的 油，用 来 点 亮 所 有 的 灯，总 数 是 {s8}。
str_id_5436|{s9} 总 体 而 言，我 们 的 宴 席 将 被 评 为 {s8}。
str_id_5437|叛 军 
str_id_5438|强 盗 
str_id_5439|囚 犯 与 捕 获 者 的 关 系 是 {reg0}
str_id_5440|{s5} 遭 受 损 耗：{reg3}x {s4}
str_id_5442|{s10} 在 {s1} 说：{s11}^^ 
str_id_5444|统 计 任 务 中 伤 亡 人 数……
str_id_5445|从 {s5} 取 走 {s4}
str_id_5446|{s4} 参 与 越 狱 
str_id_5447|帮 手 已 生 成。
str_id_5448|在 越 狱 时 离 开 这 个 地 区 
str_id_5449|和 教 练 谈 谈。
str_id_5450|女 性 
str_id_5451|男 性 
str_id_5452|贵 族 的 
str_id_5453|平 凡 的 
str_id_5454|可 能 会 发 现 你 能 够 相 对 较 快 地 在 旧 世 界 的 伟 大 领 主 中 占 据 一 席 之 地
str_id_5455|可 能 会 在 旧 世 界 的 伟 大 领 主 中 确 立 自 己 作 为 平 等 者 时 面 临 一 些 困 难 {reg33?:}
str_id_5456|想 在 旧 世 界 的 大 领 主 之 间 赢 得 平 等 地 位，恐 怕 要 面 临 重 重 困 难。{reg33?:}
str_id_5457|当 前 部 队 士 气 {reg5}。^当 前 部 队 士 气 修 正：^^基 础 士 气：+{reg6}^部 队 规 模：{s2}{reg1}^统 率：{s3}{reg2}^食 物 种 类：{s4}{reg3}{s5}{s6}^近 期 事 件：{s7}{reg4}^总 和：{reg5}^^^
str_id_5458|{s1} 额 外 士 气 来 自 {s9} 部 队：{reg6}^
str_id_5459|求 爱 进 程：^ 
str_id_5460|{s1}^{s2}，关 系 {reg3}，上 一 次 见 面 是 在 {reg4}天 前 
str_id_5461|{s1}^^ 学 得 的 诗 歌：
str_id_5462|{s1}^ 爱 情 城 堡 之 风 暴（寓 言 类）
str_id_5463|{s1}^凯 斯 和 莱 亚 拉（悲 剧 类）
str_id_5464|{s1}^ 花 园 中 的 谈 话（喜 剧 类）
str_id_5465|{s1}^海 格 雷 德 和 凯 拉（传 奇 类）
str_id_5466|{s1}^ 心 中 的 渴 望（神 秘 类）
str_id_5467|没 有 服 役 中 的 同 伴 
str_id_5468|不 需 要 同 伴 
str_id_5469|募 集 支 持 
str_id_5470|预 计 很 快 返 回 
str_id_5471|预 计 在 大 约 {reg3}日 后 回 来 
str_id_5472|在 {s9} 收 集 情 报
str_id_5473|去 {s9} 的 外 交 大 使 
str_id_5474|当 首 席 大 臣 
str_id_5475|在 你 {s9} 的 大 厅 
str_id_5476|武 装 待 命
str_id_5477|在 你 的 队 伍 里 
str_id_5480|在 {s11} 附 近 发 现 敌 情 
str_id_5481|在 {s11} 举 行 宴 会 
str_id_5483|{s9}{s10}^ 当 前 状 况：{s11}^ 当 前 状 态 延 续 小 时：{reg3}^ 当 前 战 略 考 虑：{s14}^ 元 帅：{s12}^ 自 上 次 进 攻 结 束 至 今：{reg4}小 时 ^ 自 决 定 性 事 件 至 今：{reg10}小 时 ^ 自 上 次 超 过 十 八 小 时 的 休 息 至 今：{reg9}小 时 ^ 自 上 次 宴 会 结 束 至 今：{reg5}小 时 ^ 不 满 的 领 主 比 例：{reg7}%^ 不 安 分 的 领 主 比 例：{reg8}%^^ 
str_id_5484|^ 拥 有 统 治 权：{reg12}。
str_id_5485|政 治 争 议 构 成：^ 合 法 性：{reg3}^ 领 主 权 利：{reg4}^ 统 一 /和 平：{reg5}^ 平 民 权 利：{reg6}^ 领 地 归 属：{reg7}
str_id_5486|声 望：{reg2}^ 荣 誉 等 级：{reg3}。{s12}^ 朋 友：{s8}。^ 敌 人：{s6}。^{s9}
str_id_5487|你 昏 迷 了 几 分 钟，随 后 踉 跄 着 站 起 身，发 现 {s10} 正 俯 视 着 你。你 输 掉 了 这 场 决 斗。{reg33?:}
str_id_5488|{s10} 在 竞 技 场 的 尘 土 中 躺 了 几 分 钟，然 后 踉 跄 地 站 {reg65?她 :他 } 起 来。你 赢 得 了 决 斗。
str_id_5490|这 座 城 堡 暂 时 由 王 室 直 辖。
str_id_5491|这 座 城 堡 看 上 去 不 属 于 任 何 人。
str_id_5492|这 座 城 镇 暂 时 由 王 室 直 辖。
str_id_5493|这 座 城 镇 的 市 民 似 乎 宣 布 了 独 立 自 治。
str_id_5494|到 你 丈 夫，{s11}。
str_id_5495|你 看 见 配 偶 {s7} 的 旗 帜 飘 扬 在 城 堡 大 门 上 方 {reg4?:}。
str_id_5496|配 偶 {s7} 的 旗 帜 正 飘 扬 在 城 镇 大 门 上 方 {reg4?:}。
str_id_5497|^ 领 主 正 在 厅 堂 里 大 宴 宾 客。
str_id_5498|（参 加 宴 会）
str_id_5499|闹 事 的 酒 鬼 在 {s4}
str_id_5500|未 找 到 好 斗 醉 汉
str_id_5501|相 貌 粗 野 的 人 在 {s4}
str_id_5502|相 貌 粗 野 的 人 没 有 找 到 
str_id_5503|。然 而，你 已 充 分 表 现 出 色，被 邀 请 参 加 领 主 城 堡 中 正 在 进 行 的 宴 会。{reg33?:}{reg33?:}
str_id_5504|{s8}。你 也 被 邀 请 参 加 城 堡 里 正 在 进 行 的 宴 会。{reg33?:}
str_id_5507|{s11} 不 幸 的 是，{s12} 受 伤 了，被 迫 离 开。
str_id_5508|{s11} 同 样 的，{s12} 受 伤 了，被 迫 离 开。
str_id_5510|和 {s10}
str_id_5511|新 世 界 之 外。
str_id_5512|你 被 {s7} 控 告 犯 下 了 叛 国 罪，你 所 有 的 财 产 都 已 被 查 抄，为 了 生 存，你 必 须 马 上 逃 离 这 里，越 快 越 好。
str_id_5513|根 据 {s6} 的 命 令，{s5} 的 {s4} 因 叛 国 而 被 起 诉。这 位 {reg4?女 士 :领 主 } 被 剥 夺 了 所 有 {reg4?她 :他 } 的 财 产，并 已 逃 命。据 传 言 {reg4?她 :他 } 已 流 亡 {s11}。
str_id_5514|{s1} 村 是 {s3} 的 {s4} 的 领 地，但 是 他 们 的 领 主 屡 屡 对 他 们 做 出 暴 行。因 此，一 位 该 地 的 着 名 人 士 作 为 代 表 请 求 {s5} 给 予 他 们 保 护。
str_id_5515|{s1} 的 村 民 们 从 {s2} 偷 走 了 一 些 牛 
str_id_5516|{s1} 的 村 民 为 村 子 里 的 一 个 年 轻 人 绑 架 了 一 位 来 自 {s2} 最 显 赫 家 族 之 一 的 女 性 作 为 妻 子 
str_id_5517|{s1} 的 一 些 村 民 在 和 {s2} 村 争 夺 改 道 的 水 源 时 杀 死 了 一 名 村 民 
str_id_5518|你 的 新 首 席 大 臣 
str_id_5519|{s10} 是 你 的 新 首 席 大 臣，以 及 
str_id_5520|在 失 去 {s10} 后，你 转 而 服 侍 {s11}
str_id_5521|在 失 去 {s10} 后，你 忠 诚 的 属 下 {s9} 邀 请 {s11} 你 为 服 务 
str_id_5522|在 失 去 {s11} 后，你 失 去 了 可 以 效 忠 的 对 象 
str_id_5523|{s9} 的 {s8} 通 知 你 他 将 在 他 位 于 {s10} 的 大 厅 举 办 一 场 豪 华 的 宴 会，他 希 望 你 能 受 邀 作 为 尊 贵 的 来 宾 之 一 参 加 这 场 宴 会。
str_id_5524|在 你 的 {s12} 的 宫 廷 与 {s11} 商 议 
str_id_5525|尽 管 我 们 只 分 别 了 短 短 的 一 段 日 子，但 是 我 内 心 在 对 你 那 强 烈 的 思 念 的 煎 熬 下，简 直 度 日 如 年。
str_id_5526|虽 然 你 离 开 只 有 很 短 的 时 间，但 我 非 常 高 兴 再 次 见 到 你。{reg33?:}
str_id_5527|虽 然 我 已 经 有 一 段 时 间 没 有 收 到 你 的 消 息，但 我 相 信 你 一 定 非 常 忙 碌，而 你 没 有 来 看 我 绝 不 表 示 你 对 我 的 关 注 不 真 诚。{reg33?:}
str_id_5528|我 相 信 在 我 们 漫 长 的 分 离 期 间，你 一 直 以 符 合 {reg33?女 士 :绅 士 } 身 份 的 方 式 举 止 得 体。
str_id_5529|自 从 我 上 次 见 到 你 已 经 过 去 很 久 了，如 果 能 再 见 到 你，我 会 非 常 高 兴 的。
str_id_5530|你 应 该 先 征 得 我 {s11}{s16} 的 许 可，可 是 我 没 有 任 何 理 由 相 信 他 会 阻 止 你 来 见 我。
str_id_5531|。你 应 该 首 先 征 得 她 {s11}{s16} 的 许 可 
str_id_5532|唉！就 如 我 们 所 猜 想 的，我 的 {s11}{s16} 不 会 允 许 我 们 见 面，但 我 可 以 安 排 和 你 秘 密 约 会 的 方 法。
str_id_5533|既 然 我 的 {s11}{s16} 已 经 允 许 我 们 相 见，我 希 望 我 很 快 就 能 再 见 到 你。
str_id_5534|拜 访 {s3}，此 人 最 近 出 现 在 {s4}{s18}
str_id_5536|大 门 的 守 卫 已 经 接 到 允 许 你 出 入 的 命 令，而 且 你 看 到 其 中 一 位 守 卫 意 味 深 长 地 向 你 眨 了 眨 眼。
str_id_5537|守 卫 怒 视 着 你，而 你 知 道 还 是 别 去 碰 钉 子 了。然 而，当 你 往 回 走 向 你 的 寄 宿 处 的 时 候，一 个 黑 衣 老 妇 人 走 近 了 你。“我 是 {s11} 的 侍 女，”她 快 速 低 语 道。“穿 上 这 裙 子，用 这 头 巾 盖 住 你 的 脸。我 会 把 你 伪 装 成 女 帮 厨 偷 偷 带 进 这 城 堡 去 见 她—— 守 卫 不 会 看 得 很 仔 细。但 是 我 请 求 你，为 了 咱 们 的 好 处，小 心 点！
str_id_5538|守 卫 怒 视 着 你，你 知 道 最 好 别 再 招 惹 他。你 正 往 住 处 走 时，一 名 黑 衣 老 妇 人 靠 了 过 来。^“我 是 {s11} 的 侍 女，”她 低 声 急 促 地 说，“去 城 墙 外 的 泉 水 边 等 着。我 会 把 女 士 伪 装 成 牧 羊 女，悄 悄 带 她 出 来 见 你。不 过 为 了 大 家 的 安 全，你 一 定 要 小 心。”
str_id_5539|守 卫 怒 视 着 你，你 知 道 最 好 别 再 招 惹 他。你 正 往 住 处 走 时，一 名 黑 衣 老 妇 人 靠 了 过 来。^“我 是 {s11} 的 侍 女，”她 低 声 急 促 地 说，“女 士 想 见 你，但 你 得 再 等 一 阵。她 说 距 离 上 次 见 面 还 太 短，现 在 又 安 排 秘 密 会 面 实 在 太 危 险。”
str_id_5540|守 卫 对 你 怒 目 而 视，他 的 举 动 让 你 明 白 在 这 里 你 不 会 受 欢 迎。
str_id_5542|部 队 指 挥 官 匹 配 错 误—— 查 看 日 志 文 件 以 获 得 详 细 情 况 
str_id_5544|为 {s9} 做 政 治 考 虑 
str_id_5546|当 前 财 富：{reg1}金 币 
str_id_5560|被 追 捕 的 强 盗 被 {s4} 发 现 
str_id_5561|如 果 在 队 伍 中，{s4} 准 备 表 示 反 对 {s3} 的 任 务 
str_id_5564|奇 怪。那 个 人 不 像 是 个 普 通 的 找 你 麻 烦 的。他 喝 的 并 不 多—— 他 只 是 站 在 那 里，安 静 地，注 视 着 那 扇 门。你 也 许 要 考 虑 是 否 有 敌 人 知 道 你 在 镇 子 里……很 遗 憾 在 我 的 地 盘 上 要 流 血 了……
str_id_5566|你 没 有 给 他 拔 出 武 器 的 机 会……他 看 起 来 确 实 是 来 刺 杀 你 的，长 袍 下 藏 着 他 的 武 器 和 雇 主 用 来 交 换 你 性 命 的 钱 袋。他 是 个 麻 烦，但 是，还 不 至 于 要 让 你 的 地 产 被 扣 上 杀 人 凶 宅 的 恶 名。
str_id_5567|好 吧……我 得 承 认，是 他 先 挑 起 事 端 的。他 的 剑 和 钱 袋 理 应 归 你。进 来 喝 一 杯 吧；你 刚 救 了 这 里 几 个 客 人，免 得 他 们 被 劈 开 脑 袋。^不 过，我 希 望 那 家 伙 还 有 一 口 气。酒 馆 若 传 出 客 人 死 在 店 里 的 名 声，可 不 利 于 生 意。
str_id_5568|住 手！不 要 射 击！不 要 射 击！
str_id_5569|呃……我 不 参 与 这 个。
str_id_5570|{s12} 是 一 个 充 满 了 恶 意 和 争 夺 的 迷 宫，领 主 们 将 君 主 的 召 唤 置 之 不 理，并 且 做 好 了 随 时 改 换 门 庭 的 准 备。
str_id_5571|{s12} 十 分 脆 弱，大 多 数 领 主 之 间 毫 无 团 结 可 言，还 有 一 些 人 很 可 能 会 因 为 诱 惑 而 转 投 向 他 们 认 为 更 值 得 效 忠 的 君 主。
str_id_5572|{s12} 非 常 稳 固，一 些 领 主 间 可 能 互 相 怀 有 敌 意，但 是 一 旦 有 外 敌 入 侵，他 们 总 是 会 团 结 起 来 一 致 对 外。
str_id_5573|就 政 治 而 言，{s12} 是 稳 定 的 基 石。无 论 领 主 们 彼 此 如 何 看 法，他 们 都 会 共 同 对 抗 敌 人。
str_id_5574|护 民 官 {s12}
str_id_5575|{s12} 小 姐 
str_id_5576|{s12} 领 主 
str_id_5577|解 决 {s11} 和 {s12} 的 争 执 
str_id_5578|这 样 做 将 会 打 破 你 的 停 战 协 定，你 确 定 要 这 么 做 吗？
str_id_5579|如 果 你 毫 无 理 由 的 开 战，你 的 一 些 领 主 们 会 认 为 你 好 战 如 狂，你 确 定 要 这 么 做 吗？
str_id_5580|我 们 的 部 队 已 经 整 装 待 发，只 等 你 的 一 声 令 下，你 确 定 要 这 么 做 吗？
str_id_5581|寻 求 赏 识 
str_id_5582|寻 求 作 为 封 臣 
str_id_5583|寻 求 休 战 
str_id_5584|（许 诺 封 地）
str_id_5585|（无 封 地）{s12}
str_id_5586|（封 地：{s0}{s12}）
str_id_5587|请 {s65}，
str_id_5588|{s15} 已 经 被 我 们 所 控 制，你 想 试 着 说 服 {reg4?她 :他 } 加 入 吗？
str_id_5589|{s12} 的 统 治 非 常 脆 弱，这 对 我 们 而 言 的 确 是 一 个 好 消 息。他 治 下 的 领 主 们 彼 此 猜 忌，充 满 了 争 斗 和 敌 意，而 且 很 多 人 会 很 高 兴 打 开 城 门 欢 迎 一 个 更 好 的 君 主。
str_id_5590|幸 运 的 是，{s12} 的 统 治 非 常 脆 弱，领 主 们 缺 乏 合 作，互 相 猜 忌，而 且 很 多 人 会 很 高 兴 打 开 城 门 欢 迎 一 个 更 好 的 君 主。
str_id_5591|不 幸 的 是，{s12} 的 统 治 非 常 稳 固。除 非 我 们 找 到 动 摇 其 统 治 的 手 段，我 们 必 须 多 观 望 一 段 时 间，努 力 找 到 在 他 内 部 的 盟 友。
str_id_5592|不 幸 的 是，{s12} 的 统 治 极 其 稳 固。除 非 我 们 能 想 办 法 让 他 们 产 生 动 摇，否 则 我 们 很 难 找 到 内 部 的 盟 友。
str_id_5593|{playername}……我 猜 你 是 来 给 我 更 多 麻 烦 和 痛 苦 的，不 是 吗？
str_id_5594|啊。又 是 你……
str_id_5595|嗯，{playername}
str_id_5599|一 壶 蜂 蜜 
str_id_5600|一 囊 马 奶 酒 
str_id_5601|一 杯 格 瓦 斯
str_id_5602|一 杯 葡 萄 酒 
str_id_5603|你 决 定 向 {s13} 提 出 挑 战 以 使 他 收 回 他 的 侮 辱。
str_id_5605|那 你 得 另 找 时 间 跟 我 谈 了。
str_id_5606|现 在 不 是 说 话 的 时 候！
str_id_5608|当 然，我 的{reg33?:}。
str_id_5609|我 不 这 样 认 为，我 们 的 婚 姻 关 系 变 得 有 点 紧 张，你 不 觉 得 吗？
str_id_5610|为 什 么，我 的 {reg4?妻 子:丈 夫}？事 实 上，我 们 的 婚 姻 关 系 已 经 恶 化 到 这 种 地 步：此 后 每 次 谈 话，我 都 希 望 有 证 人 在 场。
str_id_5611|好 吧，除 了 这 个，你 还 有 什 么 要 说 的 吗？
str_id_5612|呸，我 对 在 角 落 里 的 窃 窃 私 语 和 密 谋 没 有 兴 趣。
str_id_5613|呸，我 对 你 厌 恶 至 极，我 才 不 会 和 你 在 阴 暗 的 角 落 讨 论 肮 脏 的 阴 谋！
str_id_5614|好 吧，你 的 计 划 是 什 么？
str_id_5615|我 们 要 一 起 为 这 个 阴 谋 冒 险 吗？我 才 不 会 呢。
str_id_5616|哈 哈，我 对 你 的 信 任 不 比 对 全 世 界 任 何 一 条 毒 蛇 更 高，我 拒 绝。
str_id_5617|我 并 不 想 参 与 你 那 些 见 不 得 人 的 计 划，但 是 有 时 这 也 是 无 可 奈 何 的。你 都 有 什 么 想 法？
str_id_5618|我 更 希 望 把 我 们 的 事 务 公 之 于 众。
str_id_5619|如 果 是 与 你 合 作 的 话，我 更 希 望 把 我 们 的 事 务 公 开。
str_id_5620|嗯……你 激 起 了 我 的 兴 趣，说 说 你 的 想 法 吧。
str_id_5621|呃……至 少 在 眼 前，还 是 继 续 让 我 们 的 事 务 秘 密 进 行 吧。
str_id_5622|很 明 智—— 这 个 世 界 上 到 处 都 是 些 成 事 不 足 败 事 有 余 的 家 伙。现 在 告 诉 我 你 都 有 什 么 想 法。
str_id_5623|你 把 我 当 什 么 了？一 个 阴 谋 家？{reg33?:}
str_id_5624|一 般 情 况 下，我 比 较 喜 欢 保 持 事 成 后 再 公 开，但 是 我 知 道 你 是 那 种 不 愿 意 参 与 密 谋 的 人，除 非 有 一 个 很 好 的 理 由。说 说 你 的 理 由 吧？
str_id_5625|我 确 定 你 想 谈 论 的 事 情 我 们 可 以 另 选 一 个 地 方 光 明 正 大 的 谈，不 是 吗？
str_id_5626|我 是 一 个 直 性 子，不 擅 长 什 么 计 谋。但 是 我 确 定 你 有 一 些 非 常 有 价 值 的 事 情 要 和 我 谈，不 是 吗？
str_id_5627|请 你 原 谅，但 我 可 不 是 一 个 愿 意 躲 在 角 落 里 做 什 么 密 谋 的 人。
str_id_5628|别 犯 这 种 错 误，但 我 还 不 信 任 你。
str_id_5629|当 然，{playername}。你 想 说 些 什 么？
str_id_5630|请 你 原 谅，我 不 会 公 开 我 们 刚 才 的 谈 话 的。
str_id_5631|别 犯 这 种 错 误，否 则 我 不 确 定 你 我 之 间 是 否 还 能 保 持 这 样 的 友 谊。
str_id_5637|真 的？嗯，这 是 我 第 一 次 听 说。除 非 你 为 那 个 主 张 积 累 支 持，否 则 你 可 能 很 难 找 到 盟 友。然 而，无 论 你 何 时 认 为 公 开 宣 称 自 己 为 {s0} 合 适，我 都 很 荣 幸 成 为 你 的 配 偶。
str_id_5638|是 的……我 听 过 这 种 说 法。虽 然 你 正 在 积 累 支 持 是 好 事，但 我 不 认 为 你 已 经 准 备 好 宣 称 自 己。然 而，我 会 让 你 自 己 判 断，当 你 决 定 时，我 都 很 荣 幸 成 为 你 的 配 偶。{reg33?:}{reg33?:}
str_id_5639|是 的……旧 世 界 的 许 多 其 他 人 也 这 么 想。也 许 是 你 宣 布 自 己 的 时 候 了，我 们 将 一 起 出 征 夺 取 你 的 王 位。我 都 很 荣 幸 成 为 你 的 配 偶。
str_id_5640|我 为 我 大 人 {s15} 选 择 伙 伴 的 品 味 而 感 到 深 深 的 困 扰。
str_id_5641|说 实 话，我 有 时 觉 得 {s15} 无 视 我 的 权 利，把 {reg15?她:他} 的 庇 护 扩 展 到 与 {reg15?她:他} 毫 无 关 系 的 人 身 上。
str_id_5642|顿 我 能 说 什 么 {s15} 因 为 他 的 法 庭 是 由 一 群 流 氓 组 成 的
str_id_5643|有 时 我 不 得 不 怀 疑，{s15}在 挑 选 宫 廷 臣 属 时 究 竟 有 没 有 判 断 力。
str_id_5644|{s15} 是 个 意 志 薄 弱 的 统 治 者，他 很 容 易 相 信 那 些 邪 魔 歪 道，并 给 予 那 些 带 给 我 痛 苦 和 伤 害 的 家 伙 们 保 护。
str_id_5645|我 得 承 认，我 有 时 会 怀 疑{s15}的 判 断，尤 其 是 留 在 身 边 的 那 些 谋 士。
str_id_5646|我 是 怎 么 认 为 的？我 认 为 {s15} 是 一 个 卑 劣 的 篡 权 者！他 的 身 边 尽 是 些 谗 言 媚 上 之 徒 和 伪 君 子！
str_id_5647|好 吧，{s15} 和 你 不 一 样，我 不 想 多 说 了。
str_id_5648|{s15}？愿 {reg15?她 :他 } 长 寿！^^（开 发 注 释：如 果 你 试 图 招 募 不 同 种 族 的 领 主，永 远 不 会 成 功）
str_id_5649|{s15} 是 我 的 君 主，在 这 个 问 题 上 我 只 能 说 这 么 多。
str_id_5650|你 是 王 位 的 合 法 继 承 人？
str_id_5651|{s14} 是 旧 世 界 的 合 法 统 治 者？
str_id_5652|{s14} 会 公 正 的 统 治 这 片 大 陆 吗？
str_id_5653|{s14} 会 保 障 我 们 的 贵 族 权 利 吗？
str_id_5654|{s14} 能 够 终 止 战 争，统 一 这 片 大 陆 吗？
str_id_5655|{s14} 会 赏 赐 我 一 块 封 地？
str_id_5656|国 王 
str_id_5657|她 
str_id_5658|他 
str_id_5659|王 后 
str_id_5660|可 汗 
str_id_5661|我 
str_id_5662|戴 夫 
str_id_5663|按 照 神 圣 的 古 老 律 法 与 不 可 动 摇 的 传 统，{s45}应 当 成 为{s47}。
str_id_5664|因 为 {s44} 正 是 {s46} 合 法 的 {s47}
str_id_5665|你 对 一 些 人 谈 论 主 张 和 合 法 性，但 对 另 一 些 人 却 谈 论 用 武 力 带 来 和 平
str_id_5666|你 谈 论 用 武 力 带 来 和 平，但 对 另 一 些 人 却 提 出 合 法 主 张。
str_id_5667|你 先 声 称 你 将 支 持 普 通 民 众 的 权 利，然 后 又 告 诉 那 些 贵 族 他 们 的 财 富 和 权 益 将 会 秋 毫 无 犯，那 么 当 这 些 权 利 彼 此 冲 突 时 你 将 怎 么 办 呢？
str_id_5668|你 对 我 说 要 维 护 我 作 为 {s12} 的 权 利，但 对 另 一 些 人 却 谈 论 维 护 所 有 平 民 的 权 利。如 果 这 些 权 利 发 生 冲 突 怎 么 办？
str_id_5669|一 个 主 张 在 开 始 谈 论 之 前 确 实 应 该 很 强 大。
str_id_5670|一 个 {s12} 在 开 始 谈 论 对 王 位 的 主 张 之 前，应 该 毫 无 疑 问 地 证 明 他 的 勇 气。
str_id_5671|你 必 须 证 明 自 己 是 一 名 伟 大 的 战 士，人 们 才 会 追 随 你 作 为 {s12}。
str_id_5672|对 王 位 的 主 张 在 坚 持 之 前 确 实 应 该 很 强 大。
str_id_5673|确 实。但 一 个 人 也 必 须 证 明 自 己 是 一 名 伟 大 的 战 士，人 们 才 会 追 随 你 作 为 {s12}。
str_id_5674|我 的 {s14} 可 以 宣 布 自 己 为 {s12}，如 果 他 喜 欢 的 话。我 认 为 你 需 要 在 战 场 上 多 打 几 个 头，人 们 才 会 追 随 你。
str_id_5675|如 果 你 不 打 算 象 你 之 前 众 多 的 夺 权 者 一 样 被 吊 死 在 绞 刑 架 上，我 建 议 你 先 巩 固 壮 大 自 己 的 实 力，这 样 一 来，在 你 称 王 时 才 会 有 人 追 随 你。
str_id_5676|如 果 你 不 打 算 象 你 之 前 众 多 的 夺 权 者 一 样 被 吊 死 在 绞 刑 架 上，我 建 议 你 先 在 战 场 上 证 明 你 是 一 个 值 得 追 随 的 君 主，这 样 才 会 有 人 在 你 称 王 时 追 随 你。
str_id_5677|空 谈 是 传 令 官 与 讼 师 的 营 生。真 正 的{s14}会 用{s12}证 明 自 己。
str_id_5678|如 果 我 是 你，我 会 在 称 王 之 前 多 证 实 一 些 自 己 的 能 力。
str_id_5681|确 实。请 继 续。
str_id_5682|我 
str_id_5684|我 对 你 选 择 的 伙 伴 很 担 心。
str_id_5685|我 和 你 属 下 的 封 臣 间 有 一 些 很 严 重 的 问 题。
str_id_5687|我 的 君 主 确 实 有 他 的 缺 点 和 错 误，但 是 我 对 你 的 谄 媚 和 笼 络 没 有 兴 趣。
str_id_5688|我 相 信 你 是 一 个 正 直 的 人，但 我 担 心 你 身 边 的 人 会 将 你 引 向 邪 路。
str_id_5689|只 要 你 庇 护 那 些 无 赖 和 卑 劣 之 人，我 就 不 愿 意 与 你 并 肩 作 战。
str_id_5690|说 实 话—— 考 虑 到 你 的 一 些 追 随 者，我 觉 得 与 你 对 抗 比 与 你 合 作 更 让 我 舒 服。
str_id_5691|我 一 直 认 为，物 以 类 聚，人 以 群 分。而 你 的 身 边 则 环 绕 着 毒 蛇 和 秃 鹫。
str_id_5692|你 知 道，我 总 是 很 厌 恶 我 们 的 某 些 盟 友。
str_id_5693|从 政 治 上 来 说，比 起 效 忠 于 你 的 阵 营，我 能 在 现 在 的 君 主 手 下 获 得 更 好 的 职 位。
str_id_5694|我 觉 得，比 起 我 现 在 的 君 主，还 是 跟 你 和 你 的 盟 友 相 处 更 舒 服。
str_id_5695|从 军 事 上 考 虑，如 果 我 遭 受 攻 击，以 你 的 实 力 并 不 能 保 护 我。在 你 有 能 力 保 护 我 之 前，我 不 会 愿 意 加 入 你 的。
str_id_5696|从 军 事 上 考 虑，我 仔 细 琢 磨 了 当 下 的 形 势，如 果 现 在 宣 誓 效 忠 于 你，可 能 会 危 害 到 我 的 家 族 和 所 有 忠 实 的 扈 从。
str_id_5697|从 军 事 上 考 虑，如 果 有 人 攻 击 我，你 没 法 帮 得 上 忙。我 不 介 意 打 一 场 好 仗，但 我 希 望 能 有 胜 算。
str_id_5698|从 军 事 上 考 虑，你 要 我 加 入 你，只 是 为 了 看 到 我 被 敌 军 的 汪 洋 吞 没。
str_id_5699|从 军 事 上 考 虑，如 果 有 人 攻 击 我，你 没 法 帮 得 上 忙。我 敢 打 赌，你 会 让 我 像 狗 一 样 被 敌 人 砍 翻。
str_id_5700|从 军 事 上 考 虑，加 入 你 并 不 会 使 我 更 安 全。
str_id_5701|从 军 事 上 考 虑，加 入 你 可 能 会 让 我 更 安 全。
str_id_5702|最 后，在 任 何 时 候，即 使 有 足 够 的 理 由 放 弃 对 某 人 的 效 忠，也 应 该 慎 重 考 虑，因 为 有 一 个 轻 率 易 主 的 名 声 很 不 好。假 若 如 此，我 名 誉 的 代 价 将 相 当 高 昂。
str_id_5703|最 后，在 任 何 时 候，即 使 有 足 够 的 理 由 放 弃 对 某 人 的 效 忠，也 应 该 慎 重 考 虑，因 为 有 一 个 轻 率 易 主 的 名 声 很 不 好。假 若 如 此，我 名 誉 的 损 失 将 十 分 重 大。
str_id_5704|最 后，在 任 何 时 候，即 使 有 足 够 的 理 由 放 弃 对 某 人 的 效 忠，也 应 该 慎 重 考 虑，因 为 有 一 个 轻 率 易 主 的 名 声 很 不 好。不 过，既 然 如 此，想 必 也 会 有 不 少 人 能 够 理 解 吧。
str_id_5707|我 不 会 让 别 人 说 我 是 一 个 叛 变 者 的。这 是 我 最 后 的 决 定，关 于 这 件 事，我 不 想 再 说 什 么 了。
str_id_5708|我 宣 誓 要 保 卫 {s14}，抱 歉。虽 然 我 们 可 能 在 战 场 上 相 遇，但 希 望 我 们 仍 然 是 朋 友。
str_id_5709|我 真 的 不 能 背 弃 {s14}，抱 歉。请 不 要 再 跟 我 谈 这 件 事 情 了。
str_id_5710|无 论 怎 样，我 已 经 决 定 继 续 效 忠 {s14} 了，抱 歉。
str_id_5711|无 论 怎 样，我 不 愿 听 从 你 的 怂 恿 而 去 叛 国。别 再 跟 我 说 这 个 事 了。
str_id_5712|一 个 背 叛 自 己 君 主 的 人，很 难 有 个 好 名 声。这 就 是 我 最 后 的 决 定。我 们 别 再 谈 论 这 个 了。
str_id_5713|我 已 经 决 定 继 续 跟 随 {s14} 了。我 不 想 再 讨 论 这 种 事 情 了。
str_id_5717|你 准 备 向 我 发 起 决 斗？开 什 么 玩 笑！如 你 所 愿，{playername}，打 爆 你 的 头 将 会 是 非 常 有 意 思 的 事 情。
str_id_5718|说 我 是 懦 夫？很 好，你 让 我 别 无 选 择。
str_id_5719|{reg3}小 时。
str_id_5720|小 时。
str_id_5721|然 而，此 一 时，彼 一 时，我 也 许 会 重 新 考 虑 一 下。{s16}
str_id_5722|我 希 望 能 与 你 的 {s11} 成 婚，{s10}。我 期 盼 你 的 祝 福。
str_id_5723|我 希 望 能 与 你 的 {s11} 成 婚，{s10}。我 希 望 得 到 你 的 帮 助。
str_id_5724|你 计 划 在 {s4} 在 {s5} 举 办 的 宴 会 上 娶 {s3}。你 应 该 在 宴 会 举 行 时 立 即 得 到 通 知。{reg33?:}
str_id_5725|你 的 {s11}，
str_id_5726|我 再 次 询 问：可 以
str_id_5727|可 以
str_id_5728|很 好。依 我 看，她 可 以 见 任 何 她 想 见 的 人，不 过 当 然 了，那 必 须 是 合 乎 礼 数 的。
str_id_5729|很 好。跟 你 联 姻 很 有 价 值。去 跟 她 聊 聊 吧，看 看 你 能 不 能 打 动 她 的 芳 心。如 果 你 没 能 成 功，而 我 们 仍 想 跟 你 达 成 合 作 的 话，我 会 去 跟 她 讲 道 理 的。
str_id_5730|你 对 她 的 求 婚 将 得 到 我 的 祝 福—— 只 要 你 的 出 发 点 是 好 的，等 你 们 两 人 的 关 系 有 了 进 一 步 的 发 展，我 们 再 来 谈 其 他 更 多 的 事 情 吧。
str_id_5733|战 争 几 乎 才 刚 开 始，因 此 现 在 说 谁 输 谁 赢，还 都 为 时 过 早。
str_id_5734|我 们 给 了 他 们 沉 重 一 击，他 们 很 难 再 恢 复 元 气。
str_id_5735|战 斗 打 得 很 艰 难，不 过 相 比 于 敌 人，我 们 明 显 占 了 上 风。
str_id_5736|他 们 给 了 我 们 沉 重 的 打 击，给 我 们 造 成 了 重 大 的 损 失。
str_id_5737|战 斗 打 得 很 艰 难，恐 怕 我 们 正 处 于 劣 势。
str_id_5738|双 方 在 战 斗 中 互 有 胜 负。
str_id_5739|战 场 的 局 势 目 前 仍 不 明 朗。不 过 我 认 为 优 势 在 我 们 这 里。
str_id_5740|战 斗 中 还 沒 有 明 确 的 赢 家，但 我 担 心 他 们 可 能 占 上 风。
str_id_5741|战 斗 中 还 沒 有 明 确 的 赢 家。
str_id_5743|目 前 没 有 正 在 进 行 中 的 战 役。
str_id_5744|我 们 正 在 召 集 军 队。
str_id_5745|我 们 的 目 标 是 攻 取 {s8}。
str_id_5746|我 们 正 在 四 处 劫 掠，现 在 的 目 标 是 {s8}。
str_id_5747|我 们 正 试 着 找 到 并 击 败 {s8}。
str_id_5748|我 们 正 赶 去 守 卫 {s8}。
str_id_5749|我 们 正 前 往 参 加 在 {s8} 举 行 的 宴 会。
str_id_5750|不 过，那 可 能 很 快 就 会 改 变，{s14}。
str_id_5751|用 联 姻 的 方 式 来 巩 固 同 盟，是 我 们 的 传 统。实 际 上，我 们 正 在 为 我 的 {s11}，{s14}，寻 找 一 位 如 意 郎 君。
str_id_5752|用 联 姻 的 方 式 来 巩 固 同 盟，是 我 们 的 传 统。实 际 上，我 们 正 在 为 我 的 {s11}，{s14}，寻 找 一 位 如 意 郎 君。但 你 必 须 征 得 {s16} 的 同 意，而 不 是 我。
str_id_5753|再 一 次 
str_id_5754|作 弊—— 求 婚 
str_id_5755|你 在 考 虑 结 婚 {s4} 因 为 你 在 旧 世 界 没 有 家 庭 {s4} 她 将 举 行 婚 礼 宴 会。
str_id_5756|{s43}，你 要 知 道，如 果 你 攻 击 我，这 将 会 破 坏 你 与 {s34} 签 订 的 和 约。
str_id_5757|不 必 多 言：从 今 往 后，你 既 是 我 的 君 主，也 是 我 的{reg33?:}；我 们 将 承 担 由 此 而 来 的 一 切 相 互 义 务。
str_id_5758|我 感 谢 你，{reg39?我 的 女 士 :爵 爷 }。
str_id_5759|现 在，有 些 人 可 能 会 说 {reg33?女 性 :男 性 } 没 有 资 格 领 导 佣 兵 公 司，但 我 怀 疑 你 会 证 明 他 们 错 了。你 怎 么 说？{reg33?:}
str_id_5760|你 觉 得 加 入 到 {s9} 的 麾 下 当 一 个 佣 兵 队 长 如 何？我 坚 信 你 能 胜 任 这 个 职 务。
str_id_5761|{s9} 要 你 去 营 救 被 关 押 在 {s24} 的 {s13}。
str_id_5762|{s9} 要 你 去 袭 击 村 庄 或 者 商 队，以 挑 起 与 {s13} 的 战 争。
str_id_5763|{s9} 要 你 抓 捕 三 群 逃 跑 的 农 奴 到 {s4}。他 说 那 三 群 农 奴 一 定 是 朝 着 {s3} 的 方 向 逃 跑 的。
str_id_5765|你 打 算 把 货 物 带 去 {s9}，用 以 准 备 宴 会。一 旦 条 件 允 许，宴 会 就 会 马 上 举 行。
str_id_5766|你 好，{playername}
str_id_5767|能 再 见 到 你，我 的 心 里 是 多 么 的 高 兴 啊！有 时 候，我 都 觉 得 冥 冥 中 有 无 形 的 羁 绊 把 我 们 相 连。
str_id_5768|不 得 不 说，我 真 羡 慕 你 能 在 外 面 自 由 驰 骋，尽 情 体 验 这 个 世 界。
str_id_5769|我 相 信 自 从 我 们 上 一 次 见 面 之 后，你 的 举 止 已 经 非 常 令 人 尊 敬 了。
str_id_5770|真 高 兴 你 能 来。
str_id_5771|我 很 喜 欢 与 你 交 谈。但 你 肯 定 明 白，我 们 的 习 俗 会 非 议 一 个 {reg65?女 人:男 孩} 与 家 族 之 外 的 {reg65?女 人:男 人} 交 谈 太 久，哪 怕 {reg65?她:他} 并 无 恶 意—— 可 上 天 作 证，最 后 受 到 责 怪 的 从 来 不 是 {reg33?女 人:男 人}。
str_id_5772|就 像 我 很 享 受 与 你 交 谈 一 样，我 并 不 介 意 被 那 些 缺 乏 如 我 这 样 优 雅 与 美 丽 的 人 议 论。
str_id_5773|我 确 实 很 喜 欢 和 你 说 话。但 作 为 这 片 土 地 上 伟 大 家 族 之 一 的 {reg65?女 儿 :后 裔 }，我 必 须 树 立 得 体 行 为 的 榜 样。
str_id_5774|我 确 实 很 喜 欢 和 你 说 话。但 作 为 良 好 家 族 的 {reg65?女 儿 :儿 子 }，我 必 须 保 护 我 的 声 誉。
str_id_5775|虽 然 你 对 我 如 此 关 注 很 善 意，但 我 怀 疑 你 可 能 会 找 到 其 他 更 倾 向 于 回 报 你 感 情 的 {reg65?女 士 :年 轻 男 子 }。
str_id_5776|你 的 垂 青 令 我 受 宠 若 惊，但 也 许 你 该 去 寻 找 另 一 位……该 怎 么 说 呢……喜 好 不 同 的 {reg65?女 士:小 伙 子}。
str_id_5777|你 的 关 注 令 我 受 宠 若 惊，但 我 是 出 身 良 家 的 {reg65?女 儿:子 嗣}，必 须 顾 及 名 声。与 一 个 {reg33?女 人:男 人} 一 次 交 谈 太 久 并 不 合 适。我 相 信 你 能 理 解。现 在，请 容 我 告 退……
str_id_5778|很 好，时 间 由 你 来 定。
str_id_5779|好！我 很 高 兴 你 放 弃 了 在 我 准 备 好 之 前 逼 我 结 婚 的 想 法。{reg33?:}
str_id_5781|我 是 
str_id_5784|{s12} {s11} 到 {s14}
str_id_5786|{s12}。我 在 这 里 参 加 宴 会。
str_id_5787|另 一 段 竞 技 比 赛 献 词？哦，我 想 净 是 些 吹 捧 的 话……
str_id_5788|是 吗？哎 呀，这 话 说 得 真 英 勇。
str_id_5789|嗯……虽 说 不 能 完 全 赞 同 这 种 轻 浮 的 言 行，不 过 必 须 承 认 我 还 蛮 受 用 的。
str_id_5790|是 吗，谢 谢 你。你 能 这 样 做 真 是 太 好 了。
str_id_5791|你 太 客 气 了，谦 恭 有 礼 真 是 一 种 美 德。{reg33?:}
str_id_5792|嗯，你 是 个 鲁 莽 大 胆 的 家 伙，不 过 我 喜 欢。
str_id_5793|呃，好 吧，他 们 都 这 么 说。不 过 没 关 系。明 确 的 恭 维 最 起 码 是 个 好 的 开 始。
str_id_5794|噢！你 真 是 那 个 意 思？你 能 这 么 说 真 是 太 好 了。
str_id_5795|你 是 一 位 非 常 英 勇 的 年 轻 {reg33?女 性 :男 性 }。
str_id_5796|请 一 定 尽 快 来 看 我。
str_id_5797|你 打 算 就 与 {s15} 成 婚 一 事，征 求 {s12} 的 同 意。
str_id_5798|你 打 算 请 求 {s12} 帮 忙 劝 说 {s10} 与 你 成 婚。
str_id_5799|请 务 必 小 心！在 这 件 事 情 上，我 真 的 非 常 感 激 你…
str_id_5800|去 吧，那 么，让 我 们 看 看 你 们 当 中 谁 会 成 功…
str_id_5801|（叹 气……）我 永 远 无 法 理 解 {reg33?女 人:男 人}，还 有 他 们 那 些 鲁 莽 的 举 动……
str_id_5802|你 打 算 挑 战 {s13}，以 强 迫 {reg4?她 :他 } 放 弃 对 {s11} 的 追 求。
str_id_5803|再 会。
str_id_5804|再 见，{playername}。
str_id_5805|我 们 相 信 通 过 销 售 可 以 赚 钱
str_id_5807|我 们 有 选 择 性 地 运 送 货 物。尽 管 单 件 货 物 的 差 价 并 不 是 很 大，但 我 们 期 望 从 全 部 货 物 里 谋 取 利 润。
str_id_5808|{s14} 和 其 它 商 品。
str_id_5809|你 是 不 是 没 有 跟 我 们 的 领 主 签 订 协 议？
str_id_5810|释 放 
str_id_5811|普 通 
str_id_5813|与 此 同 时，{s51} {reg2?被 :被 } 关 押 在 城 堡 中，但 {reg2?已 经 :已 经 } 立 誓 不 逃 跑，并 被 安 置 在 更 舒 适 的 住 处。
str_id_5814|{reg33?女 士:陛 下}，你 应 该 知 道，{s4} 与 {s5} 之 间 的 争 执 正 在 损 害 王 国 团 结，也 在 削 弱 你 的 权 威。若 能 说 服 两 位 领 主 和 解，我 想 {s7} 一 定 会 很 高 兴；但 你 也 要 冒 险 承 受 其 中 一 人 认 为 你 偏 袒 对 手 的 后 果。
str_id_5815|我 的 {reg33?女 士 :领 主 }，你 可 能 知 道 {s4} 和 {s5} 之 间 的 争 吵 正 在 损 害 王 国 的 统 一。如 果 你 能 说 服 领 主 们 和 解，我 想 {s7} 会 非 常 高 兴。然 而，承 担 此 任 务 时，你 冒 着 有 领 主 认 为 你 偏 袒 对 手 的 风 险。
str_id_5816|当 然，这 个 地 方 目 前 处 于 和 平 之 中，所 以 你 也 许 该 去 其 他 王 国 碰 碰 运 气。
str_id_5817|这 儿 
str_id_5818|目 前
str_id_5819|{s8} 在 {s12} 里 
str_id_5820|已 经 悬 赏 一 些 在 该 地 区 袭 击 旅 行 者 的 土 匪。
str_id_5821|正 在 寻 求 办 法，阻 止 即 将 发 生 的 战 争。
str_id_5822|也 许 需 要 人 帮 忙 营 救 被 囚 禁 的 家 族 成 员。
str_id_5823|正 在 找 需 要 工 作 的 人。不 过 跟 他 做 事 你 得 当 心。
str_id_5824|城 镇 
str_id_5825|城 堡 
str_id_5826|但 是 {reg4?她 :他 } 现 在 正 作 为 囚 犯 被 扣 押 在 {s13} 的 地 牢 里。
str_id_5829|听 说 {s9} 是 位 非 常 传 统 的 {reg4?少 女:青 年}，一 心 顾 念 {reg4?她:他} 的 家 族，性 情 善 良 温 和，处 处 都 像 一 位 真 正 的 {reg4?淑 女:绅 士}，符 合 {reg4?她:他} 的 身 份。
str_id_5830|人 们 说 {s9} 有 些 浪 漫 多 梦，性 情 温 和 却 难 以 捉 摸，也 可 能 被 激 情 冲 昏 头 脑，给 家 人 招 来 麻 烦。
str_id_5831|听 说 {s9} 决 心 缔 结 一 门 好 婚 事，在 世 上 留 下 {reg4?她:他} 的 名 声。{reg4?她:他} 或 许 会 成 为 {reg4?她 丈 夫:他 妻 子} 的 巨 大 助 力—— 前 提 是 {reg4?他:她} 能 满 足 {reg4?她:他} 的 野 心！
str_id_5832|听 说 {s9} 热 爱 狩 猎 与 骑 马。也 许 {reg4?她:他} 希 望 {reg4?她:他} 生 来 是 个 {reg4?男 人:女 人}！我 看，无 论 {reg4?她:他} 与 谁 结 婚，对 方 都 很 难 占 据 上 风。
str_id_5833|据 说 {s9} 是 一 位 道 德 标 准 极 高 的 {reg4?女 士 :年 轻 绅 士 }。非 常 令 人 钦 佩，非 常 令 人 钦 佩—— 而 且 很 难 取 悦，我 保 证。
str_id_5834|{s9} 如 今 和 {s11} 订 婚 了。我 们 相 信 不 久 这 里 将 会 有 一 场 婚 礼！
str_id_5835|我 没 有 听 到 任 何 关 于 {reg4?她 :他 } 的 消 息。
str_id_5837|据 说 {s9} 对 {s11} 表 示 了 好 感。或 许 不 久 他 们 就 会 订 婚—— 如 果 {reg4?她 的 :他 的 } 家 庭 允 许。
str_id_5838|据 说 {s9} 被 {reg4?她 的 :他 的 } 家 庭 强 迫 与 {s11} 订 婚。
str_id_5839|据 说 {s9} 已 经 答 应 了 {s11} 的 求 婚，而 且 现 在 他 们 已 经 订 婚 了。
str_id_5840|据 说 {s9} 迫 于 家 族 的 压 力，答 应 与 {s11} 订 婚。
str_id_5841|据 说 {s9} 拒 绝 了 {s11} 的 求 婚。
str_id_5842|据 说 {s11} 已 经 对 追 求 {s9} 感 到 厌 倦 了。
str_id_5843|听 说 {s9} 的 家 族 强 迫 {reg4?她:他} 放 弃 了 深 爱 的 {s11}；{reg4?她:他} 对 此 一 直 难 以 释 怀。
str_id_5844|据 说 {s9} 与 {s11} 私 奔 了，给 {reg4?她 的 :他 的 } 家 庭 带 来 了 许 多 悲 痛。
str_id_5845|据 说 {s9} 和 {s11} 已 经 结 婚 了。
str_id_5846|据 说 {s11} 最 近 拜 访 了 {s9}。谁 知 道 接 下 来 会 怎 样！
str_id_5847|没 什 么 可 说 的，不 过 现 在 离 本 季 结 束 还 早。
str_id_5849|{s12} 有 一 场 {s3} 举 办 的 宴 会 正 在 {s4} 进 行，不 过 已 经 持 续 了 好 几 天，现 在 快 要 结 束 了。
str_id_5850|{s12} 有 一 场 {s3} 举 办 的 宴 会 正 在 {s4} 进 行，而 且 至 少 将 持 续 到 明 天。
str_id_5851|{s12} 有 一 场 {s3} 举 办 的 宴 会 正 在 {s4} 进 行，而 且 刚 开 始 不 久。
str_id_5852|这 个 时 候 没 有，不。
str_id_5853|{s12} 大 贵 族 们 带 着 他 们 的 姐 妹 和 女 儿，出 席 各 种 场 合，抛 头 露 面，因 此 有 极 好 的 机 会 结 识 某 位 小 姐。
str_id_5854|{reg33?夫 人 :先 生 }，你 不 会 失 望 的。在 整 个 旧 世 界，你 找 不 到 更 好 的 战 士。
str_id_5855|阁 下 
str_id_5856|{s10} 和 {s11}
str_id_5857|你 忠 实 的 臣 民 
str_id_5858|{s10} 的 忠 实 臣 民 
str_id_5859|{reg33?她:他}
str_id_5860|我 们 
str_id_5861|找 到 {s7} 并 击 败 他，以 解 除 {s11} 的 战 事。
str_id_5862|追 踪 袭 击 {s8} 附 近 过 往 行 人 的 {s9}，然 后 返 回 城 镇 报 告。
str_id_5866|你 打 算 把 它 授 予 你 的 某 个 封 臣 吗？
str_id_5867|你 打 算 把 它 授 予 谁？
str_id_5868|{reg33?女 士 :陛 下 }，我 们 已 经 占 领 了 {s1}。{s2}
str_id_5869|{s12} 我 打 算 保 留 {s1} 给 我 自 己。{s2}
str_id_5870|（封 地：{s0}）
str_id_5872|我 们 正 在 从 集 市 上 购 买 原 材 料。
str_id_5873|我 们 只 使 用 我 们 仓 库 里 的 原 料。
str_id_5874|我 们 把 我 们 的 产 品 搬 到 仓 库 去。
str_id_5875|我 们 把 我 们 的 产 品 直 接 卖 给 仓 库。
str_id_5876|你 没 能 按 照 计 划 举 办 宴 会。很 可 能 是 被 大 的 战 役 或 者 其 他 事 件 所 干 扰。只 要 你 愿 意，你 可 以 试 着 再 次 举 办 宴 会。
str_id_5877|下 落 不 明 
str_id_5878|数 英 亩 的 桑 树 林 
str_id_5879|数 英 亩 的 橄 榄 树 林 
str_id_5880|数 英 亩 的 亚 麻 田 
str_id_5881|{reg33?女 士 :先 生 }，你 是 这 个 王 国 的 敌 人。我 们 不 能 允 许 你 在 这 里 购 买 土 地。{reg33?:}
str_id_5883|你 打 算 代 表 {s12} 向 {s13} 偷 偷 揭 发 {s14}
str_id_5884|你 打 算 代 表 {s12} 公 开 揭 发 {s14}。
str_id_5885|你 打 算 带 着 天 鹅 绒 和 毛 皮 到 {s12} 那 里 去。然 后，和 {s14} 谈 一 谈，看 看 {s12} 能 否 安 排 一 次 和 解。
str_id_5886|我 们 将 集 合 军 队，但 是 在 确 定 目 标 之 前 不 要 贸 然 行 动。
str_id_5887|我 们 正 在 向 他 们 防 守 最 薄 弱 的 堡 垒 集 结 部 队。
str_id_5888|我 们 打 算 对 他 们 进 行 致 命 的 猛 烈 攻 击。
str_id_5889|我 们 打 算 攻 占 一 座 对 我 们 来 说 易 于 防 守 的 堡 垒。
str_id_5890|我 们 将 他 们 最 富 庶 的 地 区 化 为 焦 土，迫 使 他 们 前 来 应 战。
str_id_5891|我 认 为 这 个 策 略 太 草 率，没 必 要 让 我 们 的 军 队 暴 露 在 危 险 之 下。
str_id_5892|我 认 为 这 个 策 略 过 于 谨 慎 了，会 让 我 们 因 为 没 有 任 何 胜 绩 而 导 致 军 心 涣 散。
str_id_5893|有 些 事 情 在 做，但 是 我 想 不 起 来 详 细 的 内 容 了。
str_id_5894|{s0} 领 主 
str_id_5895|{s0} 伯 爵 
str_id_5896|{s0} 波 维 尔 
str_id_5897|{s0} 领 主 
str_id_5898|{s0} 首 领 
str_id_5899|{s0} 伯 爵 
str_id_5900|{s0} 埃 米 尔 
str_id_5901|{s0} 领 主 
str_id_5902|{s0} 波 耶 
str_id_5903|{s0} 爵 士 
str_id_5904|{s0} 勋 爵 
str_id_5905|{s0}大 师
str_id_5906|{s0} 领 主 
str_id_5907|{s0} 领 主 
str_id_5908|{s0}爵 士
str_id_5909|{s0} 波 雅 尔 
str_id_5910|{s0} 爵 士 
str_id_5911|{s0} 爵 士 
str_id_5912|{s0} 爵 士 
str_id_5913|{s0} 夫 人 
str_id_5914|{s0} 伯 爵 夫 人 
str_id_5915|{s0} 波 维 尔 夫 人 
str_id_5916|{s0} 领 主 夫 人 
str_id_5917|{s0} 乔 安 妮 
str_id_5918|{s0} 伯 爵 夫 人 
str_id_5919|{s0} 莎 耶 达 
str_id_5920|{s0} 夫 人 
str_id_5921|{s0} 波 耶 夫 人 
str_id_5922|{s0} 夫 人 
str_id_5923|{s0} 夫 人 
str_id_5924|{s0}大 师
str_id_5925|{s0} 夫 人 
str_id_5926|{s0} 夫 人 
str_id_5927|{s0} 夫 人 
str_id_5928|{s0}女 爵
str_id_5929|{s0} 夫 人 
str_id_5930|{s0} 夫 人 
str_id_5931|{s0} 夫 人 
str_id_5932|你 的 王 国 将 以 何 名 立 于 世 间？
str_id_5933|{s0} 王 国 
str_id_5934|领 主 背 叛 ^^{s1} 已 经 放 弃 了 {reg4?她 :他 } 对 {s3} 的 效 忠，加 入 了 {s2}
str_id_5935|领 主 叛 变 ^^{s1} 已 放 弃 {reg4?她 :他 } 对 {s3} 的 效 忠。{reg4?她 :他 } 已 暂 时 加 入 你 的 王 国。如 果 你 愿 意，可 以 去 你 的 宫 廷 接 收 誓 言。
str_id_5936|领 主 叛 变 ^^{s1} 已 放 弃 {reg4?她 :他 } 对 {s3} 的 效 忠。{reg4?她 :他 } 已 暂 时 加 入 你 的 王 国。如 果 你 愿 意，可 以 去 你 的 宫 廷 接 收 誓 言。
str_id_5937|奉 {s6} 之 命，{s5} 的 {s4} 被 控 叛 国，头 衔 与 财 产 全 部 遭 到 剥 夺。{reg4?她:他} 为 保 性 命 而 逃 亡，并 希 望 加 入 你 的 王 国。如 果 你 愿 意，可 以 在 宫 廷 接 见 {reg4?她:他}，接 受 {reg4?她:他} 的 效 忠。
str_id_5938|向 您 致 敬，{reg33?女 士:大 人}。您 或 许 已 听 说 我 在 {s10} 手 中 遭 受 的 不 公。您 素 有 善 待 封 臣 的 名 声；若 能 向 您 宣 誓 效 忠，将 是 我 的 荣 幸。
str_id_5939|我 很 乐 意 接 受 你 的 效 忠。
str_id_5940|抱 歉，我 并 不 需 要 你 的 效 忠。
str_id_5941|是 吗？好 吧，也 许 你 的 名 声 有 误。再 见，我 的 {reg33?女 士 :领 主 }—— 我 去 看 看 这 个 世 界 是 否 有 其 他 统 治 者 更 欣 赏 我 的 才 能。
str_id_5942|担 心 强 盗 在 他 的 领 地 建 立 了 一 个 藏 身 之 处。
str_id_5943|找 到 并 摧 毁 {s9}，然 后 向 {s11} 汇 报。
str_id_5944|你 悄 然 接 近 了 藏 身 处。{s4} 似 乎 尚 未 发 现 你，现 在 仍 可 不 动 声 色 地 撤 离。通 往 此 地——{s5}—— 的 道 路 极 为 艰 难，因 此 只 有 少 数 士 兵 能 参 与 进 攻，而 且 无 法 携 带 坐 骑。若 首 次 袭 击 失 败，{s4} 便 能 轻 易 逃 散。你 要 立 即 进 攻 藏 身 处，还 是 等 待 下 次 机 会？
str_id_5945|那 些 {s4} 击 退 了 你 的 进 攻。你 重 整 部 队，再 次 进 发 却 发 现 他 们 四 散 而 去，消 失 在 了 茫 茫 荒 野 之 中，毫 无 疑 问 地 他 们 将 继 续 成 为 这 片 地 区 旅 行 者 们 的 威 胁。
str_id_5946|随 着 他 们 的 退 路 被 切 断，那 些 {s4} 在 你 的 果 断 进 攻 下 一 个 接 着 一 个 倒 下。他 们 的 藏 身 之 所，以 及 他 们 的 不 义 之 财，现 在 是 你 的 了。
str_id_5947|钻 入 一 条 狭 窄 的 隘 路 
str_id_5948|穿 过 一 片 树 林 沼 泽 
str_id_5949|穿 过 一 片 浓 密 的 灌 木 丛 
str_id_5950|爬 上 一 条 悬 崖 上 的 小 道 
str_id_5951|钻 进 一 个 穿 过 海 边 悬 崖 的 河 床 
str_id_5952|伏 击！^^在 停 下 来 取 水 时，你 遭 到 萨 尔 托 萨 海 盗 王 国 残 余 势 力 的 攻 击。
str_id_5953|在 这 种 情 况 下，领 地 应 该 封 给 一 个 既 没 有 土 地 又 没 有 收 入 的 领 主。
str_id_5954|在 这 种 情 况 下，城 堡 应 该 归 属 于 攻 下 这 里 的 人。
str_id_5955|在 这 种 情 况 下，我 会 考 虑 从 我 的 挚 友 和 心 腹 中，选 出 一 个 最 值 得 奖 赏 的 人，作 为 领 地 的 主 人。
str_id_5956|在 这 种 情 况 下，我 会 考 虑 从 这 个 王 国 的 所 有 领 主 中，挑 选 一 个 最 值 得 奖 赏 的 人，作 为 领 地 的 主 人。
str_id_5957|因 为 缺 少 其 他 显 见 的 候 选 人，我 提 名 我 自 己。
str_id_5958|我 选 中 了 我 们 贵 族 中 最 勇 敢、最 值 得 信 任，也 尚 未 被 争 议 污 名 所 累 的 那 一 位。
str_id_5959|很 大。绑 架 者 在 战 斗 中 被 击 败 后，我 想 你 的 朋 友 很 快 就 会 重 新 露 面。
str_id_5960|在 训 练 场 上 四 处 走 动，并 与 各 位 斗 士 交 谈，即 可 练 习《Mount&Blade》的 各 类 战 斗 技 巧。使 用 W、A、S、D键 移 动。想 与 角 色 交 谈，靠 近 对 方，等 名 字 出 现 在 屏 幕 上 后 按 F键。捡 拾 物 品、开 门 或 与 其 他 物 体 互 动 时，同 样 使 用 F键。随 时 按 Tab键 即 可 退 出 教 程。
str_id_5961|地 图 
str_id_5962|游 戏 类 型 
str_id_5963|战 场 模 式 
str_id_5964|围 城 ( 进 攻 ) 
str_id_5965|围 城 ( 防 御 ) 
str_id_5966|角 色 
str_id_5967|背 景 
str_id_5968|玩 家 
str_id_5969|敌 人 
str_id_5970|派 系
str_id_5971|部 队 成 份 
str_id_5972|部 队 规 模 
str_id_5974|{reg0}人
str_id_5975|开 始 
str_id_5976|我 需 要 先 招 募 一 些 士 兵 才 能 尝 试 其 他 事 情
str_id_5977|我 们 现 在 保 持 和 平 
str_id_5978|元 帅 职 位 
str_id_5979|你 
str_id_5980|我 自 己 
str_id_5981|我 的 朋 友 {s15}
str_id_5982|定 制 战 斗 
str_id_5983|我 听 说 你 质 疑 我 对 王 冠 的 主 张。无 需 多 说，我 对 这 个 消 息 不 悦。不 过，我 们 仍 可 谈 谈。
str_id_5984|{s8}{s21} 由 于 个 人 恩 怨 而 宣 战 
str_id_5985|{s8}{s21} 由 于 敌 人 针 对 边 境 的 挑 衅 而 宣 战 
str_id_5986|{s8}{s21} 为 了 削 弱 其 他 国 家 的 实 力 而 宣 战 
str_id_5987|{s8}{s21} 为 了 收 复 失 地 而 宣 战 
str_id_5988|^ 家 族：
str_id_5989|我 们 将 先 侦 察 该 区 域，再 决 定 行 动。
str_id_5990|^家 人：
str_id_5991|{s49}{s12}（{s11}）。
str_id_5992|并 非 我 们 的 目 标，因 为 我 方 目 前 没 有 领 军 出 征 的 统 帅。
str_id_5993|不 是 我 们 的 敌 人。
str_id_5994|正 遭 到 围 攻。
str_id_5995|已 被 洗 劫 一 空。
str_id_5996|居 住 着 平 民，如 果 土 地 被 毁，他 们 将 受 害 最 深。
str_id_5997|已 遭 围 攻，因 此 此 时 转 向 别 处 并 不 明 智。
str_id_5998|近 在 手 边；我 们 应 先 夺 取 此 地 财 富，再 蹂 躏 其 余 地 区。
str_id_5999|未 使 用
str_id_6000|距 离 太 远 了，连 侦 察 都 很 困 难。
str_id_6001|距 离 太 远 了，连 侦 察 都 很 困 难。
str_id_6002|{s6} 比 {s5} 距 我 们 的 势 力 范 围 还 要 远，这 样 一 来，即 使 我 们 占 领 了 那 里 也 无 法 保 障 它 的 安 全。
str_id_6003|{s6} 比 {s5} 距 我 们 的 国 境 近 多 了，但 是 由 于 一 些 其 他 的 原 因，我 们 此 时 无 法 对 {s6} 展 开 进 攻。
str_id_6004|由 敌 军 守 卫，据 我 们 估 计，其 兵 力 远 胜 于 我 军。
str_id_6005|由 一 支 敌 军 守 卫；据 我 们 估 计，其 实 力 过 于 强 大，贸 然 交 战 难 有 胜 算。
str_id_6006|攻 下 它 将 付 出 惨 重 代 价，且 风 险 极 高。
str_id_6007|防 守 过 于 严 密，难 以 攻 下。
str_id_6008|价 值 不 足 以 让 我 们 冒 险 进 攻。
str_id_6009|防 守 可 破，且 其 价 值 足 以 值 得 我 们 发 动 进 攻。
str_id_6010|距 我 们 的 另 一 座 城 堡 太 远，难 以 防 守。
str_id_6011|我 们 正 等 候 元 帅 的 任 命。
str_id_6012|我 们 已 经 拥 有 了 如 此 规 模 的 部 队，最 好 的 选 择 就 是 对 敌 人 的 领 地 展 开 进 攻。
str_id_6013|我 们 相 信 这 座 城 堡 值 得 进 攻。
str_id_6014|我 们 将 集 结 力 量 防 守 这 座 被 围 攻 的 城 堡。
str_id_6015|敌 人 暂 时 占 据 战 场，我 们 应 先 寻 一 处 避 难 之 地，静 待 风 头 过 去。
str_id_6016|近 来 未 经 我 军 侦 察，不 过 可 先 行 前 往，待 接 近 后 再 作 决 断。
str_id_6017|我 们 已 经 集 合 了 一 部 分 领 主，但 是 在 我 们 进 入 敌 人 的 领 土 前，仍 然 需 要 等 候 更 多 的 领 主 率 领 部 队 加 入 我 们 以 策 万 全。
str_id_6018|我 们 正 等 待 其 他 封 臣 前 来 会 合。
str_id_6019|我 们 正 赶 往 {s11}，这 样 一 来 领 主 们 就 能 更 容 易 地 在 我 们 出 击 前 加 入 我 们 的 队 伍 了。
str_id_6020|我 们 近 来 未 曾 侦 察 此 地，尚 不 清 楚 其 防 守 强 弱。
str_id_6021|我 们 认 为 它 防 御 严 密。
str_id_6022|我 们 认 为 此 地 防 守 尚 可。
str_id_6023|我 们 认 为 它 防 御 薄 弱。
str_id_6024|离 我 们 比 离 已 探 明 的 敌 军 主 力 更 近，可 抢 在 敌 军 反 应 过 来 前 发 动 进 攻 并 将 其 摧 毁。
str_id_6025|+
str_id_6026|-
str_id_6027|嗨，你 不 觉 得 在 我 们 开 始 前 你 需 要 先 拿 一 把 武 器 吗？那 里 就 有 不 少 武 器 可 以 使 用，赶 快 找 一 把 趁 手 的。
str_id_6028|你 得 先 收 起 盾 牌。向 下 滚 动 鼠 标 滚 轮 即 可 收 起 盾 牌。
str_id_6029|这 项 练 习 需 要 你 持 用 一 件 近 战 武 器。
str_id_6030|向 上 滚 动 鼠 标 滚 轮 以 装 备 武 器。向 上 滚 动 可 切 换 至 下 一 件 武 器，向 下 滚 动 则 切 换 至 下 一 面 盾 牌。
str_id_6031|成 功 攻 击 次 数：{reg0}/5^ 失 败 攻 击 次 数：{reg1}^{s0}
str_id_6032|进 行 戳 刺 攻 击！（按 下 鼠 标 左 键 并 向 下 移 动 你 的 鼠 标）
str_id_6033|进 行 上 劈 攻 击！（按 下 鼠 标 左 键 并 向 上 移 动 你 的 鼠 标）
str_id_6034|左 砍 攻 击！（按 下 鼠 标 左 键 并 向 左 移 动 你 的 鼠 标）
str_id_6035|右 砍 攻 击！（按 下 鼠 标 左 键 并 向 右 移 动 你 的 鼠 标）
str_id_6036|成 功 格 挡 次 数：{reg0}/5 
str_id_6037|成 功 架 招 次 数：{reg0} / 5
str_id_6038|有 效 命 中 次 数：{reg0} / 3^{s0}
str_id_6039|教 程 中 会 自 动 补 满 你 的 远 程 弹 药。
str_id_6040|靠 近 {s0} 然 后 按 下 F键 捡 起 它。
str_id_6041|现 在 射 击 目 标。
str_id_6042|准 心 的 大 小 代 表 了 你 的 射 击 精 度。按 下 鼠 标 左 键 不 放 直 到 准 心 聚 拢 到 最 小。当 准 心 到 达 最 小 时 释 放 鼠 标 左 键。如 果 你 瞄 准 的 时 间 过 长 准 心 会 再 次 放 大。
str_id_6043|按 R键 切 换 第 一 人 称 视 角。使 用 远 程 武 器 时，第 一 人 称 视 角 更 便 于 瞄 准。
str_id_6044|你 已 击 中 了 所 有 目 标。现 在 再 去 和 教 练 交 谈。
str_id_6045|走 近 {s0} 然 后 按 下 F键 捡 起 它。
str_id_6046|靠 近 马 匹 然 后 按 F键 骑 马。
str_id_6047|骑 向 下 一 个 路 径 点。
str_id_6048|击 打 下 一 个 上 面 有 箭 头 的 假 人！
str_id_6049|射 击 上 面 有 箭 头 的 箭 靶！
str_id_6050|你 成 功 地 完 成 了 练 习。现 在 回 到 教 练 那 儿 去 和 他 谈 谈。
str_id_6051|你 王 国 的 大 领 主 们 准 备 齐 聚 于 你 位 于 {s10} 的 大 厅，举 行 一 场 宴 会。
str_id_6052|你 先 前 的 宫 廷 已 于 一 段 时 间 前，
str_id_6053|等 待 夺 回 一 座 要 塞 作 为 你 的 宫 殿。
str_id_6054|我 会 重 视 你 的 建 议。但 如 果 搞 砸 了，我 要 追 究 你 的 责 任。
str_id_6055|我 了 解 你 和 {s4} 关 系 很 好，但 这 都 是 为 了 国 家 的 利 益 
str_id_6056|我 了 解 你 和 {s4} 关 系 很 好—— 但 这 仅 仅 意 味 着 你 对 他 的 打 击 将 更 大！
str_id_6057|商 人 带 你 到 他 的 房 子。一 旦 进 入，他 在 门 边 站 了 一 会 儿 检 查 街 道，然 后 最 终 确 信 你 没 有 被 跟 踪，走 近 你 说 话……{reg33?:}
str_id_6058|你 被 击 倒 在 地。失 去 意 识 前，你 听 见 一 阵 呼 喊 和 急 促 的 脚 步 声……醒 来 时，你 发 现 自 己 身 处 室 内，虽 然 虚 弱，却 仍 然 活 着。{reg33?:}
str_id_6059|现 在 不 能 离 开。
str_id_6060|按 Tab键 即 可 离 开。在 游 戏 中，你 可 随 时 按 Tab键 快 速 离 开 当 前 场 景。
str_id_6061|找 到 {s9} 附 近 的 匪 巢，解 救 {s10} 的 商 人 的 兄 弟。
str_id_6062|{reg33?女 士 :先 生 }—— 如 果 你 想 证 明 我 给 予 你 的 信 任 是 值 得 的，那 就 快 点 行 动。去 找 一 些 志 愿 者。我 不 确 定 我 们 有 多 少 时 间。
str_id_6063|听 着—— 你 还 需 要 更 多 人 手。现 在 你 的 队 伍 里 只 有 {reg0}人。带 这 点 人 去 进 攻，没 准 儿 会 被 他 们 戴 上 镣 铐 拖 回 老 巢；那 可 不 是 我 们 的 计 划。别 冒 这 个 险。去 其 他 村 庄 再 招 些 志 愿 者，然 后 再 让 那 些 匪 徒 尝 尝 自 己 的 手 段。
str_id_6064|好，很 好。你 干 得 漂 亮。现 在 人 手 已 经 足 够，去 敲 开 几 个 强 盗 的 脑 袋，逼 他 们 说 出 老 巢 在 哪 里。
str_id_6065|听 着，{reg33?女 士 :先 生 }，时 间 紧 迫。请 尽 快 查 清 他 们 把 我 兄 弟 藏 在 了 哪 里。
str_id_6066|{s9} 要 你 从 附 近 村 庄 招 募 至 少 五 人。招 募 这 些 人 后，找 到 并 与 他 交 谈。他 在 {s1} 的 酒 馆。
str_id_6067|找 到 并 打 败 一 队 出 没 于 {s9} 附 近 的 强 盗，弄 清 楚 你 雇 主 的 兄 弟 被 关 在 哪 里。
str_id_6068|从 {s9} 附 近 的 匪 巢 救 出 商 人 的 兄 弟。
str_id_6069|你 接 到 了 你 的 第 一 个 任 务。游 戏 中，你 可 以 按 Q键 随 时 查 看 任 务 日 志。
str_id_6070|我 们 现 在 的 目 标 拥 有 巨 大 的 价 值。
str_id_6071|敌 军 若 进 攻 {s8}，将 对 我 国 构 成 更 大 威 胁。
str_id_6072|我 们 认 为 {s8} 受 到 了 更 严 重 的 威 胁 
str_id_6073|也 许 是 因 为 该 区 域 敌 军 的 规 模。
str_id_6074|我 不 确 定。
str_id_6075|我 们 尚 不 清 楚 此 地 的 防 守 强 弱。
str_id_6076|我 们 认 为 此 地 防 守 严 密。
str_id_6077|我 们 认 为 此 地 防 守 尚 可。
str_id_6078|我 们 认 为 此 地 防 守 薄 弱。
str_id_6079|已 决 定 进 攻 
str_id_6080|综 合 考 虑 其 价 值、距 离 与 预 计 守 军 数 量，这 个 目 标 更 值 得 我 们 出 手。
str_id_6081|已 决 定 防 守 
str_id_6082|在 转 入 进 攻 前，我 们 应 先 消 除 对 本 土 的 威 胁。因 此，元 帅 决 定 防 守 {s4}。
str_id_6083|现 在……让 我 来 说 明 我 的 提 议。
str_id_6084|啊—— 你 醒 了。很 高 兴 看 到 你 还 能 走 路。你 很 幸 运 我 们 来 了。我 当 时 正 在 和 守 卫 说 话，当 我 们 听 到 打 斗 声 就 跑 去 看 发 生 了 什 么 事。我 们 没 有 及 时 赶 到 阻 止 你 被 击 倒，但 可 能 救 了 你 的 命……现 在……也 许 你 能 帮 我……{reg33?:}
str_id_6085|从 强 盗 手 中 救 回 {s9}。
str_id_6086|哈！干 得 好！我 看 见 你 至 少 干 掉 了 三 个 敌 人。保 持 这 样 的 表 现，继 续 战 斗 下 去，你 一 定 会 在 这 片 大 陆 上 扬 名 立 万 的。
str_id_6087|干 得 好！我 听 说 你 干 掉 了 一 两 个 混 蛋，而 自 己 却 毫 发 无 伤。对 于 一 场 战 斗 来 说，没 有 什 么 比 这 样 的 结 果 更 好 了……
str_id_6088|嗯，敌 人 已 经 溃 逃，而 你 看 起 来 仍 站 得 稳。说 到 底，这 才 是 一 场 战 斗 最 要 紧 的 结 果。
str_id_6089|啊！你 醒 了。你 受 了 重 击。但 好 消 息！我 们 击 败 了 他 们—— 而 且 你 在 倒 下 前 对 他 们 造 成 了 真 正 伤 害。如 果 你 不 在 这 里，情 况 可 能 很 糟。我 感 谢 你……{reg33?:}{reg33?:}
str_id_6090|啊！你 还 活 着。那 就 放 心 了。你 受 了 重 击。我 不 确 定 你 自 己 干 掉 了 任 何 敌 人，但 幸 运 的 是，我 们 其 他 人 能 打 败 他 们。我 们 需 要 给 你 一 些 治 疗……{reg33?:}
str_id_6091|让 所 有 恶 人 都 为 {playername} 之 名 而 战 栗 吧！
str_id_6092|啊，我 只 是 尽 了 自 己 的 一 份 力。能 和 大 家 并 肩 作 战，我 很 自 豪。
str_id_6093|嗯，我 正 准 备 干 掉 一 个 家 伙，就 滑 倒 在 血 水 里 了，你 懂 的……
str_id_6094|啊，好 吧。我 想 我 不 会 介 意 因 为 正 当 理 由 而 挨 上 的 一 击。
str_id_6095|对。我 是 应 该 更 小 心 些。
str_id_6096|不 幸 的 是，我 手 下 的 小 伙 子 们 大 约 有 {reg0}个 人 受 伤 了。我 得 去 看 看 他 们。
str_id_6097|不 幸 的 是，我 的 一 个 手 下 受 了 很 重 的 伤。我 得 去 看 看 他 怎 么 样 了 
str_id_6098|而 且，我 们 这 边 没 有 任 何 人 伤 得 很 严 重。这 是 个 好 消 息。
str_id_6099|你 离 开 了 酒 馆，来 到 大 街 上。在 每 一 个 街 角，你 都 能 看 到 那 些 看 上 去 很 紧 张 的 年 轻 人。当 你 路 过，你 能 发 现 藏 在 他 们 衣 服 下 的 匕 首 和 棍 棒，以 及 他 们 那 种 混 杂 着 恐 惧、期 待 和 自 豪 的 目 光。真 希 望 你 的 敌 人 并 没 有 因 为 这 些 太 过 明 显 的 破 绽 而 引 起 警 惕，你 最 后 检 查 了 一 下 自 己 的 武 器，准 备 开 始 行 动。
str_id_6100|残 余 的 匪 徒 四 散 逃 亡，躲 进 了 城 镇 里 那 些 狭 窄 的 巷 子，结 果 只 能 是 被 愤 怒 的 居 民 们 一 个 一 个 地 捉 住。你 已 经 取 得 了 完 全 的 胜 利，而 受 伤 的 人 也 都 得 到 了 治 疗。确 认 完 这 些 事 之 后，你 和 商 人 回 到 他 的 房 子 里，回 顾 起 发 生 的 所 有 事 情。
str_id_6101|随 着 最 后 一 击，你 倒 下 了，无 法 动 弹，顽 强 的 意 志 使 你 拼 命 阻 止 自 己 昏 过 去。不 久，街 道 上 打 斗 的 声 响 变 成 了 城 镇 居 民 们 的 欢 呼 声，你 知 道 你 们 这 边 获 胜 了。不 一 会 儿，友 好 的 双 臂 把 你 从 地 上 抬 了 起 来，你 安 心 地 渐 渐 入 睡。几 个 小 时 过 去，苏 醒 后 的 你 发 现 自 己 正 躺 在 商 人 的 房 子 里。
str_id_6102|你 穿 越 了 维 吉 亚 高 地，一 个 暴 露 在 北 方 苦 风 中 的 高 原。这 里 的 土 地 一 年 大 部 分 时 间 冻 结，但 森 林 富 含 毛 皮 猎 物，河 流 鱼 群 丰 富。土 地 的 财 富 吸 引 商 人，但 商 人 也 引 来 了 强 盗。你 偶 尔 看 到 黑 暗 的 身 影 骑 在 毛 茸 茸 的 小 马 上，从 雪 覆 盖 的 山 脊 监 视 你 的 商 队 通 过，当 博 鲁 克 河 宽 阔 山 谷 对 面 的 雷 恩 迪 安 尖 顶 进 入 视 野 时，你 感 到 高 兴。
str_id_6103|你 随 商 队 穿 越 旧 世 界 的 中 心 地 带。小 麦、大 麦 和 燕 麦 的 绿 芽 开 始 从 起 伏 丘 陵 的 黑 暗 土 壤 中 冒 出，在 雪 山 的 下 坡，牛 羊 群 在 春 草 上 吃 草。偶 尔，你 也 瞥 见 斯 瓦 迪 亚 贵 族 引 以 为 傲 的 巨 大 战 马。这 里 的 土 地 富 饶—— 但 也 动 荡，偶 尔 烧 毁 的 农 场 作 证。你 远 离 森 林，那 里 有 绝 望 的 人 避 难，当 你 翻 越 山 脊 看 到 大 港 口 帕 拉 汶，其 屋 顶 被 落 日 余 晖 染 成 金 色 时，你 感 到 一 丝 宽 慰。
str_id_6104|你 乘 船 而 来，沿 着 罗 多 克 高 地 与 海 相 遇 的 悬 崖 航 行。海 岸 线 大 多 被 蜿 蜒 河 谷 的 雾 气 遮 蔽，但 偶 尔 你 看 到 城 堡 望 塔 从 雾 中 升 起—— 有 一 次，烽 火 燃 烧 警 告 敌 人 战 团。你 知 道 海 上 相 对 安 全，因 为 太 南 而 不 易 遇 到 困 扰 诺 德 海 岸 的 海 寇，但 到 达 塞 尔 弗 河 口，杰 尔 喀 拉 港 的 门 户，看 到 一 艘 罗 多 克 战 船 锚 泊，旗 帜 在 晚 风 中 飘 扬，仍 是 一 种 宽 慰。
str_id_6105|你 搭 乘 贸 易 长 船，携 带 来 自 最 北 端 的 矛 隼 以 交 换 亚 麻 和 羊 毛。船 在 季 节 早 期 航 行，但 船 长 认 为 浮 冰 和 晚 冬 风 暴 的 风 险 值 得，以 赶 在 海 寇 之 前 到 达，海 寇 在 四 月 从 岛 屿 巢 穴 出 发 掠 夺 卡 拉 迪 亚 海 岸。当 你 的 船 看 到 维 尔 和 博 鲁 克 河 的 三 角 洲 时，你 感 到 宽 慰，不 久 后，划 过 潮 滩 和 沿 海 沼 泽 到 达 萨 哥 斯 城，海 寇 的 远 亲 诺 德 领 主 的 家 园，他 们 几 代 前 在 这 富 饶 但 动 荡 的 土 地 上 建 立 了 王 国。
str_id_6106|你 随 商 队 而 来，穿 越 旧 世 界 北 部 和 东 部 边 界 的 山 脉，带 来 遥 远 国 度 的 香 料 以 交 换 羊 毛 和 盐。山 口 仍 被 雪 阻 塞，行 程 艰 难，但 最 终 你 翻 越 山 脊 看 到 面 前 的 草 原。一 些 山 坡 上 春 日 的 薄 草 已 变 黄，但 山 的 下 坡 仍 是 鲜 绿 色。羊 群 和 黄 褐 色 草 原 小 马 像 云 一 样 飘 过，证 明 库 吉 特 汗 的 财 富。不 时 有 小 群 骑 兵 从 远 处 跟 随 你 的 商 队，或 许 在 评 估 你 保 卫 财 富 的 能 力，所 以 当 你 看 到 图 尔 加 塔 从 平 原 升 起 时，你 感 到 宽 慰。
str_id_6107|你 随 商 队 而 来，穿 越 旧 世 界 东 部 的 大 沙 漠。贝 都 因 向 导 仔 细 选 择 路 线，跳 跃 通 过 险 恶 的 沙 丘 地 和 空 旷 砾 石 平 原 到 达 低 洼 绿 洲，富 含 果 园 和 枣 椰 树。你 最 大 的 恐 惧 是 商 队 迷 路 渴 死。在 弓 箭 射 程 外 徘 徊 的 小 股 劫 掠 者，等 待 捡 落 单 者，奇 怪 地 是 一 种 安 慰—— 至 少 水 不 超 过 一 天 骑 程。当 山 脉 进 入 视 野 时，你 大 大 宽 慰，次 日 傍 晚 你 翻 越 岩 石 山 口，远 处 能 辨 认 出 海，以 及 沙 瑞 兹 塔 在 日 落 下 的 轮 廓。
str_id_6108|你 猛 地 跌 倒 在 地 板 上，你 被 醉 汉 打 倒 了。攻 击 你 的 人 的 怒 气 烟 消 云 散，他 坐 在 椅 子 上 望 着 你，嘴 里 小 声 抱 怨 着，看 起 来 很 懊 悔。一 些 酒 馆 熟 客 把 他 哄 了 起 来，然 后 把 他 推 出 门 去。其 中 一 个 人 来 照 料 了 你 受 的 伤，不 一 会 儿 你 也 能 站 起 来 了，虽 然 站 不 太 稳，不 过 命 算 是 保 住 了。
str_id_6109|袭 击 你 的 人 最 后 给 了 你 一 击，你 猛 地 跌 倒 在 地 板 上。只 见 他 慢 慢 地 跪 在 你 旁 边，从 衣 服 下 面 抽 出 了 一 把 长 匕 首。但 是，就 在 他 准 备 了 结 你 的 时 候，酒 馆 老 板 似 乎 重 拾 勇 气，从 后 面 给 了 那 家 伙 一 记 重 击，打 在 了 头 上。那 家 伙 失 去 了 平 衡，眼 看 没 机 会 干 掉 你，于 是 急 匆 匆 地 夺 门 而 去。他 逃 了。与 此 同 时，一 些 酒 馆 的 熟 客 帮 你 把 伤 处 包 扎 了 起 来，并 把 你 抬 到 一 间 隐 秘 的 房 间，好 让 你 安 全 地 休 养。
str_id_6110|不 一 会 儿，你 恢 复 了 意 识，看 见 绑 匪 正 在 开 一 桶 酒 来 庆 祝 胜 利，浑 然 忘 却 了 基 本 的 戒 备—— 比 如 把 你 的 手 脚 绑 起 来。你 准 备 逃 跑。借 着 喧 闹 的 环 境 的 掩 护，你 觉 得 也 许 有 机 会 组 织 一 些 人 反 击。
str_id_6112|既 然 你 已 经 不 再 统 治 着 一 个 独 立 的 王 国，你 也 不 再 有 能 力 保 留 一 个 宫 廷。
str_id_6113|{s0} 的 关 税 收 入：
str_id_6114|{s0} 的 关 税：
str_id_6115|这 些 年 来 我 们 在 许 多 争 论 中 站 在 对 立 面，我 们 之 间 积 怨 已 深。
str_id_6116|草 原 
str_id_6117|沙 漠 
str_id_6118|雪 原 
str_id_6119|森 林 
str_id_6120|高 地 
str_id_6121|海 岸 
str_id_6122|我 的 {reg33?女 士:大 人}，已 有 其 他 {reg33?少 女:追 求 者} 俘 获 了 我 的 心。[但 你 的 直 觉 告 诉 你，这 只 是 一 句 礼 貌 的 谎 话……]
str_id_6123|我 的 {reg33?女 士 :领 主 }，据 我 所 知，你 已 与 他 人 订 婚。{reg33?:}
str_id_6124|试 图 重 新 归 队，
str_id_6125|离 开 队 伍，
str_id_6127|已 订 婚 {reg33?:}
str_id_6128|率 领 着 一 支 队 伍 
str_id_6129|既 然 你 已 经 不 再 统 治 着 一 个 独 立 的 王 国，你 的 宫 廷 被 解 散 了。
str_id_6130| 我 没 有 去 追 随 元 帅，因 为 我 怀 疑 我 们 的 君 主 很 快 就 会 指 派 一 个 新 的 来 取 而 代 之 了。
str_id_6131|劝 说 机 会 ^必 然 成 功 所 需 关 系：{reg4}^当 前 关 系：{reg5}^成 功 几 率：{reg7}^关 系 损 失 判 定：{reg8}（可 能 损 失 {reg9}点）
str_id_6132|你 没 在 跟 随 {s1}。不 过，你 不 会 因 此 受 到 任 何 处 罚。
str_id_6133|你 的 任 务 完 成 了。你 应 该 继 续 跟 随 {s9} 的 军 队，如 果 你 希 望 接 受 进 一 步 的 指 令 的 话。
str_id_6134| 我 很 高 兴 见 到 你。我 相 信 你 正 在 那 里 获 得 成 功，让 你 自 己 名 满 天 下。
str_id_6135|也 许 我 该 建 议 你 将 {s4} 分 封 出 去；你 的 封 臣 们 一 直 在 猜 测 你 会 把 它 赐 给 谁。
str_id_6136| 也 许 我 该 建 议 你 等 到 指 定 了 元 帅 之 后 再 做 决 定，这 样 就 会 给 封 臣 们 一 些 时 间 来 决 定 所 要 支 持 的 对 象。
str_id_6137|顺 便 一 提，{s4} 已 经 获 得 了 你 麾 下 {reg4}名 封 臣 的 支 持。
str_id_6138|（未 分 封）
str_id_6139|{s43} 同 时，作 为 你 王 国 的 统 治 者，你 应 当 知 道 这 次 突 袭 将 会 引 起 一 场 战 争。
str_id_6140|战 斗 后 失 踪 
str_id_6141|（若 要 塞 被 分 封 给 他 人，其 中 的 部 队 可 能 无 法 取 回）
str_id_6142|{s12}{s15} 可 能 无 借 口 攻 击 {s16}，作 为 扩 展 对 整 个 旧 世 界 控 制 的 企 图。
str_id_6143|献 上 一 件 礼 物 来 提 高 我 的 名 望。
str_id_6144|解 决 一 起 争 端 来 提 高 我 的 名 望。
str_id_6145|若 你 的 未 婚 伴 侣 及 {reg33?:} 其 家 人 都 在 场，或 许 正 可 借 此 机 会 举 行 婚 礼。
str_id_6146|{s21}。{s8} 以 很 少 借 口 宣 战，作 为 征 服 整 个 旧 世 界 企 图 的 一 部 分。
str_id_6147|酿 酒 师
str_id_6148|{s54} 已 经 离 开 了 这 个 国 家。
str_id_6149|{s0} 的 {s5} 净 收 入
str_id_6150|磨 坊 
str_id_6151|酿 酒 厂 
str_id_6152|榨 油 坊
str_id_6153|榨 酒 坊
str_id_6154|炼 铁 厂 
str_id_6155|制 革 厂 
str_id_6156|亚 麻 纺 织 坊
str_id_6157|羊 毛 纺 织 坊
str_id_6158|染 厂 
str_id_6159|查 封 中
str_id_6160|另 外，你 还 需 要 采 购 价 值 {reg10}金 币 的 {s11}。
str_id_6161|利 润
str_id_6162|损 失 
str_id_6163|服 务 器 名：{s0}
str_id_6164|地 图 名：{s0}
str_id_6165|游 戏 类 型：{s0}
str_id_6166|剩 余 时 间：{s0}{reg0}：{s1}{reg1}
str_id_6167|您 是 {s8} 的 {reg33?女 士 :领 主 }。^{s9}
str_id_6168|您 是 {s8} 的 {reg33?女 王 :国 王 }。^{s9}
str_id_6169|给 {s4}
str_id_6170|另 外，我 先 前 托 付 你 的 那 件 事，就 当 已 经 圆 满 办 妥 了。以 我 的 身 份，也 不 宜 再 差 遣 你 做 这 些 差 事。
str_id_6171|已 向 {s0} 发 出 决 斗 邀 请。
str_id_6172|{s0} 向 你 发 出 了 决 斗 邀 请。
str_id_6173|你 和 {s0} 的 决 斗 已 取 消。
str_id_6174|你 与 {s0} 的 决 斗 将 在 3秒 后 开 始。
str_id_6175|你 在 决 斗 中 落 败。
str_id_6176|你 赢 得 了 决 斗！
str_id_6177|[ 服 务 器 ]： {s0}
str_id_6178|禁 止 远 程 武 器 
str_id_6179|远 程 武 器 被 禁 止。
str_id_6180|远 程 武 器 被 允 许。
str_id_6181|决 斗 {reg0}秒 钟 后 开 始……
str_id_6182|海 战 开 始。
str_id_6183|扬 帆！
str_id_6184|收 帆！
str_id_6185|减 速！
str_id_6186|增 速！
str_id_6187|右 转 舵！
str_id_6188|左 转 舵！
str_id_6189|尝 试 接 舷！
str_id_6190|即 使 是 友 军 舰 船 也 尝 试 接 舷！
str_id_6191|避 免 任 何 接 舷！
str_id_6192|尝 试 登 陆！
str_id_6193|规 避 登 陆！
str_id_6194|情 况 报 告：
str_id_6195|北 
str_id_6196|东 北 
str_id_6197|东 
str_id_6198|东 南 
str_id_6199|南 
str_id_6200|西 南 
str_id_6201|西 
str_id_6202|西 北 
str_id_6203|轻 
str_id_6204|强 
str_id_6205|{s2} 方 向 吹 来 {s1} 风。
str_id_6206|无 风 
str_id_6207|航 速：{reg1}节。
str_id_6208|很 差 
str_id_6209|差 
str_id_6210|很 好 
str_id_6211|天 气 是 {s1}。
str_id_6212|链 条 已 锁。
str_id_6213|锁 链 已 解 除。
str_id_6214|开 启。
str_id_6215|同 伴 管 理 器 v1.20
str_id_6216|返 回 
str_id_6217|查 看 属 性 
str_id_6218|查 看 装 备 
str_id_6219|自 动 装 备 同 伴：
str_id_6220|马 匹 
str_id_6221|护 甲：
str_id_6222|盾 
str_id_6223|装 备 当 前 同 伴 
str_id_6224|装 备 每 个 人 
str_id_6225|同 伴 
str_id_6226|列 出 同 伴 
str_id_6227|列 出 王 国 领 主 
str_id_6228|列 出 正 规 部 队 
str_id_6229|可 见 的 同 伴 
str_id_6230|武 器：
str_id_6231|护 甲：
str_id_6232|马 匹：
str_id_6233|书 籍：
str_id_6234|库 存：
str_id_6235|丢 弃 /掠 夺：
str_id_6236|检 索 所 有 物 品 
str_id_6237|{reg60}金 币 
str_id_6238|角 色 画 面 
str_id_6239|物 品 /装 备
str_id_6240|（武 器 槽）
str_id_6241|（武 器 槽）
str_id_6242|（武 器 槽）
str_id_6243|（武 器 槽）
str_id_6244|（头 盔 槽）
str_id_6245|（盔 甲 槽）
str_id_6246|（护 腿 槽）
str_id_6247|（手 套 槽）
str_id_6248|（马 匹 槽）
str_id_6249|（书 籍 槽）
str_id_6250|（书 籍 槽）
str_id_6251|（冻 结）
str_id_6252|请 先 将 当 前 拖 拽 的 物 品 存 放 在 某 处。
str_id_6253|{s41}已 从 你 的 库 存 中 自 行 挑 选 并 装 备 了 物 品。
str_id_6254|你 的 同 伴 已 经 从 你 的 库 存 中 装 备 好 了 
str_id_6255|{s40} 不 需 要 {s41}。
str_id_6256|无 法 将 物 品 交 给 玩 家，库 存 已 满。
str_id_6257|{s40} 已 替 换 {s41} 与 {s39}……
str_id_6258|{s40} 装 备 了 {s41}。
str_id_6259|没 人 想 要 {s41}。
str_id_6260|你 不 能 在 此 丢 弃 这 件 物 品！
str_id_6261|装 备 此 物 品 的 前 提 条 件 未 满 足！
str_id_6262|你 不 可 以 操 作 这 个 部 队 的 装 备。
str_id_6263|脚 本 错 误 #001：未 找 到 交 换 物 品。
str_id_6264|将 物 品 拖 到 此 处 以 丢 弃 它 们。^当 前 已 丢 弃 {reg0}个 物 品。
str_id_6265|{s40}
str_id_6266|{reg40}
str_id_6267|{reg40}/{reg41}
str_id_6268|{s42} {s41}
str_id_6269|{s41} ({reg60}/{reg61})
str_id_6270|{s41} ({reg60})
str_id_6271|普 通 的 
str_id_6272|裂 开 的 
str_id_6273|生 锈 的 
str_id_6274|弯 曲 的 
str_id_6275|有 缺 口 的 
str_id_6276|破 损 的
str_id_6277|粗 劣 的 
str_id_6278|粗 糙 的 
str_id_6279|旧 
str_id_6280|便 宜 的 
str_id_6281|优 质 的 
str_id_6282|精 良 的 
str_id_6283|锋 利 的 
str_id_6284|平 衡 的 
str_id_6285|回 火 的 
str_id_6286|致 命 的 
str_id_6287|精 致 的 
str_id_6288|大 师 级
str_id_6289|重 
str_id_6290|坚 硬 的 
str_id_6291|强 力 的 
str_id_6292|破 烂 的 
str_id_6293|破 旧 的 
str_id_6294|粗 糙 的 
str_id_6295|结 实 的 
str_id_6296|厚 
str_id_6297|加 硬 
str_id_6298|加 强 
str_id_6299|华 丽 的 
str_id_6300|领 主 级 的
str_id_6301|跛 足 的
str_id_6302|背 伤 的 
str_id_6303|倔 强 的 
str_id_6304|胆 小 的 
str_id_6305|温 顺 的 
str_id_6306|精 神 抖 擞 的
str_id_6307|一 流 的 
str_id_6308|新 鲜 的 
str_id_6309|隔 夜 的 
str_id_6310|隔 两 夜 的 
str_id_6311|有 异 味 的
str_id_6312|腐 烂 的 
str_id_6313|一 大 袋 
str_id_6314|等 级 
str_id_6315|经 验 
str_id_6316|距 下 一 级 经 验 
str_id_6317|生 命 值 /最 大 生 命 值
str_id_6318|士 气 
str_id_6319|力 量 
str_id_6320|敏 捷 
str_id_6321|智 力 
str_id_6322|魅 力 
str_id_6323|铁 骨 
str_id_6324|强 击 
str_id_6325|强 掷 
str_id_6326|强 弓 
str_id_6327|武 器 掌 握 
str_id_6328|盾 防 
str_id_6329|跑 动 
str_id_6330|骑 术 
str_id_6331|骑 射 
str_id_6332|掠 夺 
str_id_6333|教 练 
str_id_6334|跟 踪 
str_id_6335|战 术 
str_id_6336|寻 路
str_id_6337|侦 察 
str_id_6338|物 品 管 理 
str_id_6339|疗 伤 
str_id_6340|手 术 
str_id_6341|急 救 
str_id_6342|工 程 学 
str_id_6343|说 服 力 
str_id_6344|俘 虏 管 理 
str_id_6345|领 导 力
str_id_6346|交 易 
str_id_6347|单 手 武 器 
str_id_6348|双 手 武 器 
str_id_6349|长 杆 武 器 
str_id_6350|弓 箭 
str_id_6351|弩 
str_id_6352|投 掷 
str_id_6353|{s7} 征 粮 队 
str_id_6354|{s7} 侦 察 队 
str_id_6355|{s7} 巡 逻 队 
str_id_6356|{s7} 商 队 
str_id_6357|{s7} 信 使 
str_id_6358|男 性 
str_id_6359|女 性 
str_id_6360|骷 髅 
str_id_6361|掠 夺 者 
str_id_6362|矮 人 
str_id_6363|女 性 2 
str_id_6364|混 沌 
str_id_6365|大 型
str_id_6366|精 灵 
str_id_6367|吸 血 鬼 
str_id_6368|蜥 人
str_id_6369|俾 格 米 人
str_id_6370|兽 人
str_id_6371|野 兽 人 
str_id_6372|地 精
str_id_6373|魔 鼠 
str_id_6374|暗 精 灵 语 音
str_id_6375|女 暗 精 灵 语 音
str_id_6376|女 吸 血 鬼 语 音
str_id_6377|亡 灵 语 音
str_id_6378|灵 蜥 语 音
str_id_6379|黑 兽 人 语 音
str_id_6380|木 精 灵 语 音
str_id_6381|无 
str_id_6382|目 前 在 战 利 品 池 中 没 有 物 品 
str_id_6383|物 品 池 中 还 剩 1件 物 品。
str_id_6384|有 {reg20}个 物 品 在 你 的 战 利 品 池 里。
str_id_6385|把 {reg20}{reg0?件 物 品:件 物 品} 留 在 物 品 池 中 并 继 续。
str_id_6386|完 成 
str_id_6387|不 升 级 我 的 盔 甲 
str_id_6388|升 级 我 的 盔 甲 
str_id_6389|不 升 级 我 的 马 匹 
str_id_6390|升 级 我 的 马 匹 
str_id_6391|保 持 当 前（{s10}）
str_id_6392|马 匹 
str_id_6393|单 手 武 器 
str_id_6394|双 手 武 器 
str_id_6395|长 柄 武 器 
str_id_6396|箭 矢
str_id_6397|弩 箭 
str_id_6398|盾 
str_id_6399|弓 
str_id_6400|弩 
str_id_6401|投 掷 武 器 
str_id_6402|货 物 
str_id_6403|头 部 装 备 
str_id_6404|身 体 护 甲
str_id_6405|脚 部 装 备 
str_id_6406|手 部 装 备 
str_id_6407|手 枪 
str_id_6408|火 枪 
str_id_6409|弹 药 
str_id_6410|动 物 
str_id_6411|书 籍 
str_id_6412|双 手 /单 手 
str_id_6413|收 集 信 息 
str_id_6414|缔 结 互 不 侵 犯 条 约 
str_id_6415|几 乎 没 有 
str_id_6416|少 于 一 百 
str_id_6417|多 于 一 百 
str_id_6418|多 于 两 百 
str_id_6419|多 于 五 百 
str_id_6420|送 上 礼 物
str_id_6421|交 换 {s10} 和 {s11}
str_id_6422|{s7} 已 经 被 释 放 了。
str_id_6423|非 常 低 
str_id_6424|低 
str_id_6425|正 常 
str_id_6426|高 
str_id_6427|非 常 高 
str_id_6428|这 个 地 方 被 叛 乱 分 子 控 制 着。
str_id_6429|{reg4?她 :他 } 似 乎 对 {s59} 怀 有 复 仇 心。
str_id_6430|{reg4?她 :他 } 似 乎 对 {s59} 怀 有 复 仇 心。
str_id_6431|{reg4?她 :他 } 似 乎 对 {s59} 怀 有 复 仇 心。
str_id_6432|{reg4? 她 :他 } 似 乎 对 {s59} 心 存 憎 恨。
str_id_6433|{reg4? 她 :他 } 似 乎 对 {s59} 心 存 憎 恨。
str_id_6434|{reg4? 她 :他 } 似 乎 对 {s59} 怀 有 敌 意。
str_id_6435|{reg4?她 :他 } 似 乎 对 {s59} 感 到 愤 怒。
str_id_6436|{reg4?她 :他 } 似 乎 对 {s59} 感 到 怨 恨。
str_id_6437|{reg4?她 :他 } 似 乎 对 {s59} 抱 怨 不 休。
str_id_6438|{reg4? 她 :他 } 似 乎 对 {s59} 心 存 怀 疑。
str_id_6439|{reg4? 她 :他 } 似 乎 对 {s59} 漠 不 关 心。
str_id_6440|{reg4? 她 :他 } 似 乎 对 {s59} 乐 于 合 作。
str_id_6441|{reg4? 她 :他 } 似 乎 很 欢 迎 {s59}。
str_id_6442|{reg4?她 :他 } 似 乎 对 {s59} 持 支 持 态 度。
str_id_6443|{reg4? 她 :他 } 似 乎 对 {s59} 很 支 持。
str_id_6444|{reg4? 她 :他 } 似 乎 对 {s59} 很 友 善。
str_id_6445|{reg4? 她 :他 } 似 乎 对 {s59} 很 亲 切。
str_id_6446|{reg4?她 :他 } 似 乎 喜 爱 {s59}。
str_id_6447|{reg4?她:他} 似 乎 全 心 效 忠 于 {s59}。
str_id_6448|{reg4?她:他} 似 乎 全 心 效 忠 于 {s59}。
str_id_6449|{reg4?她 :他 } 将 {s39} 视 作 竞 争 对 手。
str_id_6450|{s41}，{s39}
str_id_6451|{s40}。此 外，其 心 仪 之 人 是 {s39}。
str_id_6452|{s40}。除 此 之 外，{reg4?她 :他 } 与 {s39} 订 婚 了。
str_id_6453|据 说 {s46} 是 一 个 善 战 的 人。
str_id_6454|据 说 {s46} 是 一 个 放 荡 的 人。
str_id_6455|据 说 {s46} 是 一 个 无 情 的 人。
str_id_6456|据 说 {s46} 是 一 个 精 明 的 人。
str_id_6457|据 说 {s46} 是 一 个 好 斗 的 人。
str_id_6458|据 说 {s46} 是 一 个 善 良 的 人。
str_id_6459|据 说 {s46} 是 一 个 正 直 的 人。
str_id_6460|据 说 {s46} 是 一 个 传 统 的 人。
str_id_6461|据 说 {s46} 是 一 个 大 胆 的 人。
str_id_6462|据 说 {s46} 是 一 个 浪 漫 的 人。
str_id_6463|据 说 {s46} 是 一 个 道 德 家。
str_id_6464|据 说 {s46} 是 一 个 有 野 心 的 人。
str_id_6465|{s46} 的 动 机 是 一 本 封 闭 的 书。
str_id_6466|{s21}^*{s5} 已 经 与 {s14} 结 盟，{s18} 将 在 {reg1}天 内 变 为 防 御 协 议。
str_id_6467|{s21}^*{s5} 已 经 与 {s14} 缔 结 防 御 协 议，{s18} 将 在 {reg1}天 内 变 为 贸 易 协 议。
str_id_6468|{s21}^*{s5} 已 经 与 {s14} 缔 结 贸 易 协 议，{s18} 将 在 {reg1}天 内 变 为 互 不 侵 犯 条 约。
str_id_6469|小 
str_id_6470|中 
str_id_6471|大 
str_id_6472|精 英 
str_id_6473|非 常 分 散 
str_id_6474|相 当 分 散 
str_id_6475|有 点 分 散 
str_id_6476|既 不 太 集 中 也 不 分 散 
str_id_6477|有 点 集 中 
str_id_6478|相 当 集 中 
str_id_6479|非 常 集 中 
str_id_6480|非 常 金 权 化
str_id_6481|相 当 金 权 化
str_id_6482|略 微 金 权 化
str_id_6483|既 不 太 贵 族 化，也 不 太 金 权 化
str_id_6484|有 点 贵 族 化 
str_id_6485|相 当 贵 族 化 
str_id_6486|非 常 贵 族 化 
str_id_6487|人 口 几 乎 全 部 由 自 由 民 组 成
str_id_6488|人 口 中 绝 大 多 数 是 自 由 民
str_id_6489|人 口 中 多 数 是 自 由 民
str_id_6490|农 奴 和 自 由 人 的 混 合 
str_id_6491|一 般 都 是 农 奴 
str_id_6492|人 口 中 绝 大 多 数 是 农 奴
str_id_6493|几 乎 都 是 农 奴 
str_id_6494|大 量 的 士 兵 
str_id_6495|很 多 士 兵 
str_id_6496|许 多 士 兵 
str_id_6497|普 通 的 素 质 
str_id_6498|好 的 素 质 
str_id_6499|很 好 的 素 质 
str_id_6500|非 常 高 的 素 质 
str_id_6501|{s21}。{s8} 为 履 行 一 项 条 约 而 宣 战 
str_id_6502|非 常 放 任 
str_id_6503|相 当 放 任 
str_id_6504|有 点 放 任 
str_id_6505|既 不 是 特 别 重 商 主 义，也 不 是 完 全 自 由 放 任 主 义 
str_id_6506|有 点 重 商 主 义 
str_id_6507|相 当 重 商 主 义 
str_id_6508|非 常 重 商 主 义 
str_id_6509|你 的 男 性 封 臣 将 被 称 作 什 么？
str_id_6510|你 的 女 性 封 臣 将 被 称 作 什 么？
str_id_6511|{s40}。此 外，{reg45?这 个:这 个} 人 {reg45?已 婚:已 婚}，配 偶 是 {s39}。
str_id_6512|你 有 兴 趣 交 换 封 地 吗？
str_id_6513|不，我 对 这 一 点 也 不 感 兴 趣 
str_id_6514|这 有 些 不 寻 常，但 并 非 没 有 先 例。我 会 听 的。你 在 想 我 的 哪 个 封 地？
str_id_6515|这 有 些 不 同 寻 常，但 既 然 你 是 {reg33?女 王:国 王}，便 不 会 有 人 反 对。你 说 的 是 哪 块 封 地？
str_id_6516|这 有 点 不 寻 常，但 是 除 非 {s10} 反 对，否 则 没 有 理 由 我 们 不 能 这 样 做。你 想 要 我 的 哪 个 封 地？
str_id_6517|你 提 供 哪 个 封 地 作 为 交 换？
str_id_6518|我 无 意 放 弃 {s14}。
str_id_6519|我 不 想 把 一 个 城 镇 换 成 一 个 城 堡 或 村 庄。
str_id_6520|我 不 想 把 一 座 城 堡 换 成 一 个 村 庄。
str_id_6521|我 不 想 把 一 个 富 裕 的 封 地 换 成 一 个 贫 穷 得 多 的 封 地。
str_id_6522|等 {s14} 没 有 受 到 攻 击 时 再 跟 我 说 这 个。
str_id_6523|我 可 以 接 受 这 种 交 换 
str_id_6524|如 果 你 愿 意 提 供 {reg3}金 币 来 支 付 我 搬 迁 的 费 用，我 可 以 接 受 这 种 交 换。
str_id_6525|那 就 定 了 
str_id_6526|那 就 定 了。这 是 你 的 {reg3}金 币。
str_id_6527|你 的 {s11}，{s10}
str_id_6528|{reg7?亲 爱 的:{reg33?妻 子:丈 夫}}
str_id_6529|像 {s4} 这 样 支 持 {s43} 吗？我 不 这 么 认 为。
str_id_6530|我 知 道 你 将 {s51} 赐 给 了 {s54}。有 人 或 许 觉 得 此 事 颇 有 争 议，但 我 相 信 {s54} 会 成 为 一 位 称 职 的 总 督，{reg4?她:他} 不 会 令 你 失 望。
str_id_6531|{reg33?夫 人 :先 生 }
str_id_6532|{reg33?夫 人 :先 生 }
str_id_6533|{reg33?夫 人 :大 人 }
str_id_6534|殿 下 
str_id_6535|请 允 许 我 解 释 一 下 
str_id_6536|谦 逊 之 人 通 常 不 会
str_id_6537|对 你 这 样 的 新 客 户，我 们 每 次 提 款 都 会 收 取 5%的 服 务 费。在 这 艰 难 世 道 里，这 已 是 相 当 公 道 的 条 件。
str_id_6538|我 们 通 常 会 对 我 们 的 服 务 收 取 费 用，但 对 于 您 这 样 地 位 的 人，我 们 免 收 费 用。您 对 我 行 的 长 期 投 资 自 然 对 我 们 双 方 都 有 利。
str_id_6539|祖 父 
str_id_6540|祖 母 
str_id_6541|孙 子 
str_id_6542|孙 女 
str_id_6543|同 父 异 母 的 兄 弟 
str_id_6544|同 父 异 母 的 姐 妹 
str_id_6545|姊 妹 妻
str_id_6546|共 夫
str_id_6547|共 同 配 偶
str_id_6548|朋 友 
str_id_6549|盟 友 
str_id_6550|{s54} 已 经 去 世。
str_id_6551|在 这 种 情 况 下，城 堡 应 该 归 它 原 来 的 主 人 所 有。
str_id_6553|{s0} 和 {s1}
str_id_6555|把 那 些 无 赖 放 在 我 们 的 旗 帜 下 
str_id_6556|吃 了 那 些 肮 脏 的 食 物，我 们 每 咬 一 口 都 能 找 到 虫 子 
str_id_6557|镇 压 农 民，宣 扬 体 制 内 的 暴 力 
str_id_6558|明 明 可 以 在 营 地 选 项 中 直 接 更 改，何 必 浪 费 时 间 摆 弄 那 些“控 制 台”。
str_id_6559|双 /单 
str_id_6560|长 矛 
str_id_6561|长 枪
str_id_6562|长 杆 武 器 
str_id_6563|标 准
str_id_6564|观 看 比 赛 时，可 用 方 向 键 水 平 移 动，数 字 小 键 盘 +、-键 垂 直 移 动，并 用 数 字 小 键 盘 方 向 键 旋 转 视 角。
str_id_6565|使 用 鼠 标 或 数 字 小 键 盘 旋 转 镜 头，方 向 键 移 动 镜 头；按 住 缩 放 键 时 移 动 速 度 更 快。倾 斜 控 制 可 调 整 灵 敏 度，数 字 小 键 盘 还 可 用 于 旋 转 与 垂 直 移 动。
str_id_6566|使 用 倾 斜 键 或 鼠 标 滚 轮 切 换 跟 随 的 友 军 单 位。按 住 Ctrl键 并 使 用 数 字 小 键 盘，可 改 变 视 角。
str_id_6567|持 有 中
str_id_6568|前 往 队 伍
str_id_6569|巡 逻 点 
str_id_6570|在 部 队 周 围 巡 逻 
str_id_6571|跟 踪 部 队 
str_id_6572|攻 击 部 队 
str_id_6573|回 避 部 队 
str_id_6574|直 奔 目 的 地 
str_id_6575|与 队 伍 交 涉
str_id_6576|在 城 里 
str_id_6577|前 往 船 只
str_id_6578|跟 随 部 队 
str_id_6579|正 被 驱 赶
str_id_6580|转 移 到 {s5}
str_id_6581|来 自 {s5} 的 援 军
str_id_6582|{s5} 侦 察 兵 
str_id_6583|{s5} 巡 逻 队 
str_id_6584|准 备 在 {s9} 劫 狱 
str_id_6585|借 用 中 
str_id_6586|伴 随 {s5}
str_id_6587|零
str_id_6588|一
str_id_6589|二
str_id_6590|三
str_id_6591|四
str_id_6592|五
str_id_6593|六
str_id_6594|七
str_id_6595|八
str_id_6596|九
str_id_6597|A键
str_id_6598|B键
str_id_6599|C键
str_id_6600|D键
str_id_6601|E键
str_id_6602|F键
str_id_6603|G键
str_id_6604|H键
str_id_6605|I键
str_id_6606|J键
str_id_6607|K键
str_id_6608|L键
str_id_6609|M键
str_id_6610|N键
str_id_6611|O键
str_id_6612|P键
str_id_6613|Q键
str_id_6614|R键
str_id_6615|S键
str_id_6616|T键
str_id_6617|U键
str_id_6618|V键
str_id_6619|W键
str_id_6620|X键
str_id_6621|Y键
str_id_6622|Z键
str_id_6623|数 字 小 键 盘 0键
str_id_6624|数 字 小 键 盘 1键
str_id_6625|数 字 小 键 盘 2键
str_id_6626|数 字 小 键 盘 3键
str_id_6627|数 字 小 键 盘 4键
str_id_6628|数 字 小 键 盘 5键
str_id_6629|数 字 小 键 盘 6键
str_id_6630|数 字 小 键 盘 7键
str_id_6631|数 字 小 键 盘 8键
str_id_6632|数 字 小 键 盘 9键
str_id_6633|数 字 锁 定 键
str_id_6634|数 字 小 键 盘 斜 杠 键
str_id_6635|数 字 小 键 盘 乘 号 键
str_id_6636|数 字 小 键 盘 减 号 键
str_id_6637|数 字 小 键 盘 加 号 键
str_id_6638|数 字 小 键 盘 回 车 键
str_id_6639|数 字 小 键 盘 句 点 键
str_id_6640|插 入 键
str_id_6641|删 除 键
str_id_6642|主 页 键
str_id_6643|结 束 键
str_id_6644|页 面 上 键
str_id_6645|页 面 下 键
str_id_6646|上 
str_id_6647|下 
str_id_6648|左 
str_id_6649|右 
str_id_6650|F1键
str_id_6651|F2键
str_id_6652|F3键
str_id_6653|F4键
str_id_6654|F5键
str_id_6655|F6键
str_id_6656|F7键
str_id_6657|F8键
str_id_6658|F9键
str_id_6659|F10键
str_id_6660|F11键
str_id_6661|F12键
str_id_6662|空 白 键 
str_id_6663|退 出 键
str_id_6664|回 车 键
str_id_6665|制 表 键
str_id_6666|退 格 键
str_id_6667|开 括 号 键
str_id_6668|闭 括 号 键
str_id_6669|逗 号 键
str_id_6670|句 点 键
str_id_6671|斜 杠 键
str_id_6672|反 斜 杠 键
str_id_6673|等 号 键
str_id_6674|减 号 键
str_id_6675|分 号 键
str_id_6676|撇 号 键
str_id_6677|波 浪 号 键
str_id_6678|大 写 锁 定 键
str_id_6679|左 shift
str_id_6680|右 shift
str_id_6681|左 Ctrl键
str_id_6682|右 Ctrl键
str_id_6683|左 Alt键
str_id_6684|右 Alt键
str_id_6685|你 出 生 于 一 个 日 渐 没 落 的 贵 族 家 庭，是 家 中 的 {reg11?女 儿:儿 子}。家 产 只 剩 他 们 居 住 的 宅 邸。尽 管 家 境 艰 难，父 母 仍 让 你 接 受 良 好 教 育，自 幼 训 练 你 适 应 贵 族 礼 法 与 宫 廷 生 活。
str_id_6686|你 是 行 商 家 的 {reg11?女 儿:儿 子}，随 父 母 四 处 奔 波 寻 找 商 机。父 母 比 多 数 人 富 裕，也 尽 力 教 育 你，但 旅 途 中 很 少 有 结 交 朋 友 的 机 会；你 最 期 待 的，往 往 只 是 把 某 件 货 物 卖 给 某 个 人 的 时 刻。
str_id_6687|小 时 候，你 的 家 庭 靠 你 父 亲 作 为 当 地 领 主 守 卫 的 工 资 勉 强 维 持 生 计。生 活 不 易，你 太 穷 了，没 受 什 么 教 育。你 主 要 学 会 了 如 何 在 街 上 自 卫，无 论 手 中 有 没 有 武 器。
str_id_6688|你 是 {reg11?女 儿  :儿 子  }，出 身 于 一 个 依 靠 森 林 为 生 的 家 庭，家 里 做 各 种 活 计 来 维 持 生 计，比 如 打 猎、砍 柴、制 作 箭 矢，日 子 紧 巴 时 还 偶 尔 偷 猎。冬 天 对 你 家 来 说 总 是 难 熬，因 为 严 寒 会 夺 走 动 物 和 人 的 生 命，但 你 总 能 活 到 第 二 天 天 亮，而 你 的 兄 弟 姐 妹 们 可 能 就 没 这 么 幸 运 了。
str_id_6689|你 出 生 在 草 原，是 游 牧 部 族 的 孩 子。族 人 逐 水 草 迁 徙，在 干 旱 草 原 上 扎 起 一 座 座 庞 大 营 地。和 其 他 族 人 一 样，你 的 家 人 将 马 匹 视 作 最 珍 贵 的 财 富；你 几 乎 在 学 会 走 路 之 前，就 已 经 学 会 了 骑 马。
str_id_6690|身 为 盗 贼 的 {reg11?女 儿:儿 子}，你 几 乎 没 受 过 什 么“正 规”教 育。童 年 时，你 在 街 头 乞 讨，随 后 学 会 割 开 钱 袋，再 后 来 又 学 会 撬 锁。漫 长 的 街 头 生 活 使 你 精 明 世 故，也 熟 悉 城 市 的 秘 密 和 阴 暗 小 巷。
str_id_6691|你 是 一 个 无 人 愿 意 收 养 的 {reg11?女 孩:男 孩}，襁 褓 中 便 被 遗 弃 在 教 会 门 前，由 祭 司 和 修 女 依 照 教 会 传 统 抚 养 成 人。你 只 是 众 多 弃 儿 和 孤 儿 中 的 一 个，却 仍 得 到 不 少 照 顾，并 在 教 会 图 书 馆 与 祭 坛 前 学 习 多 年。他 们 教 会 你 许 多 事；渐 渐 地，信 仰 融 入 你 的 生 命，如 同 血 液 在 脉 搏 中 流 淌。
str_id_6692|你 被 送 到 一 位 当 地 贵 族 的 宫 廷 生 活。最 初，你 侍 奉 家 中 的 领 主 和 贵 妇，从 谦 卑 服 从 开 始 学 习。然 而，从 他 们 的 棋 局、闲 谈，以 及 歌 颂 伟 业 与 宫 廷 爱 情 的 诗 篇 中，你 很 快 认 识 到 成 年 世 界 的 冲 突 与 竞 争。你 也 从 其 他 孩 子 粗 野 的 游 戏 中 学 到 不 少—— 他 们 挥 舞 木 棍 彼 此 敲 打，模 仿 长 辈 手 中 的 利 剑。
str_id_6693|你 拜 当 地 工 匠 为 师，学 习 一 门 手 艺。多 年 辛 劳 与 钻 研 后，师 傅 将 你 提 升 为 熟 练 工，并 愿 意 以 正 式 工 匠 的 待 遇 雇 用 你，任 你 留 下 多 久 都 可 以。
str_id_6694|你 流 落 街 头，为 了 生 存 不 择 手 段。乞 讨、偷 窃、替 帮 派 做 事，只 为 挣 得 一 口 饭 吃。你 在 这 个 暴 力 的 世 界 里 朝 不 保 夕，始 终 要 抢 在 法 律 和 仇 敌 前 面 一 步。
str_id_6695|你 骑 着 自 己 的 马 驰 骋 在 辽 阔 草 原 上，逐 渐 学 会 如 何 在 草 原 和 荒 漠 中 生 存。虽 然 有 时 免 不 了 挨 饿，你 还 是 成 了 出 色 的 猎 人 和 向 导，能 在 没 有 道 路 的 荒 野 中 找 到 方 向。游 牧 生 活 也 让 你 的 身 体 日 渐 强 壮。
str_id_6696|你 成 为 一 名 富 商 的 学 徒，多 年 来 在 商 铺 和 商 队 中 工 作，逐 渐 学 会 了 经 商 的 技 巧。你 很 快 就 掌 握 了 低 买 高 卖 的 本 事，还 总 能 让 顾 客 觉 得 自 己 占 了 便 宜。
str_id_6697|你 加 入 一 支 四 处 漂 泊 的 艺 人 团，走 遍 城 镇，搭 台 表 演 街 头 戏 剧。那 是 一 种 艰 辛 的 生 活：兜 售 小 物、沿 街 乞 讨，甚 至 顺 手 牵 羊，靠 蜂 拥 而 来 的 看 客 维 持 生 计。日 积 月 累，你 终 于 成 为 能 够 吸 引 大 批 观 众 的 老 练 艺 人。
str_id_6698|你 在 宫 廷 中 度 过 了 大 半 生，并 设 法 跻 身 关 系 紧 密 的 贵 族 圈 子。随 着 年 岁 增 长，你 越 来 越 深 地 卷 入 上 流 社 会 的 政 治 与 阴 谋。身 为 出 身 高 贵 的 {reg11?女 子:男 子}，即 便 你 不 情 愿，也 不 可 能 对 背 叛 与 政 治 暴 力 一 无 所 知。
str_id_6699|{reg11?你 接 受 了 贵 族 女 子 应 有 的 教 育，学 会 管 理 家 务，也 学 习 了 外 交、礼 仪，以 及 未 来 丈 夫 可 能 谈 论 的 各 种 话 题。事 实 上，你 的 机 敏 丝 毫 不 逊 于 任 何 领 主，只 是 把 这 话 说 出 来 未 免 有 失 体 面。:你 接 受 了 贵 族 地 主 应 有 的 训 练 和 教 育，学 习 如 何 履 行 职 责、行 使 权 利。税 收 与 地 租 的 管 理，和 外 交、个 人 防 卫 同 样 重 要。你 学 会 了 独 立 管 理 一 片 领 地 所 需 的 一 切。}
str_id_6700|你 成 为 教 会 中 的 {reg11?女 侍 祭:侍 祭}，踏 上 通 往 祭 司 之 位 的 第 一 步。接 下 来 是 多 年 严 格 学 习 与 辛 苦 劳 作。你 与 其 他 侍 僧 承 担 教 会 中 大 部 分 杂 务，同 时 接 受 更 神 圣 职 责 的 训 练。成 年 之 夜，你 获 准 主 持 第 一 次 仪 式。从 那 以 后，你 不 再 是 {reg11?侍 祭 女 孩:侍 祭 男 孩}，而 是 一 名 等 待 立 誓、将 自 己 献 给 神 明 的 年 轻 人。
str_id_6701|你 抛 下 旧 日 生 活，以 佣 兵 和 打 手 的 身 份 踏 上 旅 途：为 了 几 个 铜 板 护 卫 商 队，为 了 几 枚 银 币 打 破 别 人 的 脑 袋。你 成 了 大 道 上 的 {reg11?女 儿  :儿 子  }，时 而 与 强 盗 为 敌，时 而 又 与 他 们 合 作。从 一 场 战 斗 赶 赴 下 一 场，你 积 累 了 丰 富 经 验，也 懂 得 了 杀 人 究 竟 意 味 着 什 么。
str_id_6702|你 加 入 一 支 佣 兵 团，远 离 故 乡 四 处 征 战。这 样 的 生 活 粗 犷 而 严 酷：随 着 陌 生 的 鼓 点 行 军，学 习 各 种 异 域 战 法。老 兵 教 你 使 用 想 学 的 任 何 武 器，无 数 战 斗 则 让 你 不 断 磨 炼 技 艺。你 是 少 数 受 命 运 眷 顾 的 人，参 加 的 每 一 场 战 役 都 活 了 下 来。
str_id_6703|你 厌 倦 普 通 人 为 几 枚 钱 币 拼 命 挣 扎，于 是 闯 进 当 地 领 主 的 森 林，肆 意 取 用 其 中 的 猎 物—— 让 法 律 见 鬼 去 吧。你 猎 杀 雄 鹿、野 猪 和 野 鹅，私 下 出 售 珍 贵 的 肉；又 在 守 林 人 眼 皮 底 下 砍 伐 树 木，把 木 材 卖 给 严 冬 中 挨 冻 的 人 家。当 然，这 一 切 都 只 是 为 了 几 枚 银 币。
str_id_6704|你 选 择 成 为 铁 匠，把 普 通 金 属 锻 造 成 兼 具 实 用 与 美 感 的 器 物。随 着 时 光 流 逝，你 的 技 艺 日 趋 精 湛，出 色 作 品 也 开 始 卖 出 好 价 钱。腹 中 有 食、炉 中 有 火，你 为 自 己 的 手 艺 与 日 渐 增 长 的 声 望 感 到 自 豪。
str_id_6705|响 应 远 方 道 路 的 呼 唤，你 从 一 个 村 庄 走 到 另 一 个 村 庄，买 卖 手 中 能 够 周 转 的 一 切。这 样 的 生 活 并 不 富 裕，却 让 你 成 为 讨 价 还 价 的 高 手，即 使 最 吝 啬 的 长 老 也 会 被 你 说 服，给 出 一 个 好 价 钱。你 知 道，建 立 属 于 自 己 的 商 业 帝 国 已 经 不 再 遥 远……
str_id_6706|你 收 拾 起 寥 寥 无 几 的 行 李，走 向 世 界 各 地 传 播 神 明 的 教 诲。你 向 每 个 愿 意 聆 听 的 人 布 道，热 烈 的 讲 道 打 动 了 许 多 人。尽 管 你 发 誓 在 巡 游 岁 月 中 安 贫 守 道，却 从 不 缺 少 食 物、饮 水 和 栖 身 之 所；农 民 总 愿 意 慷 慨 招 待 一 位 声 名 渐 起 的 {reg11?女 神 职 者:男 神 职 者}。
str_id_6707|你 独 自 踏 上 旅 途，除 背 后 的 乐 器 和 自 己 的 歌 喉 外 一 无 所 有。那 是 一 种 贫 困 的 生 活；每 当 听 众 不 欣 赏 你 的 演 奏，你 便 只 能 挨 饿 过 夜。但 你 终 究 靠 音 乐 活 了 下 来。多 年 后，你 已 十 分 擅 长 取 悦 酒 馆 里 的 醉 汉，也 更 擅 长 用 一 张 巧 嘴 得 到 自 己 想 要 的 一 切。
str_id_6708|你 被 任 命 为 宫 廷 贵 族 的 侍 从 后，长 时 间 练 习 武 器，既 学 习 如 何 给 人 重 击，也 学 习 如 何 承 受 重 击。你 被 教 导 对 领 主 应 尽 的 义 务，以 及 未 来 对 自 己 封 臣 应 负 的 责 任。除 了 骑 士 理 想，你 也 从 老 战 士 口 中 了 解 了 不 那 么 光 彩 的 一 面：残 酷 的 权 力 斗 争、背 叛 与 篡 位，以 及 那 些 同 时 借 助 诡 计 和 勇 武 达 成 目 的 的 人。
str_id_6709|你 加 入 宫 廷 贵 妇 们 关 系 紧 密 的 圈 子。这 里 有 贵 族 的 妻 子 与 情 妇，也 有 尚 未 找 到 丈 夫 的 少 女，她 们 都 过 着 合 乎 身 份 的 生 活。然 而，即 使 在 这 里，政 治 也 无 处 不 在：贵 妇 们 为 了 地 位 彼 此 算 计，又 为 吸 引 宫 廷 中 炙 手 可 热 的 未 婚 男 子 而 激 烈 争 斗。你 很 快 学 会 利 用 这 些 局 势 为 自 己 谋 利，也 终 于 意 识 到，只 要 稍 加 巧 妙 经 营，自 己 同 样 能 够 对 世 界 施 加 巨 大 的 影 响。
str_id_6710|你 进 入 一 座 大 城 市 的 大 学，学 习 神 学、哲 学 与 医 学。但 并 非 所 有 课 程 都 发 生 在 讲 堂 里。你 或 许 曾 跟 随 同 伴 穿 行 小 巷，寻 找 美 酒、艳 遇 和 一 场 痛 快 的 斗 殴。无 论 如 何，你 确 实 学 会 了 如 何 接 好 断 裂 的 下 颌，也 懂 得 怎 样 说 服 暴 怒 的 市 民 放 下 棍 棒，接 受 店 铺 受 损 的 金 钱 赔 偿。
str_id_6711|然 而，离 开 并 不 是 一 个 艰 难 的 选 择，因 为 怒 火 正 在 你 心 中 熊 熊 燃 烧。你 渴 望 复 仇，渴 望 正 义。发 生 在 你 身 上 的 一 切 已 经 无 法 挽 回，而 这 些 血 债 只 能 用 鲜 血 偿 还……
str_id_6712|你 只 知 道 自 己 再 也 无 法 留 下。所 爱 之 人 的 回 忆 如 此 贴 近，也 如 此 痛 苦。或 许 新 的 生 活 能 让 你 遗 忘，又 或 许 你 能 够 让 那 个 再 也 不 忍 说 出 口 的 名 字 重 获 荣 耀……
str_id_6713|你 甚 至 说 不 清 家 园 从 何 时 起 变 成 了 牢 笼，熟 悉 的 一 切 又 从 何 时 起 变 得 庸 常；但 远 行 的 梦 想 已 经 彻 底 占 据 你 的 生 命。无 论 你 向 往 遥 远 国 度，还 是 仅 仅 渴 望 开 阔 大 道 和 自 由 旅 行，你 都 再 也 无 法 忍 受 困 守 一 地。于 是 你 就 此 离 去，再 没 有 回 头……
str_id_6714|无 论 如 何，灵 魂 中 炽 烈 的 信 仰 使 你 无 法 在 任 何 地 方 长 久 安 居。世 界 上 还 有 无 数 灵 魂 等 待 神 圣 之 光 的 洗 涤。如 今 你 走 到 哪 里 便 在 哪 里 布 道，试 图 为 大 众 带 去 救 赎 与 启 示，无 论 他 们 是 信 徒 还 是 异 教 徒。等 你 完 成 使 命 时，所 有 人 都 将 知 晓 神 明 的 荣 耀……
str_id_6715|然 而，你 知 道 你 无 法 回 去。没 有 什 么 可 回 去 的。无 论 你 曾 拥 有 什 么 家 园，现 在 都 已 消 失，你 必 须 面 对 这 个 事 实：你 身 处 广 阔 而 野 蛮 的 世 界 中。独 自 一 人，沉 浮 由 命……
str_id_6716|对 其 他 人 来 说，很 明 显 你 现 在 只 受 个 人 利 益 驱 动。你 想 变 得 富 有、强 大、受 尊 敬、被 畏 惧。你 想 成 为 那 个 别 人 急 忙 服 从 的 人。你 想 让 人 们 知 道 你 的 名 字，并 在 它 被 提 起 时 颤 抖。你 想 要 一 切，而 且 你 不 会 让 任 何 人 阻 止 你 得 到 它……
str_id_6717|{s10}^^你 几 乎 从 学 会 走 路 和 说 话 时 起，便 开 始 认 识 这 个 世 界。作 为 刚 脱 离 童 年 的 {reg11?少 女:少 年}，{s11}^^虽 然 变 化 来 得 突 然，但 在 不 知 不 觉 间，你 已 经 成 为 {reg11?女 人:男 人}，周 围 的 世 界 仿 佛 也 完 全 改 变 了。{s12}^^只 有 你 自 己 知 道，究 竟 是 什 么 让 你 抛 弃 旧 生 活，成 为 冒 险 者。{s13}
str_id_6718|继 续 
str_id_6719|走 近 箱 子，按 住 鼠 标 右 键 一 段 时 间，然 后 你 可 以 从 箱 子 里 存 款 或 取 款。如 果 你 也 有 一 个 管 家，你 可 以 访 问 你 的 金 库。
str_id_6720|你 选 择 得 很 好，{s0}。{reg1?我 的 {reg65?同 伴 :小 伙 子 们 }:我 } 知 道 如 何 遵 守 {reg1?他 们 的 :我 的 } 诺 言 并 赚 取 {reg1?他 们 的 :我 的 } 报 酬。
str_id_6721|干 得 漂 亮，{s0}。只 要 钱 和 酒 继 续 送 来，旧 世 界 就 没 有 你 需 要 害 怕 的 敌 人。
str_id_6722|{reg1?我 们 是:对}愿 为 你 效 力，{s0}。只 管 指 出 谁 该 挨 揍，剩 下 的 交 给{reg1?我 们 会 照 顾 好 你 的:我 来 处 理}。
str_id_6723|你 不 会 失 望 的，{s0}。你 在 整 个 旧 世 界 都 找 不 到 {reg1?更 好 的 战 士 :一 个 更 好 的 战 士 }。
str_id_6724|我 隔 着 一 英 里 都 能 闻 到 鼓 鼓 的 钱 袋。依 我 看，你 的 钱 袋 该 减 减 重 了，嗯？
str_id_6725|瞧，又 来 了 一 位 旅 人，今 天 可 真 是 你 的 幸 运 日！不 过 我 得 提 醒 你，这 一 带 对 {reg33?像 你 这 样 体 面 的 女 士:像 你 这 样 体 面 的 先 生} 来 说，可 不 太 安 全。只 要 稍 微 表 示 一 下，我 和 手 下 就 能 保 证 你 平 安 到 达 目 的 地。怎 么 样？
str_id_6726|哎 呀 呀，看 看 这 个！你 最 好 开 始 掏 出 些 银 币，朋 友，否 则 我 和 我 的 伙 计 们 就 得 打 断 你 的 腿。{reg33?:}
str_id_6727|穿 过 这 片 土 地 要 付 我 们 通 行 费，所 以 如 果 你 不 介 意 的 话，我 们 就 从 你 的 钱 包 里 取 我 们 应 得 的 钱……
str_id_6728|又 一 个 傻 瓜 来 把 {reg33?她 :他 } 自 己 扔 到 我 的 武 器 上，嗯？好 吧，让 我 们 打 一 场！
str_id_6729|我 们 不 怕 你，{reg33?娘 们 :小 子 }。是 时 候 砸 碎 一 些 脑 袋 了！
str_id_6730|那 是 个 错 误。现 在 我 要 让 你 的 死 亡 变 得 漫 长 而 痛 苦。
str_id_6731|好 大 的 口 气。来 吧，恶 狗，让 我 看 看 你 能 不 能 用 行 动 证 明！
str_id_6732|我 希 望 你 死 在 洞 里。
str_id_6733|你 要 将 {s1} 命 名 为 什 么？
str_id_6734|你 的 王 国 
str_id_6735|首 都 
str_id_6736|队 伍 
str_id_6737|这 个 同 伴 
str_id_6738|干 得 好，{reg33?姑 娘 :小 伙 子 }。随 着 这 场 胜 利，你 已 晋 升 到 下 一 个 训 练 等 级。从 现 在 起，你 的 对 手 将 是 正 规 战 士，而 不 是 街 上 的 乌 合 之 众，所 以 保 持 警 惕。
str_id_6739|确 实 打 得 好，{reg33?姑 娘 :小 伙 子 }。欢 迎 来 到 第 三 训 练 等 级。从 现 在 起，你 的 对 手 将 是 老 兵 战 士；士 兵 和 竞 技 场 常 客 之 类 的。这 些 家 伙 知 道 一 些 肮 脏 的 把 戏，所 以 保 持 你 的 防 御。
str_id_6740|你 有 一 颗 冠 军 的 心，{reg33?小 姐 :小 伙 子 }，还 有 一 只 与 之 相 配 的 剑 臂。从 现 在 起，你 的 对 手 将 是 冠 军 战 士。他 们 是 精 英，是 我 训 练 过 的 最 优 秀 的 战 士。如 果 你 能 连 续 三 次 击 败 他 们，你 将 加 入 他 们 的 行 列。
str_id_6741|你 的 对 手 {reg0?们 是 :是 } 准 备 好 了 战 斗。
str_id_6742|站 在 地 面 标 线 后 方 射 击 目 标，尽 量 不 要 浪 费 弹 药。
str_id_6743|尽 可 能 多 地 摧 毁 目 标。你 有 两 分 钟 半 的 时 间 清 理 跑 道。
str_id_6745|有 裂 缝 的 
str_id_6746|生 锈 的 
str_id_6747|弯 曲 的 
str_id_6748|有 缺 口 的 
str_id_6749|破 烂 的 
str_id_6750|粗 劣 的
str_id_6751|粗 糙 的 
str_id_6752|老 旧 的 
str_id_6753|便 宜 的 
str_id_6754|精 良 的
str_id_6755|制 作 精 良 的 
str_id_6756|锋 利 的 
str_id_6757|平 衡 的 
str_id_6758|回 火 的 
str_id_6759|致 命 的 
str_id_6760|精 致 的 
str_id_6761|大 师 的 
str_id_6762|重 的 
str_id_6763|强 韧 的 
str_id_6764|强 大 的 
str_id_6765|破 烂 的 
str_id_6766|粗 糙 的 
str_id_6767|粗 糙 的 
str_id_6768|坚 固 的 
str_id_6769|厚 的 
str_id_6770|加 硬 的 
str_id_6771|加 强 的 
str_id_6772|华 丽 的 
str_id_6773|高 贵 的 
str_id_6774|瘸 的 
str_id_6775|伤 背 的 
str_id_6776|倔 强 的 
str_id_6777|胆 小 的 
str_id_6778|温 顺 的 
str_id_6779|精 神 饱 满 的
str_id_6780|冠 军 的 
str_id_6781|新 鲜 的 
str_id_6782|隔 夜 的 
str_id_6783|前 天 的 
str_id_6784|发 臭 的 
str_id_6785|腐 烂 的 
str_id_6786|大 包 的 
str_id_6787|朝 圣 者 
str_id_6788|农 民 
str_id_6789|猎 人 
str_id_6790|商 人 
str_id_6791|守 卫 
str_id_6792|吟 游 诗 人 
str_id_6793|平 民 
str_id_6794|不 
str_id_6795|超 文 本 标 记 语 言 代 码：{s0}
str_id_6797|{s0} 的 颜 色：
str_id_6798|你 的 旗 帜 背 面 
str_id_6799|小 地 图 上 的 {s0} 部 队 
str_id_6800|当 前 设 置：{s1}
str_id_6801|寒 冷 海 岸 
str_id_6802|{s1} 小 队 
str_id_6803|同 伴 
str_id_6804|下 一 波 {reg0}分 钟 后……
str_id_6805|波 次 信 息 
str_id_6806|波 次 编 号：{reg1}
str_id_6807|老 兵 波 次 编 号：{reg1}
str_id_6808|精 英 波 次 编 号：{reg1}
str_id_6809|剩 余 时 间：{reg2}分 钟 和 {reg1}秒 
str_id_6810|剩 余 时 间：{reg1}秒 
str_id_6811|敌 人：{reg1}存 活，{reg2}到 达 
str_id_6812|{reg4} {s0} ({reg3}即 将 到 达 )
str_id_6813|波 次 {reg1}将 在 {reg0}秒 后 到 来 
str_id_6814|老 兵 波 次 {reg1}将 在 {reg0}秒 后 到 来 
str_id_6815|精 英 波 次 {reg1}（等 级 {reg2}）将 在 {reg0}秒 后 到 来 
str_id_6816|摧 毁 囚 车，或 撑 过 本 轮，以 营 救 倒 下 的 战 友。
str_id_6817|波 次 {reg1}
str_id_6818|注 意：老 兵 的 数 量 和 生 命 都 有 所 增 加！
str_id_6819|注 意：精 英 增 加 了 生 命 值 并 造 成 更 多 伤 害！
str_id_6820|一 旦 你 的 战 友 摧 毁 囚 车 或 通 过 当 前 回 合，你 将 重 生。
str_id_6821|你 将 在 下 一 轮 中 重 生。
str_id_6822|预 设 
str_id_6823|开 箱 子 
str_id_6824|已 经 打 开！
str_id_6825|难 度：
str_id_6826|简 单 
str_id_6827|正 常 
str_id_6828|无 尽 
str_id_6829|难 度：{s0}
str_id_6830|胜 利！
str_id_6831|{s0} {reg1?已 被 :已 被 } 击 败（{s1}）
str_id_6832|{s0} {reg1?已 被 :已 被 } 暂 时 击 退……^准 备 迎 战 精 英 层 级 {reg0}
str_id_6833|{s0} 的 大 军 正 在 逼 近！
str_id_6834|{s0} 的 近 卫 军 正 在 逼 近！（最 后 一 波）
str_id_6835|分 配 掉 落 物 品：
str_id_6836|选 择 并 装 备 您 的 同 伴：
str_id_6837|装 备 您 的 同 伴：
str_id_6838|等 级 {reg0}
str_id_6839|你 没 有 足 够 的 空 余 武 器 栏，物 品 因 此 掉 到 了 地 上。
str_id_6840|国 王 {s0}
str_id_6841|女 王 {s0}
str_id_6842|发 射 标 枪 的 弓 
str_id_6843|击 倒 所 有 被 它 命 中 的 人
str_id_6844|命 中 敌 人 时 为 投 掷 者 恢 复 生 命 值
str_id_6845|逐 渐 吸 取 被 刺 穿 者 的 生 命
str_id_6846|击 中 时 解 除 武 装 
str_id_6847|即 使 是 最 轻 微 的 接 触 也 会 导 致 死 亡 
str_id_6848|背 刺 可 以 杀 死 任 何 敌 人 
str_id_6849|持 续 消 耗 生 命 值，却 会 激 起 危 险 的 狂 暴
str_id_6850|使 被 击 中 者 改 换 阵 营
str_id_6851|惊 人 的
str_id_6852|让 你 跑 得 更 快
str_id_6853|让 你 出 手 更 重
str_id_6854|让 你 的 头 部 更 安 全
str_id_6855|踢 出 凶 狠 的 一 脚
str_id_6856|逐 渐 恢 复 生 命 值
str_id_6857|-擅 长 投 掷 和 单 手 ^-不 擅 长 双 手 和 弩 
str_id_6858|-擅 长 单 手 ^-不 擅 长 投 掷 
str_id_6859|-擅 长 长 杆 ^-不 擅 长 双 手 
str_id_6860|-擅 长 近 战 武 器 ^-不 擅 长 远 程 武 器 
str_id_6861|-擅 长 弓 和 投 掷 ^-不 擅 长 双 手 和 弩 
str_id_6862|-擅 长 单 手 和 双 手 ^-不 擅 长 弓 和 弩 
str_id_6863|-擅 长 弓 和 长 杆 ^-不 擅 长 单 手 和 双 手 
str_id_6864|-擅 长 投 掷 和 双 手 ^-不 擅 长 长 杆 和 弩 
str_id_6865|-擅 长 双 手 和 弓 ^-不 擅 长 单 手 和 弩 
str_id_6866|-擅 长 弩 ^-不 擅 长 双 手 和 长 杆 
str_id_6867|-擅 长 双 手 和 弩 ^-不 擅 长 弓 
str_id_6868|-擅 长 长 杆 ^-不 擅 长 弓 
str_id_6869|-擅 长 单 手 和 弓 ^-不 擅 长 双 手 
str_id_6870|-擅 长 单 手 ^-全 才 
str_id_6871|-擅 长 双 手 和 弓 ^-不 擅 长 弩 和 投 掷 
str_id_6872|-擅 长 投 掷 和 单 手 ^-不 擅 长 双 手 和 弩 
str_id_6873|{s0} 可 汗 
str_id_6874|{s0} 哈 丹 
str_id_6875|苏 丹 {s0}
str_id_6876|苏 丹 娜 {s0}
str_id_6877|国 家 兵 种 树 
str_id_6878|低 于 有 效 范 围
str_id_6879|高 于 有 效 范 围
str_id_6880|薄 布 
str_id_6881|丝 绸 
str_id_6882|毛 皮 
str_id_6883|皮 革 
str_id_6884|层 状 
str_id_6885|镶 嵌 皮 革 
str_id_6886|链 甲 
str_id_6887|鱼 鳞 甲 
str_id_6888|板 甲 
str_id_6889|未 定 义 护 甲 
str_id_6890|盾 牌 附 魔
str_id_6891|木 盾 
str_id_6892|铁 盾 
str_id_6893|武 术 
str_id_6894|金 属 武 艺
str_id_6895|单 手 钝 器 
str_id_6896|单 手 木 器 
str_id_6897|单 手 铁 器 
str_id_6898|标 枪 
str_id_6899|长 杆 
str_id_6900|不 可 配 盾 的 长 杆 武 器
str_id_6901|双 手 钝 器 
str_id_6902|双 手 木 器 
str_id_6903|双 手 铁 器 
str_id_6904|魔 法 物 品 
str_id_6905|弹 药 
str_id_6906|投 掷 武 器
str_id_6907|弓 
str_id_6908|弩 或 火 器
str_id_6909|未 定 义 武 器 
str_id_6910|1
str_id_6911|2
str_id_6912|3
str_id_6913|4
str_id_6914|5
str_id_6915|6
str_id_6916|7
str_id_6917|8
str_id_6918|9
str_id_6919|0
str_id_6920|A
str_id_6921|B
str_id_6922|C
str_id_6923|D
str_id_6924|E
str_id_6925|F
str_id_6926|G
str_id_6927|H
str_id_6928|I
str_id_6929|J
str_id_6930|K
str_id_6931|L
str_id_6932|M
str_id_6933|N
str_id_6934|O
str_id_6935|P
str_id_6936|Q
str_id_6937|R
str_id_6938|S
str_id_6939|T
str_id_6940|U
str_id_6941|V
str_id_6942|W
str_id_6943|X
str_id_6944|Y
str_id_6945|Z
str_id_6946|数 字 键 0 
str_id_6947|数 字 键 1 
str_id_6948|数 字 键 2 
str_id_6949|数 字 键 3 
str_id_6950|数 字 键 4 
str_id_6951|数 字 键 5 
str_id_6952|数 字 键 6 
str_id_6953|数 字 键 7 
str_id_6954|数 字 键 8 
str_id_6955|数 字 键 9 
str_id_6956|数 字 锁 定 键
str_id_6957|小 键 盘 除 号 键
str_id_6958|小 键 盘 乘 号 键
str_id_6959|小 键 盘 减 号 键
str_id_6960|小 键 盘 加 号 键
str_id_6961|小 键 盘 回 车 键
str_id_6962|小 键 盘 删 除 键
str_id_6963|插 入 键
str_id_6964|删 除 键
str_id_6965|主 页 键
str_id_6966|结 束 键
str_id_6967|上 页 键
str_id_6968|下 页 键
str_id_6969|上 方 向 键
str_id_6970|下 方 向 键
str_id_6971|左 方 向 键
str_id_6972|右 方 向 键
str_id_6973|F1键
str_id_6974|F2键
str_id_6975|F3键
str_id_6976|F4键
str_id_6977|F5键
str_id_6978|F6键
str_id_6979|F7键
str_id_6980|F8键
str_id_6981|F9键
str_id_6982|F10键
str_id_6983|F11键
str_id_6984|F12键
str_id_6985|空 格 键
str_id_6986|回 车 键
str_id_6987|制 表 键
str_id_6988|退 格 键
str_id_6989|[ 
str_id_6990| ] 
str_id_6991| < 
str_id_6992| > 
str_id_6993| ? 
str_id_6994|\
str_id_6995| = 
str_id_6996| -- 
str_id_6997|分 号 键
str_id_6998|撇 号 键
str_id_6999|波 浪 号 键
str_id_7000|大 写 锁 定 键
str_id_7001|左 Shift键
str_id_7002|右 Shift键
str_id_7003|左 Ctrl
str_id_7004|右 Ctrl键
str_id_7005|左 Alt键
str_id_7006|右 Alt键
str_id_7007|左 键 
str_id_7008|右 键 
str_id_7009|鼠 标 按 钮 3 
str_id_7010|鼠 标 按 钮 4 
str_id_7011|鼠 标 按 钮 5 
str_id_7012|鼠 标 按 钮 6 
str_id_7013|鼠 标 按 钮 7 
str_id_7014|鼠 标 按 钮 8 
str_id_7015|向 上 滚 动 
str_id_7016|向 下 滚 动 
str_id_7017|切 换 相 机 模 式 
str_id_7018|下 一 个 AI单 位
str_id_7019|上 一 个 AI单 位
str_id_7020|镜 头 放 大 
str_id_7021|镜 头 缩 小 
str_id_7022|镜 头 向 上 
str_id_7023|镜 头 向 下 
str_id_7024|镜 头 向 右 
str_id_7025|镜 头 向 左 
str_id_7026|战 斗 急 救 
str_id_7027|战 争 怒 吼
str_id_7028|战 斗 号 令
str_id_7029|唤 马 口 哨 
str_id_7030|部 署 大 盾
str_id_7031|战 斗 嘲 讽 
str_id_7032|架 矛 
str_id_7033|盾 击 
str_id_7034|呼 叫 马 匹 
str_id_7035|{s21}
str_id_7036|抱 歉，由 于 引 擎 内 存 泄 漏，你 当 前 的 游 戏 已 经 损 坏。除 其 他 可 能 的 错 误 外，角 色 面 部 也 会 严 重 变 形。^^请 完 全 关 闭 Warband程 序，然 后 重 新 启 动 并 开 始 一 局 新 游 戏，以 修 复 此 错 误。^（若 有 更 早 的 存 档，也 可 回 退 至 该 存 档。）
str_id_7037|旧 世 界 佣 兵
str_id_7038|好 的 圣 职 者 
str_id_7039|中 立 的 圣 职 者 
str_id_7040|邪 恶 的 圣 职 者 
str_id_7041|强 盗 1
str_id_7042|有 用 的 杂 项 1
str_id_7043|同 伴 
str_id_7044|亡 灵 
str_id_7045|暂 未 使 用
str_id_7046|有 用 的 杂 项 2
str_id_7047|有 用 的 杂 项 3
str_id_7048|动 物 
str_id_7049|填 充 物 1
str_id_7050|填 充 物 2
str_id_7051|填 充 物 3
str_id_7052|亚 马 逊 猎 人 
str_id_7053|亚 马 逊 突 击 者 
str_id_7054|瘟 疫 氏 族 巡 逻 队 
str_id_7055|新 世 界 探 险 家 
str_id_7056|腐 化 树 人 
str_id_7057|野 兽 人 
str_id_7058|斯 卡 文 隧 道 工 
str_id_7059|混 沌 矮 人 奴 隶 
str_id_7060|疯 子 
str_id_7061|劫 掠 雇 佣 兵 
str_id_7062|逃 跑 的 奴 隶 
str_id_7063|墓 穴 劫 掠 者
str_id_7064|劫 掠 兽 人 
str_id_7065|游 牧 强 盗 
str_id_7066|野 兽 人 掠 夺 者 
str_id_7067|混 沌 海 洋 掠 夺 者 
str_id_7068|斯 卡 文 隧 道 工 
str_id_7069|夜 地 精 
str_id_7070|那 加 罗 斯 刺 客 
str_id_7071|暗 精 灵 渗 透 者 
str_id_7072|背 誓 恶 魔 
str_id_7073|横 冲 直 撞 的 掠 夺 者 
str_id_7074|野 兽 人 
str_id_7075|猎 巫 远 征 军
str_id_7076|游 荡 的 地 精 狼 骑 士 
str_id_7077|游 牧 霍 布 林 掠 夺 者
str_id_7078|横 冲 直 撞 的 掠 夺 者 
str_id_7079|-----^卡 扎 利 德 词 典^^A^A - 的；与；在……之 内；向。^Ad - 做 过；完 成。^Af - 他 们；你 们。^Agril - 银 质 金 属。^Agrul - 石 雕；也 指 年 迈 矮 人 脸 上 的 皱 纹。^Ai, I, Ap, Ip - 是；没 错。^Ald - 古 老。^Aldrhun - 古 老 符 文。^An - 将 要；准 备 有 目 的 地 去 做。^Anad - 将 会 完 成。^Ang - 铁 器 加 工；工 业 劳 动。^Ankor - 领 地；国 度；国 家。^Anu - 很 快；马 上！^Arkhandrazkal - 用 巨 魔 牙 齿 在 贵 金 属 上 铭 刻 符 文 的 技 艺。^Arm - 不 规 则 动 词“是”；过 去 式 为“urz”。^Az - 战 斧。^Az-Dreugi - 巨 斧。^Azgal - 宝 藏。^Azkahr - 大 型 石 砌 建 筑。^Azril - 银 色。^Azul - 任 何 金 属；也 指 可 靠、坚 韧 的 矮 人。^^B^Bak - 头 部。^Bar, Barak - 加 固 的 大 门；门。^Bar Dawazbak -“矮 人 之 首 门”。^Barag - 战 争 机 器。^Baraz - 纽 带；誓 言 或 承 诺。^Bezek - 拥 有；占 有。^Bezeki - 所 有 者。^Bin - 在……之 中、之 上 或 旁 边。^Boga - 会 突 然 熄 灭、使 隧 道 陷 入 黑 暗 的 蜡 烛。^Bok - 在 低 矮 隧 道 顶 撞 到 头；也 指 由 此 留 下 的 伤 疤。^Boki - 矮 人 矿 工 的 俚 称。^Bolg - 肥 肚 子；也 指 极 度 富 足、年 长 而 满 足 的 状 态。^Bran - 聪 明、警 觉、头 脑 敏 锐。^Brog - 面 包；糕 饼。^Bryn - 在 阳 光 下 闪 耀 的 黄 金；也 泛 指 璀 璨 或 华 丽 的 事 物。^Brynduraz - 矮 人 珍 爱 的 亮 蓝 色 晶 体，“明 石”。^^C^Chuf - 藏 在 帽 子 下 以 备 不 时 之 需 的 一 块 陈 年 奶 酪。^^D^Dal - 古 老 而 坚 固。^Dammaz - 怨 恨；苦 痛。^Dammaz Kron - 字 面 意 为“怨 恨 之 书”，也 可 指《大 怨 恨 之 书》。^Dar - 赌 注、赌 约 或 挑 战。^Dawazbak - 矮 人 的 头。^Dawi - 矮 人。^Dawr - 看 起 来 极 其 优 良 可 靠，但 尚 未 经 长 期 使 用 证 明。^Deb - 未 经 尝 试、检 验 或 磨 炼。^Doh - 愚 蠢；轻 信。^Dok - 观 察；注 视；眼 睛。^Dongliz - 矮 人 身 上 怎 么 也 挠 不 到 的 部 位。^Drakk - 龙。^Drek - 遥 远 距 离；宏 大 抱 负 或 事 业。^Dreng - 在 战 斗 中 杀 死。^Drengi - 屠 夫。^Dringorak -“诡 道”，通 常 指 活 板 门 或 秘 密 通 道。^Dron - 雷 鸣；巨 大 轰 响。^Drongnel - 用 浓 烈 蘑 菇 和 麦 酒 腌 制 的 炖 龙 肉。^Drung - 击 败；征 服。^Duk - 低 矮 狭 窄 的 隧 道。^Dum - 毁 灭 或 黑 暗；邪 恶；混 沌。^Dunkin - 矮 人 一 年 一 度 的 沐 浴 仪 式。^Duraz - 石 头。^Durak - 坚 硬，字 面 意 为“如 石 一 般”。^^E^Ekrund - 通 往 地 底 的 阶 梯。^Elgi - 精 灵。^Elgram - 虚 弱、瘦 小、无 力。^Elgraz - 看 起 来 即 将 坍 塌 的 建 筑。^Endrinkuli - 工 程 师；机 械 师。^^F^Frongol - 生 长 在 洞 穴 深 处 的 蘑 菇。^^G^Gal - 任 何 种 类 的 黄 金。^Galaz - 适 合 作 为 饰 物 的 黄 金。^Galbaraz - 誓 金。^Gand - 寻 找；发 现。^Garaz - 无 畏；反 抗。^Gazan - 荒 地；平 原。^Gazul Bar Baraz; Gazul Gand Baraz - 对 地 下 之 主 加 祖 尔 的 祈 请，字 面 意 为“与 加 祖 尔 之 门 缔 结 纽 带；愿 加 祖 尔 助 他 们 找 到 门 径”。^Ghal - 头 骨。^Ghal Maraz - 碎 颅 者。^Gibal - 胡 须 里 的 食 物 碎 屑。^Ginit - 落 进 靴 子、令 人 不 适 的 小 石 子。^Girt - 宽 阔 且 净 空 充 足 的 隧 道。^Git - 不 规 则 动 词“去”；过 去 式 为“ged”。^Gnem - Grobagorli的 简 称。^Gnol - 年 长 可 靠、久 经 考 验 而 睿 智。^Gnoll-engrom - 对 胡 须 更 长 或 更 威 严 的 矮 人 应 有 的 敬 意。^Gor - 野 兽。^Gorak - 极 度 狡 猾；诡 异。^Gorl - 黄 色；柔 软 的 黄 黄 金。^Gorog - 啤 酒 或 麦 酒；兴 高 采 烈；纵 酒 狂 欢。^Got - 带 着 明 确 目 的 快 速 行 军 或 旅 行。^Grik - 在 隧 道 中 长 期 弯 腰 造 成 的 颈 痛。^Grim - 严 酷；不 屈。^Grimaz - 贫 瘠 荒 地。^Grimazul - 钢，字 面 意 为“不 屈 之 铁”。^Grindal - 矮 人 少 女 所 梳 的 长 辫。^Grint - 采 矿 留 下 的 废 石。^Grizal - 劣 质 肉。^Grizdal - 发 酵 超 过 百 年 的 麦 酒。^Grob - 绿 色；也 指 绿 皮，字 面 意 为“绿 家 伙”。^Grobagorli - 字 面 意 为“沙 漠 地 精”。^Grobi - 地 精。^Grobkaz - 地 精 活 计；邪 恶 勾 当。^Grobkul - 在 洞 穴 中 追 猎 地 精。^Grog - 劣 质 麦 酒；像 人 类 酿 出 的 酒。^Grom - 勇 敢；桀 骜。^Gromdal - 古 代 遗 物。^Gromril - 极 为 稀 有、珍 贵、坚 固 而 轻 盈 的 金 属。^Gromthi - 先 祖。^Grong - 铁 砧。^Gronit - 不 规 则 动 词“做”；过 去 式 为“gird”。^Gronti - 巨 人。^Grumbak - 一 小 份 麦 酒；微 不 足 道 的 抱 怨。^Grumbaki - 爱 发 牢 骚、抱 怨 不 休 的 矮 人。^Grund - 锤 子。^Grundlid -“锤 语”：矿 工 和 工 程 师 用 敲 击 硬 物 的 次 数 与 节 奏 传 递 信 息 的 秘 密 语 言。^Grung - 矿 井。^Grungnaz - 制 造 或 锻 造。^Grungni - 矮 人 锻 造 与 冶 炼 的 先 祖 神 格 朗 尼。^Grungron - 锻 炉。^Guz - 吃 喝；可 能 是 人 类 词“痛 饮”的 词 源。^^H^Hazkal - 新 近 酿 成 的 麦 酒；也 指 血 气 方 刚 的 年 轻 战 士。^Hirn - 角。^Hunk - 搬 运 沉 重 岩 石；背 负 重 担。^^I^Ik - 在 黑 暗 中 把 手 伸 进 黏 滑 恶 心 之 物。^Irkul - 从 岩 石 中 凿 出 的 立 柱 穹 窖。^Izor - 铜。^^J^^K^Kadrin - 山 口。^Karag - 火 山 或 荒 山。^Karak - 字 面 意 为“大 石 之 地”；山 岳。^Karak Ankor - 字 面 意 为“群 山 领 域”，即 矮 人 的 群 山 王 国。^Karak Azgal -“宝 藏 之 山”。^Karak Azul -“金 属 之 山”。^Karaz-a-Karak -“无 量 峰”或“永 恒 之 山”。^Karaz - 永 恒、持 久、不 朽。^Kazad - 要 塞。^Kazak - 战 争、战 斗、冲 突。^Khaz - 地 下 厅 堂 或 房 间。^Khazuk Khazuk Khazuk-ha - 缩 略 说 法，见 Khazukan Kazakit-ha。^Khazukan - 矮 人，字 面 意 为“厅 堂 居 民”。^Khazukan Kazakit-ha -“小 心！矮 人 踏 上 战 途 了！”^Khrum - 战 鼓。^Klad - 盔 甲。^Klinka - 凿 子。^Klinkarun - 常 用 符 文，通 常 凿 刻 在 岩 石 上，字 面 意 为“凿 刻 符 文”。^Kol - 黑 色；黑 石；阴 沉。^Konk - 硕 大 圆 鼓 的 鼻 子；红 润 色 泽 的 黄 金。^Krink - 在 隧 道 中 长 期 弯 腰 造 成 的 背 痛。^Kron - 书 籍；记 录；可 能 是 人 类 词“编 年 史”的 词 源。^Kruk - 突 如 其 来 的 失 望；突 然 枯 竭 的 矿 脉。^Krunk - 灾 难；地 下 塌 方。^Krut - 从 山 羊 身 上 感 染 的 疾 病。^Kruti - 患 上 述 疾 病 的 矮 人；也 用 作 侮 辱 牧 羊 人 的 词。^Kulgur - 烹 饪 巨 魔 的 技 艺。^Kuri - 以 野 浆 果 调 味、用 手 边 食 材 制 成 的 旅 行 者 炖 肉。^Kvinn - 女 士。^Kvinn Wyr -“白 衣 女 士”，卡 拉 克 八 峰 附 近 的 一 座 山。^^L^Lid - 舌 头。^Lok - 极 为 精 巧 华 丽；值 得 称 赞。^^M^Makaz - 工 具 或 武 器。^Maraz - 劈 裂 者。^Mingol - 建 在 低 地 上 的 高 耸 瞭 望 塔。^^N^Naggrund - 遭 受 毁 灭，或 工 业 与 动 荡 极 为 剧 烈 的 地 区；仅 在 特 指 工 业 地 带 时 可 译 作“荒 芜”。^Nogarung - 用 巨 魔 头 骨 制 成 的 饮 酒 杯。^^O^Ogri - 食 人 魔。^Ok - 狡 猾；技 艺 高 超。^Okri - 工 匠；也 是 常 见 人 名。^Onk - 矮 人 同 伴 间 用 来 赞 许 久 居 地 下 者 满 身 尘 垢 的 说 法。^^P^^Q^^R^Ragarin - 用 巨 魔 皮 制 成 的 粗 糙 不 适 衣 物。^Rhun - 符 文；词 语。^Rhunki - 符 文 铁 匠。^Rik - 国 王；领 主。^Ril - 在 岩 石 中 闪 耀 的 金 矿。^Rinn - 矮 人 贵 妇；国 王 的 配 偶。^Rorkaz - 非 正 式 的 吼 叫 比 赛。^Ruff - 天 然 或 人 工 形 成 的 巨 大 地 下 穹 顶。^Runk - 一 边 倒 的 战 斗；痛 揍。^Rutz - 过 量 饮 酒 引 起 的 腹 泻。^^S^Skarrenruf - 亮 蓝 色；白 昼 的 天 空。^Skaz - 小 偷。^Skof - 通 常 在 地 下 食 用 的 冷 餐。^Skrat - 拾 荒；艰 苦 生 活；在 松 石 或 河 床 中 淘 金。^Skrati - 穷 困 的 勘 探 者。^Skree - 山 坡 或 山 腰 上 的 松 散 碎 石。^Skruff - 稀 疏 难 看 的 胡 须，是 极 严 重 的 侮 辱。^Skrund - 劈 开 岩 石；辛 苦 劳 作。^Skuf - 醉 酒 斗 殴；小 规 模 冲 突；可 能 是 人 类 词“混 战”的 词 源。^Slotch - 矿 井 或 采 石 场 底 部 的 水、泥 和 碎 石 混 合 物。^Stok - 击 打 或 撞 击。^Strol - 悠 闲 旅 行 或 步 行。^Stromez - 溪 流。^^T^Thag - 以 不 光 彩 或 不 诚 实 的 方 式 杀 死。^Thagi - 背 信 的 杀 手。^Thaggoraki - 鼠 人，即 斯 卡 文。^Thrindrongol - 存 放 麦 酒、宝 藏 或 贵 重 物 品 的 秘 密 金 库。^Thingaz - 森 林。^Throng - 矮 人 大 军、集 会 或 氏 族。^Thrund - 手 枪。^Trogg - 盛 宴 或 纵 酒 狂 欢。^Troll - 巨 魔。^Tromm - 胡 须；因 年 龄 或 阅 历 应 得 的 尊 敬。^^U^Ufdi - 爱 慕 虚 荣、过 分 梳 理 胡 须，因 而 被 认 为 不 可 靠 的 矮 人。^Umanar - 大 约；近 似；犹 豫 不 决。^Umgak - 粗 制 滥 造，字 面 意 为“人 类 制 造”。^Umgi - 人 类。^Unbaraki - 背 誓 者，是 极 严 重 的 侮 辱。^Und - 凿 在 山 体 侧 面 的 哨 所。^Ungdrin - 地 底 大 道；矮 人 古 老 的 地 下 通 道 网 络。^Ungor - 洞 窟。^Ungrim - 尚 未 履 行 重 要 誓 言 的 矮 人；不 可 信 者。^Urbar - 贸 易。^Urbaz - 贸 易 站；市 场。^Urk - 兽 人 或 敌 人。^Uzkul - 骨 头；死 亡。^^V^Valdahaz - 酿 酒 坊。^Varn - 山 中 湖 泊。^Varr - 海 洋。^Vongal - 劫 掠 战 帮。^Vorn - 农 场。^^W^Wan - 用 于 句 首 表 示 疑 问，也 可 直 接 放 在 词 前 构 成 问 句。^Wanaz - 胡 须 蓬 乱、声 名 狼 藉 的 矮 人，是 一 种 侮 辱。^Wattock - 失 败 而 落 魄 的 勘 探 者，是 一 种 侮 辱。^Wazzock - 愚 蠢、轻 信，或 用 贵 重 物 品 换 来 廉 价 废 物 的 人。^Werit - 困 惑 状 态；也 指 忘 记 把 麦 酒 放 在 哪 里 的 矮 人。^Wutroth - 老 山 橡 木 的 木 材。^Wyr - 白 色。^^X^^Y^^Z^Zak - 山 中 的 孤 立 小 屋。^Zaki - 在 群 山 中 游 荡 的 疯 狂 矮 人。^Zahn - 牙 齿；獠 牙。^Zan - 鲜 血；红 色。^Zharr - 火 焰。^Zharr Naggrund - 火 焰 荒 原。^Zhuf - 奔 流、瀑 布 或 湍 急 河 流。^Zhufbar - 奔 流 之 门。^Zorn - 高 地 草 甸；高 原。^Zorn Uzkull - 大 颅 骨 之 地，字 面 意 为“颅 骨 高 原”，即 黑 暗 之 地。^Zon - 太 阳。^Zul - 铁。
str_id_7080|装 备 你 的 魔 法 徽 记，空 出 一 个 武 器 栏，然 后 购 买 法 术 卷 轴 即 可 开 始。
str_id_7081|弗 雷 多
str_id_7082|塔 姆
str_id_7083|皮 皮 斯 特 雷 尔
str_id_7084|格 里
str_id_7085|胖 墩
str_id_7086|一 件 已 装 备 的 限 制 物 品 已 被 移 至 你 的 库 存（若 无 空 间 则 移 至 别 处）。
str_id_7087|你 装 备 了 一 件 该 种 族 无 法 使 用 的 物 品。进 入 世 界 地 图 后，它 会 被 退 回 你 的 库 存；若 库 存 已 满，则 会 被 销 毁。
str_id_7088|魔 法 使 用 者 无 法 同 时 使 用 火 器 或 弹 药 与 魔 法。如 果 你 装 备 魔 法 学 派，所 有 火 器 和 子 弹 将 被 卸 下。{reg33?:}
str_id_7089|这 件 物 品 对 食 人 魔 而 言 过 于 细 小 或 复 杂，根 本 无 法 使 用！
str_id_7090|你 获 得 了 经 验。
str_id_7091|{s36} 的 强 大 而 可 怕 的 魔 法 撕 裂 了 现 实 帷 幕，敌 对 的 恶 魔 从 裂 隙 中 涌 出，向 其 发 动 攻 击。
str_id_7092|交 易 
str_id_7093|领 导 力
str_id_7094|俘 虏 管 理 
str_id_7095|意 志 
str_id_7096|保 留 技 能 2
str_id_7097|保 留 技 能 3
str_id_7098|保 留 技 能 4
str_id_7099|说 服 力 
str_id_7100|工 程 学 
str_id_7101|急 救 
str_id_7102|手 术 
str_id_7103|疗 伤 
str_id_7104|物 品 管 理 
str_id_7105|侦 察 
str_id_7106|向 导
str_id_7107|战 术 
str_id_7108|跟 踪 
str_id_7109|教 练 
str_id_7110|魔 法 控 制 
str_id_7111|魔 力 
str_id_7112|法 力 控 制 
str_id_7113|保 留 技 能 8
str_id_7114|掠 夺 
str_id_7115|骑 射 
str_id_7116|骑 术 
str_id_7117|跑 动 
str_id_7118|盾 防 
str_id_7119|武 器 掌 握 
str_id_7120|保 留 技 能 9
str_id_7121|保 留 技 能 10
str_id_7122|保 留 技 能 11
str_id_7123|保 留 技 能 12
str_id_7124|保 留 技 能 13
str_id_7125|强 弓 
str_id_7126|强 掷 
str_id_7127|强 击 
str_id_7128|铁 骨 
str_id_7129|体 质 
str_id_7130|保 留 技 能 15
str_id_7131|保 留 技 能 16
str_id_7132|保 留 技 能 17
str_id_7133|保 留 技 能 18
str_id_7134|{reg0}
str_id_7135|红 色
str_id_7136|绿 色
str_id_7137|蓝 色
str_id_7138|位 置 X
str_id_7139|位 置 Y
str_id_7140|大 小 X
str_id_7141|大 小 Y
str_id_7142|透 明 度
str_id_7143|字 体 大 小
str_id_7144|轮 廓 文 本
str_id_7145|选 中 对 象 编 号
str_id_7146|颜 色 更 换 器
str_id_7147|对 象 移 动
str_id_7148|对 象 调 整 大 小
str_id_7149|最 后 点 击 位 置：
str_id_7150|( {reg1}, {reg2} )
str_id_7151|撤 销
str_id_7152|隐 藏
str_id_7153|显 示
str_id_7154|{s21}
str_id_7155|{reg21}
str_id_7156|旗 帜 编 号 {reg21}
str_id_7157|颜 色 代 码：
str_id_7158|多 谢 你 帮 我 们 对 付 那 些 混 蛋。
str_id_7159|哎 呀，这 真 是 次 意 外 的 会 面！（调 试 上 下 文 {reg0}）。
str_id_7160|你 的 队 伍 可 以 容 纳 所 有 {reg2}的 部 队。
str_id_7161|你 的 队 伍 能 容 纳 {reg2}名 部 队 中 的 {reg0}名。
str_id_7162|你 的 队 伍 连 我 都 容 纳 不 下，更 别 提 {reg2}名 士 兵 了。
str_id_7163|营 地 里 没 有 俘 虏。
str_id_7164|我 们 可 以 关 押 {reg3}个 俘 虏。
str_id_7165|我 们 能 关 押 {reg3}名 囚 犯 中 的 {reg1}名。
str_id_7166|我 们 将 不 得 不 释 放 所 有 的 {reg3}名 囚 犯。
str_id_7167|我 们 仍 可 解 散 队 伍，让 你 休 息 几 天
str_id_7168|我 们 会 带 上 你，其 余 人 就 地 解 散
str_id_7169|我 们 将 带 走 最 优 秀 的 {reg0}人，其 余 人 就 地 解 散
str_id_7170|我 们 会 带 走 尽 可 能 多 地 俘 虏 
str_id_7171|作 为 一 个 营 地 指 挥 官 
str_id_7172|靠 近 {s9}
str_id_7173|你 已 经 有 太 多 营 地。
str_id_7174|你 没 有 任 何 同 伴 可 以 指 挥 一 个 营 地。
str_id_7175|你 没 有 {reg7}金 去 建 造 营 地。
str_id_7176|你 离 {s0} 太 远，补 给 困 难。
str_id_7177|你 可 以 留 一 名 同 伴 在 {s0} 附 近 管 理 营 地，并 带 走 部 分 部 队 直 到 你 返 回。他 需 要 {reg7}金 币 作 为 初 始 开 支。^^ 你 还 能 创 建 {reg5}个 营 地，并 有 {reg6}金 币 可 用。^^ 注 意：即 使 有 足 够 食 物，你 的 部 队 最 终 也 会 开 始 逃 亡。这 不 是 长 期 存 储。
str_id_7178|{s0} 的 营 地
str_id_7179|统 领 {s5} 附 近 的 营 地。
str_id_7180|{s0}'的 营 地 
str_id_7181|从 {s3} 来 的 士 兵 
str_id_7182|你 的 领 导 力 不 足 以 维 持 更 多 活 动 营 地。
str_id_7183|{s5}^^作 弊 模 式：你 仍 然 可 以 这 么 做！
