itm_1164|Dummy first line
itm_no_item|无 效 物 品
itm_no_item_pl|无 效 物 品
itm_tutorial_spear|矛 
itm_tutorial_spear_pl|矛 
itm_tutorial_club|木 棒 
itm_tutorial_club_pl|木 棒 
itm_tutorial_battle_axe|战 斗 斧 
itm_tutorial_battle_axe_pl|战 斗 斧 
itm_tutorial_arrows|箭 
itm_tutorial_arrows_pl|箭 
itm_tutorial_bolts|弩 矢 
itm_tutorial_bolts_pl|弩 矢 
itm_tutorial_short_bow|短 弓 
itm_tutorial_short_bow_pl|短 弓 
itm_tutorial_crossbow|弩 
itm_tutorial_crossbow_pl|弩 
itm_tutorial_throwing_daggers|飞 刀 
itm_tutorial_throwing_daggers_pl|飞 刀 
itm_tutorial_saddle_horse|旅 行 马 
itm_tutorial_saddle_horse_pl|旅 行 马 
itm_tutorial_shield|筝 形 盾 
itm_tutorial_shield_pl|筝 形 盾 
itm_tutorial_staff_no_attack|棍 
itm_tutorial_staff_no_attack_pl|棍 
itm_tutorial_staff|棍 
itm_tutorial_staff_pl|棍 
itm_tutorial_sword|剑 
itm_tutorial_sword_pl|剑 
itm_tutorial_axe|斧 
itm_tutorial_axe_pl|斧 
itm_tutorial_dagger|匕 首 
itm_tutorial_dagger_pl|匕 首 
itm_horse_meat|马 肉 
itm_horse_meat_pl|马 肉 
itm_practice_sword|练 习 剑 
itm_practice_sword_pl|练 习 剑 
itm_heavy_practice_sword|重 型 练 习 剑 
itm_heavy_practice_sword_pl|重 型 练 习 剑 
itm_practice_dagger|练 习 匕 首 
itm_practice_dagger_pl|练 习 匕 首 
itm_practice_axe|练 习 斧 
itm_practice_axe_pl|练 习 斧 
itm_arena_axe|斧 
itm_arena_axe_pl|斧 
itm_arena_sword|剑 
itm_arena_sword_pl|剑 
itm_arena_sword_two_handed|双 手 剑 
itm_arena_sword_two_handed_pl|双 手 剑 
itm_arena_lance|骑 枪 
itm_arena_lance_pl|骑 枪 
itm_practice_staff|练 习 棍 
itm_practice_staff_pl|练 习 棍 
itm_practice_lance|练 习 骑 枪 
itm_practice_lance_pl|练 习 骑 枪 
itm_practice_shield|练 习 盾 
itm_practice_shield_pl|练 习 盾 
itm_practice_bow|练 习 弓 
itm_practice_bow_pl|练 习 弓 
itm_practice_crossbow|练 习 弩 
itm_practice_crossbow_pl|练 习 弩 
itm_practice_javelin|练 习 标 枪 
itm_practice_javelin_pl|练 习 标 枪 
itm_practice_javelin_melee|练 习 近 战 标 枪 
itm_practice_javelin_melee_pl|练 习 近 战 标 枪 
itm_practice_throwing_axes|投 掷 斧 
itm_practice_throwing_axes_pl|投 掷 斧 
itm_practice_sledgehammer|大 锤 
itm_practice_sledgehammer_pl|大 锤 
itm_practice_throwing_daggers|飞 刀 
itm_practice_throwing_daggers_pl|飞 刀 
itm_practice_throwing_daggers_100_amount|飞 刀 
itm_practice_throwing_daggers_100_amount_pl|飞 刀 
itm_practice_horse|练 习 马 
itm_practice_horse_pl|练 习 马 
itm_practice_arrows|练 习 箭 
itm_practice_arrows_pl|练 习 箭 
itm_practice_bolts|练 习 弩 矢 
itm_practice_bolts_pl|练 习 弩 矢 
itm_practice_arrows_10_amount|练 习 箭 
itm_practice_arrows_10_amount_pl|练 习 箭 
itm_practice_arrows_100_amount|练 习 箭 
itm_practice_arrows_100_amount_pl|练 习 箭 
itm_practice_bolts_9_amount|练 习 弩 矢 
itm_practice_bolts_9_amount_pl|练 习 弩 矢 
itm_practice_boots|训 练 靴 
itm_practice_boots_pl|训 练 靴 
itm_red_tourney_armor|红 色 竞 技 甲 
itm_red_tourney_armor_pl|红 色 竞 技 甲 
itm_blue_tourney_armor|蓝 色 竞 技 甲 
itm_blue_tourney_armor_pl|蓝 色 竞 技 甲 
itm_green_tourney_armor|绿 色 竞 技 甲 
itm_green_tourney_armor_pl|绿 色 竞 技 甲 
itm_gold_tourney_armor|金 色 竞 技 甲 
itm_gold_tourney_armor_pl|金 色 竞 技 甲 
itm_red_tourney_helmet|红 色 竞 技 盔 
itm_red_tourney_helmet_pl|红 色 竞 技 盔 
itm_blue_tourney_helmet|蓝 色 竞 技 盔 
itm_blue_tourney_helmet_pl|蓝 色 竞 技 盔 
itm_green_tourney_helmet|绿 色 竞 技 盔 
itm_green_tourney_helmet_pl|绿 色 竞 技 盔 
itm_gold_tourney_helmet|金 色 竞 技 盔 
itm_gold_tourney_helmet_pl|金 色 竞 技 盔 
itm_arena_shield_red|盾 
itm_arena_shield_red_pl|盾 
itm_arena_shield_blue|盾 
itm_arena_shield_blue_pl|盾 
itm_arena_shield_green|盾 
itm_arena_shield_green_pl|盾 
itm_arena_shield_yellow|盾 
itm_arena_shield_yellow_pl|盾 
itm_arena_armor_white|白 色 竞 技 甲 
itm_arena_armor_white_pl|白 色 竞 技 甲 
itm_arena_armor_red|红 色 竞 技 甲 
itm_arena_armor_red_pl|红 色 竞 技 甲 
itm_arena_armor_blue|蓝 色 竞 技 甲 
itm_arena_armor_blue_pl|蓝 色 竞 技 甲 
itm_arena_armor_green|绿 色 竞 技 甲 
itm_arena_armor_green_pl|绿 色 竞 技 甲 
itm_arena_armor_yellow|黄 色 竞 技 甲 
itm_arena_armor_yellow_pl|黄 色 竞 技 甲 
itm_arena_tunic_white|白 色 竞 技 短 袍 
itm_arena_tunic_white_pl|白 色 竞 技 短 袍 
itm_arena_tunic_red|红 色 竞 技 短 袍 
itm_arena_tunic_red_pl|红 色 竞 技 短 袍 
itm_arena_tunic_blue|蓝 色 竞 技 短 袍 
itm_arena_tunic_blue_pl|蓝 色 竞 技 短 袍 
itm_arena_tunic_green|绿 色 竞 技 短 袍 
itm_arena_tunic_green_pl|绿 色 竞 技 短 袍 
itm_arena_tunic_yellow|黄 色 竞 技 短 袍 
itm_arena_tunic_yellow_pl|黄 色 竞 技 短 袍 
itm_arena_helmet_red|红 色 竞 技 盔 
itm_arena_helmet_red_pl|红 色 竞 技 盔 
itm_arena_helmet_blue|蓝 色 竞 技 盔 
itm_arena_helmet_blue_pl|蓝 色 竞 技 盔 
itm_arena_helmet_green|绿 色 竞 技 盔 
itm_arena_helmet_green_pl|绿 色 竞 技 盔 
itm_arena_helmet_yellow|黄 色 竞 技 盔 
itm_arena_helmet_yellow_pl|黄 色 竞 技 盔 
itm_steppe_helmet_white|白 色 草 原 盔 
itm_steppe_helmet_white_pl|白 色 草 原 盔 
itm_steppe_helmet_red|红 色 草 原 盔 
itm_steppe_helmet_red_pl|红 色 草 原 盔 
itm_steppe_helmet_blue|蓝 色 草 原 盔 
itm_steppe_helmet_blue_pl|蓝 色 草 原 盔 
itm_steppe_helmet_green|绿 色 草 原 盔 
itm_steppe_helmet_green_pl|绿 色 草 原 盔 
itm_steppe_helmet_yellow|黄 色 草 原 盔 
itm_steppe_helmet_yellow_pl|黄 色 草 原 盔 
itm_tourney_helm_white|白 色 赛 场 盔 
itm_tourney_helm_white_pl|白 色 赛 场 盔 
itm_tourney_helm_red|红 色 赛 场 盔 
itm_tourney_helm_red_pl|红 色 赛 场 盔 
itm_tourney_helm_blue|蓝 色 赛 场 盔 
itm_tourney_helm_blue_pl|蓝 色 赛 场 盔 
itm_tourney_helm_green|绿 色 赛 场 盔 
itm_tourney_helm_green_pl|绿 色 赛 场 盔 
itm_tourney_helm_yellow|黄 色 赛 场 盔 
itm_tourney_helm_yellow_pl|黄 色 赛 场 盔 
itm_arena_turban_red|竞 技 头 巾 
itm_arena_turban_red_pl|竞 技 头 巾 
itm_arena_turban_blue|竞 技 头 巾 
itm_arena_turban_blue_pl|竞 技 头 巾 
itm_arena_turban_green|竞 技 头 巾 
itm_arena_turban_green_pl|竞 技 头 巾 
itm_arena_turban_yellow|竞 技 头 巾 
itm_arena_turban_yellow_pl|竞 技 头 巾 
itm_book_tactics|军 事 论
itm_book_tactics_pl|军 事 论
itm_book_persuasion|修 辞 学 
itm_book_persuasion_pl|修 辞 学 
itm_book_leadership|吉 勒 · 勒 · 布 勒 东 传
itm_book_leadership_pl|吉 勒 · 勒 · 布 勒 东 传
itm_book_intelligence|逻 辑 论 文 
itm_book_intelligence_pl|逻 辑 论 文 
itm_book_trade|价 值 论 
itm_book_trade_pl|价 值 论 
itm_book_weapon_mastery|剑 斗 艺 术 
itm_book_weapon_mastery_pl|剑 斗 艺 术 
itm_book_engineering|机 械 原 理 
itm_book_engineering_pl|机 械 原 理 
itm_book_wound_treatment_reference|治 疗 之 书 
itm_book_wound_treatment_reference_pl|治 疗 之 书 
itm_book_training_reference|兵 器 手 册 
itm_book_training_reference_pl|兵 器 手 册 
itm_book_surgery_reference|手 术 大 全 
itm_book_surgery_reference_pl|手 术 大 全 
itm_spice|香 料 
itm_spice_pl|香 料 
itm_salt|盐 
itm_salt_pl|盐 
itm_oil|油 
itm_oil_pl|油 
itm_pottery|陶 器 
itm_pottery_pl|陶 器 
itm_raw_flax|亚 麻 捆 
itm_raw_flax_pl|亚 麻 捆 
itm_linen|亚 麻 布 
itm_linen_pl|亚 麻 布 
itm_wool|羊 毛 
itm_wool_pl|羊 毛 
itm_wool_cloth|毛 呢 
itm_wool_cloth_pl|毛 呢 
itm_raw_silk|生 丝 
itm_raw_silk_pl|生 丝 
itm_raw_dyes|染 料 
itm_raw_dyes_pl|染 料 
itm_velvet|天 鹅 绒 
itm_velvet_pl|天 鹅 绒 
itm_iron|生 铁 
itm_iron_pl|生 铁 
itm_tools|工 具 
itm_tools_pl|工 具 
itm_raw_leather|兽 皮 
itm_raw_leather_pl|兽 皮 
itm_leatherwork|皮 革 制 品 
itm_leatherwork_pl|皮 革 制 品 
itm_furs|毛 皮 
itm_furs_pl|毛 皮 
itm_gems|宝 石 
itm_gems_pl|宝 石 
itm_wine|葡 萄 酒 
itm_wine_pl|葡 萄 酒 
itm_ale|麦 芽 酒 
itm_ale_pl|麦 芽 酒 
itm_bugmans_ale|伯 格 曼 XXXX佳 酿
itm_bugmans_ale_pl|伯 格 曼 XXXX佳 酿
itm_smoked_fish|熏 鱼 
itm_smoked_fish_pl|熏 鱼 
itm_cheese|奶 酪 
itm_cheese_pl|奶 酪 
itm_honey|蜂 蜜 
itm_honey_pl|蜂 蜜 
itm_sausages|腊 肠 
itm_sausages_pl|腊 肠 
itm_cabbages|卷 心 菜 
itm_cabbages_pl|卷 心 菜 
itm_dried_meat|风 干 肉 
itm_dried_meat_pl|风 干 肉 
itm_apples|水 果
itm_apples_pl|水 果
itm_raw_grapes|葡 萄 
itm_raw_grapes_pl|葡 萄 
itm_raw_olives|橄 榄 
itm_raw_olives_pl|橄 榄 
itm_grain|谷 物
itm_grain_pl|谷 物
itm_cattle_meat|牛 肉 
itm_cattle_meat_pl|牛 肉 
itm_bread|面 包 
itm_bread_pl|面 包 
itm_chicken|鸡 肉 
itm_chicken_pl|鸡 肉 
itm_pork|猪 肉 
itm_pork_pl|猪 肉 
itm_butter|奶 油 
itm_butter_pl|奶 油 
itm_raw_date_fruit|枣 肉 
itm_raw_date_fruit_pl|枣 肉 
itm_siege_supply|补 给 品 
itm_siege_supply_pl|补 给 品 
itm_quest_wine|葡 萄 酒 
itm_quest_wine_pl|葡 萄 酒 
itm_quest_ale|麦 芽 酒 
itm_quest_ale_pl|麦 芽 酒 
itm_potion_healing|治 疗 药 水
itm_potion_healing_pl|治 疗 药 水
itm_potion_mana|法 力 药 水
itm_potion_mana_pl|法 力 药 水
itm_potion_curing|祛 病 药 水
itm_potion_curing_pl|祛 病 药 水
itm_potion_instability|不 稳 定 药 水 
itm_potion_instability_pl|不 稳 定 药 水 
itm_potion_pain|止 痛 药 水
itm_potion_pain_pl|止 痛 药 水
itm_potion_strength|力 量 药 水 
itm_potion_strength_pl|力 量 药 水 
itm_potion_toughness|韧 性 药 水 
itm_potion_toughness_pl|韧 性 药 水 
itm_potion_elemental|迅 捷 药 水
itm_potion_elemental_pl|迅 捷 药 水
itm_potion_knowledge|智 慧 药 水 
itm_potion_knowledge_pl|智 慧 药 水 
itm_potion_disguise|伪 装 药 水
itm_potion_disguise_pl|伪 装 药 水
itm_ring_cheap|假 钻 戒 
itm_ring_cheap_pl|假 钻 戒 
itm_ring_normal|钻 戒 
itm_ring_normal_pl|钻 戒 
itm_ring_rich|绝 代 钻 戒
itm_ring_rich_pl|绝 代 钻 戒
itm_harp|竖 琴 
itm_harp_pl|竖 琴 
itm_arabyspices|阿 拉 比 香 料 
itm_arabyspices_pl|阿 拉 比 香 料 
itm_pearl_necklace|珍 珠 项 链 
itm_pearl_necklace_pl|珍 珠 项 链 
itm_tapestry|巴 托 尼 亚 壁 毯 
itm_tapestry_pl|巴 托 尼 亚 壁 毯 
itm_book_oggy|奥 叽 · 波 叽 的 诊 断 医 学 和 外 科 实 践 全 集 
itm_book_oggy_pl|奥 叽 · 波 叽 的 诊 断 医 学 和 外 科 实 践 全 集 
itm_potion_carried|携 带 药 水 
itm_potion_carried_pl|携 带 药 水 
itm_book_carried|携 带 书 籍 
itm_book_carried_pl|携 带 书 籍 
itm_whip_carried|携 带 鞭 子 
itm_whip_carried_pl|携 带 鞭 子 
itm_shackles_carried|携 带 镣 铐 
itm_shackles_carried_pl|携 带 镣 铐 
itm_phas_protection|菲 的 庇 护 之 光 
itm_phas_protection_pl|菲 的 庇 护 之 光 
itm_speed_of_light|光 速 
itm_speed_of_light_pl|光 速 
itm_light_of_battle|海 希 之 辉
itm_light_of_battle_pl|海 希 之 辉
itm_net_of_amyntok|阿 明 托 克 之 网 
itm_net_of_amyntok_pl|阿 明 托 克 之 网 
itm_banishment|放 逐 之 光 
itm_banishment_pl|放 逐 之 光 
itm_bironas_timewarp|拜 若 纳 的 时 间 扭 曲 
itm_bironas_timewarp_pl|拜 若 纳 的 时 间 扭 曲 
itm_shems_burning_gaze|谢 姆 的 灼 热 凝 视
itm_shems_burning_gaze_pl|谢 姆 的 灼 热 凝 视
itm_shimmering_cloak|闪 光 斗 篷 
itm_shimmering_cloak_pl|闪 光 斗 篷 
itm_mace_of_years_spell|时 光 之 锤 
itm_mace_of_years_spell_pl|时 光 之 锤 
itm_plague_of_rust|锈 蚀 瘟 疫 
itm_plague_of_rust_pl|锈 蚀 瘟 疫 
itm_enchanted_blades_of_aiban|艾 班 之 刃 附 魔 
itm_enchanted_blades_of_aiban_pl|艾 班 之 刃 附 魔 
itm_glittering_robe|闪 耀 长 袍 
itm_glittering_robe_pl|闪 耀 长 袍 
itm_transmutation_of_lead|铅 之 炼 金 术 
itm_transmutation_of_lead_pl|铅 之 炼 金 术 
itm_final_transmutation|终 极 炼 金 术 
itm_final_transmutation_pl|终 极 炼 金 术 
itm_searing_doom|毁 灭 熔 流 
itm_searing_doom_pl|毁 灭 熔 流 
itm_burnished_gauntlet|抛 光 金 护 手 
itm_burnished_gauntlet_pl|抛 光 金 护 手 
itm_the_crucible|坩 埚 
itm_the_crucible_pl|坩 埚 
itm_earth_blood|大 地 之 血 
itm_earth_blood_pl|大 地 之 血 
itm_awakening_of_the_wood|森 林 复 苏 
itm_awakening_of_the_wood_pl|森 林 复 苏 
itm_flesh_to_stone|石 化 之 躯 
itm_flesh_to_stone_pl|石 化 之 躯 
itm_shield_of_thorns|荆 棘 护 盾 
itm_shield_of_thorns_pl|荆 棘 护 盾 
itm_regrowth|再 生 术 
itm_regrowth_pl|再 生 术 
itm_the_dwellers_below|地 灵 觉 醒 
itm_the_dwellers_below_pl|地 灵 觉 醒 
itm_the_emerald_portal|翡 翠 之 门
itm_the_emerald_portal_pl|翡 翠 之 门
itm_peace|和 平 
itm_peace_pl|和 平 
itm_cloak_of_dain|戴 恩 斗 篷
itm_cloak_of_dain_pl|戴 恩 斗 篷
itm_iceshard_blizzard|冰 片 暴 风 雪 
itm_iceshard_blizzard_pl|冰 片 暴 风 雪 
itm_harmonic_convergence|和 谐 汇 聚
itm_harmonic_convergence_pl|和 谐 汇 聚
itm_curse_of_the_midnight_wind|夜 风 诅 咒 
itm_curse_of_the_midnight_wind_pl|夜 风 诅 咒 
itm_lightning_storm|闪 电 风 暴 
itm_lightning_storm_pl|闪 电 风 暴 
itm_comet_of_casandora|卡 莎 朵 拉 彗 星 
itm_comet_of_casandora_pl|卡 莎 朵 拉 彗 星 
itm_urannons_thunderbolt|尤 瑞 诺 闪 电 箭 
itm_urannons_thunderbolt_pl|尤 瑞 诺 闪 电 箭 
itm_wind_blast|风 爆 术 
itm_wind_blast_pl|风 爆 术 
itm_the_cerulean_shield_spell|天 青 之 盾
itm_the_cerulean_shield_spell_pl|天 青 之 盾
itm_swiftwing|迅 捷 之 翼
itm_swiftwing_pl|迅 捷 之 翼
itm_melkoths_mystifying_miasma|梅 尔 克 斯 的 迷 魂 毒 瘴 
itm_melkoths_mystifying_miasma_pl|梅 尔 克 斯 的 迷 魂 毒 瘴 
itm_steed_of_shadows|阴 影 骏 马 
itm_steed_of_shadows_pl|阴 影 骏 马 
itm_the_enfeebling_foe|虚 弱 术 
itm_the_enfeebling_foe_pl|虚 弱 术 
itm_the_withering|凋 零 术
itm_the_withering_pl|凋 零 术
itm_shadow_strike|暗 影 箭 
itm_shadow_strike_pl|暗 影 箭 
itm_pit_of_shades|幽 暗 深 渊 
itm_pit_of_shades_pl|幽 暗 深 渊 
itm_okkams_mindrazor|奥 卡 姆 的 意 念 剃 刀 
itm_okkams_mindrazor_pl|奥 卡 姆 的 意 念 剃 刀 
itm_traitor_of_tarn|塔 恩 的 叛 徒 
itm_traitor_of_tarn_pl|塔 恩 的 叛 徒 
itm_radiance_of_potolos|普 特 罗 斯 的 光 芒 
itm_radiance_of_potolos_pl|普 特 罗 斯 的 光 芒 
itm_aspect_of_the_dreadknight|死 亡 骑 士 化 身 
itm_aspect_of_the_dreadknight_pl|死 亡 骑 士 化 身 
itm_caress_of_the_laniph|拉 尼 菲 的 爱 抚 
itm_caress_of_the_laniph_pl|拉 尼 菲 的 爱 抚 
itm_soulblight|灵 魂 枯 萎 
itm_soulblight_pl|灵 魂 枯 萎 
itm_spirit_leech|灵 魂 榨 取 
itm_spirit_leech_pl|灵 魂 榨 取 
itm_doom_and_darkness|死 亡 之 门
itm_doom_and_darkness_pl|死 亡 之 门
itm_fate_of_bjuna|贝 加 纳 的 命 运 
itm_fate_of_bjuna_pl|贝 加 纳 的 命 运 
itm_purple_sun_of_xereus|泽 雷 尔 斯 的 紫 晶 邪 阳
itm_purple_sun_of_xereus_pl|泽 雷 尔 斯 的 紫 晶 邪 阳
itm_the_purple_scythe_spell|紫 晶 镰 刀 
itm_the_purple_scythe_spell_pl|紫 晶 镰 刀 
itm_speed_of_lykos|莱 科 斯 的 速 度 
itm_speed_of_lykos_pl|莱 科 斯 的 速 度 
itm_fireball|火 球 
itm_fireball_pl|火 球 
itm_cascading_fire_cloak|流 火 披 风 
itm_cascading_fire_cloak_pl|流 火 披 风 
itm_flaming_sword_of_rhuin|鲁 因 火 焰 剑 
itm_flaming_sword_of_rhuin_pl|鲁 因 火 焰 剑 
itm_the_burning_head|烈 焰 之 颅 
itm_the_burning_head_pl|烈 焰 之 颅 
itm_piercing_bolts_of_burning|燃 烧 穿 透 弩 矢
itm_piercing_bolts_of_burning_pl|燃 烧 穿 透 弩 矢
itm_flame_storm|火 焰 风 暴 
itm_flame_storm_pl|火 焰 风 暴 
itm_fulminating_flame_cage|火 焰 牢 笼 
itm_fulminating_flame_cage_pl|火 焰 牢 笼 
itm_scarlet_scimitar_spell|绯 红 弯 刀 
itm_scarlet_scimitar_spell_pl|绯 红 弯 刀 
itm_conflagration_of_doom|末 日 之 火 
itm_conflagration_of_doom_pl|末 日 之 火 
itm_the_amber_spear|琥 珀 之 矛 
itm_the_amber_spear_pl|琥 珀 之 矛 
itm_wyssans_wildform|维 杉 的 狂 野 形 态 
itm_wyssans_wildform_pl|维 杉 的 狂 野 形 态 
itm_flock_of_doom|厄 运 之 群 
itm_flock_of_doom_pl|厄 运 之 群 
itm_panns_impenetrable_belt|潘 恩 的 坚 韧 毛 皮 
itm_panns_impenetrable_belt_pl|潘 恩 的 坚 韧 毛 皮 
itm_curse_of_anraheir|安 拉 海 尔 的 诅 咒 
itm_curse_of_anraheir_pl|安 拉 海 尔 的 诅 咒 
itm_savage_beast_of_horrors|赫 罗 斯 狂 兽 
itm_savage_beast_of_horrors_pl|赫 罗 斯 狂 兽 
itm_transformation_of_kadon|卡 顿 变 形 术
itm_transformation_of_kadon_pl|卡 顿 变 形 术
itm_the_vengeful_hood|召 唤 野 熊
itm_the_vengeful_hood_pl|召 唤 野 熊
itm_the_fleeting_bower|猎 鹰 之 翼
itm_the_fleeting_bower_pl|猎 鹰 之 翼
itm_soul_quench|灵 魂 淬 火 
itm_soul_quench_pl|灵 魂 淬 火 
itm_drain_magic|汲 魔 术
itm_drain_magic_pl|汲 魔 术
itm_apotheosis|神 圣 颂 扬 
itm_apotheosis_pl|神 圣 颂 扬 
itm_hand_of_glory|荣 耀 之 手 
itm_hand_of_glory_pl|荣 耀 之 手 
itm_walk_between_worlds|行 走 在 世 界 之 间 
itm_walk_between_worlds_pl|行 走 在 世 界 之 间 
itm_mana_tempest|八 风 暴 雨 
itm_mana_tempest_pl|八 风 暴 雨 
itm_arcane_unforging|秘 法 裂 解 
itm_arcane_unforging_pl|秘 法 裂 解 
itm_fiery_convocation|万 焰 燃 集 
itm_fiery_convocation_pl|万 焰 燃 集 
itm_arcane_banishment|奥 术 放 逐 
itm_arcane_banishment_pl|奥 术 放 逐 
itm_doom_bolt|毁 灭 魔 矢 
itm_doom_bolt_pl|毁 灭 魔 矢 
itm_power_of_darkness|黑 暗 之 力 
itm_power_of_darkness_pl|黑 暗 之 力 
itm_word_of_pain|痛 苦 之 言
itm_word_of_pain_pl|痛 苦 之 言
itm_blade_wind|利 刃 狂 风 
itm_blade_wind_pl|利 刃 狂 风 
itm_shroud_of_despair|绝 望 帷 幕 
itm_shroud_of_despair_pl|绝 望 帷 幕 
itm_soulstealer|窃 魂 术 
itm_soulstealer_pl|窃 魂 术 
itm_arnzipals_black_horror|阿 尼 齐 帕 尔 的 黑 暗 恐 惧 
itm_arnzipals_black_horror_pl|阿 尼 齐 帕 尔 的 黑 暗 恐 惧 
itm_chill_wind|彻 骨 寒 风 
itm_chill_wind_pl|彻 骨 寒 风 
itm_witch_flight|女 巫 飞 行 术 
itm_witch_flight_pl|女 巫 飞 行 术 
itm_death_spasm|死 亡 痉 挛 
itm_death_spasm_pl|死 亡 痉 挛 
itm_ryze_the_grave_call|掘 墓 还 魂 术 
itm_ryze_the_grave_call_pl|掘 墓 还 魂 术 
itm_morkharn_the_breath_of_darkness|莫 尔 卡 恩·黑 暗 吐 息
itm_morkharn_the_breath_of_darkness_pl|莫 尔 卡 恩·黑 暗 吐 息
itm_sulekhim_the_hand_of_dust|尘 埃 之 手 
itm_sulekhim_the_hand_of_dust_pl|尘 埃 之 手 
itm_khizzar_the_soul_stealer|灵 魂 窃 取 
itm_khizzar_the_soul_stealer_pl|灵 魂 窃 取 
itm_corruption|腐 败 
itm_corruption_pl|腐 败 
itm_kandorak_the_harbinger|先 驱 术 
itm_kandorak_the_harbinger_pl|先 驱 术 
itm_akar_aran_the_dark_riders|阿 卡 尔·阿 兰 的 黑 暗 骑 士
itm_akar_aran_the_dark_riders_pl|阿 卡 尔·阿 兰 的 黑 暗 骑 士
itm_vansels_danse_macabre|范 赫 死 亡 之 舞 
itm_vansels_danse_macabre_pl|范 赫 死 亡 之 舞 
itm_gaze_of_nagash|纳 加 什 凝 视 
itm_gaze_of_nagash_pl|纳 加 什 凝 视 
itm_blight|枯 萎 病
itm_blight_pl|枯 萎 病
itm_bolt_of_change|变 幻 之 箭 
itm_bolt_of_change_pl|变 幻 之 箭 
itm_treason_of_tzeentch|奸 奇 之 谋
itm_treason_of_tzeentch_pl|奸 奇 之 谋
itm_blue_fire_of_tzeentch|奸 奇 蓝 焰 
itm_blue_fire_of_tzeentch_pl|奸 奇 蓝 焰 
itm_tzeentch_firestorm|奸 奇 火 焰 风 暴 
itm_tzeentch_firestorm_pl|奸 奇 火 焰 风 暴 
itm_pink_fire_of_tzeentch|奸 奇 粉 焰 
itm_pink_fire_of_tzeentch_pl|奸 奇 粉 焰 
itm_infernal_gateway|地 狱 之 门 
itm_infernal_gateway_pl|地 狱 之 门 
itm_glean_magic|窃 取 魔 法
itm_glean_magic_pl|窃 取 魔 法
itm_boon_of_tzeentch|奸 奇 的 恩 赐 
itm_boon_of_tzeentch_pl|奸 奇 的 恩 赐 
itm_shield_of_fire|火 之 盾 
itm_shield_of_fire_pl|火 之 盾 
itm_lash_of_slaanesh|色 孽 之 鞭 
itm_lash_of_slaanesh_pl|色 孽 之 鞭 
itm_acquiescence|顺 从 术 
itm_acquiescence_pl|顺 从 术 
itm_pavane_of_slaanesh|色 孽 舞 曲 
itm_pavane_of_slaanesh_pl|色 孽 舞 曲 
itm_hysterical_frenzy|歇 斯 底 里 的 疯 狂 
itm_hysterical_frenzy_pl|歇 斯 底 里 的 疯 狂 
itm_slicing_shards|切 割 裂 片 
itm_slicing_shards_pl|切 割 裂 片 
itm_phantasmogoria|幻 影 术 
itm_phantasmogoria_pl|幻 影 术 
itm_cacophonic_choir|不 谐 合 唱
itm_cacophonic_choir_pl|不 谐 合 唱
itm_bondage_of_slaanesh|色 孽 的 束 缚 
itm_bondage_of_slaanesh_pl|色 孽 的 束 缚 
itm_summon_daemonettes|召 唤 欲 魔 
itm_summon_daemonettes_pl|召 唤 欲 魔 
itm_stream_of_corruption|腐 化 激 流 
itm_stream_of_corruption_pl|腐 化 激 流 
itm_miasma_of_pestilence|瘟 疫 瘴 气 
itm_miasma_of_pestilence_pl|瘟 疫 瘴 气 
itm_blades_of_putrefaction|腐 化 之 刃 
itm_blades_of_putrefaction_pl|腐 化 之 刃 
itm_curse_of_the_leper|麻 风 病 的 诅 咒 
itm_curse_of_the_leper_pl|麻 风 病 的 诅 咒 
itm_rancid_visitations|腐 臭 侵 袭
itm_rancid_visitations_pl|腐 臭 侵 袭
itm_fleshy_abundance|腐 肉 丛 生 
itm_fleshy_abundance_pl|腐 肉 丛 生 
itm_plague_wind|瘟 疫 之 风 
itm_plague_wind_pl|瘟 疫 之 风 
itm_stench_of_nurgle|纳 垢 恶 臭 
itm_stench_of_nurgle_pl|纳 垢 恶 臭 
itm_gaze_of_mork|毛 哥 凝 视 
itm_gaze_of_mork_pl|毛 哥 凝 视 
itm_brain_bursta|爆 脑 术 
itm_brain_bursta_pl|爆 脑 术 
itm_fists_of_gork|搞 哥 老 拳 
itm_fists_of_gork_pl|搞 哥 老 拳 
itm_hand_of_gork|搞 哥 大 手 
itm_hand_of_gork_pl|搞 哥 大 手 
itm_eadbutt|头 槌 冲 击 波 
itm_eadbutt_pl|头 槌 冲 击 波 
itm_foot_of_gork|搞 哥 大 脚 
itm_foot_of_gork_pl|搞 哥 大 脚 
itm_ere_we_go|跟 我 上！
itm_ere_we_go_pl|跟 我 上！
itm_waaaaaagh|大 Waaaaaagh！
itm_waaaaaagh_pl|大 Waaaaaagh！
itm_mork_save_uz|毛 哥 救 俺 们
itm_mork_save_uz_pl|毛 哥 救 俺 们
itm_vindictive_glare|复 仇 怒 视 
itm_vindictive_glare_pl|复 仇 怒 视 
itm_sneaky_stabbin|鬼 祟 痛 击 
itm_sneaky_stabbin_pl|鬼 祟 痛 击 
itm_gift_of_the_spider_god|蜘 蛛 之 神 的 赠 礼 
itm_gift_of_the_spider_god_pl|蜘 蛛 之 神 的 赠 礼 
itm_itchy_nuisance|瘙 痒 侵 袭 
itm_itchy_nuisance_pl|瘙 痒 侵 袭 
itm_gork_will_fix_it|搞 哥 会 收 拾 它
itm_gork_will_fix_it_pl|搞 哥 会 收 拾 它
itm_night_shroud|夜 幕 笼 罩 
itm_night_shroud_pl|夜 幕 笼 罩 
itm_curse_of_da_bad_moon|恶 月 诅 咒 
itm_curse_of_da_bad_moon_pl|恶 月 诅 咒 
itm_waaaaaagh_2|小 Waaaaaagh！
itm_waaaaaagh_2_pl|小 Waaaaaagh！
itm_mork_save_uz_2|毛 哥 救 俺 们
itm_mork_save_uz_2_pl|毛 哥 救 俺 们
itm_warp_lightning|次 元 闪 电 
itm_warp_lightning_pl|次 元 闪 电 
itm_skitterleap|瞬 间 转 移 
itm_skitterleap_pl|瞬 间 转 移 
itm_howling_warpgale|狂 啸 战 风 
itm_howling_warpgale_pl|狂 啸 战 风 
itm_death_frenzy|死 亡 狂 暴 
itm_death_frenzy_pl|死 亡 狂 暴 
itm_scorch|焦 炎 术 
itm_scorch_pl|焦 炎 术 
itm_cracks_call|地 裂 术 
itm_cracks_call_pl|地 裂 术 
itm_warp_jump|次 元 跳 跃 
itm_warp_jump_pl|次 元 跳 跃 
itm_curse_of_the_horned_one|大 角 鼠 的 诅 咒 
itm_curse_of_the_horned_one_pl|大 角 鼠 的 诅 咒 
itm_pestilent_breath|疫 病 吐 息
itm_pestilent_breath_pl|疫 病 吐 息
itm_bless_with_filth|污 秽 赐 福 
itm_bless_with_filth_pl|污 秽 赐 福 
itm_wither|枯 萎 术 
itm_wither_pl|枯 萎 术 
itm_vermintide|万 鼠 狂 潮 
itm_vermintide_pl|万 鼠 狂 潮 
itm_cloud_of_corruption|腐 化 云 雾 
itm_cloud_of_corruption_pl|腐 化 云 雾 
itm_plague|瘟 疫 
itm_plague_pl|瘟 疫 
itm_madness|精 神 错 乱 
itm_madness_pl|精 神 错 乱 
itm_curse_of_the_horned_one_2|大 角 鼠 的 诅 咒 
itm_curse_of_the_horned_one_2_pl|大 角 鼠 的 诅 咒 
itm_khsars_incantation_of_the_desert_wind|哈 萨 的 沙 暴 咒 
itm_khsars_incantation_of_the_desert_wind_pl|哈 萨 的 沙 暴 咒 
itm_djafs_incantation_of_cursed_blades|狄 迦 夫 的 妖 刀 咒 
itm_djafs_incantation_of_cursed_blades_pl|狄 迦 夫 的 妖 刀 咒 
itm_nerus_incantation_of_protection|奈 鲁 的 保 护 咒 
itm_nerus_incantation_of_protection_pl|奈 鲁 的 保 护 咒 
itm_ptras_incantation_of_righteous_smiting|佩 特 拉 的 惩 击 咒 
itm_ptras_incantation_of_righteous_smiting_pl|佩 特 拉 的 惩 击 咒 
itm_usirions_incantation_of_vengeance|乌 西 里 安 的 复 仇 咒 
itm_usirions_incantation_of_vengeance_pl|乌 西 里 安 的 复 仇 咒 
itm_usekhps_incantation_of_dessication|乌 瑟 霍 普 的 干 枯 咒 
itm_usekhps_incantation_of_dessication_pl|乌 瑟 霍 普 的 干 枯 咒 
itm_sakhmets_incantation_of_the_skullstorm|塞 霍 姆 特 的 骸 骨 风 暴 咒 
itm_sakhmets_incantation_of_the_skullstorm_pl|塞 霍 姆 特 的 骸 骨 风 暴 咒 
itm_sekhubis_incantation_of_wrath|塞 库 比 的 复 仇 咒 
itm_sekhubis_incantation_of_wrath_pl|塞 库 比 的 复 仇 咒 
itm_djedras_incantation_of_summoning|迦 德 拉 的 召 唤 咒 
itm_djedras_incantation_of_summoning_pl|迦 德 拉 的 召 唤 咒 
itm_cold_shock|寒 冰 冲 击 
itm_cold_shock_pl|寒 冰 冲 击 
itm_freezing_blast|冰 封 术
itm_freezing_blast_pl|冰 封 术
itm_summon_frost_bear|召 唤 冰 霜 熊 
itm_summon_frost_bear_pl|召 唤 冰 霜 熊 
itm_midwinters_kiss|冰 霜 侍 女 之 吻 
itm_midwinters_kiss_pl|冰 霜 侍 女 之 吻 
itm_frozen_skin|冰 冻 皮 肤 
itm_frozen_skin_pl|冰 冻 皮 肤 
itm_invocation_of_the_ice_storm|暴 风 雪 的 召 唤 
itm_invocation_of_the_ice_storm_pl|暴 风 雪 的 召 唤 
itm_shield_of_cold|寒 霜 之 盾 
itm_shield_of_cold_pl|寒 霜 之 盾 
itm_hawks_of_miska|米 莎 神 鹰 
itm_hawks_of_miska_pl|米 莎 神 鹰 
itm_frostblade_spell|霜 刃 
itm_frostblade_spell_pl|霜 刃 
itm_sand_blast|沙 尘 暴 
itm_sand_blast_pl|沙 尘 暴 
itm_curse_of_the_genie|灯 神 的 诅 咒 
itm_curse_of_the_genie_pl|灯 神 的 诅 咒 
itm_dancing_scimitar|舞 蹈 弯 刀 
itm_dancing_scimitar_pl|舞 蹈 弯 刀 
itm_sun_strike|炎 阳 射 击 
itm_sun_strike_pl|炎 阳 射 击 
itm_holy_wrath|神 圣 之 怒
itm_holy_wrath_pl|神 圣 之 怒
itm_shield_of_faith|信 仰 之 盾
itm_shield_of_faith_pl|信 仰 之 盾
itm_divine_healing|神 圣 疗 愈 
itm_divine_healing_pl|神 圣 疗 愈 
itm_holy_shield_spell|神 圣 之 盾 
itm_holy_shield_spell_pl|神 圣 之 盾 
itm_quicksand|流 沙 池 
itm_quicksand_pl|流 沙 池 
itm_viletide|虫 潮 
itm_viletide_pl|虫 潮 
itm_bestial_surge|兽 性 涌 动 
itm_bestial_surge_pl|兽 性 涌 动 
itm_devolve|退 化 术 
itm_devolve_pl|退 化 术 
itm_bray_scream|吼 啸 
itm_bray_scream_pl|吼 啸 
itm_traitor_kin|弑 主 
itm_traitor_kin_pl|弑 主 
itm_mantle_of_ghorok|戈 洛 克 披 风 
itm_mantle_of_ghorok_pl|戈 洛 克 披 风 
itm_savage_dominion|野 性 支 配 
itm_savage_dominion_pl|野 性 支 配 
itm_the_oxen_stands|蛮 牛 激 励 
itm_the_oxen_stands_pl|蛮 牛 激 励 
itm_fervid_subjugation|狂 热 征 服 
itm_fervid_subjugation_pl|狂 热 征 服 
itm_fleet_of_foot|疾 步 术 
itm_fleet_of_foot_pl|疾 步 术 
itm_cure_wounds|治 愈 重 伤 
itm_cure_wounds_pl|治 愈 重 伤 
itm_lightning_bolt|闪 电 箭 
itm_lightning_bolt_pl|闪 电 箭 
itm_fireball2|火 球 术 
itm_fireball2_pl|火 球 术 
itm_iron_skin|钢 铁 皮 肤 
itm_iron_skin_pl|钢 铁 皮 肤 
itm_swords_of_doom|末 日 之 剑 
itm_swords_of_doom_pl|末 日 之 剑 
itm_burning_storm|烈 焰 风 暴 
itm_burning_storm_pl|烈 焰 风 暴 
itm_glory|荣 耀 
itm_glory_pl|荣 耀 
itm_freeze|冻 结 
itm_freeze_pl|冻 结 
itm_window_of_the_void|虚 空 之 窗 
itm_window_of_the_void_pl|虚 空 之 窗 
itm_invocation_of_nehek|尼 赫 喀 拉 的 召 唤 
itm_invocation_of_nehek_pl|尼 赫 喀 拉 的 召 唤 
itm_hellish_vigour|地 狱 活 力
itm_hellish_vigour_pl|地 狱 活 力
itm_raise_dead|驱 役 亡 灵 
itm_raise_dead_pl|驱 役 亡 灵 
itm_curse_of_years|岁 月 诅 咒 
itm_curse_of_years_pl|岁 月 诅 咒 
itm_wind_of_death|死 亡 虚 空
itm_wind_of_death_pl|死 亡 虚 空
itm_turn_to_smoke|化 身 烟 雾 
itm_turn_to_smoke_pl|化 身 烟 雾 
itm_ethereal|灵 体 化
itm_ethereal_pl|灵 体 化
itm_transfix|定 身 术
itm_transfix_pl|定 身 术
itm_vansels_danse_macabre2|范 赫 死 亡 之 舞 
itm_vansels_danse_macabre2_pl|范 赫 死 亡 之 舞 
itm_gaze_of_nagash2|纳 加 什 凝 视 
itm_gaze_of_nagash2_pl|纳 加 什 凝 视 
itm_battle_howl|战 斗 嚎 叫 
itm_battle_howl_pl|战 斗 嚎 叫 
itm_destruction|摧 毁 亡 灵 
itm_destruction_pl|摧 毁 亡 灵 
itm_winters_chill|冬 日 寒 意 
itm_winters_chill_pl|冬 日 寒 意 
itm_runic_banner|符 文 王 国 旗 帜 
itm_runic_banner_pl|符 文 王 国 旗 帜 
itm_runic_banner2|符 文 铁 砧 旗 帜 
itm_runic_banner2_pl|符 文 铁 砧 旗 帜 
itm_runic_banner3|符 文 熔 炉 旗 帜 
itm_runic_banner3_pl|符 文 熔 炉 旗 帜 
itm_empireone|帝 国 练 习 剑 
itm_empireone_pl|帝 国 练 习 剑 
itm_empirehammer|帝 国 练 习 锤 
itm_empirehammer_pl|帝 国 练 习 锤 
itm_chaosdwarfone|混 沌 矮 人 练 习 斧 
itm_chaosdwarfone_pl|混 沌 矮 人 练 习 斧 
itm_chaosone|混 沌 练 习 剑 
itm_chaosone_pl|混 沌 练 习 剑 
itm_chaosaxe|混 沌 练 习 斧 
itm_chaosaxe_pl|混 沌 练 习 斧 
itm_chaos2|混 沌 重 型 练 习 斧 
itm_chaos2_pl|混 沌 重 型 练 习 斧 
itm_elfone|高 精 灵 练 习 剑 
itm_elfone_pl|高 精 灵 练 习 剑 
itm_woodelfone|木 精 灵 练 习 剑 
itm_woodelfone_pl|木 精 灵 练 习 剑 
itm_elftwo|高 等 精 灵 重 型 练 习 剑 
itm_elftwo_pl|高 等 精 灵 重 型 练 习 剑 
itm_woodelftwo|木 精 灵 重 型 练 习 剑 
itm_woodelftwo_pl|木 精 灵 重 型 练 习 剑 
itm_vampire_two|吸 血 鬼 重 型 练 习 剑 
itm_vampire_two_pl|吸 血 鬼 重 型 练 习 剑 
itm_elfbow|高 精 灵 练 习 弓 
itm_elfbow_pl|高 精 灵 练 习 弓 
itm_dwarfone|矮 人 练 习 斧 
itm_dwarfone_pl|矮 人 练 习 斧 
itm_dwarftwo|矮 人 重 型 练 习 斧 
itm_dwarftwo_pl|矮 人 重 型 练 习 斧 
itm_chaosdwarftwo|混 沌 矮 人 重 练 习 斧 
itm_chaosdwarftwo_pl|混 沌 矮 人 重 练 习 斧 
itm_tombone|古 墓 练 习 剑 
itm_tombone_pl|古 墓 练 习 剑 
itm_tombtwo|古 墓 重 型 练 习 剑 
itm_tombtwo_pl|古 墓 重 型 练 习 剑 
itm_tombaxe|古 墓 重 型 练 习 斧 
itm_tombaxe_pl|古 墓 重 型 练 习 斧 
itm_lizardone|蜥 人 练 习 刀 
itm_lizardone_pl|蜥 人 练 习 刀 
itm_lizardtwo|蜥 人 重 型 练 习 刀 
itm_lizardtwo_pl|蜥 人 重 型 练 习 刀 
itm_goblintwo|地 精 重 型 练 习 切 肉 刀 
itm_goblintwo_pl|地 精 重 型 练 习 切 肉 刀 
itm_goblinaxe|地 精 练 习 斧 
itm_goblinaxe_pl|地 精 练 习 斧 
itm_goblinone|地 精 练 习 切 肉 刀 
itm_goblinone_pl|地 精 练 习 切 肉 刀 
itm_arabyone|阿 拉 比 练 习 弯 刀 
itm_arabyone_pl|阿 拉 比 练 习 弯 刀 
itm_arabytwo|阿 拉 比 重 型 练 习 弯 刀 
itm_arabytwo_pl|阿 拉 比 重 型 练 习 弯 刀 
itm_orcone|兽 人 练 习 刀 
itm_orcone_pl|兽 人 练 习 刀 
itm_orcclub|兽 人 练 习 棍 
itm_orcclub_pl|兽 人 练 习 棍 
itm_orcaxe|兽 人 练 习 斧 
itm_orcaxe_pl|兽 人 练 习 斧 
itm_beastmenone|野 兽 人 练 习 剑 
itm_beastmenone_pl|野 兽 人 练 习 剑 
itm_beastmenaxe|野 兽 人 练 习 阔 剑 
itm_beastmenaxe_pl|野 兽 人 练 习 阔 剑 
itm_darkelfone|暗 精 灵 练 习 军 刀 
itm_darkelfone_pl|暗 精 灵 练 习 军 刀 
itm_darkelftwo|暗 精 灵 重 型 练 习 剑 
itm_darkelftwo_pl|暗 精 灵 重 型 练 习 剑 
itm_skavenone|斯 卡 文 练 习 剑 
itm_skavenone_pl|斯 卡 文 练 习 剑 
itm_skaventwo|斯 卡 文 练 习 艾 欣 剑 
itm_skaventwo_pl|斯 卡 文 练 习 艾 欣 剑 
itm_kislevone|基 斯 里 夫 练 习 斧 
itm_kislevone_pl|基 斯 里 夫 练 习 斧 
itm_kislevtwo|基 斯 里 夫 重 型 练 习 马 刀 
itm_kislevtwo_pl|基 斯 里 夫 重 型 练 习 马 刀 
itm_kislevaxe|基 斯 里 夫 重 型 练 习 斧 
itm_kislevaxe_pl|基 斯 里 夫 重 型 练 习 斧 
itm_rubberbullet|练 习 子 弹 
itm_rubberbullet_pl|练 习 子 弹 
itm_dwarfpistol|矮 人 练 习 手 枪 
itm_dwarfpistol_pl|矮 人 练 习 手 枪 
itm_rubberbullet2|练 习 子 弹 
itm_rubberbullet2_pl|练 习 子 弹 
itm_skavenpistol|斯 卡 文 练 习 手 枪 
itm_skavenpistol_pl|斯 卡 文 练 习 手 枪 
itm_wooden_wildwood_glaive|游 侠 长 柄 刀
itm_wooden_wildwood_glaive_pl|游 侠 长 柄 刀
itm_wooden_vampire_axe|西 尔 凡 尼 亚 长 柄 斧
itm_wooden_vampire_axe_pl|西 尔 凡 尼 亚 长 柄 斧
itm_empirepistol|帝 国 练 习 手 枪 
itm_empirepistol_pl|帝 国 练 习 手 枪 
itm_practice_katana|练 习 武 士 刀 
itm_practice_katana_pl|练 习 武 士 刀 
itm_practice_nodachi|练 习 野 太 刀 
itm_practice_nodachi_pl|练 习 野 太 刀 
itm_practice_kunai|练 习 苦 无 
itm_practice_kunai_pl|练 习 苦 无 
itm_practice_kunai_melee|练 习 苦 无 
itm_practice_kunai_melee_pl|练 习 苦 无 
itm_practice_naginata|练 习 薙 刀
itm_practice_naginata_pl|练 习 薙 刀
itm_nomad|练 习 弓 
itm_nomad_pl|练 习 弓 
itm_darkcrossbow|练 习 手 弩 
itm_darkcrossbow_pl|练 习 手 弩 
itm_tournament_small_bolts|练 习 手 弩 矢
itm_tournament_small_bolts_pl|练 习 手 弩 矢
itm_practice_vampire_crossbow|吸 血 鬼 练 习 弩 
itm_practice_vampire_crossbow_pl|吸 血 鬼 练 习 弩 
itm_steppe_horse|草 原 马 
itm_steppe_horse_pl|草 原 马 
itm_arabian_horse_a|阿 拉 比 马 
itm_arabian_horse_a_pl|阿 拉 比 马 
itm_arabian_horse_b|阿 拉 比 马 
itm_arabian_horse_b_pl|阿 拉 比 马 
itm_warhorse_sarranid|阿 拉 比 军 马 
itm_warhorse_sarranid_pl|阿 拉 比 军 马 
itm_warhorse_steppe|阿 拉 比 战 马 
itm_warhorse_steppe_pl|阿 拉 比 战 马 
itm_voland_steppe|沃 兰 斯 战 马 
itm_voland_steppe_pl|沃 兰 斯 战 马 
itm_nippon_steppe|武 士 战 马 
itm_nippon_steppe_pl|武 士 战 马 
itm_araby_royal_horse|阿 拉 比 皇 家 军 马 
itm_araby_royal_horse_pl|阿 拉 比 皇 家 军 马 
itm_araby_lord_horse|阿 拉 比 领 主 军 马 
itm_araby_lord_horse_pl|阿 拉 比 领 主 军 马 
itm_arabian_horse_c|阿 拉 比 马 
itm_arabian_horse_c_pl|阿 拉 比 马 
itm_arabian_horse_d|阿 拉 比 马 
itm_arabian_horse_d_pl|阿 拉 比 马 
itm_warhorse_thief|阿 拉 比 战 马 
itm_warhorse_thief_pl|阿 拉 比 战 马 
itm_bandit_horse_a|阿 拉 比 马 
itm_bandit_horse_a_pl|阿 拉 比 马 
itm_bandit_horse_b|黑 色 骏 马
itm_bandit_horse_b_pl|黑 色 骏 马
itm_bandit_horse_c|阿 拉 比 马 
itm_bandit_horse_c_pl|阿 拉 比 马 
itm_bandit_horse_d|阿 拉 比 马 
itm_bandit_horse_d_pl|阿 拉 比 马 
itm_courser|骏 马 
itm_courser_pl|骏 马 
itm_sumpter_horse|驮 马 
itm_sumpter_horse_pl|驮 马 
itm_saddle_horse|旅 行 马 
itm_saddle_horse_pl|旅 行 马 
itm_hunter|猎 马 
itm_hunter_pl|猎 马 
itm_tournament_hunter|猎 马 
itm_tournament_hunter_pl|猎 马 
itm_warhorse|军 马 
itm_warhorse_pl|军 马 
itm_charger|战 马 
itm_charger_pl|战 马 
itm_samurai_courser|武 士 骏 马 
itm_samurai_courser_pl|武 士 骏 马 
itm_samurai_courser2|武 士 骏 马 
itm_samurai_courser2_pl|武 士 骏 马 
itm_samurai_courser3|武 士 骏 马 
itm_samurai_courser3_pl|武 士 骏 马 
itm_shadow_steed|暗 影 战 马 
itm_shadow_steed_pl|暗 影 战 马 
itm_spirited_shadow_steed|幻 影 战 马 
itm_spirited_shadow_steed_pl|幻 影 战 马 
itm_champion_shadow_steed|冠 军 暗 影 战 马 
itm_champion_shadow_steed_pl|冠 军 暗 影 战 马 
itm_blazing_sun_warhorse|焰 阳 战 马 
itm_blazing_sun_warhorse_pl|焰 阳 战 马 
itm_panther_warhorse|黑 豹 骑 士 战 马 
itm_panther_warhorse_pl|黑 豹 骑 士 战 马 
itm_priest_warhorse|帝 国 战 马 
itm_priest_warhorse_pl|帝 国 战 马 
itm_priest_warhorse2|帝 国 战 马 
itm_priest_warhorse2_pl|帝 国 战 马 
itm_empire_warhorse|帝 国 战 马 
itm_empire_warhorse_pl|帝 国 战 马 
itm_voland_warhorse|沃 兰 斯 重 装 战 马 
itm_voland_warhorse_pl|沃 兰 斯 重 装 战 马 
itm_devils_warhorse|武 士 战 马 
itm_devils_warhorse_pl|武 士 战 马 
itm_kirin|麒 麟 
itm_kirin_pl|麒 麟 
itm_demigryph|装 甲 半 狮 鹫 
itm_demigryph_pl|装 甲 半 狮 鹫 
itm_demigryph_red|装 甲 半 狮 鹫 
itm_demigryph_red_pl|装 甲 半 狮 鹫 
itm_demigryph_black|装 甲 半 狮 鹫 
itm_demigryph_black_pl|装 甲 半 狮 鹫 
itm_demigryph_naked|半 狮 鹫 
itm_demigryph_naked_pl|半 狮 鹫 
itm_albertus_warhorse|亡 灵 帝 国 战 马 
itm_albertus_warhorse_pl|亡 灵 帝 国 战 马 
itm_tournament_unicorn|独 角 兽 
itm_tournament_unicorn_pl|独 角 兽 
itm_unicorn|独 角 兽 
itm_unicorn_pl|独 角 兽 
itm_great_stag|巨 牡 鹿 
itm_great_stag_pl|巨 牡 鹿 
itm_great_stag_white|巨 牡 鹿 
itm_great_stag_white_pl|巨 牡 鹿 
itm_elf_horse|精 灵 马 
itm_elf_horse_pl|精 灵 马 
itm_woodelf_horse|林 地 精 灵 马 
itm_woodelf_horse_pl|林 地 精 灵 马 
itm_sliverhelms_horse|银 盔 战 马 
itm_sliverhelms_horse_pl|银 盔 战 马 
itm_tournament_sliverhelms_horse|竞 技 银 盔 战 马 
itm_tournament_sliverhelms_horse_pl|竞 技 银 盔 战 马 
itm_dragon_horse|龙 王 子 骑 士 战 马 
itm_dragon_horse_pl|龙 王 子 骑 士 战 马 
itm_elflord_horse|纯 血 高 精 灵 战 马 
itm_elflord_horse_pl|纯 血 高 精 灵 战 马 
itm_malhandir|玛 尔 翰 戴 尔 
itm_malhandir_pl|玛 尔 翰 戴 尔 
itm_red_dragon_horse|焰 裔 骑 士 战 马 
itm_red_dragon_horse_pl|焰 裔 骑 士 战 马 
itm_silvaron|独 角 兽 
itm_silvaron_pl|独 角 兽 
itm_bretonnian_kings_mount|巴 托 尼 亚 国 王 战 马 
itm_bretonnian_kings_mount_pl|巴 托 尼 亚 国 王 战 马 
itm_bretonnian_warhorse_lord|巴 托 尼 亚 领 主 战 马 
itm_bretonnian_warhorse_lord_pl|巴 托 尼 亚 领 主 战 马 
itm_bretonnian_warhorse_paladin|巴 托 尼 亚 圣 骑 士 战 马 
itm_bretonnian_warhorse_paladin_pl|巴 托 尼 亚 圣 骑 士 战 马 
itm_courser_yeoman|侍 从 驮 马 
itm_courser_yeoman_pl|侍 从 驮 马 
itm_warhorse_errant_bretonnian|侠 义 骑 士 战 马 
itm_warhorse_errant_bretonnian_pl|侠 义 骑 士 战 马 
itm_tournament_warhorse_errant_bretonnian|侠 义 骑 士 战 马 
itm_tournament_warhorse_errant_bretonnian_pl|侠 义 骑 士 战 马 
itm_warhorse_realm_bretonnian|王 国 骑 士 战 马 
itm_warhorse_realm_bretonnian_pl|王 国 骑 士 战 马 
itm_warhorse_realm_bretonnian2|王 国 骑 士 战 马 
itm_warhorse_realm_bretonnian2_pl|王 国 骑 士 战 马 
itm_warhorse_realm_bretonnian3|王 国 骑 士 战 马 
itm_warhorse_realm_bretonnian3_pl|王 国 骑 士 战 马 
itm_warhorse_realm_bretonnian4|王 国 骑 士 战 马 
itm_warhorse_realm_bretonnian4_pl|王 国 骑 士 战 马 
itm_warhorse_questing|探 险 骑 士 战 马 
itm_warhorse_questing_pl|探 险 骑 士 战 马 
itm_warhorse_questing2|探 险 骑 士 战 马 
itm_warhorse_questing2_pl|探 险 骑 士 战 马 
itm_warhorse_questing3|探 险 骑 士 战 马 
itm_warhorse_questing3_pl|探 险 骑 士 战 马 
itm_warhorse_questing4|探 险 骑 士 战 马 
itm_warhorse_questing4_pl|探 险 骑 士 战 马 
itm_warhorse_grail_bretonnian|圣 杯 骑 士 战 马 
itm_warhorse_grail_bretonnian_pl|圣 杯 骑 士 战 马 
itm_warhorse_grail_bretonnian2|圣 杯 骑 士 战 马 
itm_warhorse_grail_bretonnian2_pl|圣 杯 骑 士 战 马 
itm_marauder_horse|掠 夺 者 马 
itm_marauder_horse_pl|掠 夺 者 马 
itm_marauder_horse2|掠 夺 者 马 
itm_marauder_horse2_pl|掠 夺 者 马 
itm_marauder_horse_black|掠 夺 者 猎 马 
itm_marauder_horse_black_pl|掠 夺 者 猎 马 
itm_tournament_marauder_horse_black|掠 夺 者 猎 马 
itm_tournament_marauder_horse_black_pl|掠 夺 者 猎 马 
itm_marauder_horse_white|掠 夺 者 冠 军 猎 马 
itm_marauder_horse_white_pl|掠 夺 者 冠 军 猎 马 
itm_chaos_warhorse|混 沌 战 马 
itm_chaos_warhorse_pl|混 沌 战 马 
itm_khorne_warhorse|恐 虐 战 马 
itm_khorne_warhorse_pl|恐 虐 战 马 
itm_slaanesh_warhorse|色 孽 战 马 
itm_slaanesh_warhorse_pl|色 孽 战 马 
itm_tzeentch_warhorse|奸 奇 战 马 
itm_tzeentch_warhorse_pl|奸 奇 战 马 
itm_nurgle_warhorse|纳 垢 战 马 
itm_nurgle_warhorse_pl|纳 垢 战 马 
itm_chaos_warhorse2|混 沌 冠 军 战 马 
itm_chaos_warhorse2_pl|混 沌 冠 军 战 马 
itm_chaos_armoured_warhorse|混 沌 装 甲 战 马 
itm_chaos_armoured_warhorse_pl|混 沌 装 甲 战 马 
itm_chaos_khorne_armoured_warhorse|恐 虐 装 甲 战 马 
itm_chaos_khorne_armoured_warhorse_pl|恐 虐 装 甲 战 马 
itm_chaos_slaanesh_armoured_warhorse|色 孽 装 甲 战 马 
itm_chaos_slaanesh_armoured_warhorse_pl|色 孽 装 甲 战 马 
itm_chaos_nurgle_armoured_warhorse|纳 垢 装 甲 战 马 
itm_chaos_nurgle_armoured_warhorse_pl|纳 垢 装 甲 战 马 
itm_chaos_tzeentch_armoured_warhorse|奸 奇 装 甲 战 马 
itm_chaos_tzeentch_armoured_warhorse_pl|奸 奇 装 甲 战 马 
itm_kislev_horse|基 斯 里 夫 带 翼 军 马 
itm_kislev_horse_pl|基 斯 里 夫 带 翼 军 马 
itm_kislev_courser|基 斯 里 夫 骏 马 
itm_kislev_courser_pl|基 斯 里 夫 骏 马 
itm_kislev_courser2|基 斯 里 夫 骏 马 
itm_kislev_courser2_pl|基 斯 里 夫 骏 马 
itm_tournament_kislev_horse|基 斯 里 夫 竞 技 军 马 
itm_tournament_kislev_horse_pl|基 斯 里 夫 竞 技 军 马 
itm_kislev_warhorse|基 斯 里 夫 军 马 
itm_kislev_warhorse_pl|基 斯 里 夫 军 马 
itm_bear|熊 
itm_bear_pl|熊 
itm_warbear|战 熊 
itm_warbear_pl|战 熊 
itm_armoured_bear|装 甲 战 熊 
itm_armoured_bear_pl|装 甲 战 熊 
itm_urskin|厄 斯 金 
itm_urskin_pl|厄 斯 金 
itm_necroserpent|死 灵 巨 蛇
itm_necroserpent_pl|死 灵 巨 蛇
itm_skeletal_horse|骷 髅 马 
itm_skeletal_horse_pl|骷 髅 马 
itm_tournament_skeletal_horse|骷 髅 竞 技 马 
itm_tournament_skeletal_horse_pl|骷 髅 竞 技 马 
itm_vc_skeletal_horse2|骷 髅 马 
itm_vc_skeletal_horse2_pl|骷 髅 马 
itm_vc_skeletal_horse|骷 髅 马 
itm_vc_skeletal_horse_pl|骷 髅 马 
itm_vc_charger2|装 甲 骷 髅 战 马 
itm_vc_charger2_pl|装 甲 骷 髅 战 马 
itm_vc_charger|重 装 骷 髅 战 马 
itm_vc_charger_pl|重 装 骷 髅 战 马 
itm_nightmare|披 甲 梦 魇 兽 
itm_nightmare_pl|披 甲 梦 魇 兽 
itm_nightmare2|披 甲 梦 魇 兽 
itm_nightmare2_pl|披 甲 梦 魇 兽 
itm_nightmare3|披 甲 梦 魇 兽 
itm_nightmare3_pl|披 甲 梦 魇 兽 
itm_vampire_hunter|希 尔 瓦 尼 亚 军 马 
itm_vampire_hunter_pl|希 尔 瓦 尼 亚 军 马 
itm_vampire_hunter2|希 尔 瓦 尼 亚 军 马 
itm_vampire_hunter2_pl|希 尔 瓦 尼 亚 军 马 
itm_vampire_hunter3|希 尔 瓦 尼 亚 重 装 军 马 
itm_vampire_hunter3_pl|希 尔 瓦 尼 亚 重 装 军 马 
itm_vc_ghost_horse|幽 灵 马 
itm_vc_ghost_horse_pl|幽 灵 马 
itm_vc_ghost_horse2|幽 灵 马 
itm_vc_ghost_horse2_pl|幽 灵 马 
itm_vc_ghost_horse3|幽 灵 战 马 
itm_vc_ghost_horse3_pl|幽 灵 战 马 
itm_vc_ghost_horse4|幽 灵 战 马 
itm_vc_ghost_horse4_pl|幽 灵 战 马 
itm_tournament_boar|竞 技 野 猪 
itm_tournament_boar_pl|竞 技 野 猪 
itm_wild_boar|野 猪 
itm_wild_boar_pl|野 猪 
itm_boar|战 猪 
itm_boar_pl|战 猪 
itm_arm_boar|装 甲 战 猪 
itm_arm_boar_pl|装 甲 战 猪 
itm_warboar|战 争 野 猪 
itm_warboar_pl|战 争 野 猪 
itm_wolf|狼 
itm_wolf_pl|狼 
itm_black_wolf|黑 狼 
itm_black_wolf_pl|黑 狼 
itm_hobgoblin_wolf|妖 狼 
itm_hobgoblin_wolf_pl|妖 狼 
itm_hobgoblin_black_wolf|黑 妖 狼 
itm_hobgoblin_black_wolf_pl|黑 妖 狼 
itm_hobgoblin_armoured_wolf|装 甲 妖 狼 
itm_hobgoblin_armoured_wolf_pl|装 甲 妖 狼 
itm_spider|巨 蜘 蛛 
itm_spider_pl|巨 蜘 蛛 
itm_tournament_spider|竞 技 巨 蜘 蛛 
itm_tournament_spider_pl|竞 技 巨 蜘 蛛 
itm_spider2|战 争 巨 蛛 
itm_spider2_pl|战 争 巨 蛛 
itm_squig|史 奎 格 
itm_squig_pl|史 奎 格 
itm_gobbla|锅 巴 拉 
itm_gobbla_pl|锅 巴 拉 
itm_hornedone|独 角 蜥 
itm_hornedone_pl|独 角 蜥 
itm_tri_mount|三 角 龙 
itm_tri_mount_pl|三 角 龙 
itm_elephant|战 象 
itm_elephant_pl|战 象 
itm_stegadon|远 古 三 角 龙 
itm_stegadon_pl|远 古 三 角 龙 
itm_chaos_chariot|混 沌 战 车 
itm_chaos_chariot_pl|混 沌 战 车 
itm_orc_chariot|兽 人 战 猪 战 车 
itm_orc_chariot_pl|兽 人 战 猪 战 车 
itm_beastman_chariot|剃 刀 兽 战 车 
itm_beastman_chariot_pl|剃 刀 兽 战 车 
itm_highelf_chariot|伊 瑟 拉 玛 银 战 车 
itm_highelf_chariot_pl|伊 瑟 拉 玛 银 战 车 
itm_tk_chariot|骷 髅 战 车 
itm_tk_chariot_pl|骷 髅 战 车 
itm_goblin_chariot|地 精 狼 战 车 
itm_goblin_chariot_pl|地 精 狼 战 车 
itm_darkelf_chariot|冷 蜥 战 车 
itm_darkelf_chariot_pl|冷 蜥 战 车 
itm_chaos_chariot_horse|混 沌 战 车 马 
itm_chaos_chariot_horse_pl|混 沌 战 车 马 
itm_coldone|独 角 蜥 
itm_coldone_pl|独 角 蜥 
itm_coldonedark|暗 精 灵 冷 蜥 
itm_coldonedark_pl|暗 精 灵 冷 蜥 
itm_coldonedark2|暗 精 灵 冷 蜥 
itm_coldonedark2_pl|暗 精 灵 冷 蜥 
itm_tournament_coldone|竞 技 独 角 蜥 
itm_tournament_coldone_pl|竞 技 独 角 蜥 
itm_steed_of_slaanesh|色 孽 战 驹
itm_steed_of_slaanesh_pl|色 孽 战 驹
itm_steed_of_slaanesh2|色 孽 战 驹
itm_steed_of_slaanesh2_pl|色 孽 战 驹
itm_camel|骆 驼 
itm_camel_pl|骆 驼 
itm_tournament_camel|骆 驼 
itm_tournament_camel_pl|骆 驼 
itm_carnosaur|暴 龙 
itm_carnosaur_pl|暴 龙 
itm_troglodon1|穴 居 龙 
itm_troglodon1_pl|穴 居 龙 
itm_troglodon2|穴 居 龙 
itm_troglodon2_pl|穴 居 龙 
itm_troglodon3|穴 居 龙 
itm_troglodon3_pl|穴 居 龙 
itm_hound|半 身 人 猎 犬 
itm_hound_pl|半 身 人 猎 犬 
itm_ram|半 身 人 山 羊 
itm_ram_pl|半 身 人 山 羊 
itm_sheep|半 身 人 绵 羊 
itm_sheep_pl|半 身 人 绵 羊 
itm_cow|牛 
itm_cow_pl|牛 
itm_warram|半 身 人 战 山 羊
itm_warram_pl|半 身 人 战 山 羊
itm_giant_rat|巨 鼠 
itm_giant_rat_pl|巨 鼠 
itm_tournament_giant_rat|竞 技 巨 鼠 
itm_tournament_giant_rat_pl|竞 技 巨 鼠 
itm_whitelion_mount|白 狮 
itm_whitelion_mount_pl|白 狮 
itm_jaguar_mount|捷 豹 
itm_jaguar_mount_pl|捷 豹 
itm_jaguar_mount_black|黑 豹 
itm_jaguar_mount_black_pl|黑 豹 
itm_aarbal_hound|血 肉 猎 犬 
itm_aarbal_hound_pl|血 肉 猎 犬 
itm_tuskgor|獠 牙 兽
itm_tuskgor_pl|獠 牙 兽
itm_tuskgor2|凶 猛 獠 牙 兽
itm_tuskgor2_pl|凶 猛 獠 牙 兽
itm_tuskgor3|变 异 獠 牙 兽
itm_tuskgor3_pl|变 异 獠 牙 兽
itm_tournament_tuskgor|竞 技 獠 牙 兽
itm_tournament_tuskgor_pl|竞 技 獠 牙 兽
itm_taurus|烈 焰 魔 牛 
itm_taurus_pl|烈 焰 魔 牛 
itm_razorgor|剃 刀 兽 
itm_razorgor_pl|剃 刀 兽 
itm_snowmane|雪 鬃
itm_snowmane_pl|雪 鬃
itm_arkhan_horse|阿 克 汉 战 马 
itm_arkhan_horse_pl|阿 克 汉 战 马 
itm_arrows|箭 
itm_arrows_pl|箭 
itm_araby_arrows|阿 拉 比 箭 
itm_araby_arrows_pl|阿 拉 比 箭 
itm_goblin_arrows|地 精 箭 矢
itm_goblin_arrows_pl|地 精 箭 矢
itm_goblin_moon_arrows|地 精 月 亮 箭 矢
itm_goblin_moon_arrows_pl|地 精 月 亮 箭 矢
itm_goblin_arrows2|森 林 地 精 箭 矢
itm_goblin_arrows2_pl|森 林 地 精 箭 矢
itm_goblin_arrows3|森 林 地 精 毒 箭
itm_goblin_arrows3_pl|森 林 地 精 毒 箭
itm_goblin_arrows4|大 地 精 箭 矢
itm_goblin_arrows4_pl|大 地 精 箭 矢
itm_goblin_arrows5|大 地 精 箭 矢
itm_goblin_arrows5_pl|大 地 精 箭 矢
itm_khergit_arrows|阿 拉 比 禁 卫 箭 
itm_khergit_arrows_pl|阿 拉 比 禁 卫 箭 
itm_araby_arrows2|阿 拉 比 倒 刺 箭 
itm_araby_arrows2_pl|阿 拉 比 倒 刺 箭 
itm_barbed_arrows|倒 刺 箭 
itm_barbed_arrows_pl|倒 刺 箭 
itm_bodkin_arrows|锥 头 箭 
itm_bodkin_arrows_pl|锥 头 箭 
itm_asp_arrows|阿 斯 普 之 箭 
itm_asp_arrows_pl|阿 斯 普 之 箭 
itm_orc_arrows|兽 人 箭
itm_orc_arrows_pl|兽 人 箭
itm_feathered_arrows|羽 饰 箭 
itm_feathered_arrows_pl|羽 饰 箭 
itm_elf_arrows|高 精 灵 箭 
itm_elf_arrows_pl|高 精 灵 箭 
itm_death_arrows|死 亡 之 箭 
itm_death_arrows_pl|死 亡 之 箭 
itm_loren_arrows|洛 伦 之 箭 
itm_loren_arrows_pl|洛 伦 之 箭 
itm_arrows_of_piercing|穿 透 箭 
itm_arrows_of_piercing_pl|穿 透 箭 
itm_fire_arrow|火 焰 箭 
itm_fire_arrow_pl|火 焰 箭 
itm_fire_bolt|火 焰 弩 矢 
itm_fire_bolt_pl|火 焰 弩 矢 
itm_rune_cartridges|燃 烧 弹 药 筒
itm_rune_cartridges_pl|燃 烧 弹 药 筒
itm_dwarf_fire_bolt|火 焰 弩 矢 
itm_dwarf_fire_bolt_pl|火 焰 弩 矢 
itm_bolts|弩 矢 
itm_bolts_pl|弩 矢 
itm_steel_bolts|钢 弩 矢 
itm_steel_bolts_pl|钢 弩 矢 
itm_cartridges|弹 药 筒 
itm_cartridges_pl|弹 药 筒 
itm_warp_cartridges|次 元 石 子 弹 
itm_warp_cartridges_pl|次 元 石 子 弹 
itm_warp_cartridges2|次 元 石 狙 击 弹 
itm_warp_cartridges2_pl|次 元 石 狙 击 弹 
itm_warp_cartridges3|次 元 石 惩 击 弹 
itm_warp_cartridges3_pl|次 元 石 惩 击 弹 
itm_blowpipe_darts|吹 矢 
itm_blowpipe_darts_pl|吹 矢 
itm_small_bolts|手 弩 矢
itm_small_bolts_pl|手 弩 矢
itm_falchion|单 刀 
itm_falchion_pl|单 刀 
itm_cleaver|菜 刀 
itm_cleaver_pl|菜 刀 
itm_dagger|匕 首 
itm_dagger_pl|匕 首 
itm_boar_spear|猎 猪 矛
itm_boar_spear_pl|猎 猪 矛
itm_shortened_spear|短 柄 矛 
itm_shortened_spear_pl|短 柄 矛 
itm_spear|矛 
itm_spear_pl|矛 
itm_light_lance|轻 型 骑 枪 
itm_light_lance_pl|轻 型 骑 枪 
itm_lance|骑 枪 
itm_lance_pl|骑 枪 
itm_heavy_lance|重 型 骑 枪 
itm_heavy_lance_pl|重 型 骑 枪 
itm_great_lance|巨 型 骑 枪 
itm_great_lance_pl|巨 型 骑 枪 
itm_staff|棍 
itm_staff_pl|棍 
itm_quarter_staff|长 棍
itm_quarter_staff_pl|长 棍
itm_iron_staff|铁 棍 
itm_iron_staff_pl|铁 棍 
itm_axe|斧 
itm_axe_pl|斧 
itm_hatchet|短 斧 
itm_hatchet_pl|短 斧 
itm_one_handed_war_axe_a|单 手 斧 
itm_one_handed_war_axe_a_pl|单 手 斧 
itm_one_handed_battle_axe_a|单 手 战 斗 斧 
itm_one_handed_battle_axe_a_pl|单 手 战 斗 斧 
itm_one_handed_war_axe_b|单 手 战 斧 
itm_one_handed_war_axe_b_pl|单 手 战 斧 
itm_one_handed_battle_axe_b|单 手 战 斗 斧 
itm_one_handed_battle_axe_b_pl|单 手 战 斗 斧 
itm_one_handed_battle_axe_c|单 手 战 斗 斧 
itm_one_handed_battle_axe_c_pl|单 手 战 斗 斧 
itm_two_handed_axe|双 手 斧 
itm_two_handed_axe_pl|双 手 斧 
itm_two_handed_battle_axe_2|双 手 战 斧 
itm_two_handed_battle_axe_2_pl|双 手 战 斧 
itm_great_axe|巨 斧 
itm_great_axe_pl|巨 斧 
itm_great_long_axe|巨 型 长 柄 斧 
itm_great_long_axe_pl|巨 型 长 柄 斧 
itm_streltsy_bardiche|大 砍 刀 
itm_streltsy_bardiche_pl|大 砍 刀 
itm_war_spear|战 矛 
itm_war_spear_pl|战 矛 
itm_cudgel|短 棍 
itm_cudgel_pl|短 棍 
itm_bloated_cudgel|长 棍 
itm_bloated_cudgel_pl|长 棍 
itm_knife|小 刀 
itm_knife_pl|小 刀 
itm_butchering_knife|屠 宰 刀 
itm_butchering_knife_pl|屠 宰 刀 
itm_sickle|镰 刀 
itm_sickle_pl|镰 刀 
itm_glaive|长 柄 大 刀 
itm_glaive_pl|长 柄 大 刀 
itm_ashwood_pike|灰 木 枪 
itm_ashwood_pike_pl|灰 木 枪 
itm_awlpike_long|长 锥 头 枪 
itm_awlpike_long_pl|长 锥 头 枪 
itm_two_handed_cleaver|直 刃 战 刀 
itm_two_handed_cleaver_pl|直 刃 战 刀 
itm_military_cleaver_b|直 刃 军 刀 
itm_military_cleaver_b_pl|直 刃 军 刀 
itm_military_cleaver_c|直 刃 军 用 刀 
itm_military_cleaver_c_pl|直 刃 军 用 刀 
itm_hafted_blade_b|长 柄 刃 
itm_hafted_blade_b_pl|长 柄 刃 
itm_hafted_blade_a|长 柄 刃 
itm_hafted_blade_a_pl|长 柄 刃 
itm_sword_medieval_a|剑 
itm_sword_medieval_a_pl|剑 
itm_sword_medieval_b|剑 
itm_sword_medieval_b_pl|剑 
itm_sword_medieval_b_small|短 剑 
itm_sword_medieval_b_small_pl|短 剑 
itm_sword_medieval_c|战 士 剑 
itm_sword_medieval_c_pl|战 士 剑 
itm_sword_medieval_c_small|战 士 短 剑 
itm_sword_medieval_c_small_pl|战 士 短 剑 
itm_sword_medieval_c_long|战 士 剑 
itm_sword_medieval_c_long_pl|战 士 剑 
itm_sword_medieval_d_long|战 士 长 剑 
itm_sword_medieval_d_long_pl|战 士 长 剑 
itm_sword_viking_1|剑 
itm_sword_viking_1_pl|剑 
itm_sword_viking_2|剑 
itm_sword_viking_2_pl|剑 
itm_sword_viking_2_small|混 沌 短 剑 
itm_sword_viking_2_small_pl|混 沌 短 剑 
itm_sword_viking_3|战 剑 
itm_sword_viking_3_pl|战 剑 
itm_sword_viking_3_small|短 战 剑 
itm_sword_viking_3_small_pl|短 战 剑 
itm_potion_belt|战 斗 药 水 腰 带
itm_potion_belt_pl|战 斗 药 水 腰 带
itm_arabian_sword_a|阿 拉 比 剑 
itm_arabian_sword_a_pl|阿 拉 比 剑 
itm_arabian_sword_b|阿 拉 比 战 士 剑 
itm_arabian_sword_b_pl|阿 拉 比 战 士 剑 
itm_sarranid_cavalry_sword|阿 拉 比 骑 兵 剑 
itm_sarranid_cavalry_sword_pl|阿 拉 比 骑 兵 剑 
itm_arabian_sword_d|阿 拉 比 卫 士 剑 
itm_arabian_sword_d_pl|阿 拉 比 卫 士 剑 
itm_scimitar|弯 刀 
itm_scimitar_pl|弯 刀 
itm_scimitar_b|精 锐 弯 刀 
itm_scimitar_b_pl|精 锐 弯 刀 
itm_scimitar_regen|夺 命 弯 刀
itm_scimitar_regen_pl|夺 命 弯 刀
itm_bec_de_corbin_a|战 锤 
itm_bec_de_corbin_a_pl|战 锤 
itm_sarranid_two_handed_mace_1|双 手 铁 头 锤
itm_sarranid_two_handed_mace_1_pl|双 手 铁 头 锤
itm_khergit_sword_two_handed_a|双 手 弯 刀 
itm_khergit_sword_two_handed_a_pl|双 手 弯 刀 
itm_khergit_sword_two_handed_b|双 手 弯 刀 
itm_khergit_sword_two_handed_b_pl|双 手 弯 刀 
itm_sarranid_mace_1|铁 头 锤
itm_sarranid_mace_1_pl|铁 头 锤
itm_sarranid_axe_a|铁 战 斗 斧 
itm_sarranid_axe_a_pl|铁 战 斗 斧 
itm_sarranid_axe_b|铁 战 斧 
itm_sarranid_axe_b_pl|铁 战 斧 
itm_sarranid_two_handed_axe_a|阿 拉 比 战 斗 斧 
itm_sarranid_two_handed_axe_a_pl|阿 拉 比 战 斗 斧 
itm_sarranid_two_handed_axe_b|阿 拉 比 战 斧 
itm_sarranid_two_handed_axe_b_pl|阿 拉 比 战 斧 
itm_bamboo_spear|竹 矛 
itm_bamboo_spear_pl|竹 矛 
itm_pike|枪 
itm_pike_pl|枪 
itm_morningstar|晨 星 锤
itm_morningstar_pl|晨 星 锤
itm_maul|木 锤 
itm_maul_pl|木 锤 
itm_sledgehammer|大 锤 
itm_sledgehammer_pl|大 锤 
itm_warhammer|巨 锤 
itm_warhammer_pl|巨 锤 
itm_sword_two_handed_b|双 手 剑 
itm_sword_two_handed_b_pl|双 手 剑 
itm_sword_two_handed_a|巨 剑 
itm_sword_two_handed_a_pl|巨 剑 
itm_great_sword|巨 剑 
itm_great_sword_pl|巨 剑 
itm_sword_of_war|战 争 之 剑 
itm_sword_of_war_pl|战 争 之 剑 
itm_bastard_sword_a|手 半 剑 
itm_bastard_sword_a_pl|手 半 剑 
itm_bastard_sword_b|重 型 手 半 剑 
itm_bastard_sword_b_pl|重 型 手 半 剑 
itm_poleaxe|长 柄 斧 
itm_poleaxe_pl|长 柄 斧 
itm_pickaxe|鹤 嘴 锄 
itm_pickaxe_pl|鹤 嘴 锄 
itm_hand_axe|手 斧 
itm_hand_axe_pl|手 斧 
itm_magic_placeholder|巨 剑 
itm_magic_placeholder_pl|巨 剑 
itm_hammer|锤 子 
itm_hammer_pl|锤 子 
itm_wooden_stick|木 枝 
itm_wooden_stick_pl|木 枝 
itm_winged_mace|凸 缘 锤
itm_winged_mace_pl|凸 缘 锤
itm_club|木 棒 
itm_club_pl|木 棒 
itm_awlpike|锥 头 枪 
itm_awlpike_pl|锥 头 枪 
itm_spiked_club|钉 刺 棒
itm_spiked_club_pl|钉 刺 棒
itm_spiked_mace|钉 刺 锤
itm_spiked_mace_pl|钉 刺 锤
itm_military_hammer|军 用 锤 
itm_military_hammer_pl|军 用 锤 
itm_fighting_pick|战 镐
itm_fighting_pick_pl|战 镐
itm_military_pick|军 用 战 镐
itm_military_pick_pl|军 用 战 镐
itm_fighting_axe|格 斗 斧 
itm_fighting_axe_pl|格 斗 斧 
itm_battle_axe|战 斗 斧 
itm_battle_axe_pl|战 斗 斧 
itm_war_axe|战 斧 
itm_war_axe_pl|战 斧 
itm_long_axe|长 斧 
itm_long_axe_pl|长 斧 
itm_long_axe_alt|长 斧 
itm_long_axe_alt_pl|长 斧 
itm_long_axe_b|长 战 斧 
itm_long_axe_b_pl|长 战 斧 
itm_long_axe_b_alt|长 战 斧 
itm_long_axe_b_alt_pl|长 战 斧 
itm_long_axe_c|巨 型 长 斧 
itm_long_axe_c_pl|巨 型 长 斧 
itm_long_axe_c_alt|巨 型 长 斧 
itm_long_axe_c_alt_pl|巨 型 长 斧 
itm_bardiche|月 刃 斧 
itm_bardiche_pl|月 刃 斧 
itm_great_bardiche|巨 型 月 刃 斧 
itm_great_bardiche_pl|巨 型 月 刃 斧 
itm_voulge|长 柄 砍 刀 
itm_voulge_pl|长 柄 砍 刀 
itm_long_bardiche|长 月 刃 斧 
itm_long_bardiche_pl|长 月 刃 斧 
itm_mace_2|球 头 锤
itm_mace_2_pl|球 头 锤
itm_mace_4|翼 头 锤
itm_mace_4_pl|翼 头 锤
itm_club_with_spike_head|钉 刺 长 棍
itm_club_with_spike_head_pl|钉 刺 长 棍
itm_long_hafted_spiked_mace|长 柄 钉 刺 锤
itm_long_hafted_spiked_mace_pl|长 柄 钉 刺 锤
itm_long_hafted_knobbed_mace|长 柄 球 头 锤
itm_long_hafted_knobbed_mace_pl|长 柄 球 头 锤
itm_long_spiked_club|长 钉 棒 
itm_long_spiked_club_pl|长 钉 棒 
itm_scythe|长 柄 镰 刀 
itm_scythe_pl|长 柄 镰 刀 
itm_pitch_fork|干 草 叉
itm_pitch_fork_pl|干 草 叉
itm_military_fork|军 用 叉 
itm_military_fork_pl|军 用 叉 
itm_battle_fork|战 斗 叉 
itm_battle_fork_pl|战 斗 叉 
itm_jousting_lance|练 习 骑 枪 
itm_jousting_lance_pl|练 习 骑 枪 
itm_double_sided_lance|双 头 骑 枪 
itm_double_sided_lance_pl|双 头 骑 枪 
itm_polehammer|长 柄 锤 
itm_polehammer_pl|长 柄 锤 
itm_kislev_lance|基 斯 里 夫 巨 型 骑 枪 
itm_kislev_lance_pl|基 斯 里 夫 巨 型 骑 枪 
itm_blood_lance|血 腥 骑 枪 
itm_blood_lance_pl|血 腥 骑 枪 
itm_blood_lance2|血 腥 骑 枪 
itm_blood_lance2_pl|血 腥 骑 枪 
itm_blood_lance3|血 腥 骑 枪 
itm_blood_lance3_pl|血 腥 骑 枪 
itm_wooden_shield|木 盾 
itm_wooden_shield_pl|木 盾 
itm_nordic_shield|北 地 盾
itm_nordic_shield_pl|北 地 盾
itm_fur_covered_shield|蒙 皮 盾 
itm_fur_covered_shield_pl|蒙 皮 盾 
itm_steel_shield|钢 盾 
itm_steel_shield_pl|钢 盾 
itm_plate_covered_round_shield|覆 板 圆 盾 
itm_plate_covered_round_shield_pl|覆 板 圆 盾 
itm_leather_covered_round_shield|蒙 皮 圆 盾 
itm_leather_covered_round_shield_pl|蒙 皮 圆 盾 
itm_hide_covered_round_shield|兽 皮 圆 盾 
itm_hide_covered_round_shield_pl|兽 皮 圆 盾 
itm_shield_heater_c|扇 形 盾 
itm_shield_heater_c_pl|扇 形 盾 
itm_norman_shield_1|筝 形 盾 
itm_norman_shield_1_pl|筝 形 盾 
itm_norman_shield_2|筝 形 盾 
itm_norman_shield_2_pl|筝 形 盾 
itm_norman_shield_3|筝 形 盾 
itm_norman_shield_3_pl|筝 形 盾 
itm_norman_shield_4|筝 形 盾 
itm_norman_shield_4_pl|筝 形 盾 
itm_norman_shield_5|筝 形 盾 
itm_norman_shield_5_pl|筝 形 盾 
itm_norman_shield_6|筝 形 盾 
itm_norman_shield_6_pl|筝 形 盾 
itm_norman_shield_7|筝 形 盾 
itm_norman_shield_7_pl|筝 形 盾 
itm_norman_shield_8|筝 形 盾 
itm_norman_shield_8_pl|筝 形 盾 
itm_tab_shield_round_a|旧 圆 盾 
itm_tab_shield_round_a_pl|旧 圆 盾 
itm_tab_shield_round_b|简 易 圆 盾 
itm_tab_shield_round_b_pl|简 易 圆 盾 
itm_tab_shield_round_c|圆 盾 
itm_tab_shield_round_c_pl|圆 盾 
itm_tab_shield_round_d|重 型 圆 盾 
itm_tab_shield_round_d_pl|重 型 圆 盾 
itm_tab_shield_round_e|皇 家 侍 卫 圆 盾 
itm_tab_shield_round_e_pl|皇 家 侍 卫 圆 盾 
itm_tab_shield_kite_a|旧 筝 形 盾 
itm_tab_shield_kite_a_pl|旧 筝 形 盾 
itm_tab_shield_kite_b|简 易 筝 形 盾 
itm_tab_shield_kite_b_pl|简 易 筝 形 盾 
itm_tab_shield_kite_c|筝 形 盾 
itm_tab_shield_kite_c_pl|筝 形 盾 
itm_tab_shield_kite_d|重 型 筝 形 盾 
itm_tab_shield_kite_d_pl|重 型 筝 形 盾 
itm_tab_shield_kite_cav_a|骑 手 筝 形 盾 
itm_tab_shield_kite_cav_a_pl|骑 手 筝 形 盾 
itm_tab_shield_kite_cav_b|骑 士 筝 形 盾 
itm_tab_shield_kite_cav_b_pl|骑 士 筝 形 盾 
itm_tab_shield_heater_a|旧 扇 形 盾 
itm_tab_shield_heater_a_pl|旧 扇 形 盾 
itm_tab_shield_heater_b|简 易 扇 形 盾 
itm_tab_shield_heater_b_pl|简 易 扇 形 盾 
itm_tab_shield_heater_c|扇 形 盾 
itm_tab_shield_heater_c_pl|扇 形 盾 
itm_tab_shield_heater_d|重 扇 形 盾 
itm_tab_shield_heater_d_pl|重 扇 形 盾 
itm_tab_shield_heater_cav_a|骑 手 扇 形 盾 
itm_tab_shield_heater_cav_a_pl|骑 手 扇 形 盾 
itm_tab_shield_heater_cav_b|骑 士 扇 形 盾 
itm_tab_shield_heater_cav_b_pl|骑 士 扇 形 盾 
itm_tab_shield_heater_cav_c|骑 士 焰 形 盾 
itm_tab_shield_heater_cav_c_pl|骑 士 焰 形 盾 
itm_tab_shield_pavise_a|旧 阔 盾 
itm_tab_shield_pavise_a_pl|旧 阔 盾 
itm_tab_shield_pavise_b|平 面 阔 盾 
itm_tab_shield_pavise_b_pl|平 面 阔 盾 
itm_tab_shield_pavise_c|阔 盾 
itm_tab_shield_pavise_c_pl|阔 盾 
itm_tab_shield_pavise_d|重 型 阔 盾 
itm_tab_shield_pavise_d_pl|重 型 阔 盾 
itm_tab_shield_emp_1|帝 国 纹 章 盾 
itm_tab_shield_emp_1_pl|帝 国 纹 章 盾 
itm_gor_rok_shield|大 白 蜥 哥 罗 克 盾 
itm_gor_rok_shield_pl|大 白 蜥 哥 罗 克 盾 
itm_saurus_shield|蜥 人 盾
itm_saurus_shield_pl|蜥 人 盾
itm_exalted_shield|尊 崇 蜥 人 盾 
itm_exalted_shield_pl|尊 崇 蜥 人 盾 
itm_sauruslord_shield|古 血 战 士 盾 
itm_sauruslord_shield_pl|古 血 战 士 盾 
itm_skink_shield|灵 蜥 盾 
itm_skink_shield_pl|灵 蜥 盾 
itm_skeleton_pavise|古 墓 盾 
itm_skeleton_pavise_pl|古 墓 盾 
itm_tomb_pavise|古 墓 盾 
itm_tomb_pavise_pl|古 墓 盾 
itm_tomb_pavise2|古 墓 盾 
itm_tomb_pavise2_pl|古 墓 盾 
itm_tomb_pavise3|古 墓 盾 
itm_tomb_pavise3_pl|古 墓 盾 
itm_tomb_pavise4|古 墓 盾 
itm_tomb_pavise4_pl|古 墓 盾 
itm_tomb_guard_pavise|古 墓 护 卫 盾 
itm_tomb_guard_pavise_pl|古 墓 护 卫 盾 
itm_plate_tomb_shield|古 墓 铁 盾 
itm_plate_tomb_shield_pl|古 墓 铁 盾 
itm_tomb_shield|古 墓 盾 
itm_tomb_shield_pl|古 墓 盾 
itm_dwarf_gold_shield|矮 人 金 盾 
itm_dwarf_gold_shield_pl|矮 人 金 盾 
itm_dwarf_iron_shield|矮 人 铁 盾 
itm_dwarf_iron_shield_pl|矮 人 铁 盾 
itm_dwarf_shield|矮 人 盾 
itm_dwarf_shield_pl|矮 人 盾 
itm_dwarf_shield2|矮 人 盾 
itm_dwarf_shield2_pl|矮 人 盾 
itm_dwarf_shield3|矮 人 盾 
itm_dwarf_shield3_pl|矮 人 盾 
itm_rune_shield|符 文 铁 盾 
itm_rune_shield_pl|符 文 铁 盾 
itm_orc_shield4|兽 人 盾 
itm_orc_shield4_pl|兽 人 盾 
itm_orc_shield6|兽 人 盾 
itm_orc_shield6_pl|兽 人 盾 
itm_orc_shield7|兽 人 盾 
itm_orc_shield7_pl|兽 人 盾 
itm_orc_shield8|兽 人 盾 
itm_orc_shield8_pl|兽 人 盾 
itm_orc_shield9|小 子 战 盾 
itm_orc_shield9_pl|小 子 战 盾 
itm_orc_shield10|小 子 战 盾 
itm_orc_shield10_pl|小 子 战 盾 
itm_orc_shield11|小 子 战 盾 
itm_orc_shield11_pl|小 子 战 盾 
itm_orc_shield12|小 子 战 盾 
itm_orc_shield12_pl|小 子 战 盾 
itm_orc_shield3|大 只 佬 战 盾 
itm_orc_shield3_pl|大 只 佬 战 盾 
itm_orc_shield13|大 只 佬 战 盾 
itm_orc_shield13_pl|大 只 佬 战 盾 
itm_orc_shield14|大 只 佬 战 盾 
itm_orc_shield14_pl|大 只 佬 战 盾 
itm_orc_shield15|大 只 佬 战 盾 
itm_orc_shield15_pl|大 只 佬 战 盾 
itm_orc_shield16|大 只 佬 战 盾 
itm_orc_shield16_pl|大 只 佬 战 盾 
itm_orc_shield17|大 只 佬 战 盾 
itm_orc_shield17_pl|大 只 佬 战 盾 
itm_orc_shield18|绿 皮 老 大 战 盾 
itm_orc_shield18_pl|绿 皮 老 大 战 盾 
itm_orc_shield19|绿 皮 老 大 战 盾 
itm_orc_shield19_pl|绿 皮 老 大 战 盾 
itm_orc_shield20|大 只 佬 战 盾 
itm_orc_shield20_pl|大 只 佬 战 盾 
itm_orc_shield21|大 只 佬 盾 
itm_orc_shield21_pl|大 只 佬 盾 
itm_orc_shield22|绿 皮 老 大 战 盾 
itm_orc_shield22_pl|绿 皮 老 大 战 盾 
itm_orc_shield23|绿 皮 老 大 战 盾 
itm_orc_shield23_pl|绿 皮 老 大 战 盾 
itm_beastmen_leader_shield|野 兽 人 战 角 兽 盾 
itm_beastmen_leader_shield_pl|野 兽 人 战 角 兽 盾 
itm_beastmen_lord_shield|野 兽 人 兽 王 盾 
itm_beastmen_lord_shield_pl|野 兽 人 兽 王 盾 
itm_chaos_dwarf_shield|混 沌 矮 人 盾 
itm_chaos_dwarf_shield_pl|混 沌 矮 人 盾 
itm_chaos_dwarf_wooden_shield|混 沌 矮 人 圆 盾 
itm_chaos_dwarf_wooden_shield_pl|混 沌 矮 人 圆 盾 
itm_chaos_dwarf_wooden_shield1|混 沌 矮 人 圆 盾 
itm_chaos_dwarf_wooden_shield1_pl|混 沌 矮 人 圆 盾 
itm_chaos_dwarf_heavy_shield|混 沌 矮 人 重 盾 
itm_chaos_dwarf_heavy_shield_pl|混 沌 矮 人 重 盾 
itm_chaos_dwarf_heavy_shield1|混 沌 矮 人 重 盾 
itm_chaos_dwarf_heavy_shield1_pl|混 沌 矮 人 重 盾 
itm_chaos_dwarf_heavy_shield2|混 沌 矮 人 重 盾 
itm_chaos_dwarf_heavy_shield2_pl|混 沌 矮 人 重 盾 
itm_chaos_dwarf_heavy_shield3|混 沌 矮 人 重 盾 
itm_chaos_dwarf_heavy_shield3_pl|混 沌 矮 人 重 盾 
itm_chaos_dwarf_heavy_shield4|混 沌 矮 人 重 盾 
itm_chaos_dwarf_heavy_shield4_pl|混 沌 矮 人 重 盾 
itm_chaos_dwarf_heavy_shield5|混 沌 矮 人 重 盾 
itm_chaos_dwarf_heavy_shield5_pl|混 沌 矮 人 重 盾 
itm_beastmen_metal_shield3|野 兽 人 包 铁 圆 盾 
itm_beastmen_metal_shield3_pl|野 兽 人 包 铁 圆 盾 
itm_beastmen_metal_shield2|野 兽 人 包 铁 圆 盾 
itm_beastmen_metal_shield2_pl|野 兽 人 包 铁 圆 盾 
itm_beastmen_metal_shield|野 兽 人 包 铁 圆 盾 
itm_beastmen_metal_shield_pl|野 兽 人 包 铁 圆 盾 
itm_beastmen_fur_kite_shield|野 兽 人 毛 皮 圆 木 盾  
itm_beastmen_fur_kite_shield_pl|野 兽 人 毛 皮 圆 木 盾  
itm_beastmen_fur_shield|野 兽 人 毛 皮 圆 木 盾  
itm_beastmen_fur_shield_pl|野 兽 人 毛 皮 圆 木 盾  
itm_beastmen_wooden_shield4|野 兽 人 圆 木 盾  
itm_beastmen_wooden_shield4_pl|野 兽 人 圆 木 盾  
itm_beastmen_wooden_shield2|野 兽 人 圆 木 盾  
itm_beastmen_wooden_shield2_pl|野 兽 人 圆 木 盾  
itm_beastmen_wooden_shield|野 兽 人 圆 木 盾  
itm_beastmen_wooden_shield_pl|野 兽 人 圆 木 盾  
itm_beastmen_wooden_shield3|野 兽 人 圆 木 盾  
itm_beastmen_wooden_shield3_pl|野 兽 人 圆 木 盾  
itm_marauder__shield5|掠 夺 者 酋 长 盾 
itm_marauder__shield5_pl|掠 夺 者 酋 长 盾 
itm_marauder__shield4|掠 夺 者 铁 盾 
itm_marauder__shield4_pl|掠 夺 者 铁 盾 
itm_marauder__shield3|掠 夺 者 圆 盾 
itm_marauder__shield3_pl|掠 夺 者 圆 盾 
itm_marauder__shield2|掠 夺 者 圆 盾 
itm_marauder__shield2_pl|掠 夺 者 圆 盾 
itm_marauder_shield1|掠 夺 者 圆 盾 
itm_marauder_shield1_pl|掠 夺 者 圆 盾 
itm_chaoswarrior_shield3|混 沌 战 士 盾 
itm_chaoswarrior_shield3_pl|混 沌 战 士 盾 
itm_chaoswarrior_shield2|混 沌 战 士 盾 
itm_chaoswarrior_shield2_pl|混 沌 战 士 盾 
itm_chaoswarrior_shield|混 沌 战 士 盾 
itm_chaoswarrior_shield_pl|混 沌 战 士 盾 
itm_chaos_knight_shield|混 沌 骑 士 盾 
itm_chaos_knight_shield_pl|混 沌 骑 士 盾 
itm_khorne_shield|恐 虐 战 盾 
itm_khorne_shield_pl|恐 虐 战 盾 
itm_nurgle_shield|纳 垢 战 盾 
itm_nurgle_shield_pl|纳 垢 战 盾 
itm_tzeentch_shield|奸 奇 战 盾 
itm_tzeentch_shield_pl|奸 奇 战 盾 
itm_slaanesh_shield|色 孽 战 盾 
itm_slaanesh_shield_pl|色 孽 战 盾 
itm_nurgle_shield2|纳 垢 战 盾 
itm_nurgle_shield2_pl|纳 垢 战 盾 
itm_tzeentch_shield2|奸 奇 战 盾 
itm_tzeentch_shield2_pl|奸 奇 战 盾 
itm_slaanesh_shield2|色 孽 战 盾 
itm_slaanesh_shield2_pl|色 孽 战 盾 
itm_chaosknight_shield|混 沌 骑 士 盾 
itm_chaosknight_shield_pl|混 沌 骑 士 盾 
itm_slaanesh_knight_shield|色 孽 骑 士 盾 
itm_slaanesh_knight_shield_pl|色 孽 骑 士 盾 
itm_nurgle_knight_shield|纳 垢 骑 士 盾 
itm_nurgle_knight_shield_pl|纳 垢 骑 士 盾 
itm_tzeentch_knight_shield|奸 奇 骑 士 盾 
itm_tzeentch_knight_shield_pl|奸 奇 骑 士 盾 
itm_khorne_knight_shield|恐 虐 骑 士 盾 
itm_khorne_knight_shield_pl|恐 虐 骑 士 盾 
itm_chaoschosen_shield|神 选 混 沌 骑 士 盾 
itm_chaoschosen_shield_pl|神 选 混 沌 骑 士 盾 
itm_chaoschosen_shields|神 选 色 孽 骑 士 盾 
itm_chaoschosen_shields_pl|神 选 色 孽 骑 士 盾 
itm_chaoschosen_shieldt|神 选 奸 奇 骑 士 盾 
itm_chaoschosen_shieldt_pl|神 选 奸 奇 骑 士 盾 
itm_chaoschosen_shieldn|神 选 纳 垢 骑 士 盾 
itm_chaoschosen_shieldn_pl|神 选 纳 垢 骑 士 盾 
itm_chaoschosen_shieldk|神 选 恐 虐 骑 士 盾 
itm_chaoschosen_shieldk_pl|神 选 恐 虐 骑 士 盾 
itm_chaoshigh_shield|大 领 主 盾 
itm_chaoshigh_shield_pl|大 领 主 盾 
itm_harald_shield|哈 拉 德 之 盾 
itm_harald_shield_pl|哈 拉 德 之 盾 
itm_chaoslord_shield|混 沌 领 主 盾 
itm_chaoslord_shield_pl|混 沌 领 主 盾 
itm_chaoslord_shieldn|纳 垢 领 主 盾 
itm_chaoslord_shieldn_pl|纳 垢 领 主 盾 
itm_chaoslord_shieldt|奸 奇 领 主 盾 
itm_chaoslord_shieldt_pl|奸 奇 领 主 盾 
itm_chaoslord_shields|色 孽 领 主 盾
itm_chaoslord_shields_pl|色 孽 领 主 盾
itm_chaoslord_shieldk|恐 虐 领 主 盾 
itm_chaoslord_shieldk_pl|恐 虐 领 主 盾 
itm_shield_coin|竞 技 冠 军 盾 
itm_shield_coin_pl|竞 技 冠 军 盾 
itm_valkia_shield|瓦 尔 基 亚 盾 
itm_valkia_shield_pl|瓦 尔 基 亚 盾 
itm_nightgoblin_shield01|夜 地 精 盾 
itm_nightgoblin_shield01_pl|夜 地 精 盾 
itm_goblin_shield1|夜 地 精 盾 牌
itm_goblin_shield1_pl|夜 地 精 盾 牌
itm_goblin_shield2|夜 地 精 盾 牌
itm_goblin_shield2_pl|夜 地 精 盾 牌
itm_goblin_shield3|夜 地 精 盾 牌
itm_goblin_shield3_pl|夜 地 精 盾 牌
itm_goblin_shield4|夜 地 精 盾 牌
itm_goblin_shield4_pl|夜 地 精 盾 牌
itm_goblin_shield5|夜 地 精 盾 牌
itm_goblin_shield5_pl|夜 地 精 盾 牌
itm_goblin_shield6|夜 地 精 盾 牌
itm_goblin_shield6_pl|夜 地 精 盾 牌
itm_goblin_shield7|夜 地 精 盾 牌
itm_goblin_shield7_pl|夜 地 精 盾 牌
itm_goblin_shield8|森 林 地 精 盾 牌
itm_goblin_shield8_pl|森 林 地 精 盾 牌
itm_goblin_shield9|森 林 地 精 盾 牌
itm_goblin_shield9_pl|森 林 地 精 盾 牌
itm_goblin_shield10|森 林 地 精 盾 牌
itm_goblin_shield10_pl|森 林 地 精 盾 牌
itm_goblin_shield11|森 林 地 精 盾 牌
itm_goblin_shield11_pl|森 林 地 精 盾 牌
itm_goblin_shield12|森 林 地 精 盾 牌
itm_goblin_shield12_pl|森 林 地 精 盾 牌
itm_goblin_shield13|大 地 精 盾 牌
itm_goblin_shield13_pl|大 地 精 盾 牌
itm_goblin_shield14|大 地 精 盾 牌
itm_goblin_shield14_pl|大 地 精 盾 牌
itm_goblin_shield15|大 地 精 盾 牌
itm_goblin_shield15_pl|大 地 精 盾 牌
itm_goblin_shield16|大 地 精 盾 牌
itm_goblin_shield16_pl|大 地 精 盾 牌
itm_highelf_shield_spear|高 等 精 灵 矛 兵 盾 
itm_highelf_shield_spear_pl|高 等 精 灵 矛 兵 盾 
itm_highelf_shield_lothern|巨 龙 盾
itm_highelf_shield_lothern_pl|巨 龙 盾
itm_highelf_heavy_shield|重 型 洛 瑟 恩 盾 
itm_highelf_heavy_shield_pl|重 型 洛 瑟 恩 盾 
itm_highelf_shield_sentinel|哨 卫 盾 
itm_highelf_shield_sentinel_pl|哨 卫 盾 
itm_highelf_shield_lion|金 盾 
itm_highelf_shield_lion_pl|金 盾 
itm_drakemaster_shield|龙 骑 兵 盾 
itm_drakemaster_shield_pl|龙 骑 兵 盾 
itm_elven_round_shield|木 精 灵 圆 盾 
itm_elven_round_shield_pl|木 精 灵 圆 盾 
itm_elven_shield|木 精 灵 盾 
itm_elven_shield_pl|木 精 灵 盾 
itm_wood_elf_shield|木 精 灵 鸢 形 盾
itm_wood_elf_shield_pl|木 精 灵 鸢 形 盾
itm_wood_elf_shield2|木 精 灵 鸢 形 盾
itm_wood_elf_shield2_pl|木 精 灵 鸢 形 盾
itm_wood_elf_shield3|木 精 灵 鸢 形 盾
itm_wood_elf_shield3_pl|木 精 灵 鸢 形 盾
itm_wood_elf_shield4|木 精 灵 鸢 形 盾
itm_wood_elf_shield4_pl|木 精 灵 鸢 形 盾
itm_wood_elf_shield5|木 精 灵 鸢 形 盾
itm_wood_elf_shield5_pl|木 精 灵 鸢 形 盾
itm_wood_elf_shield6|木 精 灵 鸢 形 盾
itm_wood_elf_shield6_pl|木 精 灵 鸢 形 盾
itm_wood_elf_shield7|木 精 灵 鸢 形 盾
itm_wood_elf_shield7_pl|木 精 灵 鸢 形 盾
itm_wood_elf_shield8|木 精 灵 鸢 形 盾
itm_wood_elf_shield8_pl|木 精 灵 鸢 形 盾
itm_wood_elf_shield9|木 精 灵 鸢 形 盾
itm_wood_elf_shield9_pl|木 精 灵 鸢 形 盾
itm_silverhelm_shield|银 盔 骑 士 盾 
itm_silverhelm_shield_pl|银 盔 骑 士 盾 
itm_dragon_guard_shield|龙 卫 盾 
itm_dragon_guard_shield_pl|龙 卫 盾 
itm_tab_shield_battle_pilgrim_1|巴 托 尼 亚 重 木 盾 
itm_tab_shield_battle_pilgrim_1_pl|巴 托 尼 亚 重 木 盾 
itm_tab_shield_bretonnian_shield_1|巴 托 尼 亚 士 兵 盾 
itm_tab_shield_bretonnian_shield_1_pl|巴 托 尼 亚 士 兵 盾 
itm_shield_realm|王 国 骑 士 盾 
itm_shield_realm_pl|王 国 骑 士 盾 
itm_shield_questing|探 险 骑 士 盾 
itm_shield_questing_pl|探 险 骑 士 盾 
itm_shield_grail|圣 杯 骑 士 盾 
itm_shield_grail_pl|圣 杯 骑 士 盾 
itm_shield_paladin|圣 骑 士 盾 
itm_shield_paladin_pl|圣 骑 士 盾 
itm_npc_heatershield_2|阿 里 斯 蒂 德 爵 士 盾 
itm_npc_heatershield_2_pl|阿 里 斯 蒂 德 爵 士 盾 
itm_empireshield4|尤 里 克 帝 国 盾
itm_empireshield4_pl|尤 里 克 帝 国 盾
itm_vanklumpf_shield|凡 · 克 朗 夫 盾 
itm_vanklumpf_shield_pl|凡 · 克 朗 夫 盾 
itm_empire_small_shield1|帝 国 轻 盾 
itm_empire_small_shield1_pl|帝 国 轻 盾 
itm_empire_small_shield2|帝 国 轻 盾 
itm_empire_small_shield2_pl|帝 国 轻 盾 
itm_empire_small_shield3|帝 国 轻 盾 
itm_empire_small_shield3_pl|帝 国 轻 盾 
itm_empire_med_shield1|帝 国 盾 
itm_empire_med_shield1_pl|帝 国 盾 
itm_empire_med_shield2|帝 国 盾 
itm_empire_med_shield2_pl|帝 国 盾 
itm_empire_med_shield3|帝 国 盾 
itm_empire_med_shield3_pl|帝 国 盾 
itm_empire_med_shield5|帝 国 盾 
itm_empire_med_shield5_pl|帝 国 盾 
itm_empire_med_shield6|帝 国 盾 
itm_empire_med_shield6_pl|帝 国 盾 
itm_empire_med_shield7|帝 国 盾 
itm_empire_med_shield7_pl|帝 国 盾 
itm_empire_med_shield8|帝 国 盾 
itm_empire_med_shield8_pl|帝 国 盾 
itm_skeleton_shield|骷 髅 盾 
itm_skeleton_shield_pl|骷 髅 盾 
itm_skeleton_shield2|骷 髅 盾 
itm_skeleton_shield2_pl|骷 髅 盾 
itm_skeleton_shield3|骷 髅 盾 
itm_skeleton_shield3_pl|骷 髅 盾 
itm_skeleton_shield4|骷 髅 盾 
itm_skeleton_shield4_pl|骷 髅 盾 
itm_skeleton_shield5|尸 妖 盾 
itm_skeleton_shield5_pl|尸 妖 盾 
itm_skeleton_shield6|尸 妖 盾 
itm_skeleton_shield6_pl|尸 妖 盾 
itm_skeleton_shield7|尸 妖 盾 
itm_skeleton_shield7_pl|尸 妖 盾 
itm_skeleton_shield8|骷 髅 骑 士 盾 
itm_skeleton_shield8_pl|骷 髅 骑 士 盾 
itm_skeleton_shield9|骷 髅 骑 士 盾 
itm_skeleton_shield9_pl|骷 髅 骑 士 盾 
itm_skeleton_shield10|骷 髅 骑 士 盾 
itm_skeleton_shield10_pl|骷 髅 骑 士 盾 
itm_vampire_shield|血 骑 士 盾 
itm_vampire_shield_pl|血 骑 士 盾 
itm_vampire_shield2|血 骑 士 盾 
itm_vampire_shield2_pl|血 骑 士 盾 
itm_vampire_shield3|血 骑 士 盾 
itm_vampire_shield3_pl|血 骑 士 盾 
itm_vampire_shield4|吸 血 鬼 盾 
itm_vampire_shield4_pl|吸 血 鬼 盾 
itm_vampire_shield5|吸 血 鬼 盾 
itm_vampire_shield5_pl|吸 血 鬼 盾 
itm_vampire_shield6|吸 血 鬼 盾 
itm_vampire_shield6_pl|吸 血 鬼 盾 
itm_volands_shield|沃 兰 斯 猎 手 盾
itm_volands_shield_pl|沃 兰 斯 猎 手 盾
itm_blazing_sun_shield|炽 阳 盾 
itm_blazing_sun_shield_pl|炽 阳 盾 
itm_deaths_shield|死 颅 盾 
itm_deaths_shield_pl|死 颅 盾 
itm_knights_panther_shield|黑 豹 骑 士 盾 
itm_knights_panther_shield_pl|黑 豹 骑 士 盾 
itm_nuln_shield|努 恩 盾 
itm_nuln_shield_pl|努 恩 盾 
itm_ulric_shield|尤 里 克 盾 
itm_ulric_shield_pl|尤 里 克 盾 
itm_nuln_shield2|重 努 恩 盾 
itm_nuln_shield2_pl|重 努 恩 盾 
itm_empire_captain_shield|帝 国 重 盾 
itm_empire_captain_shield_pl|帝 国 重 盾 
itm_empire_captain_shield2|帝 国 重 盾 
itm_empire_captain_shield2_pl|帝 国 重 盾 
itm_empire_captain_shield3|帝 国 重 盾 
itm_empire_captain_shield3_pl|帝 国 重 盾 
itm_empire_captain_shield4|帝 国 重 盾 
itm_empire_captain_shield4_pl|帝 国 重 盾 
itm_shield_reiksguard|瑞 克 禁 卫 盾 
itm_shield_reiksguard_pl|瑞 克 禁 卫 盾 
itm_enchanted_shield|附 魔 盾 
itm_enchanted_shield_pl|附 魔 盾 
itm_darkelf_scout_shield|暗 精 灵 盾
itm_darkelf_scout_shield_pl|暗 精 灵 盾
itm_darkelf_shield|暗 精 灵 步 兵 盾 
itm_darkelf_shield_pl|暗 精 灵 步 兵 盾 
itm_dread_shield|恐 惧 之 盾 
itm_dread_shield_pl|恐 惧 之 盾 
itm_darkelf_noble_shield|暗 精 灵 贵 族 盾
itm_darkelf_noble_shield_pl|暗 精 灵 贵 族 盾
itm_darkelf_dreadlord_shield|恐 惧 领 主 盾
itm_darkelf_dreadlord_shield_pl|恐 惧 领 主 盾
itm_darkelf_supreme_spell_shield|至 高 魔 盾
itm_darkelf_supreme_spell_shield_pl|至 高 魔 盾
itm_skaven_shield|斯 卡 文 木 盾 
itm_skaven_shield_pl|斯 卡 文 木 盾 
itm_skaven_shield_t1_2|斯 卡 文 木 盾 
itm_skaven_shield_t1_2_pl|斯 卡 文 木 盾 
itm_skaven_shield_t1_3|斯 卡 文 木 盾 
itm_skaven_shield_t1_3_pl|斯 卡 文 木 盾 
itm_skaven_shield_t1_4|斯 卡 文 木 盾 
itm_skaven_shield_t1_4_pl|斯 卡 文 木 盾 
itm_skaven_shield2|斯 卡 文 氏 族 盾 
itm_skaven_shield2_pl|斯 卡 文 氏 族 盾 
itm_skaven_shield_t2_2|斯 卡 文 氏 族 盾 
itm_skaven_shield_t2_2_pl|斯 卡 文 氏 族 盾 
itm_skaven_shield_t2_3|斯 卡 文 氏 族 盾 
itm_skaven_shield_t2_3_pl|斯 卡 文 氏 族 盾 
itm_skaven_shield_t2_4|斯 卡 文 氏 族 盾 
itm_skaven_shield_t2_4_pl|斯 卡 文 氏 族 盾 
itm_skaven_shield3|斯 卡 文 重 盾 
itm_skaven_shield3_pl|斯 卡 文 重 盾 
itm_skaven_shield4|斯 卡 文 重 盾 
itm_skaven_shield4_pl|斯 卡 文 重 盾 
itm_skaven_shield_t3_3|斯 卡 文 重 盾 
itm_skaven_shield_t3_3_pl|斯 卡 文 重 盾 
itm_skaven_shield_claw|斯 卡 文 利 爪 盾 
itm_skaven_shield_claw_pl|斯 卡 文 利 爪 盾 
itm_skaven_shield_fang|斯 卡 文 尖 牙 盾 
itm_skaven_shield_fang_pl|斯 卡 文 尖 牙 盾 
itm_skaven_shield_pavise|火 枪 小 组 盾 
itm_skaven_shield_pavise_pl|火 枪 小 组 盾 
itm_skaven_shield_pavise_2|史 库 里 氏 族 盾
itm_skaven_shield_pavise_2_pl|史 库 里 氏 族 盾
itm_ratogre_shield|鼠 巨 魔 盾
itm_ratogre_shield_pl|鼠 巨 魔 盾
itm_cerulean_shield|天 青 之 盾
itm_cerulean_shield_pl|天 青 之 盾
itm_holy_shield|圣 盾 
itm_holy_shield_pl|圣 盾 
itm_araby_sergeant_shield|阿 拉 比 军 士 盾 
itm_araby_sergeant_shield_pl|阿 拉 比 军 士 盾 
itm_araby_guard_shield|阿 拉 比 卫 士 盾 
itm_araby_guard_shield_pl|阿 拉 比 卫 士 盾 
itm_araby_warrior_shield|阿 拉 比 圆 盾 
itm_araby_warrior_shield_pl|阿 拉 比 圆 盾 
itm_araby_warrior_shield2|阿 拉 比 圆 盾 
itm_araby_warrior_shield2_pl|阿 拉 比 圆 盾 
itm_araby_warrior_shield3|阿 拉 比 圆 盾 
itm_araby_warrior_shield3_pl|阿 拉 比 圆 盾 
itm_araby_rider_shield|阿 拉 比 圆 盾 
itm_araby_rider_shield_pl|阿 拉 比 圆 盾 
itm_araby_mamluk_shield|阿 拉 比 圆 盾 
itm_araby_mamluk_shield_pl|阿 拉 比 圆 盾 
itm_araby_hasham_shield|阿 拉 比 圆 盾 
itm_araby_hasham_shield_pl|阿 拉 比 圆 盾 
itm_araby_camel_shield|阿 拉 比 圆 盾 
itm_araby_camel_shield_pl|阿 拉 比 圆 盾 
itm_araby_camel_shield2|阿 拉 比 圆 盾 
itm_araby_camel_shield2_pl|阿 拉 比 圆 盾 
itm_araby_royal_shield|阿 拉 比 皇 家 盾 
itm_araby_royal_shield_pl|阿 拉 比 皇 家 盾 
itm_araby_lord_shield|阿 拉 比 领 主 盾 
itm_araby_lord_shield_pl|阿 拉 比 领 主 盾 
itm_araby_bandit_shield|阿 拉 比 圆 盾 
itm_araby_bandit_shield_pl|阿 拉 比 圆 盾 
itm_araby_bandit_shield2|阿 拉 比 圆 盾 
itm_araby_bandit_shield2_pl|阿 拉 比 圆 盾 
itm_araby_bandit_shield3|阿 拉 比 圆 盾 
itm_araby_bandit_shield3_pl|阿 拉 比 圆 盾 
itm_araby_bandit_shield4|阿 拉 比 圆 盾 
itm_araby_bandit_shield4_pl|阿 拉 比 圆 盾 
itm_araby_bandit_shield5|阿 拉 比 圆 盾 
itm_araby_bandit_shield5_pl|阿 拉 比 圆 盾 
itm_araby_bandit_shield6|阿 拉 比 圆 盾 
itm_araby_bandit_shield6_pl|阿 拉 比 圆 盾 
itm_sigvald_shield|西 格 瓦 尔 盾 
itm_sigvald_shield_pl|西 格 瓦 尔 盾 
itm_tab_shield_small_round_a|平 面 骑 兵 盾 
itm_tab_shield_small_round_a_pl|平 面 骑 兵 盾 
itm_tab_shield_small_round_b|圆 骑 兵 盾 
itm_tab_shield_small_round_b_pl|圆 骑 兵 盾 
itm_tab_shield_small_round_c|精 锐 骑 兵 盾 
itm_tab_shield_small_round_c_pl|精 锐 骑 兵 盾 
itm_darts|梭 镖 
itm_darts_pl|梭 镖 
itm_war_darts|战 镖 
itm_war_darts_pl|战 镖 
itm_javelin|标 枪 
itm_javelin_pl|标 枪 
itm_javelin_melee|标 枪 
itm_javelin_melee_pl|标 枪 
itm_throwing_spears|投 矛 
itm_throwing_spears_pl|投 矛 
itm_throwing_spear_melee|投 矛 
itm_throwing_spear_melee_pl|投 矛 
itm_jarid|短 标 枪 
itm_jarid_pl|短 标 枪 
itm_jarid_melee|短 标 枪 
itm_jarid_melee_pl|短 标 枪 
itm_beastman_throwing_spears|野 兽 人 投 矛 
itm_beastman_throwing_spears_pl|野 兽 人 投 矛 
itm_beastman_throwing_spear_melee|野 兽 人 投 矛 
itm_beastman_throwing_spear_melee_pl|野 兽 人 投 矛 
itm_skink_javelin|灵 蜥 标 枪
itm_skink_javelin_pl|灵 蜥 标 枪
itm_skink_javelin_melee|灵 蜥 标 枪
itm_skink_javelin_melee_pl|灵 蜥 标 枪
itm_venom_javelins|箭 毒 蛙 毒 液 标 枪 
itm_venom_javelins_pl|箭 毒 蛙 毒 液 标 枪 
itm_stones|石 子 
itm_stones_pl|石 子 
itm_throwing_knives|飞 刀 
itm_throwing_knives_pl|飞 刀 
itm_throwing_daggers|飞 刀 
itm_throwing_daggers_pl|飞 刀 
itm_light_throwing_axes|轻 型 飞 斧 
itm_light_throwing_axes_pl|轻 型 飞 斧 
itm_light_throwing_axes_melee|轻 型 飞 斧 
itm_light_throwing_axes_melee_pl|轻 型 飞 斧 
itm_throwing_axes|飞 斧 
itm_throwing_axes_pl|飞 斧 
itm_throwing_axes_melee|飞 斧 
itm_throwing_axes_melee_pl|飞 斧 
itm_heavy_throwing_axes|重 型 飞 斧 
itm_heavy_throwing_axes_pl|重 型 飞 斧 
itm_heavy_throwing_axes_melee|重 型 飞 斧 
itm_heavy_throwing_axes_melee_pl|重 型 飞 斧 
itm_orc_throwing_axes|兽 人 飞 斧
itm_orc_throwing_axes_pl|兽 人 飞 斧
itm_orc_throwing_axes_melee|投 掷 砍 刀
itm_orc_throwing_axes_melee_pl|投 掷 砍 刀
itm_orc_throwing_axes2|兽 人 飞 斧
itm_orc_throwing_axes2_pl|兽 人 飞 斧
itm_orc_throwing_axes2_melee|投 掷 砍 刀
itm_orc_throwing_axes2_melee_pl|投 掷 砍 刀
itm_orc_throwing_axes3|兽 人 飞 斧
itm_orc_throwing_axes3_pl|兽 人 飞 斧
itm_orc_throwing_axes3_melee|投 掷 砍 刀
itm_orc_throwing_axes3_melee_pl|投 掷 砍 刀
itm_orc_throwing_axes4|兽 人 重 型 飞 斧
itm_orc_throwing_axes4_pl|兽 人 重 型 飞 斧
itm_orc_throwing_axes4_melee|重 型 投 掷 砍 刀
itm_orc_throwing_axes4_melee_pl|重 型 投 掷 砍 刀
itm_orc_throwing_axes5|兽 人 重 型 飞 斧
itm_orc_throwing_axes5_pl|兽 人 重 型 飞 斧
itm_orc_throwing_axes5_melee|重 型 投 掷 砍 刀
itm_orc_throwing_axes5_melee_pl|重 型 投 掷 砍 刀
itm_saurus_javelin|灵 蜥 标 枪 
itm_saurus_javelin_pl|灵 蜥 标 枪 
itm_blowpipe|毒 吹 箭 
itm_blowpipe_pl|毒 吹 箭 
itm_throwing_star|流 星 镖 
itm_throwing_star_pl|流 星 镖 
itm_assasin_star|刺 客 镖 
itm_assasin_star_pl|刺 客 镖 
itm_poisoned_star|毒 镖 
itm_poisoned_star_pl|毒 镖 
itm_warpstone_star|魔 石 镖 
itm_warpstone_star_pl|魔 石 镖 
itm_halfing_stones|半 身 人 投 石 
itm_halfing_stones_pl|半 身 人 投 石 
itm_gekokujo_shuriken|手 里 剑 
itm_gekokujo_shuriken_pl|手 里 剑 
itm_dai_kyu|大 弓 
itm_dai_kyu_pl|大 弓 
itm_hunting_bow|猎 弓 
itm_hunting_bow_pl|猎 弓 
itm_short_bow|短 弓 
itm_short_bow_pl|短 弓 
itm_goblin_bow|地 精 弓 
itm_goblin_bow_pl|地 精 弓 
itm_goblin_bow3|地 精 弓
itm_goblin_bow3_pl|地 精 弓
itm_goblin_bow7|大 地 精 弓
itm_goblin_bow7_pl|大 地 精 弓
itm_goblin_bow8|大 地 精 弓
itm_goblin_bow8_pl|大 地 精 弓
itm_goblin_bow9|大 地 精 弓
itm_goblin_bow9_pl|大 地 精 弓
itm_goblin_bow2|地 精 弓
itm_goblin_bow2_pl|地 精 弓
itm_goblin_bow4|地 精 弓
itm_goblin_bow4_pl|地 精 弓
itm_nomad_bow|游 牧 弓 
itm_nomad_bow_pl|游 牧 弓 
itm_araby_bow|阿 拉 比 弓 
itm_araby_bow_pl|阿 拉 比 弓 
itm_araby_bow2|阿 拉 比 骑 兵 弓 
itm_araby_bow2_pl|阿 拉 比 骑 兵 弓 
itm_araby_bow3|阿 拉 比 强 弓 
itm_araby_bow3_pl|阿 拉 比 强 弓 
itm_orc_bow|兽 人 弓
itm_orc_bow_pl|兽 人 弓
itm_long_bow|长 弓 
itm_long_bow_pl|长 弓 
itm_khergit_bow|骑 兵 弓 
itm_khergit_bow_pl|骑 兵 弓 
itm_strong_bow|硬 弓 
itm_strong_bow_pl|硬 弓 
itm_war_bow|战 弓 
itm_war_bow_pl|战 弓 
itm_beastmen_bow|野 兽 人 弓 
itm_beastmen_bow_pl|野 兽 人 弓 
itm_goblin_bow5|地 精 弓
itm_goblin_bow5_pl|地 精 弓
itm_goblin_bow6|地 精 弓
itm_goblin_bow6_pl|地 精 弓
itm_elf_strong_bow|高 精 灵 强 弓 
itm_elf_strong_bow_pl|高 精 灵 强 弓 
itm_elf_war_bow|高 精 灵 战 弓 
itm_elf_war_bow_pl|高 精 灵 战 弓 
itm_shadow_bow|暗 影 弓 
itm_shadow_bow_pl|暗 影 弓 
itm_sea_bow|海 卫 弓 
itm_sea_bow_pl|海 卫 弓 
itm_elven_bow|精 灵 弓 
itm_elven_bow_pl|精 灵 弓 
itm_elven_warbow|精 灵 战 弓 
itm_elven_warbow_pl|精 灵 战 弓 
itm_anar_bow|月 弓 
itm_anar_bow_pl|月 弓 
itm_tsuruchis_yumi|鹤 池 和 弓 
itm_tsuruchis_yumi_pl|鹤 池 和 弓 
itm_utaka_bow|乌 塔 卡 弓 
itm_utaka_bow_pl|乌 塔 卡 弓 
itm_hawk_bow|战 鹰 弓 
itm_hawk_bow_pl|战 鹰 弓 
itm_dragon_bow|龙 弓 
itm_dragon_bow_pl|龙 弓 
itm_gekokujo_yumi_3|简 制 和 弓 
itm_gekokujo_yumi_3_pl|简 制 和 弓 
itm_gekokujo_yumi_4|短 和 弓 
itm_gekokujo_yumi_4_pl|短 和 弓 
itm_elf_bow|高 精 灵 弓 
itm_elf_bow_pl|高 精 灵 弓 
itm_gekokujo_yumi_7|和 弓 
itm_gekokujo_yumi_7_pl|和 弓 
itm_gekokujo_yumi_8|战 斗 和 弓 
itm_gekokujo_yumi_8_pl|战 斗 和 弓 
itm_hunting_crossbow|猎 弩 
itm_hunting_crossbow_pl|猎 弩 
itm_light_crossbow|轻 弩 
itm_light_crossbow_pl|轻 弩 
itm_crossbow|弩 
itm_crossbow_pl|弩 
itm_dwarf_crossbow|矮 人 弩 
itm_dwarf_crossbow_pl|矮 人 弩 
itm_dwarf_heavy_crossbow|矮 人 重 弩 
itm_dwarf_heavy_crossbow_pl|矮 人 重 弩 
itm_heavy_crossbow|重 弩 
itm_heavy_crossbow_pl|重 弩 
itm_sniper_crossbow|攻 城 弩 
itm_sniper_crossbow_pl|攻 城 弩 
itm_tombhandcrossbow|手 弩 
itm_tombhandcrossbow_pl|手 弩 
itm_tomb_crossbow|古 墓 弩 
itm_tomb_crossbow_pl|古 墓 弩 
itm_handcrossbow|手 弩 
itm_handcrossbow_pl|手 弩 
itm_light_handcrossbow|轻 型 手 弩
itm_light_handcrossbow_pl|轻 型 手 弩
itm_heavy_handcrossbow|重 型 手 弩
itm_heavy_handcrossbow_pl|重 型 手 弩
itm_miragliano_crossbow|米 拉 格 连 诺 弩 
itm_miragliano_crossbow_pl|米 拉 格 连 诺 弩 
itm_heartseeker|穿 心 弩 
itm_heartseeker_pl|穿 心 弩 
itm_handcrossbow_double|三 连 发 手 弩
itm_handcrossbow_double_pl|三 连 发 手 弩
itm_darkelf_crossbow|暗 精 灵 连 弩 
itm_darkelf_crossbow_pl|暗 精 灵 连 弩 
itm_darkelf_crossbow2|暗 精 灵 连 弩 
itm_darkelf_crossbow2_pl|暗 精 灵 连 弩 
itm_torch|火 把 
itm_torch_pl|火 把 
itm_lyre|里 拉 琴 
itm_lyre_pl|里 拉 琴 
itm_lute|鲁 特 琴 
itm_lute_pl|鲁 特 琴 
itm_strange_sword|奇 形 刀 
itm_strange_sword_pl|奇 形 刀 
itm_strange_great_sword|奇 形 长 刀 
itm_strange_great_sword_pl|奇 形 长 刀 
itm_strange_short_sword|奇 形 短 刀 
itm_strange_short_sword_pl|奇 形 短 刀 
itm_keys|钥 匙 串 
itm_keys_pl|钥 匙 串 
itm_practice_bow_2|练 习 弓 
itm_practice_bow_2_pl|练 习 弓 
itm_practice_arrows_2|练 习 箭 
itm_practice_arrows_2_pl|练 习 箭 
itm_musket|装 填 符 文 火 枪
itm_musket_pl|装 填 符 文 火 枪
itm_8barrel|七 管 火 枪 
itm_8barrel_pl|七 管 火 枪 
itm_3barrel|矮 人 三 管 火 枪 
itm_3barrel_pl|矮 人 三 管 火 枪 
itm_6barrel|猎 巫 人 六 管 手 枪
itm_6barrel_pl|猎 巫 人 六 管 手 枪
itm_long_musket|海 盗 短 管 火 枪 
itm_long_musket_pl|海 盗 短 管 火 枪 
itm_pirate_musket2|海 盗 火 枪 
itm_pirate_musket2_pl|海 盗 火 枪 
itm_pirate_musket3|海 盗 长 管 火 枪 
itm_pirate_musket3_pl|海 盗 长 管 火 枪 
itm_magic_placeholder2|海 盗 长 管 火 枪 
itm_magic_placeholder2_pl|海 盗 长 管 火 枪 
itm_rifle_carbine|卡 宾 枪 
itm_rifle_carbine_pl|卡 宾 枪 
itm_cd_carbine|混 沌 矮 人 卡 宾 枪 
itm_cd_carbine_pl|混 沌 矮 人 卡 宾 枪 
itm_countess_carbine|卡 宾 枪 
itm_countess_carbine_pl|卡 宾 枪 
itm_araby_musket|禁 卫 军 军 官 火 枪 
itm_araby_musket_pl|禁 卫 军 军 官 火 枪 
itm_engineer_carbine|努 恩 工 程 师 卡 宾 枪 
itm_engineer_carbine_pl|努 恩 工 程 师 卡 宾 枪 
itm_rifle_musket|霍 克 领 连 发 长 火 枪 
itm_rifle_musket_pl|霍 克 领 连 发 长 火 枪 
itm_rifle_short_musket|帝 国 火 枪 
itm_rifle_short_musket_pl|帝 国 火 枪 
itm_rifle_kislev_musket|基 斯 里 夫 火 枪 
itm_rifle_kislev_musket_pl|基 斯 里 夫 火 枪 
itm_rifle_short_musket2|帝 国 火 枪 
itm_rifle_short_musket2_pl|帝 国 火 枪 
itm_rifle_long_musket|长 管 火 枪 
itm_rifle_long_musket_pl|长 管 火 枪 
itm_rifle_long_musket2|长 管 火 枪 
itm_rifle_long_musket2_pl|长 管 火 枪 
itm_chaos_dwarf_musket|混 沌 矮 人 火 枪 
itm_chaos_dwarf_musket_pl|混 沌 矮 人 火 枪 
itm_chaos_dwarf_fireglaive|混 沌 矮 人 刺 刀 火 枪 
itm_chaos_dwarf_fireglaive_pl|混 沌 矮 人 刺 刀 火 枪 
itm_chaos_dwarf_fireglaive_melee|混 沌 矮 人 刺 刀 火 枪 
itm_chaos_dwarf_fireglaive_melee_pl|混 沌 矮 人 刺 刀 火 枪 
itm_chaos_dwarf_fireglaive_melee_no_weight|混 沌 矮 人 火 焰 戟 近 战
itm_chaos_dwarf_fireglaive_melee_no_weight_pl|混 沌 矮 人 火 焰 戟 近 战
itm_short_musket|矮 人 火 枪 
itm_short_musket_pl|矮 人 火 枪 
itm_short_musket2|矮 人 火 枪 
itm_short_musket2_pl|矮 人 火 枪 
itm_thunder_musket|矮 人 咆 哮 步 枪 
itm_thunder_musket_pl|矮 人 咆 哮 步 枪 
itm_rifle_kings|矮 人 国 王 火 枪 
itm_rifle_kings_pl|矮 人 国 王 火 枪 
itm_rifle_rune|矮 人 符 文 步 枪 
itm_rifle_rune_pl|矮 人 符 文 步 枪 
itm_rifle_rune2|矮 人 符 文 步 枪 
itm_rifle_rune2_pl|矮 人 符 文 步 枪 
itm_rifle_rune3|矮 人 符 文 步 枪 
itm_rifle_rune3_pl|矮 人 符 文 步 枪 
itm_dwarf_rune_pistol|矮 人 符 文 手 枪 
itm_dwarf_rune_pistol_pl|矮 人 符 文 手 枪 
itm_dwarf_rune_pistol2|矮 人 符 文 手 枪 
itm_dwarf_rune_pistol2_pl|矮 人 符 文 手 枪 
itm_dwarf_rune_pistol3|矮 人 符 文 手 枪 
itm_dwarf_rune_pistol3_pl|矮 人 符 文 手 枪 
itm_dwarf_rune_crossbow|矮 人 符 文 弩 
itm_dwarf_rune_crossbow_pl|矮 人 符 文 弩 
itm_dwarf_rune_crossbow2|矮 人 符 文 弩 
itm_dwarf_rune_crossbow2_pl|矮 人 符 文 弩 
itm_dwarf_rune_crossbow3|矮 人 符 文 弩 
itm_dwarf_rune_crossbow3_pl|矮 人 符 文 弩 
itm_ferlangen_musket|神 枪 手 长 管 火 枪 
itm_ferlangen_musket_pl|神 枪 手 长 管 火 枪 
itm_jezzail|斯 卡 文 火 铳 
itm_jezzail_pl|斯 卡 文 火 铳 
itm_warplock|次 元 石 火 枪
itm_warplock_pl|次 元 石 火 枪
itm_warplock_musket_t1_1|基 础 次 元 石 火 枪
itm_warplock_musket_t1_1_pl|基 础 次 元 石 火 枪
itm_warplock_musket_t3_1|先 进 原 型 次 元 石 步 枪
itm_warplock_musket_t3_1_pl|先 进 原 型 次 元 石 步 枪
itm_warplock_pistol|次 元 石 手 枪
itm_warplock_pistol_pl|次 元 石 手 枪
itm_pistol_two_master|双 发 狙 击 手 枪 
itm_pistol_two_master_pl|双 发 狙 击 手 枪 
itm_flintlock_pistol|燧 发 手 枪 
itm_flintlock_pistol_pl|燧 发 手 枪 
itm_flintlock_pirate|海 盗 燧 发 手 枪 
itm_flintlock_pirate_pl|海 盗 燧 发 手 枪 
itm_flintlock_witch|猎 巫 人 手 枪 
itm_flintlock_witch_pl|猎 巫 人 手 枪 
itm_dual_witch|猎 巫 人 双 管 手 枪 
itm_dual_witch_pl|猎 巫 人 双 管 手 枪 
itm_short_pistol|黑 胡 子 手 枪 
itm_short_pistol_pl|黑 胡 子 手 枪 
itm_cavalry_pistol|骑 兵 手 枪 
itm_cavalry_pistol_pl|骑 兵 手 枪 
itm_pirate_pistol|海 盗 手 枪 
itm_pirate_pistol_pl|海 盗 手 枪 
itm_long_pistol|长 管 手 枪 
itm_long_pistol_pl|长 管 手 枪 
itm_skaven_long_pistol|斯 卡 文 长 管 手 枪 
itm_skaven_long_pistol_pl|斯 卡 文 长 管 手 枪 
itm_skaven_pistol_basic|斯 卡 文 手 枪 
itm_skaven_pistol_basic_pl|斯 卡 文 手 枪 
itm_dwarf_pistol|矮 人 手 枪 
itm_dwarf_pistol_pl|矮 人 手 枪 
itm_dwarf_pistol2|矮 人 手 枪 
itm_dwarf_pistol2_pl|矮 人 手 枪 
itm_dwarf_pistol3|矮 人 三 管 手 枪 
itm_dwarf_pistol3_pl|矮 人 三 管 手 枪 
itm_pistol_two|双 发 手 枪 
itm_pistol_two_pl|双 发 手 枪 
itm_volcanic|火 山 岩 手 枪 
itm_volcanic_pl|火 山 岩 手 枪 
itm_ogre_pistol|长 筒 手 枪 
itm_ogre_pistol_pl|长 筒 手 枪 
itm_pilgrim_disguise|朝 圣 者 服 
itm_pilgrim_disguise_pl|朝 圣 者 服 
itm_pilgrim_hood|朝 圣 者 风 帽 
itm_pilgrim_hood_pl|朝 圣 者 风 帽 
itm_leather_gloves|皮 手 套 
itm_leather_gloves_pl|皮 手 套 
itm_mail_mittens|链 甲 手 套 
itm_mail_mittens_pl|链 甲 手 套 
itm_scale_gauntlets|鱼 鳞 甲 臂 铠 
itm_scale_gauntlets_pl|鱼 鳞 甲 臂 铠 
itm_lamellar_gauntlets|鳞 片 甲 臂 铠 
itm_lamellar_gauntlets_pl|鳞 片 甲 臂 铠 
itm_gauntlets|臂 铠 
itm_gauntlets_pl|臂 铠 
itm_black_gloves|黑 手 套 
itm_black_gloves_pl|黑 手 套 
itm_wrapping_boots|绑 腿 
itm_wrapping_boots_pl|绑 腿 
itm_woolen_hose|羊 毛 裤 
itm_woolen_hose_pl|羊 毛 裤 
itm_blue_hose|蓝 羊 毛 裤 
itm_blue_hose_pl|蓝 羊 毛 裤 
itm_hunter_boots|猎 靴 
itm_hunter_boots_pl|猎 靴 
itm_hide_boots|兽 皮 靴 
itm_hide_boots_pl|兽 皮 靴 
itm_ankle_boots|短 靴 
itm_ankle_boots_pl|短 靴 
itm_nomad_boots|游 牧 靴 
itm_nomad_boots_pl|游 牧 靴 
itm_leather_boots|皮 靴 
itm_leather_boots_pl|皮 靴 
itm_splinted_leather_greaves|夹 板 式 皮 护 腿 
itm_splinted_leather_greaves_pl|夹 板 式 皮 护 腿 
itm_mail_chausses|链 甲 护 腿 
itm_mail_chausses_pl|链 甲 护 腿 
itm_splinted_greaves|夹 板 式 护 腿 
itm_splinted_greaves_pl|夹 板 式 护 腿 
itm_mail_boots|链 甲 靴 
itm_mail_boots_pl|链 甲 靴 
itm_iron_greaves|铁 护 腿 
itm_iron_greaves_pl|铁 护 腿 
itm_black_greaves|黑 护 腿 
itm_black_greaves_pl|黑 护 腿 
itm_khergit_leather_boots|皮 靴 
itm_khergit_leather_boots_pl|皮 靴 
itm_black_boots|皮 靴 
itm_black_boots_pl|皮 靴 
itm_plate_boots|板 甲 靴 
itm_plate_boots_pl|板 甲 靴 
itm_daemonette_boots|色 孽 欲 魔 靴
itm_daemonette_boots_pl|色 孽 欲 魔 靴
itm_lady_dress_ruby|连 衣 裙 
itm_lady_dress_ruby_pl|连 衣 裙 
itm_lady_dress_green|连 衣 裙 
itm_lady_dress_green_pl|连 衣 裙 
itm_lady_dress_blue|连 衣 裙 
itm_lady_dress_blue_pl|连 衣 裙 
itm_red_dress|红 色 连 衣 裙 
itm_red_dress_pl|红 色 连 衣 裙 
itm_brown_dress|棕 色 连 衣 裙 
itm_brown_dress_pl|棕 色 连 衣 裙 
itm_green_dress|绿 色 连 衣 裙 
itm_green_dress_pl|绿 色 连 衣 裙 
itm_khergit_lady_dress|连 衣 裙 
itm_khergit_lady_dress_pl|连 衣 裙 
itm_khergit_lady_dress_b|女 式 皮 裙 
itm_khergit_lady_dress_b_pl|女 式 皮 裙 
itm_frost_maiden_dress|基 斯 里 夫 裙 
itm_frost_maiden_dress_pl|基 斯 里 夫 裙 
itm_ice_maiden_dress|基 斯 里 夫 裙 
itm_ice_maiden_dress_pl|基 斯 里 夫 裙 
itm_ice_witch_dress|基 斯 里 夫 裙 
itm_ice_witch_dress_pl|基 斯 里 夫 裙 
itm_damsel_dress_jade|巴 托 尼 亚 裙 
itm_damsel_dress_jade_pl|巴 托 尼 亚 裙 
itm_damsel_dress_amber|巴 托 尼 亚 裙 
itm_damsel_dress_amber_pl|巴 托 尼 亚 裙 
itm_grail_damsel_dress_amber|巴 托 尼 亚 战 斗 裙 
itm_grail_damsel_dress_amber_pl|巴 托 尼 亚 战 斗 裙 
itm_grail_damsel_dress_jade|巴 托 尼 亚 战 斗 裙 
itm_grail_damsel_dress_jade_pl|巴 托 尼 亚 战 斗 裙 
itm_prophetess_dress_amber|巴 托 尼 亚 战 斗 裙 
itm_prophetess_dress_amber_pl|巴 托 尼 亚 战 斗 裙 
itm_prophetess_dress_jade|巴 托 尼 亚 战 斗 裙 
itm_prophetess_dress_jade_pl|巴 托 尼 亚 战 斗 裙 
itm_prophetess_dress_celestial|巴 托 尼 亚 战 斗 裙 
itm_prophetess_dress_celestial_pl|巴 托 尼 亚 战 斗 裙 
itm_courtly_outfit|宫 廷 服 
itm_courtly_outfit_pl|宫 廷 服 
itm_nobleman_outfit|贵 族 服 
itm_nobleman_outfit_pl|贵 族 服 
itm_nomad_armor|游 牧 甲 
itm_nomad_armor_pl|游 牧 甲 
itm_khergit_armor|草 原 甲 
itm_khergit_armor_pl|草 原 甲 
itm_leather_jacket|皮 夹 克 
itm_leather_jacket_pl|皮 夹 克 
itm_rawhide_coat|生 皮 外 套 
itm_rawhide_coat_pl|生 皮 外 套 
itm_rawhide_coat_grey|灰 色 生 皮 外 套
itm_rawhide_coat_grey_pl|灰 色 生 皮 外 套
itm_coat|外 套 
itm_coat_pl|外 套 
itm_leather_coat|皮 外 套 
itm_leather_coat_pl|皮 外 套 
itm_mail_coat|链 甲 外 套 
itm_mail_coat_pl|链 甲 外 套 
itm_long_mail_coat|长 摆 链 甲 外 套 
itm_long_mail_coat_pl|长 摆 链 甲 外 套 
itm_mail_with_tunic_green|束 腰 链 甲 
itm_mail_with_tunic_green_pl|束 腰 链 甲 
itm_hide_coat|皮 大 衣 
itm_hide_coat_pl|皮 大 衣 
itm_merchant_outfit|商 人 服 
itm_merchant_outfit_pl|商 人 服 
itm_homespun_dress|粗 布 衣 
itm_homespun_dress_pl|粗 布 衣 
itm_thick_coat|厚 外 套 
itm_thick_coat_pl|厚 外 套 
itm_coat_with_cape|斗 篷 外 套 
itm_coat_with_cape_pl|斗 篷 外 套 
itm_steppe_outfit|草 原 服 
itm_steppe_outfit_pl|草 原 服 
itm_nordic_outfit|日 耳 曼 服 
itm_nordic_outfit_pl|日 耳 曼 服 
itm_nordic_armor|日 耳 曼 甲 
itm_nordic_armor_pl|日 耳 曼 甲 
itm_hide_armor|兽 皮 甲 
itm_hide_armor_pl|兽 皮 甲 
itm_cloaked_tunic|披 风 短 袍 
itm_cloaked_tunic_pl|披 风 短 袍 
itm_sleeveless_tunic|无 袖 短 袍 
itm_sleeveless_tunic_pl|无 袖 短 袍 
itm_sleeveless_leather_tunic|无 袖 皮 短 袍 
itm_sleeveless_leather_tunic_pl|无 袖 皮 短 袍 
itm_linen_shirt|亚 麻 衬 衫 
itm_linen_shirt_pl|亚 麻 衬 衫 
itm_wool_coat|羊 毛 外 套 
itm_wool_coat_pl|羊 毛 外 套 
itm_short_tunic|红 色 短 袍 
itm_short_tunic_pl|红 色 短 袍 
itm_red_shirt|红 色 衬 衫 
itm_red_shirt_pl|红 色 衬 衫 
itm_green_tunic|绿 色 短 袍 
itm_green_tunic_pl|绿 色 短 袍 
itm_blue_tunic|蓝 色 短 袍 
itm_blue_tunic_pl|蓝 色 短 袍 
itm_robe|长 袍 
itm_robe_pl|长 袍 
itm_coarse_tunic|带 背 心 短 袍 
itm_coarse_tunic_pl|带 背 心 短 袍 
itm_leather_apron|皮 围 裙 
itm_leather_apron_pl|皮 围 裙 
itm_tribal_warrior_outfit|部 落 勇 士 服 
itm_tribal_warrior_outfit_pl|部 落 勇 士 服 
itm_mail_with_surcoat|链 甲 带 罩 衫 
itm_mail_with_surcoat_pl|链 甲 带 罩 衫 
itm_shirt|棕 色 夹 克
itm_shirt_pl|棕 色 夹 克
itm_lamellar_vest|鳞 甲 背 心 
itm_lamellar_vest_pl|鳞 甲 背 心 
itm_sarranid_elite_armor|精 锐 甲 
itm_sarranid_elite_armor_pl|精 锐 甲 
itm_vaegir_elite_armor|精 锐 甲 
itm_vaegir_elite_armor_pl|精 锐 甲 
itm_surcoat_over_mail|带 罩 衫 链 甲 
itm_surcoat_over_mail_pl|带 罩 衫 链 甲 
itm_steppe_armor|草 原 甲 
itm_steppe_armor_pl|草 原 甲 
itm_nomad_vest|游 牧 背 心 
itm_nomad_vest_pl|游 牧 背 心 
itm_nomad_robe|游 牧 袍 
itm_nomad_robe_pl|游 牧 袍 
itm_khergit_elite_armor|精 锐 甲 
itm_khergit_elite_armor_pl|精 锐 甲 
itm_elf_tunic_white|精 灵 平 民 服 
itm_elf_tunic_white_pl|精 灵 平 民 服 
itm_elf_armor_white|精 灵 白 甲 
itm_elf_armor_white_pl|精 灵 白 甲 
itm_padded_cloth|棉 袍 
itm_padded_cloth_pl|棉 袍 
itm_tabard|短 袖 袍 
itm_tabard_pl|短 袖 袍 
itm_scale_armor|鱼 鳞 甲 
itm_scale_armor_pl|鱼 鳞 甲 
itm_mail_shirt|链 甲 衫 
itm_mail_shirt_pl|链 甲 衫 
itm_dress|连 衣 裙 
itm_dress_pl|连 衣 裙 
itm_blue_dress|蓝 色 连 衣 裙 
itm_blue_dress_pl|蓝 色 连 衣 裙 
itm_peasant_dress|农 妇 连 衣 裙 
itm_peasant_dress_pl|农 妇 连 衣 裙 
itm_woolen_dress|羊 毛 连 衣 裙 
itm_woolen_dress_pl|羊 毛 连 衣 裙 
itm_coat_of_plates|无 袖 板 甲 
itm_coat_of_plates_pl|无 袖 板 甲 
itm_mail_with_tunic_red|束 腰 链 甲 
itm_mail_with_tunic_red_pl|束 腰 链 甲 
itm_red_tunic|红 色 短 袍 
itm_red_tunic_pl|红 色 短 袍 
itm_mail_hauberk|长 摆 链 甲 
itm_mail_hauberk_pl|长 摆 链 甲 
itm_black_armor|黑 甲 
itm_black_armor_pl|黑 甲 
itm_theif_vest|暗 黑 皮 甲 
itm_theif_vest_pl|暗 黑 皮 甲 
itm_theif_jerkin|暗 黑 皮 夹 克 
itm_theif_jerkin_pl|暗 黑 皮 夹 克 
itm_brett_armor_blue|链 甲 
itm_brett_armor_blue_pl|链 甲 
itm_mail_and_plate|链 板 复 合 甲 
itm_mail_and_plate_pl|链 板 复 合 甲 
itm_light_mail_and_plate|轻 链 板 复 合 甲 
itm_light_mail_and_plate_pl|轻 链 板 复 合 甲 
itm_cuir_bouilli|硬 皮 甲 
itm_cuir_bouilli_pl|硬 皮 甲 
itm_padded_leather|棉 衬 皮 衣 
itm_padded_leather_pl|棉 衬 皮 衣 
itm_leather_jerkin|皮 短 袖 衣 
itm_leather_jerkin_pl|皮 短 袖 衣 
itm_studded_leather_coat|钉 饰 皮 外 套 
itm_studded_leather_coat_pl|钉 饰 皮 外 套 
itm_coat_of_plates_red|无 袖 板 甲 
itm_coat_of_plates_red_pl|无 袖 板 甲 
itm_pelt_coat|毛 皮 外 套 
itm_pelt_coat_pl|毛 皮 外 套 
itm_red_gambeson|红 色 软 甲 
itm_red_gambeson_pl|红 色 软 甲 
itm_leather_vest|皮 背 心 
itm_leather_vest_pl|皮 背 心 
itm_brigandine_red|镶 甲
itm_brigandine_red_pl|镶 甲
itm_banded_armor|条 纹 甲 
itm_banded_armor_pl|条 纹 甲 
itm_haubergeon|短 链 甲 
itm_haubergeon_pl|短 链 甲 
itm_leather_armor|皮 甲 
itm_leather_armor_pl|皮 甲 
itm_plate_armor|全 身 板 甲 
itm_plate_armor_pl|全 身 板 甲 
itm_ragged_outfit|褶 皱 服 
itm_ragged_outfit_pl|褶 皱 服 
itm_byrnie|链 铠 
itm_byrnie_pl|链 铠 
itm_blue_gambeson|蓝 色 软 甲 
itm_blue_gambeson_pl|蓝 色 软 甲 
itm_lamellar_armor|鳞 片 甲 
itm_lamellar_armor_pl|鳞 片 甲 
itm_gryphon_boots|狮 鹫 军 团 靴 
itm_gryphon_boots_pl|狮 鹫 军 团 靴 
itm_streltsy_boots|射 击 军 靴 
itm_streltsy_boots_pl|射 击 军 靴 
itm_ursun_boots|乌 桑 靴 
itm_ursun_boots_pl|乌 桑 靴 
itm_druzinha_greaves|德 乌 尔 护 胫 
itm_druzinha_greaves_pl|德 乌 尔 护 胫 
itm_cavalry_boots|骑 兵 靴 
itm_cavalry_boots_pl|骑 兵 靴 
itm_ice_guard_boots|冰 霜 守 卫 靴 
itm_ice_guard_boots_pl|冰 霜 守 卫 靴 
itm_fur_coat|毛 皮 外 套 
itm_fur_coat_pl|毛 皮 外 套 
itm_kislev_waistcoat|基 斯 里 夫 背 心 
itm_kislev_waistcoat_pl|基 斯 里 夫 背 心 
itm_kislev_tunic|基 斯 里 夫 短 袍 
itm_kislev_tunic_pl|基 斯 里 夫 短 袍 
itm_kislev_padded|基 斯 里 夫 长 袍 
itm_kislev_padded_pl|基 斯 里 夫 长 袍 
itm_kislev_robe_armour|基 斯 里 夫 武 装 长 袍 
itm_kislev_robe_armour_pl|基 斯 里 夫 武 装 长 袍 
itm_kislev_mail|基 斯 里 夫 链 甲 
itm_kislev_mail_pl|基 斯 里 夫 链 甲 
itm_kislev_mail_heavy|基 斯 里 夫 重 链 甲 
itm_kislev_mail_heavy_pl|基 斯 里 夫 重 链 甲 
itm_bear_initiate|兄 弟 会 甲 
itm_bear_initiate_pl|兄 弟 会 甲 
itm_kislev_padded2|基 斯 里 夫 带 衬 长 袍 
itm_kislev_padded2_pl|基 斯 里 夫 带 衬 长 袍 
itm_streltsy|射 击 军 制 服 
itm_streltsy_pl|射 击 军 制 服 
itm_kislev_tunic_mail|基 斯 里 夫 短 袍 链 甲 
itm_kislev_tunic_mail_pl|基 斯 里 夫 短 袍 链 甲 
itm_bohka_armour|波 卡 卫 队 甲 
itm_bohka_armour_pl|波 卡 卫 队 甲 
itm_kislev_captian|基 斯 里 夫 重 甲 
itm_kislev_captian_pl|基 斯 里 夫 重 甲 
itm_kislev_kreml|克 雷 姆 尔 甲 
itm_kislev_kreml_pl|克 雷 姆 尔 甲 
itm_ice_guard|冰 霜 守 卫 甲 
itm_ice_guard_pl|冰 霜 守 卫 甲 
itm_winged_hussar|翼 骑 兵 甲 
itm_winged_hussar_pl|翼 骑 兵 甲 
itm_winged_hussar2|罗 塔 轻 骑 兵 甲 
itm_winged_hussar2_pl|罗 塔 轻 骑 兵 甲 
itm_gryphon_armour|狮 鹫 军 团 甲 
itm_gryphon_armour_pl|狮 鹫 军 团 甲 
itm_chekist_armour|契 卡 甲 
itm_chekist_armour_pl|契 卡 甲 
itm_kislev_bear_armour|基 斯 里 夫 熊 骑 兵 甲 
itm_kislev_bear_armour_pl|基 斯 里 夫 熊 骑 兵 甲 
itm_kislev_ursun|乌 桑 甲 
itm_kislev_ursun_pl|乌 桑 甲 
itm_kislev_lord_armour2|波 维 尔 甲 
itm_kislev_lord_armour2_pl|波 维 尔 甲 
itm_kislev_lord_armor|波 维 尔 甲 
itm_kislev_lord_armor_pl|波 维 尔 甲 
itm_kislev_leader_armor|基 斯 里 夫 沙 皇 甲 
itm_kislev_leader_armor_pl|基 斯 里 夫 沙 皇 甲 
itm_khergit_war_helmet|基 斯 里 夫 战 争 面 具
itm_khergit_war_helmet_pl|基 斯 里 夫 战 争 面 具
itm_kislev_hat|基 斯 里 夫 军 帽 
itm_kislev_hat_pl|基 斯 里 夫 军 帽 
itm_kislev_hat2|基 斯 里 夫 军 帽 
itm_kislev_hat2_pl|基 斯 里 夫 军 帽 
itm_kislev_hat3|基 斯 里 夫 军 帽 
itm_kislev_hat3_pl|基 斯 里 夫 军 帽 
itm_kislev_hat4|基 斯 里 夫 军 帽 
itm_kislev_hat4_pl|基 斯 里 夫 军 帽 
itm_kislev_hat5|基 斯 里 夫 盔
itm_kislev_hat5_pl|基 斯 里 夫 盔
itm_kislev_hat6|基 斯 里 夫 帽 
itm_kislev_hat6_pl|基 斯 里 夫 帽 
itm_kislev_hat7|基 斯 里 夫 帽 
itm_kislev_hat7_pl|基 斯 里 夫 帽 
itm_kislev_hat8|基 斯 里 夫 羽 饰 帽 
itm_kislev_hat8_pl|基 斯 里 夫 羽 饰 帽 
itm_kislev_hat9|基 斯 里 夫 帽 
itm_kislev_hat9_pl|基 斯 里 夫 帽 
itm_kislev_hat10|基 斯 里 夫 羽 饰 帽 
itm_kislev_hat10_pl|基 斯 里 夫 羽 饰 帽 
itm_kislev_hat11|基 斯 里 夫 战 争 面 具
itm_kislev_hat11_pl|基 斯 里 夫 战 争 面 具
itm_kislev_hatlead|基 斯 里 夫 沙 皇 帽 
itm_kislev_hatlead_pl|基 斯 里 夫 沙 皇 帽 
itm_ice_guard_helm|冰 霜 守 卫 盔 
itm_ice_guard_helm_pl|冰 霜 守 卫 盔 
itm_nasal_helmet|基 斯 里 夫 盔 
itm_nasal_helmet_pl|基 斯 里 夫 盔 
itm_vaegir_fur_helmet|基 斯 里 夫 盔 
itm_vaegir_fur_helmet_pl|基 斯 里 夫 盔 
itm_khergit_cavalry_helmet|基 斯 里 夫 骑 兵 盔 
itm_khergit_cavalry_helmet_pl|基 斯 里 夫 骑 兵 盔 
itm_streltsy_helmet|射 击 军 护 盔 
itm_streltsy_helmet_pl|射 击 军 护 盔 
itm_gryphon_helmet|狮 鹫 军 团 盔 
itm_gryphon_helmet_pl|狮 鹫 军 团 盔 
itm_kislev_guard_helmet|基 斯 里 夫 战 盔 
itm_kislev_guard_helmet_pl|基 斯 里 夫 战 盔 
itm_kislev_spiked_helmet|基 斯 里 夫 尖 盔 
itm_kislev_spiked_helmet_pl|基 斯 里 夫 尖 盔 
itm_kislev_kreml_helmet|克 雷 姆 尔 盔 
itm_kislev_kreml_helmet_pl|克 雷 姆 尔 盔 
itm_kislev_ursun_helmet|乌 桑 盔 
itm_kislev_ursun_helmet_pl|乌 桑 盔 
itm_druzinha_helmet|德 乌 尔 盔 
itm_druzinha_helmet_pl|德 乌 尔 盔 
itm_black_hood|黑 风 帽 
itm_black_hood_pl|黑 风 帽 
itm_highway_man|强 盗 外 套 
itm_highway_man_pl|强 盗 外 套 
itm_thief_tricorne|强 盗 帽 
itm_thief_tricorne_pl|强 盗 帽 
itm_thief_hood|强 盗 兜 帽 
itm_thief_hood_pl|强 盗 兜 帽 
itm_theif_helmet|强 盗 头 盔 
itm_theif_helmet_pl|强 盗 头 盔 
itm_sarranid_boots_a|阿 拉 比 靴 
itm_sarranid_boots_a_pl|阿 拉 比 靴 
itm_sarranid_boots_b|阿 拉 比 皮 靴 
itm_sarranid_boots_b_pl|阿 拉 比 皮 靴 
itm_sarranid_boots_c|阿 拉 比 覆 板 靴 
itm_sarranid_boots_c_pl|阿 拉 比 覆 板 靴 
itm_sarranid_boots_d|阿 拉 比 链 甲 靴 
itm_sarranid_boots_d_pl|阿 拉 比 链 甲 靴 
itm_araby_cloth_boots1|阿 拉 比 布 靴 
itm_araby_cloth_boots1_pl|阿 拉 比 布 靴 
itm_araby_cloth_boots2|阿 拉 比 布 靴 
itm_araby_cloth_boots2_pl|阿 拉 比 布 靴 
itm_araby_leather_boots_a|阿 拉 比 皮 靴 
itm_araby_leather_boots_a_pl|阿 拉 比 皮 靴 
itm_araby_leather_boots_b|阿 拉 比 皮 靴 
itm_araby_leather_boots_b_pl|阿 拉 比 皮 靴 
itm_araby_leather_boots_c|阿 拉 比 皮 靴 
itm_araby_leather_boots_c_pl|阿 拉 比 皮 靴 
itm_araby_splinted|阿 拉 比 夹 板 护 胫 
itm_araby_splinted_pl|阿 拉 比 夹 板 护 胫 
itm_araby_splinted2|阿 拉 比 夹 板 护 胫 
itm_araby_splinted2_pl|阿 拉 比 夹 板 护 胫 
itm_araby_royal_gloves|皇 家 手 套 
itm_araby_royal_gloves_pl|皇 家 手 套 
itm_araby_leather_gloves|皮 手 套 
itm_araby_leather_gloves_pl|皮 手 套 
itm_araby_mail_gloves|链 甲 手 套 
itm_araby_mail_gloves_pl|链 甲 手 套 
itm_araby_lamellar_gloves|鳞 甲 手 套 
itm_araby_lamellar_gloves_pl|鳞 甲 手 套 
itm_araby_slave|奴 隶 装 
itm_araby_slave_pl|奴 隶 装 
itm_araby_slave2|奴 隶 装 
itm_araby_slave2_pl|奴 隶 装 
itm_skirmisher_armor|阿 拉 比 带 衬 甲 
itm_skirmisher_armor_pl|阿 拉 比 带 衬 甲 
itm_skirmisher_armor2|阿 拉 比 带 衬 甲 
itm_skirmisher_armor2_pl|阿 拉 比 带 衬 甲 
itm_skirmisher_armor3|阿 拉 比 带 衬 甲 
itm_skirmisher_armor3_pl|阿 拉 比 带 衬 甲 
itm_skirmisher_armor4|阿 拉 比 带 衬 甲 
itm_skirmisher_armor4_pl|阿 拉 比 带 衬 甲 
itm_skirmisher_armor5|阿 拉 比 带 衬 甲 
itm_skirmisher_armor5_pl|阿 拉 比 带 衬 甲 
itm_skirmisher_armor6|阿 拉 比 带 衬 甲 
itm_skirmisher_armor6_pl|阿 拉 比 带 衬 甲 
itm_skirmisher_armor7|阿 拉 比 锁 链 甲 
itm_skirmisher_armor7_pl|阿 拉 比 锁 链 甲 
itm_skirmisher_armor8|阿 拉 比 锁 链 甲 
itm_skirmisher_armor8_pl|阿 拉 比 锁 链 甲 
itm_araby_spearman_armor|阿 拉 比 鳞 甲 背 心 
itm_araby_spearman_armor_pl|阿 拉 比 鳞 甲 背 心 
itm_araby_pikeman_armor|阿 拉 比 鳞 甲 背 心 
itm_araby_pikeman_armor_pl|阿 拉 比 鳞 甲 背 心 
itm_araby_axeman_armor|阿 拉 比 鳞 甲 
itm_araby_axeman_armor_pl|阿 拉 比 鳞 甲 
itm_araby_horse_robe|阿 拉 比 长 袍 
itm_araby_horse_robe_pl|阿 拉 比 长 袍 
itm_araby_horse_archer_armor|阿 拉 比 加 强 皮 甲 
itm_araby_horse_archer_armor_pl|阿 拉 比 加 强 皮 甲 
itm_bandit_coat|强 盗 外 套 
itm_bandit_coat_pl|强 盗 外 套 
itm_reinforced_bandit_robe|加 强 长 袍 
itm_reinforced_bandit_robe_pl|加 强 长 袍 
itm_reinforced_bandit_coat|强 盗 加 固 外 套 
itm_reinforced_bandit_coat_pl|强 盗 加 固 外 套 
itm_mail_bandit_coat|强 盗 带 链 外 套 
itm_mail_bandit_coat_pl|强 盗 带 链 外 套 
itm_prince_bandit_coat|强 盗 加 固 外 套 
itm_prince_bandit_coat_pl|强 盗 加 固 外 套 
itm_warrior_araby|阿 拉 比 镶 嵌 外 套 
itm_warrior_araby_pl|阿 拉 比 镶 嵌 外 套 
itm_lamellar_vest_khergit|阿 拉 比 鳞 甲 背 心 
itm_lamellar_vest_khergit_pl|阿 拉 比 鳞 甲 背 心 
itm_araby_rider|阿 拉 比 骑 兵 甲 
itm_araby_rider_pl|阿 拉 比 骑 兵 甲 
itm_araby_rider2|阿 拉 比 骑 兵 甲 
itm_araby_rider2_pl|阿 拉 比 骑 兵 甲 
itm_araby_rider3|阿 拉 比 骑 兵 甲 
itm_araby_rider3_pl|阿 拉 比 骑 兵 甲 
itm_araby_rider4|阿 拉 比 骑 兵 甲 
itm_araby_rider4_pl|阿 拉 比 骑 兵 甲 
itm_araby_rider5|阿 拉 比 骑 兵 甲 
itm_araby_rider5_pl|阿 拉 比 骑 兵 甲 
itm_araby_rider6|阿 拉 比 骑 兵 甲 
itm_araby_rider6_pl|阿 拉 比 骑 兵 甲 
itm_arabian_armor_b|阿 拉 比 勇 士 甲 
itm_arabian_armor_b_pl|阿 拉 比 勇 士 甲 
itm_mamluke_mail|阿 拉 比 加 强 链 甲 
itm_mamluke_mail_pl|阿 拉 比 加 强 链 甲 
itm_horsemaster_mail|阿 拉 比 加 强 链 甲 
itm_horsemaster_mail_pl|阿 拉 比 加 强 链 甲 
itm_scorpion_armour|天 蝎 甲 
itm_scorpion_armour_pl|天 蝎 甲 
itm_araby_mail_shirt|阿 拉 比 链 甲 
itm_araby_mail_shirt_pl|阿 拉 比 链 甲 
itm_araby_mail_shirt2|阿 拉 比 链 甲 
itm_araby_mail_shirt2_pl|阿 拉 比 链 甲 
itm_archers_robe|射 手 长 袍 
itm_archers_robe_pl|射 手 长 袍 
itm_archers_padded|射 手 加 厚 长 袍 
itm_archers_padded_pl|射 手 加 厚 长 袍 
itm_sarranid_leather_armor|阿 拉 比 皮 甲 
itm_sarranid_leather_armor_pl|阿 拉 比 皮 甲 
itm_corsair_armour|海 盗 背 心 
itm_corsair_armour_pl|海 盗 背 心 
itm_corsair_armour2|海 盗 背 心 
itm_corsair_armour2_pl|海 盗 背 心 
itm_corsair_armour3|海 盗 背 心 
itm_corsair_armour3_pl|海 盗 背 心 
itm_sarranid_cavalry_robe|海 盗 长 袍 
itm_sarranid_cavalry_robe_pl|海 盗 长 袍 
itm_sarranid_mail_shirt|海 盗 链 甲 衫 
itm_sarranid_mail_shirt_pl|海 盗 链 甲 衫 
itm_corsair_turban|海 盗 头 巾 
itm_corsair_turban_pl|海 盗 头 巾 
itm_corsair_turban_cap|海 盗 船 长 头 巾 
itm_corsair_turban_cap_pl|海 盗 船 长 头 巾 
itm_araby_hashassins|阿 拉 比 带 衬 甲 
itm_araby_hashassins_pl|阿 拉 比 带 衬 甲 
itm_araby_elite_armor|哈 萨 辛 长 袍 
itm_araby_elite_armor_pl|哈 萨 辛 长 袍 
itm_hashassin_helmet|哈 萨 辛 盔 
itm_hashassin_helmet_pl|哈 萨 辛 盔 
itm_assassin_ahelmet|刺 客 盔 
itm_assassin_ahelmet_pl|刺 客 盔 
itm_sarranid_felt_hat|阿 拉 比 毡 帽 
itm_sarranid_felt_hat_pl|阿 拉 比 毡 帽 
itm_turban|头 巾 
itm_turban_pl|头 巾 
itm_desert_turban|沙 漠 头 巾 
itm_desert_turban_pl|沙 漠 头 巾 
itm_sarranid_warrior_cap|阿 拉 比 勇 士 帽 
itm_sarranid_warrior_cap_pl|阿 拉 比 勇 士 帽 
itm_sarranid_warrior_cap2|阿 拉 比 勇 士 盔 
itm_sarranid_warrior_cap2_pl|阿 拉 比 勇 士 盔 
itm_sarranid_sergeant_helm|阿 拉 比 军 士 盔 
itm_sarranid_sergeant_helm_pl|阿 拉 比 军 士 盔 
itm_sarranid_guard_helm|苏 丹 卫 队 盔 
itm_sarranid_guard_helm_pl|苏 丹 卫 队 盔 
itm_naffatun_helm|那 法 掷 弹 兵 盔 
itm_naffatun_helm_pl|那 法 掷 弹 兵 盔 
itm_janissary_helm|禁 卫 军 盔 
itm_janissary_helm_pl|禁 卫 军 盔 
itm_araby_rider_helm|阿 拉 比 长 枪 兵 盔
itm_araby_rider_helm_pl|阿 拉 比 长 枪 兵 盔
itm_hasham_helm|哈 珊 卫 队 盔 
itm_hasham_helm_pl|哈 珊 卫 队 盔 
itm_araby_rider_helm2|阿 拉 比 骑 兵 盔 
itm_araby_rider_helm2_pl|阿 拉 比 骑 兵 盔 
itm_royal_helm|阿 拉 比 皇 家 盔 
itm_royal_helm_pl|阿 拉 比 皇 家 盔 
itm_araby_lord_helm|阿 拉 比 领 主 盔 
itm_araby_lord_helm_pl|阿 拉 比 领 主 盔 
itm_araby_lord_helm2|阿 拉 比 领 主 盔 
itm_araby_lord_helm2_pl|阿 拉 比 领 主 盔 
itm_araby_lord_helm3|阿 拉 比 领 主 盔 
itm_araby_lord_helm3_pl|阿 拉 比 领 主 盔 
itm_araby_horsemaster_helm|马 术 大 师 盔 
itm_araby_horsemaster_helm_pl|马 术 大 师 盔 
itm_araby_horse_archer_helm|阿 拉 比 弓 骑 盔 
itm_araby_horse_archer_helm_pl|阿 拉 比 弓 骑 盔 
itm_araby_bandit_helm|阿 拉 比 强 盗 盔 
itm_araby_bandit_helm_pl|阿 拉 比 强 盗 盔 
itm_araby_bandit_helm2|阿 拉 比 强 盗 盔 
itm_araby_bandit_helm2_pl|阿 拉 比 强 盗 盔 
itm_prince_thieves_helm|阿 拉 比 链 甲 皮 盔
itm_prince_thieves_helm_pl|阿 拉 比 链 甲 皮 盔
itm_sarranid_helmet1|阿 拉 比 盔 
itm_sarranid_helmet1_pl|阿 拉 比 盔 
itm_sarranid_horseman_helmet|阿 拉 比 盔 
itm_sarranid_horseman_helmet_pl|阿 拉 比 盔 
itm_mail_turban|链 甲 头 巾 
itm_mail_turban_pl|链 甲 头 巾 
itm_mail_turban2|链 甲 头 巾 
itm_mail_turban2_pl|链 甲 头 巾 
itm_mail_turban3|链 甲 头 巾 
itm_mail_turban3_pl|链 甲 头 巾 
itm_sarranid_mail_coif|阿 拉 比 链 甲 头 肩 巾 
itm_sarranid_mail_coif_pl|阿 拉 比 链 甲 头 肩 巾 
itm_sarranid_veiled_helmet|阿 拉 比 遮 面 盔 
itm_sarranid_veiled_helmet_pl|阿 拉 比 遮 面 盔 
itm_brass_veiled_helmet|阿 拉 比 马 穆 鲁 克 盔 
itm_brass_veiled_helmet_pl|阿 拉 比 马 穆 鲁 克 盔 
itm_brass_mamluke_mail|阿 拉 比 马 穆 鲁 克 甲 
itm_brass_mamluke_mail_pl|阿 拉 比 马 穆 鲁 克 甲 
itm_brass_mail_mittens|阿 拉 比 链 甲 手 套 
itm_brass_mail_mittens_pl|阿 拉 比 链 甲 手 套 
itm_mail_boots_brass|阿 拉 比 链 甲 靴 
itm_mail_boots_brass_pl|阿 拉 比 链 甲 靴 
itm_khergit_guard_armor|阿 拉 比 军 官 甲 
itm_khergit_guard_armor_pl|阿 拉 比 军 官 甲 
itm_khergit_guard_boots|阿 拉 比 军 官 靴 
itm_khergit_guard_boots_pl|阿 拉 比 军 官 靴 
itm_khergit_guard_helmet|阿 拉 比 军 官 盔 
itm_khergit_guard_helmet_pl|阿 拉 比 军 官 盔 
itm_araby_lord_armor2|阿 拉 比 精 英 甲 
itm_araby_lord_armor2_pl|阿 拉 比 精 英 甲 
itm_araby_lord_armor|阿 拉 比 领 主 护 甲 
itm_araby_lord_armor_pl|阿 拉 比 领 主 护 甲 
itm_araby_royal_armor|阿 拉 比 皇 家 甲 
itm_araby_royal_armor_pl|阿 拉 比 皇 家 甲 
itm_araby_lord_armor3|阿 拉 比 酋 长 甲 
itm_araby_lord_armor3_pl|阿 拉 比 酋 长 甲 
itm_archers_vest|射 手 棉 背 心 
itm_archers_vest_pl|射 手 棉 背 心 
itm_sarranid_cloth_robe|旧 长 袍 
itm_sarranid_cloth_robe_pl|旧 长 袍 
itm_sarranid_cloth_robe_b|旧 长 袍 
itm_sarranid_cloth_robe_b_pl|旧 长 袍 
itm_araby_lord_robe|领 主 长 袍 
itm_araby_lord_robe_pl|领 主 长 袍 
itm_sarranid_dress_a|连 衣 裙 
itm_sarranid_dress_a_pl|连 衣 裙 
itm_sarranid_dress_b|连 衣 裙 
itm_sarranid_dress_b_pl|连 衣 裙 
itm_sarranid_head_cloth|女 式 头 布 
itm_sarranid_head_cloth_pl|女 式 头 布 
itm_sarranid_head_cloth_b|女 式 头 布 
itm_sarranid_head_cloth_b_pl|女 式 头 布 
itm_sarranid_felt_head_cloth|头 布 
itm_sarranid_felt_head_cloth_pl|头 布 
itm_sarranid_felt_head_cloth_b|头 布 
itm_sarranid_felt_head_cloth_b_pl|头 布 
itm_sarranid_lady_dress|阿 拉 比 连 衣 裙 
itm_sarranid_lady_dress_pl|阿 拉 比 连 衣 裙 
itm_sarranid_lady_dress_b|阿 拉 比 连 衣 裙 
itm_sarranid_lady_dress_b_pl|阿 拉 比 连 衣 裙 
itm_sarranid_common_dress|阿 拉 比 裙 
itm_sarranid_common_dress_pl|阿 拉 比 裙 
itm_sarranid_common_dress_b|阿 拉 比 裙 
itm_sarranid_common_dress_b_pl|阿 拉 比 裙 
itm_peasant_archer|民 兵 射 手 装 
itm_peasant_archer_pl|民 兵 射 手 装 
itm_tunic_with_green_cape|民 兵 射 手 短 袍 
itm_tunic_with_green_cape_pl|民 兵 射 手 短 袍 
itm_battle_pilgrim_armor|破 烂 甲 
itm_battle_pilgrim_armor_pl|破 烂 甲 
itm_battle_pilgrim_sandles|朝 圣 者 凉 鞋 
itm_battle_pilgrim_sandles_pl|朝 圣 者 凉 鞋 
itm_bret_aketon|棉 甲 
itm_bret_aketon_pl|棉 甲 
itm_narf_hose|羊 毛 袜 
itm_narf_hose_pl|羊 毛 袜 
itm_chapelcloth1|锅 盔 
itm_chapelcloth1_pl|锅 盔 
itm_chapelcloth2|锅 盔 
itm_chapelcloth2_pl|锅 盔 
itm_chapelcloth3|锅 盔 
itm_chapelcloth3_pl|锅 盔 
itm_brigandine_green|镶 甲 
itm_brigandine_green_pl|镶 甲 
itm_hose_kneecops_green|护 膝 羊 毛 袜 
itm_hose_kneecops_green_pl|护 膝 羊 毛 袜 
itm_chapelmail1|锅 盔 
itm_chapelmail1_pl|锅 盔 
itm_chapelmail2|锅 盔 
itm_chapelmail2_pl|锅 盔 
itm_chapelmail3|锅 盔 
itm_chapelmail3_pl|锅 盔 
itm_arms_aketon|棉 甲 
itm_arms_aketon_pl|棉 甲 
itm_bretonnian_mail_coif|锁 子 头 巾 
itm_bretonnian_mail_coif_pl|锁 子 头 巾 
itm_brigandine_red1|镶 甲 
itm_brigandine_red1_pl|镶 甲 
itm_hose_kneecops_red|护 膝 羊 毛 袜 
itm_hose_kneecops_red_pl|护 膝 羊 毛 袜 
itm_brigandine_blue_mail|镶 甲 
itm_brigandine_blue_mail_pl|镶 甲 
itm_brigandine_green_mail|镶 甲 
itm_brigandine_green_mail_pl|镶 甲 
itm_early_transitional_heraldic|贵 族 锁 链 板 甲 
itm_early_transitional_heraldic_pl|贵 族 锁 链 板 甲 
itm_leoncour|皇 家 板 链 甲 
itm_leoncour_pl|皇 家 板 链 甲 
itm_parravon_noble|帕 拉 翁 贵 族 板 链 甲 
itm_parravon_noble_pl|帕 拉 翁 贵 族 板 链 甲 
itm_quenelles_noble|奎 那 利 斯 贵 族 板 链 甲 
itm_quenelles_noble_pl|奎 那 利 斯 贵 族 板 链 甲 
itm_mousillon_noble|穆 席 隆 贵 族 板 链 甲 
itm_mousillon_noble_pl|穆 席 隆 贵 族 板 链 甲 
itm_artois_noble|阿 图 瓦 贵 族 板 链 甲 
itm_artois_noble_pl|阿 图 瓦 贵 族 板 链 甲 
itm_bastonne_noble|巴 斯 托 涅 贵 族 板 链 甲 
itm_bastonne_noble_pl|巴 斯 托 涅 贵 族 板 链 甲 
itm_bordeleaux_noble|波 尔 德 罗 贵 族 板 链 甲 
itm_bordeleaux_noble_pl|波 尔 德 罗 贵 族 板 链 甲 
itm_carcassone_noble|卡 尔 卡 松 贵 族 板 链 甲 
itm_carcassone_noble_pl|卡 尔 卡 松 贵 族 板 链 甲 
itm_languille_noble|勒 安 古 朗 贵 族 板 链 甲 
itm_languille_noble_pl|勒 安 古 朗 贵 族 板 链 甲 
itm_brionne_noble|布 利 奥 涅 贵 族 板 链 甲 
itm_brionne_noble_pl|布 利 奥 涅 贵 族 板 链 甲 
itm_montfort_noble|蒙 特 福 特 贵 族 板 链 甲 
itm_montfort_noble_pl|蒙 特 福 特 贵 族 板 链 甲 
itm_lyonesse_noble|里 昂 尼 斯 贵 族 板 链 甲 
itm_lyonesse_noble_pl|里 昂 尼 斯 贵 族 板 链 甲 
itm_gisoraux_noble|吉 索 莱 奥 贵 族 板 链 甲 
itm_gisoraux_noble_pl|吉 索 莱 奥 贵 族 板 链 甲 
itm_mousillon_knight|穆 席 隆 骑 士 板 链 甲 
itm_mousillon_knight_pl|穆 席 隆 骑 士 板 链 甲 
itm_brionne_knight|布 利 奥 涅 骑 士 板 链 甲 
itm_brionne_knight_pl|布 利 奥 涅 骑 士 板 链 甲 
itm_montfort_knight|蒙 特 福 特 骑 士 板 链 甲 
itm_montfort_knight_pl|蒙 特 福 特 骑 士 板 链 甲 
itm_couronne_knight|哥 隆 尼 骑 士 板 链 甲 
itm_couronne_knight_pl|哥 隆 尼 骑 士 板 链 甲 
itm_parravon_knight|帕 拉 翁 骑 士 板 链 甲 
itm_parravon_knight_pl|帕 拉 翁 骑 士 板 链 甲 
itm_languille_knight|勒 安 古 朗 骑 士 板 链 甲 
itm_languille_knight_pl|勒 安 古 朗 骑 士 板 链 甲 
itm_gisoraux_knight|吉 索 莱 奥 骑 士 板 链 甲 
itm_gisoraux_knight_pl|吉 索 莱 奥 骑 士 板 链 甲 
itm_bastonne_knight|巴 斯 托 涅 骑 士 板 链 甲 
itm_bastonne_knight_pl|巴 斯 托 涅 骑 士 板 链 甲 
itm_artois_knight|阿 图 瓦 骑 士 板 链 甲 
itm_artois_knight_pl|阿 图 瓦 骑 士 板 链 甲 
itm_quennelles_knight|奎 那 利 斯 骑 士 板 链 甲 
itm_quennelles_knight_pl|奎 那 利 斯 骑 士 板 链 甲 
itm_carcassone_knight|卡 尔 卡 松 骑 士 板 链 甲 
itm_carcassone_knight_pl|卡 尔 卡 松 骑 士 板 链 甲 
itm_bordeleaux_knight|波 尔 德 罗 骑 士 板 链 甲 
itm_bordeleaux_knight_pl|波 尔 德 罗 骑 士 板 链 甲 
itm_lyonesse_knight|里 昂 尼 斯 骑 士 板 链 甲 
itm_lyonesse_knight_pl|里 昂 尼 斯 骑 士 板 链 甲 
itm_transitional_blue|探 险 骑 士 锁 链 板 甲 
itm_transitional_blue_pl|探 险 骑 士 锁 链 板 甲 
itm_transitional_bluepeg|探 险 骑 士 锁 链 板 甲 
itm_transitional_bluepeg_pl|探 险 骑 士 锁 链 板 甲 
itm_transitional_bluefull|探 险 骑 士 锁 链 板 甲 
itm_transitional_bluefull_pl|探 险 骑 士 锁 链 板 甲 
itm_transitional_redboar|圣 杯 骑 士 锁 链 板 甲 
itm_transitional_redboar_pl|圣 杯 骑 士 锁 链 板 甲 
itm_transitional_red|圣 杯 骑 士 锁 链 板 甲 
itm_transitional_red_pl|圣 杯 骑 士 锁 链 板 甲 
itm_transitional_redlion|圣 杯 骑 士 锁 链 板 甲 
itm_transitional_redlion_pl|圣 杯 骑 士 锁 链 板 甲 
itm_brett_steel_greaves|钢 护 胫 
itm_brett_steel_greaves_pl|钢 护 胫 
itm_brett_greaves|王 国 骑 士 护 胫 
itm_brett_greaves_pl|王 国 骑 士 护 胫 
itm_transitional_paladin|圣 骑 锁 链 板 甲 
itm_transitional_paladin_pl|圣 骑 锁 链 板 甲 
itm_paladin_knights_helm|圣 骑 士 盔 
itm_paladin_knights_helm_pl|圣 骑 士 盔 
itm_bretonnia_bascinet|巴 托 尼 亚 头 盔 
itm_bretonnia_bascinet_pl|巴 托 尼 亚 头 盔 
itm_bretonnia_bascinet_2|巴 托 尼 亚 头 盔 
itm_bretonnia_bascinet_2_pl|巴 托 尼 亚 头 盔 
itm_questing_helm_castle|探 险 骑 士 盔 
itm_questing_helm_castle_pl|探 险 骑 士 盔 
itm_questing_knights_helm_1|探 险 骑 士 盔 
itm_questing_knights_helm_1_pl|探 险 骑 士 盔 
itm_questing_knights_helm_h|探 险 骑 士 盔 
itm_questing_knights_helm_h_pl|探 险 骑 士 盔 
itm_grail_helm_ram|圣 杯 骑 士 盔 
itm_grail_helm_ram_pl|圣 杯 骑 士 盔 
itm_grail_knights_helm_2|圣 杯 骑 士 盔 
itm_grail_knights_helm_2_pl|圣 杯 骑 士 盔 
itm_grail_knights_helm_1|圣 杯 骑 士 盔 
itm_grail_knights_helm_1_pl|圣 杯 骑 士 盔 
itm_hourglass_gauntlets_ornate|华 丽 沙 漏 护 手 
itm_hourglass_gauntlets_ornate_pl|华 丽 沙 漏 护 手 
itm_hourglass_gauntlets|沙 漏 护 手 
itm_hourglass_gauntlets_pl|沙 漏 护 手 
itm_quenelles_helm|奎 那 利 斯 骑 士 盔 
itm_quenelles_helm_pl|奎 那 利 斯 骑 士 盔 
itm_artois_helm|阿 图 瓦 骑 士 盔 
itm_artois_helm_pl|阿 图 瓦 骑 士 盔 
itm_bastonne_helm|巴 斯 托 涅 骑 士 盔 
itm_bastonne_helm_pl|巴 斯 托 涅 骑 士 盔 
itm_bordelaux_helm|波 尔 德 罗 骑 士 盔 
itm_bordelaux_helm_pl|波 尔 德 罗 骑 士 盔 
itm_realm_armour1|王 国 骑 士 板 甲 
itm_realm_armour1_pl|王 国 骑 士 板 甲 
itm_realm_armour2|王 国 骑 士 板 甲 
itm_realm_armour2_pl|王 国 骑 士 板 甲 
itm_realm_helm_1|王 国 骑 士 盔 
itm_realm_helm_1_pl|王 国 骑 士 盔 
itm_realm_helm_2|王 国 骑 士 盔 
itm_realm_helm_2_pl|王 国 骑 士 盔 
itm_lords_helm_1|贵 族 盔 
itm_lords_helm_1_pl|贵 族 盔 
itm_lords_sugarloaf|贵 族 全 盔 
itm_lords_sugarloaf_pl|贵 族 全 盔 
itm_lord_helm_2|贵 族 头 盔 
itm_lord_helm_2_pl|贵 族 头 盔 
itm_helm_crown|劳 恩 · 列 奥 康 沃 尔 王 冠 
itm_helm_crown_pl|劳 恩 · 列 奥 康 沃 尔 王 冠 
itm_npc_knighthelm_2|阿 里 斯 蒂 德 爵 士 盔 
itm_npc_knighthelm_2_pl|阿 里 斯 蒂 德 爵 士 盔 
itm_crown_night|夜 之 王 冠 
itm_crown_night_pl|夜 之 王 冠 
itm_ashraaz|阿 什 拉 兹 之 盔 
itm_ashraaz_pl|阿 什 拉 兹 之 盔 
itm_errant_armour1|侠 义 骑 士 甲 
itm_errant_armour1_pl|侠 义 骑 士 甲 
itm_errant_armour2|侠 义 骑 士 甲 
itm_errant_armour2_pl|侠 义 骑 士 甲 
itm_knight_foot|朝 圣 者 甲 
itm_knight_foot_pl|朝 圣 者 甲 
itm_errant_helm|侠 义 骑 士 盔 
itm_errant_helm_pl|侠 义 骑 士 盔 
itm_npc_knight_2|阿 里 斯 蒂 德 爵 士 甲 
itm_npc_knight_2_pl|阿 里 斯 蒂 德 爵 士 甲 
itm_nurgle_sorcerer_small|纳 垢 盔 甲（小 型）
itm_nurgle_sorcerer_small_pl|纳 垢 盔 甲（小 型）
itm_slaanesh_sorcerer_small|色 孽 盔 甲（小 型）
itm_slaanesh_sorcerer_small_pl|色 孽 盔 甲（小 型）
itm_tzeentch_sorcerer_small|奸 奇 盔 甲（小 型）
itm_tzeentch_sorcerer_small_pl|奸 奇 盔 甲（小 型）
itm_undivided_sorcerer_small|混 沌 盔 甲（小 型）
itm_undivided_sorcerer_small_pl|混 沌 盔 甲（小 型）
itm_khorne_armour_small|恐 虐 盔 甲（小 型）
itm_khorne_armour_small_pl|恐 虐 盔 甲（小 型）
itm_nurgle_warrior_helm_small_01|纳 垢 头 盔（小 型）
itm_nurgle_warrior_helm_small_01_pl|纳 垢 头 盔（小 型）
itm_slaanesh_warrior_helm_small_01|色 孽 头 盔（小 型）
itm_slaanesh_warrior_helm_small_01_pl|色 孽 头 盔（小 型）
itm_tzeentch_warrior_helm_small_01|奸 奇 头 盔（小 型）
itm_tzeentch_warrior_helm_small_01_pl|奸 奇 头 盔（小 型）
itm_chaos_warrior_helm_small_01|混 沌 头 盔（小 型）
itm_chaos_warrior_helm_small_01_pl|混 沌 头 盔（小 型）
itm_khorne_warrior_helm_small_01|恐 虐 头 盔（小 型）
itm_khorne_warrior_helm_small_01_pl|恐 虐 头 盔（小 型）
itm_chaos_dress|混 沌 女 连 衣 裙 
itm_chaos_dress_pl|混 沌 女 连 衣 裙 
itm_chaos_dress2|混 沌 女 猎 手 甲 
itm_chaos_dress2_pl|混 沌 女 猎 手 甲 
itm_chaos_armour|混 沌 女 猎 手 首 领 甲 
itm_chaos_armour_pl|混 沌 女 猎 手 首 领 甲 
itm_chaos_armour2|混 沌 女 猎 手 首 领 重 甲 
itm_chaos_armour2_pl|混 沌 女 猎 手 首 领 重 甲 
itm_darkelf_dress|黑 暗 精 灵 连 衣 裙 
itm_darkelf_dress_pl|黑 暗 精 灵 连 衣 裙 
itm_darkelf_dress2|黑 暗 精 灵 连 衣 裙 
itm_darkelf_dress2_pl|黑 暗 精 灵 连 衣 裙 
itm_court_dress|侍 女 裙 
itm_court_dress_pl|侍 女 裙 
itm_rich_outfit|华 服 
itm_rich_outfit_pl|华 服 
itm_felt_steppe_cap|草 原 带 沿 帽 
itm_felt_steppe_cap_pl|草 原 带 沿 帽 
itm_khergit_helmet|草 原 盔 
itm_khergit_helmet_pl|草 原 盔 
itm_burlap_tunic|麻 布 短 袍 
itm_burlap_tunic_pl|麻 布 短 袍 
itm_heraldic_mail_with_surcoat|纹 章 甲 带 外 套 
itm_heraldic_mail_with_surcoat_pl|纹 章 甲 带 外 套 
itm_heraldic_mail_with_tunic|纹 章 甲 
itm_heraldic_mail_with_tunic_pl|纹 章 甲 
itm_heraldic_mail_with_tunic_b|纹 章 甲 
itm_heraldic_mail_with_tunic_b_pl|纹 章 甲 
itm_heraldic_mail_with_tabard|纹 章 甲 带 罩 袍 
itm_heraldic_mail_with_tabard_pl|纹 章 甲 带 罩 袍 
itm_turret_hat_ruby|硬 边 女 帽 
itm_turret_hat_ruby_pl|硬 边 女 帽 
itm_turret_hat_blue|硬 边 女 帽 
itm_turret_hat_blue_pl|硬 边 女 帽 
itm_turret_hat_green|炮 台 帽 
itm_turret_hat_green_pl|炮 台 帽 
itm_head_wrappings|包 头 巾 
itm_head_wrappings_pl|包 头 巾 
itm_court_hat|硬 边 女 帽 
itm_court_hat_pl|硬 边 女 帽 
itm_wimple_a|包 头 巾 
itm_wimple_a_pl|包 头 巾 
itm_wimple_with_veil|带 面 纱 头 巾 
itm_wimple_with_veil_pl|带 面 纱 头 巾 
itm_arming_cap|战 士 帽 
itm_arming_cap_pl|战 士 帽 
itm_helmet_with_neckguard|带 护 颈 盔 
itm_helmet_with_neckguard_pl|带 护 颈 盔 
itm_khergit_lady_hat|女 式 帽 
itm_khergit_lady_hat_pl|女 式 帽 
itm_khergit_lady_hat_b|女 式 皮 帽 
itm_khergit_lady_hat_b_pl|女 式 皮 帽 
itm_flat_topped_helmet|平 顶 盔 
itm_flat_topped_helmet_pl|平 顶 盔 
itm_nordic_helmet|日 尔 曼 盔 
itm_nordic_helmet_pl|日 尔 曼 盔 
itm_fur_hat|毛 皮 帽 
itm_fur_hat_pl|毛 皮 帽 
itm_nomad_cap|游 牧 帽 
itm_nomad_cap_pl|游 牧 帽 
itm_nomad_cap_b|游 牧 帽 
itm_nomad_cap_b_pl|游 牧 帽 
itm_steppe_cap|草 原 帽 
itm_steppe_cap_pl|草 原 帽 
itm_padded_coif|头 肩 巾 
itm_padded_coif_pl|头 肩 巾 
itm_felt_hat|毡 帽 
itm_felt_hat_pl|毡 帽 
itm_felt_hat_b|毡 帽 
itm_felt_hat_b_pl|毡 帽 
itm_leather_cap|皮 帽 
itm_leather_cap_pl|皮 帽 
itm_female_hood|女 士 头 巾 
itm_female_hood_pl|女 士 头 巾 
itm_leather_steppe_cap_a|草 原 帽 
itm_leather_steppe_cap_a_pl|草 原 帽 
itm_leather_steppe_cap_b|草 原 帽 
itm_leather_steppe_cap_b_pl|草 原 帽 
itm_leather_steppe_cap_c|草 原 帽 
itm_leather_steppe_cap_c_pl|草 原 帽 
itm_bascinet_2|带 面 罩 尖 顶 盔 
itm_bascinet_2_pl|带 面 罩 尖 顶 盔 
itm_bascinet_3|带 护 鼻 尖 顶 盔 
itm_bascinet_3_pl|带 护 鼻 尖 顶 盔 
itm_nordic_archer_helmet|日 耳 曼 皮 盔 
itm_nordic_archer_helmet_pl|日 耳 曼 皮 盔 
itm_nordic_veteran_archer_helmet|日 耳 曼 皮 盔 
itm_nordic_veteran_archer_helmet_pl|日 耳 曼 皮 盔 
itm_norman_helmet|诺 曼 盔 
itm_norman_helmet_pl|诺 曼 盔 
itm_nordic_huscarl_helmet|日 耳 曼 近 卫 盔 
itm_nordic_huscarl_helmet_pl|日 耳 曼 近 卫 盔 
itm_nordic_warlord_helmet|日 耳 曼 战 神 盔 
itm_nordic_warlord_helmet_pl|日 耳 曼 战 神 盔 
itm_vaegir_fur_cap|毛 皮 盔 
itm_vaegir_fur_cap_pl|毛 皮 盔 
itm_vaegir_lamellar_helmet|鳞 片 护 甲 盔 
itm_vaegir_lamellar_helmet_pl|鳞 片 护 甲 盔 
itm_vaegir_war_helmet|战 盔 
itm_vaegir_war_helmet_pl|战 盔 
itm_woolen_hood|羊 毛 风 帽 
itm_woolen_hood_pl|羊 毛 风 帽 
itm_leather_warrior_cap|皮 勇 士 帽 
itm_leather_warrior_cap_pl|皮 勇 士 帽 
itm_skullcap|无 边 盔 
itm_skullcap_pl|无 边 盔 
itm_nordic_footman_helmet|日 耳 曼 步 兵 盔 
itm_nordic_footman_helmet_pl|日 耳 曼 步 兵 盔 
itm_nordic_fighter_helmet|日 耳 曼 斗 士 盔 
itm_nordic_fighter_helmet_pl|日 耳 曼 斗 士 盔 
itm_straw_hat|草 帽 
itm_straw_hat_pl|草 帽 
itm_headcloth|包 头 巾 
itm_headcloth_pl|包 头 巾 
itm_woolen_cap|羊 毛 帽 
itm_woolen_cap_pl|羊 毛 帽 
itm_common_hood|风 帽 
itm_common_hood_pl|风 帽 
itm_hood_b|风 帽 
itm_hood_b_pl|风 帽 
itm_hood_c|风 帽 
itm_hood_c_pl|风 帽 
itm_hood_d|风 帽 
itm_hood_d_pl|风 帽 
itm_mail_coif|链 甲 头 肩 巾 
itm_mail_coif_pl|链 甲 头 肩 巾 
itm_kettle_hat|锅 盔 
itm_kettle_hat_pl|锅 盔 
itm_guard_helmet|护 盔 
itm_guard_helmet_pl|护 盔 
itm_spiked_helmet|锥 顶 头 盔 
itm_spiked_helmet_pl|锥 顶 头 盔 
itm_footman_helmet|步 兵 盔 
itm_footman_helmet_pl|步 兵 盔 
itm_segmented_helmet|组 合 盔 
itm_segmented_helmet_pl|组 合 盔 
itm_full_helm|覆 面 盔 
itm_full_helm_pl|覆 面 盔 
itm_great_helmet|巨 盔 
itm_great_helmet_pl|巨 盔 
itm_winged_great_helmet|带 翼 巨 盔 
itm_winged_great_helmet_pl|带 翼 巨 盔 
itm_bascinet|尖 顶 盔 
itm_bascinet_pl|尖 顶 盔 
itm_black_helmet|黑 盔 
itm_black_helmet_pl|黑 盔 
itm_strange_armor|骑 马 武 士 甲
itm_strange_armor_pl|骑 马 武 士 甲
itm_strange_boots|奇 形 靴 
itm_strange_boots_pl|奇 形 靴 
itm_strange_helmet|骑 马 武 士 盔
itm_strange_helmet_pl|骑 马 武 士 盔
itm_light_leather|轻 皮 甲 
itm_light_leather_pl|轻 皮 甲 
itm_light_leather_boots|轻 皮 靴 
itm_light_leather_boots_pl|轻 皮 靴 
itm_byzantion_helmet_a|拜 占 庭 盔 
itm_byzantion_helmet_a_pl|拜 占 庭 盔 
itm_magyar_helmet_a|马 扎 尔 盔 
itm_magyar_helmet_a_pl|马 扎 尔 盔 
itm_rus_helmet_a|罗 斯 盔 
itm_rus_helmet_a_pl|罗 斯 盔 
itm_sipahi_helmet_a|西 帕 希 盔 
itm_sipahi_helmet_a_pl|西 帕 希 盔 
itm_rabati|拉 巴 特 盔 
itm_rabati_pl|拉 巴 特 盔 
itm_bride_dress|新 娘 装 
itm_bride_dress_pl|新 娘 装 
itm_bride_crown|花 冠 
itm_bride_crown_pl|花 冠 
itm_bride_shoes|新 娘 鞋 
itm_bride_shoes_pl|新 娘 鞋 
itm_flower_crown|花 冠 
itm_flower_crown_pl|花 冠 
itm_mail_boots_for_tableau|链 甲 靴 
itm_mail_boots_for_tableau_pl|链 甲 靴 
itm_empire_hat|弩 兵 加 固 帽 
itm_empire_hat_pl|弩 兵 加 固 帽 
itm_empire_hat_two|弩 兵 加 固 帽 
itm_empire_hat_two_pl|弩 兵 加 固 帽 
itm_empire_hat_three|弩 兵 加 固 帽 
itm_empire_hat_three_pl|弩 兵 加 固 帽 
itm_empire_hat_four|弩 兵 加 固 帽 
itm_empire_hat_four_pl|弩 兵 加 固 帽 
itm_hunter_hat1|帝 国 猎 人 帽 
itm_hunter_hat1_pl|帝 国 猎 人 帽 
itm_hunter_hat2|帝 国 猎 人 帽 
itm_hunter_hat2_pl|帝 国 猎 人 帽 
itm_hunter_hat3|帝 国 猎 人 帽 
itm_hunter_hat3_pl|帝 国 猎 人 帽 
itm_hunter_hat4|帝 国 猎 人 帽 
itm_hunter_hat4_pl|帝 国 猎 人 帽 
itm_deaths_head_helm|死 亡 之 颅 盔 
itm_deaths_head_helm_pl|死 亡 之 颅 盔 
itm_deaths_head_helm2|死 亡 之 颅 盔 
itm_deaths_head_helm2_pl|死 亡 之 颅 盔 
itm_deaths_head_helm3|死 亡 之 颅 盔 
itm_deaths_head_helm3_pl|死 亡 之 颅 盔 
itm_deaths_head_helm4|死 亡 之 颅 盔 
itm_deaths_head_helm4_pl|死 亡 之 颅 盔 
itm_crossbow_hat1|帝 国 弩 兵 帽 
itm_crossbow_hat1_pl|帝 国 弩 兵 帽 
itm_crossbow_hat2|帝 国 弩 兵 帽 
itm_crossbow_hat2_pl|帝 国 弩 兵 帽 
itm_crossbow_hat3|帝 国 弩 兵 帽 
itm_crossbow_hat3_pl|帝 国 弩 兵 帽 
itm_crossbow_hat4|帝 国 弩 兵 帽 
itm_crossbow_hat4_pl|帝 国 弩 兵 帽 
itm_leitdorf_hat|马 吕 斯 · 雷 道 夫 帽 
itm_leitdorf_hat_pl|马 吕 斯 · 雷 道 夫 帽 
itm_handgun_hat1|帝 国 枪 手 帽 
itm_handgun_hat1_pl|帝 国 枪 手 帽 
itm_handgun_hat2|帝 国 枪 手 帽 
itm_handgun_hat2_pl|帝 国 枪 手 帽 
itm_handgun_hat3|帝 国 枪 手 帽 
itm_handgun_hat3_pl|帝 国 枪 手 帽 
itm_handgun_hat4|帝 国 枪 手 帽 
itm_handgun_hat4_pl|帝 国 枪 手 帽 
itm_sharpshooter_hat1|神 枪 手 加 固 帽 
itm_sharpshooter_hat1_pl|神 枪 手 加 固 帽 
itm_sharpshooter_hat2|神 枪 手 加 固 帽 
itm_sharpshooter_hat2_pl|神 枪 手 加 固 帽 
itm_sharpshooter_hat3|神 枪 手 加 固 帽 
itm_sharpshooter_hat3_pl|神 枪 手 加 固 帽 
itm_sharpshooter_hat4|神 枪 手 加 固 帽 
itm_sharpshooter_hat4_pl|神 枪 手 加 固 帽 
itm_greatsword_hat|帝 国 大 剑 士 盔 
itm_greatsword_hat_pl|帝 国 大 剑 士 盔 
itm_greatsword_hat2|帝 国 大 剑 士 盔 
itm_greatsword_hat2_pl|帝 国 大 剑 士 盔 
itm_greatsword_hat3|帝 国 大 剑 士 盔 
itm_greatsword_hat3_pl|帝 国 大 剑 士 盔 
itm_greatsword_hat4|帝 国 大 剑 士 盔 
itm_greatsword_hat4_pl|帝 国 大 剑 士 盔 
itm_carroburg_hat|卡 隆 堡 巨 剑 士 帽 
itm_carroburg_hat_pl|卡 隆 堡 巨 剑 士 帽 
itm_ferlangen_hat1|神 枪 手 加 固 帽 
itm_ferlangen_hat1_pl|神 枪 手 加 固 帽 
itm_ferlangen_hat2|神 枪 手 加 固 帽 
itm_ferlangen_hat2_pl|神 枪 手 加 固 帽 
itm_todbringer_helm|鲍 里 斯 · 托 德 布 林 格 盔 
itm_todbringer_helm_pl|鲍 里 斯 · 托 德 布 林 格 盔 
itm_reinforcedhat|帝 国 加 固 帽 
itm_reinforcedhat_pl|帝 国 加 固 帽 
itm_spear_helmet|帝 国 锅 盔 
itm_spear_helmet_pl|帝 国 锅 盔 
itm_spear_helmet2|帝 国 盔 
itm_spear_helmet2_pl|帝 国 盔 
itm_horsemaster_helmet|马 术 大 师 加 固 盔 
itm_horsemaster_helmet_pl|马 术 大 师 加 固 盔 
itm_aldebrand_helmet|艾 德 布 兰  德 · 鲁 登 霍 夫 盔 
itm_aldebrand_helmet_pl|艾 德 布 兰  德 · 鲁 登 霍 夫 盔 
itm_anderssen_helmet|阿 尔 贝 里 希 盔
itm_anderssen_helmet_pl|阿 尔 贝 里 希 盔
itm_halberd_helmet|帝 国 盔 
itm_halberd_helmet_pl|帝 国 盔 
itm_halberd_helmet2|帝 国 盔 
itm_halberd_helmet2_pl|帝 国 盔 
itm_halberd_helmet3|帝 国 加 固 盔 
itm_halberd_helmet3_pl|帝 国 加 固 盔 
itm_halberd_helmet4|帝 国 加 固 盔 
itm_halberd_helmet4_pl|帝 国 加 固 盔 
itm_halberd_helmet5|帝 国 加 固 盔 
itm_halberd_helmet5_pl|帝 国 加 固 盔 
itm_sword_helmet2|帝 国 剑 士 盔 
itm_sword_helmet2_pl|帝 国 剑 士 盔 
itm_sword_helmet|帝 国 剑 士 盔 
itm_sword_helmet_pl|帝 国 剑 士 盔 
itm_sword_helmet3|帝 国 剑 士 盔 
itm_sword_helmet3_pl|帝 国 剑 士 盔 
itm_sword_helmet4|帝 国 剑 士 盔 
itm_sword_helmet4_pl|帝 国 剑 士 盔 
itm_sword_helmet5|帝 国 剑 士 盔 
itm_sword_helmet5_pl|帝 国 剑 士 盔 
itm_sword_helmet7|帝 国 队 长 盔 
itm_sword_helmet7_pl|帝 国 队 长 盔 
itm_militia_helmet|帝 国 民 兵 盔 
itm_militia_helmet_pl|帝 国 民 兵 盔 
itm_black_reinforced_gloves|黑 色 加 强 护 手 
itm_black_reinforced_gloves_pl|黑 色 加 强 护 手 
itm_empire_helm2|帝 国 盔 
itm_empire_helm2_pl|帝 国 盔 
itm_empire_helm|帝 国 盔 
itm_empire_helm_pl|帝 国 盔 
itm_visored_sallet|帝 国 盔 
itm_visored_sallet_pl|帝 国 盔 
itm_open_sallet_coif|帝 国 开 放 式 护 盔 
itm_open_sallet_coif_pl|帝 国 开 放 式 护 盔 
itm_visored_sallet_coif|帝 国 头 巾 护 盔 
itm_visored_sallet_coif_pl|帝 国 头 巾 护 盔 
itm_knights_visored_sallet|帝 国 骑 士 盔 
itm_knights_visored_sallet_pl|帝 国 骑 士 盔 
itm_ironside_helm|帝 国 铁 盔 
itm_ironside_helm_pl|帝 国 铁 盔 
itm_ironside_helm2|帝 国 铁 盔 
itm_ironside_helm2_pl|帝 国 铁 盔 
itm_helhunten_helm|帝 国 盔 
itm_helhunten_helm_pl|帝 国 盔 
itm_engineer_hat|工 程 师 帽 
itm_engineer_hat_pl|工 程 师 帽 
itm_emma_helm|艾 曼 纽 盔 
itm_emma_helm_pl|艾 曼 纽 盔 
itm_huntercoat|猎 巫 人 外 套 
itm_huntercoat_pl|猎 巫 人 外 套 
itm_master_huntercoat|猎 巫 人 大 师 外 套 
itm_master_huntercoat_pl|猎 巫 人 大 师 外 套 
itm_general_huntercoat|猎 巫 人 外 套 
itm_general_huntercoat_pl|猎 巫 人 外 套 
itm_huntercoat2|猎 巫 人 外 套 
itm_huntercoat2_pl|猎 巫 人 外 套 
itm_plate_mittens|板 甲 护 手 
itm_plate_mittens_pl|板 甲 护 手 
itm_bandana1|头 巾 
itm_bandana1_pl|头 巾 
itm_bandana2|头 巾 
itm_bandana2_pl|头 巾 
itm_bandana3|头 巾 
itm_bandana3_pl|头 巾 
itm_bandana4|头 巾 
itm_bandana4_pl|头 巾 
itm_bandana5|头 巾 
itm_bandana5_pl|头 巾 
itm_bandana6|头 巾 
itm_bandana6_pl|头 巾 
itm_new_hat1|帽 子 
itm_new_hat1_pl|帽 子 
itm_new_hat2|帽 子 
itm_new_hat2_pl|帽 子 
itm_new_hat3|帽 子 
itm_new_hat3_pl|帽 子 
itm_new_hat4|船 形 帽 
itm_new_hat4_pl|船 形 帽 
itm_new_hat5|帽 子 
itm_new_hat5_pl|帽 子 
itm_new_hat6|帽 子 
itm_new_hat6_pl|帽 子 
itm_new_hat7|帽 子 
itm_new_hat7_pl|帽 子 
itm_new_hat8|帽 子 
itm_new_hat8_pl|帽 子 
itm_hat_vanklumpf|海 盗 帽 
itm_hat_vanklumpf_pl|海 盗 帽 
itm_tricorne|船 形 帽 
itm_tricorne_pl|船 形 帽 
itm_piratehat|海 盗 帽 
itm_piratehat_pl|海 盗 帽 
itm_pirate_shirt|海 盗 衫 
itm_pirate_shirt_pl|海 盗 衫 
itm_pirate_seaman|海 盗 衫 
itm_pirate_seaman_pl|海 盗 衫 
itm_pirate_mate|皮 大 衣 
itm_pirate_mate_pl|皮 大 衣 
itm_pirate_plate_body|海 盗 胸 甲 
itm_pirate_plate_body_pl|海 盗 胸 甲 
itm_pirate_rogue|海 盗 衫 
itm_pirate_rogue_pl|海 盗 衫 
itm_waistcoat_black|黑 马 甲 
itm_waistcoat_black_pl|黑 马 甲 
itm_musket_coat|火 枪 手 外 套 
itm_musket_coat_pl|火 枪 手 外 套 
itm_musketeer_coat|火 枪 手 外 套 
itm_musketeer_coat_pl|火 枪 手 外 套 
itm_female_musketeer_coat|火 枪 手 外 套 
itm_female_musketeer_coat_pl|火 枪 手 外 套 
itm_female_red_musketeer_coat|火 枪 手 外 套 
itm_female_red_musketeer_coat_pl|火 枪 手 外 套 
itm_red_musketeer_coat|火 枪 手 外 套 
itm_red_musketeer_coat_pl|火 枪 手 外 套 
itm_pirate_eleanor|埃 利 诺 外 套 
itm_pirate_eleanor_pl|埃 利 诺 外 套 
itm_pirate_coat|海 盗 外 套 
itm_pirate_coat_pl|海 盗 外 套 
itm_female_coat|海 盗 外 套 
itm_female_coat_pl|海 盗 外 套 
itm_pirate_duel|海 盗 外 套 
itm_pirate_duel_pl|海 盗 外 套 
itm_female_duel|海 盗 外 套 
itm_female_duel_pl|海 盗 外 套 
itm_pirate_captain|海 盗 外 套 
itm_pirate_captain_pl|海 盗 外 套 
itm_female_captain|海 盗 外 套 
itm_female_captain_pl|海 盗 外 套 
itm_pirate_officer|海 盗 船 长 外 套 
itm_pirate_officer_pl|海 盗 船 长 外 套 
itm_female_officer|海 盗 船 长 外 套 
itm_female_officer_pl|海 盗 船 长 外 套 
itm_pirate_lord|海 盗 金 边 外 套 
itm_pirate_lord_pl|海 盗 金 边 外 套 
itm_skeleton_helmet|骷 髅 盔 
itm_skeleton_helmet_pl|骷 髅 盔 
itm_albertus_helm|阿 尔 伯 图 斯 盔 
itm_albertus_helm_pl|阿 尔 伯 图 斯 盔 
itm_shahi|骷 髅 盔 
itm_shahi_pl|骷 髅 盔 
itm_skeleton_helm|骷 髅 盔 
itm_skeleton_helm_pl|骷 髅 盔 
itm_skeleton_helm2|骷 髅 盔 
itm_skeleton_helm2_pl|骷 髅 盔 
itm_skeleton_helm3|骷 髅 盔 
itm_skeleton_helm3_pl|骷 髅 盔 
itm_skeleton_helm4|骷 髅 盔 
itm_skeleton_helm4_pl|骷 髅 盔 
itm_skeleton_helm5|骷 髅 盔 
itm_skeleton_helm5_pl|骷 髅 盔 
itm_skeleton_helm6|骷 髅 盔 
itm_skeleton_helm6_pl|骷 髅 盔 
itm_skeleton_helm7|骷 髅 盔 
itm_skeleton_helm7_pl|骷 髅 盔 
itm_skeleton_helm8|骷 髅 盔 
itm_skeleton_helm8_pl|骷 髅 盔 
itm_skeleton_helm9|骷 髅 盔 
itm_skeleton_helm9_pl|骷 髅 盔 
itm_skeleton_helm10|骷 髅 骑 士 盔 
itm_skeleton_helm10_pl|骷 髅 骑 士 盔 
itm_skeleton_helm11|尸 妖 盔 
itm_skeleton_helm11_pl|尸 妖 盔 
itm_skeleton_helm12|尸 妖 盔 
itm_skeleton_helm12_pl|尸 妖 盔 
itm_skeleton_helm13|尸 妖 盔 
itm_skeleton_helm13_pl|尸 妖 盔 
itm_skeleton_helm14|骷 髅 骑 士 盔 
itm_skeleton_helm14_pl|骷 髅 骑 士 盔 
itm_skeleton_helm15|骷 髅 骑 士 盔 
itm_skeleton_helm15_pl|骷 髅 骑 士 盔 
itm_skeleton_helm16|荒 坟 守 卫 盔 
itm_skeleton_helm16_pl|荒 坟 守 卫 盔 
itm_skeleton_helm17|荒 坟 守 卫 盔 
itm_skeleton_helm17_pl|荒 坟 守 卫 盔 
itm_skeleton_helm18|地 狱 骑 士 盔 
itm_skeleton_helm18_pl|地 狱 骑 士 盔 
itm_skeleton_helm19|地 狱 骑 士 盔 
itm_skeleton_helm19_pl|地 狱 骑 士 盔 
itm_tomb_helmet|古 墓 盔 
itm_tomb_helmet_pl|古 墓 盔 
itm_liche_helmet|巫 妖 盔 
itm_liche_helmet_pl|巫 妖 盔 
itm_high_liche_helmet|大 巫 妖 盔 
itm_high_liche_helmet_pl|大 巫 妖 盔 
itm_tomb_knighthelm|墓 园 骑 士 盔 
itm_tomb_knighthelm_pl|墓 园 骑 士 盔 
itm_tomb_knightfull|墓 园 骑 士 全 盔 
itm_tomb_knightfull_pl|墓 园 骑 士 全 盔 
itm_tomb_lordhelm|墓 地 领 主 盔
itm_tomb_lordhelm_pl|墓 地 领 主 盔
itm_tomb_lordfull|墓 地 领 主 全 盔
itm_tomb_lordfull_pl|墓 地 领 主 全 盔
itm_tomb_king_helm|古 墓 王 盔 
itm_tomb_king_helm_pl|古 墓 王 盔 
itm_deathmask|卡 哈 努 特 金 色 死 亡 面 具 
itm_deathmask_pl|卡 哈 努 特 金 色 死 亡 面 具 
itm_tomb_woman|古 墓 女 甲 
itm_tomb_woman_pl|古 墓 女 甲 
itm_tomb_woman_head|骷 髅 头 部
itm_tomb_woman_head_pl|骷 髅 头 部
itm_tomb_woman_head2|骷 髅 头 部
itm_tomb_woman_head2_pl|骷 髅 头 部
itm_vaegir_guard_helmet|骷 髅 护 卫 盔 
itm_vaegir_guard_helmet_pl|骷 髅 护 卫 盔 
itm_vaegir_spiked_helmet|骷 髅 锥 顶 盔
itm_vaegir_spiked_helmet_pl|骷 髅 锥 顶 盔
itm_vaegir_noble_helmet|骷 髅 精 英 护 卫 盔 
itm_vaegir_noble_helmet_pl|骷 髅 精 英 护 卫 盔 
itm_vaegir_mask|古 墓 面 具 战 盔 
itm_vaegir_mask_pl|古 墓 面 具 战 盔 
itm_brigandine_felix|帝 国 贵 族 甲 
itm_brigandine_felix_pl|帝 国 贵 族 甲 
itm_witchhunt|猎 巫 人 帽 
itm_witchhunt_pl|猎 巫 人 帽 
itm_witchhunt2|猎 巫 人 帽 
itm_witchhunt2_pl|猎 巫 人 帽 
itm_master_witchhunt|猎 巫 人 帽 
itm_master_witchhunt_pl|猎 巫 人 帽 
itm_general_witchhunt|猎 巫 人 帽
itm_general_witchhunt_pl|猎 巫 人 帽
itm_warrior_priest_headband|战 斗 牧 师 头 带 
itm_warrior_priest_headband_pl|战 斗 牧 师 头 带 
itm_wolf_cloak|白 狼 披 风 
itm_wolf_cloak_pl|白 狼 披 风 
itm_wolf_cloak2|棕 狼 披 风 
itm_wolf_cloak2_pl|棕 狼 披 风 
itm_wolf_cloak3|白 狼 披 风 
itm_wolf_cloak3_pl|白 狼 披 风 
itm_white_wolf_helmet|白 狼 带 盔 披 风 
itm_white_wolf_helmet_pl|白 狼 带 盔 披 风 
itm_white_wolf_helmet2|白 狼 带 盔 披 风 
itm_white_wolf_helmet2_pl|白 狼 带 盔 披 风 
itm_white_wolf_helmet3|灰 狼 盔 
itm_white_wolf_helmet3_pl|灰 狼 盔 
itm_white_wolf_helmet4|白 狼 盔 
itm_white_wolf_helmet4_pl|白 狼 盔 
itm_white_wolf_knight_helmet|白 狼 骑 士 盔 
itm_white_wolf_knight_helmet_pl|白 狼 骑 士 盔 
itm_white_cloak|白 色 斗 篷 
itm_white_cloak_pl|白 色 斗 篷 
itm_wolf_kin|狼 族 战 士 甲
itm_wolf_kin_pl|狼 族 战 士 甲
itm_wolf_brother|狼 兄 弟 甲
itm_wolf_brother_pl|狼 兄 弟 甲
itm_dawn_armour|黎 明 甲 
itm_dawn_armour_pl|黎 明 甲 
itm_empire_uniform|帝 国 短 袍 
itm_empire_uniform_pl|帝 国 短 袍 
itm_ulric_uniform|帝 国 短 袍 
itm_ulric_uniform_pl|帝 国 短 袍 
itm_nuln_uniform|帝 国 短 袍 
itm_nuln_uniform_pl|帝 国 短 袍 
itm_militia_uniform|帝 国 民 兵 短 袍 
itm_militia_uniform_pl|帝 国 民 兵 短 袍 
itm_empire_spearman_armour|帝 国 矛 兵 甲 
itm_empire_spearman_armour_pl|帝 国 矛 兵 甲 
itm_empire_ulric_armour|尤 里 克 剑 士 甲 
itm_empire_ulric_armour_pl|尤 里 克 剑 士 甲 
itm_empire_nuln_armour|南 方 帝 国 盔 甲 
itm_empire_nuln_armour_pl|南 方 帝 国 盔 甲 
itm_empire_militia_armour|帝 国 民 兵 外 套 
itm_empire_militia_armour_pl|帝 国 民 兵 外 套 
itm_empire_halberd_armour|帝 国 戟 兵 甲 
itm_empire_halberd_armour_pl|帝 国 戟 兵 甲 
itm_deaths_head_armour|亡 者 之 颅 甲 
itm_deaths_head_armour_pl|亡 者 之 颅 甲 
itm_deaths_head_armour2|亡 者 之 颅 重 甲 
itm_deaths_head_armour2_pl|亡 者 之 颅 重 甲 
itm_empire_sword_armour|帝 国 剑 士 甲 
itm_empire_sword_armour_pl|帝 国 剑 士 甲 
itm_ulric_sword_armour|尤 里 克 剑 士 甲 
itm_ulric_sword_armour_pl|尤 里 克 剑 士 甲 
itm_empire_nuln_sword_armour|南 方 帝 国 剑 士 甲 
itm_empire_nuln_sword_armour_pl|南 方 帝 国 剑 士 甲 
itm_militia_sword_armour|帝 国 民 兵 剑 士 甲 
itm_militia_sword_armour_pl|帝 国 民 兵 剑 士 甲 
itm_empire_vet_armour|帝 国 老 兵 甲 
itm_empire_vet_armour_pl|帝 国 老 兵 甲 
itm_empire_vetsword_armour|帝 国 资 深 剑 士 甲 
itm_empire_vetsword_armour_pl|帝 国 资 深 剑 士 甲 
itm_ulric_vetsword_armour|尤 里 克 决 斗 者 甲 
itm_ulric_vetsword_armour_pl|尤 里 克 决 斗 者 甲 
itm_nuln_vetsword_armour|南 方 帝 国 资 深 剑 士 甲 
itm_nuln_vetsword_armour_pl|南 方 帝 国 资 深 剑 士 甲 
itm_militia_vetsword_armour|帝 国 民 兵 剑 士 甲 
itm_militia_vetsword_armour_pl|帝 国 民 兵 剑 士 甲 
itm_empire_greatsword|帝 国 大 剑 士 甲 
itm_empire_greatsword_pl|帝 国 大 剑 士 甲 
itm_empire_ironside_armour|努 恩 铁 甲 军 甲
itm_empire_ironside_armour_pl|努 恩 铁 甲 军 甲
itm_imperial_engineer_armour|帝 国 工 程 师 甲 
itm_imperial_engineer_armour_pl|帝 国 工 程 师 甲 
itm_helhunten_armour|帝 国 甲 
itm_helhunten_armour_pl|帝 国 甲 
itm_empire_archer_tunic|帝 国 民 兵 射 手 短 袍 
itm_empire_archer_tunic_pl|帝 国 民 兵 射 手 短 袍 
itm_empire_archer_tunic2|帝 国 民 兵 射 手 短 袍 
itm_empire_archer_tunic2_pl|帝 国 民 兵 射 手 短 袍 
itm_empire_cross_uniform|帝 国 短 袍 
itm_empire_cross_uniform_pl|帝 国 短 袍 
itm_empire_cross_uniform2|帝 国 短 袍 
itm_empire_cross_uniform2_pl|帝 国 短 袍 
itm_empire_cross_uniform3|帝 国 短 袍 
itm_empire_cross_uniform3_pl|帝 国 短 袍 
itm_empire_cross_uniform4|帝 国 民 兵 短 袍 
itm_empire_cross_uniform4_pl|帝 国 民 兵 短 袍 
itm_empire_marksman_armour|帝 国 神 射 手 甲 
itm_empire_marksman_armour_pl|帝 国 神 射 手 甲 
itm_empire_marksman_armour2|帝 国 神 射 手 甲 
itm_empire_marksman_armour2_pl|帝 国 神 射 手 甲 
itm_empire_marksman_armour3|南 方 帝 国 神 射 手 甲 
itm_empire_marksman_armour3_pl|南 方 帝 国 神 射 手 甲 
itm_empire_marksman_armour4|帝 国 神 射 手 甲 
itm_empire_marksman_armour4_pl|帝 国 神 射 手 甲 
itm_empire_handgun_uniform|帝 国 短 袍 
itm_empire_handgun_uniform_pl|帝 国 短 袍 
itm_empire_handgun_uniform2|北 方 帝 国 火 枪 手 短 袍
itm_empire_handgun_uniform2_pl|北 方 帝 国 火 枪 手 短 袍
itm_empire_handgun_uniform3|南 方 帝 国 火 枪 手 短 袍
itm_empire_handgun_uniform3_pl|南 方 帝 国 火 枪 手 短 袍
itm_empire_handgun_uniform4|帝 国 民 兵 火 枪 手 短 袍
itm_empire_handgun_uniform4_pl|帝 国 民 兵 火 枪 手 短 袍
itm_empire_sniper_armour|帝 国 神 枪 手 甲 
itm_empire_sniper_armour_pl|帝 国 神 枪 手 甲 
itm_empire_sniper_armour2|北 方 帝 国 神 枪 手 甲 
itm_empire_sniper_armour2_pl|北 方 帝 国 神 枪 手 甲 
itm_empire_sniper_armour3|南 方 帝 国 神 枪 手 甲 
itm_empire_sniper_armour3_pl|南 方 帝 国 神 枪 手 甲 
itm_empire_armour_heavy|帝 国 重 甲 
itm_empire_armour_heavy_pl|帝 国 重 甲 
itm_empire_armour_heavy2|北 方 帝 国 民 兵 甲 
itm_empire_armour_heavy2_pl|北 方 帝 国 民 兵 甲 
itm_empire_armour_heavy3|南 方 帝 国 民 兵 甲 
itm_empire_armour_heavy3_pl|南 方 帝 国 民 兵 甲 
itm_empire_ferlangen_armour|帝 国 神 枪 手 甲 
itm_empire_ferlangen_armour_pl|帝 国 神 枪 手 甲 
itm_empire_ferlangen_armour2|帝 国 神 枪 手 甲 
itm_empire_ferlangen_armour2_pl|帝 国 神 枪 手 甲 
itm_empire_ferlangen_armour3|南 方 帝 国 神 枪 手 甲 
itm_empire_ferlangen_armour3_pl|南 方 帝 国 神 枪 手 甲 
itm_empire_armour_pistolier|帝 国 手 枪 骑 兵 甲 
itm_empire_armour_pistolier_pl|帝 国 手 枪 骑 兵 甲 
itm_empire_armour_pistolier2|帝 国 手 枪 骑 兵 甲 
itm_empire_armour_pistolier2_pl|帝 国 手 枪 骑 兵 甲 
itm_empire_armour_pistolier3|帝 国 手 枪 骑 兵 甲 
itm_empire_armour_pistolier3_pl|帝 国 手 枪 骑 兵 甲 
itm_reiksguard_armour|瑞 克 护 卫 甲 
itm_reiksguard_armour_pl|瑞 克 护 卫 甲 
itm_wolf_armour|白 狼 骑 士 甲 
itm_wolf_armour_pl|白 狼 骑 士 甲 
itm_panther_armour|猎 豹 骑 士 甲 
itm_panther_armour_pl|猎 豹 骑 士 甲 
itm_panther_armour2|猎 豹 骑 士 甲 
itm_panther_armour2_pl|猎 豹 骑 士 甲 
itm_reiksguard_armour2|瑞 克 卫 队 盔 甲
itm_reiksguard_armour2_pl|瑞 克 卫 队 盔 甲
itm_inner_helm|狮 鹫 骑 士 盔 
itm_inner_helm_pl|狮 鹫 骑 士 盔 
itm_reiksguard_helm_open|瑞 克 护 卫 盔 
itm_reiksguard_helm_open_pl|瑞 克 护 卫 盔 
itm_knights_panther_helm|猎 豹 骑 士 盔 
itm_knights_panther_helm_pl|猎 豹 骑 士 盔 
itm_knights_panther_helm2|猎 豹 骑 士 盔 
itm_knights_panther_helm2_pl|猎 豹 骑 士 盔 
itm_reiksguard_helm|瑞 克 卫 队 头 盔
itm_reiksguard_helm_pl|瑞 克 卫 队 头 盔
itm_inner_circle_armour|狮 鹫 骑 士 甲 
itm_inner_circle_armour_pl|狮 鹫 骑 士 甲 
itm_empire_eliteknight|帝 国 领 主 甲 
itm_empire_eliteknight_pl|帝 国 领 主 甲 
itm_emma_armor|艾 曼 纽 甲 
itm_emma_armor_pl|艾 曼 纽 甲 
itm_emperor_armour|帝 皇 铠 甲 
itm_emperor_armour_pl|帝 皇 铠 甲 
itm_emperor_sallet|帝 国 盔 
itm_emperor_sallet_pl|帝 国 盔 
itm_todbringer_armour|托 德 布 林 格 甲 
itm_todbringer_armour_pl|托 德 布 林 格 甲 
itm_aldebrand_armour|阿 尔 德 布 兰 德 甲 
itm_aldebrand_armour_pl|阿 尔 德 布 兰 德 甲 
itm_ferlangen_boots1|神 枪 手 靴 
itm_ferlangen_boots1_pl|神 枪 手 靴 
itm_witchhuntboots|猎 巫 人 靴 
itm_witchhuntboots_pl|猎 巫 人 靴 
itm_empire_boots|加 固 靴 
itm_empire_boots_pl|加 固 靴 
itm_empire_shoes|帝 国 靴 
itm_empire_shoes_pl|帝 国 靴 
itm_empire_shoes2|帝 国 靴 
itm_empire_shoes2_pl|帝 国 靴 
itm_empire_shoes3|帝 国 靴 
itm_empire_shoes3_pl|帝 国 靴 
itm_empire_boots1|皮 靴 
itm_empire_boots1_pl|皮 靴 
itm_empire_boots2|上 等 皮 靴 
itm_empire_boots2_pl|上 等 皮 靴 
itm_empire_boots3|棕 色 皮 靴
itm_empire_boots3_pl|棕 色 皮 靴
itm_empire_boots4|棕 色 皮 靴
itm_empire_boots4_pl|棕 色 皮 靴
itm_empire_boots5|黑 色 皮 靴 
itm_empire_boots5_pl|黑 色 皮 靴 
itm_empire_boots6|黑 色 皮 靴 
itm_empire_boots6_pl|黑 色 皮 靴 
itm_emp_armour_boots1|装 甲 护 胫 
itm_emp_armour_boots1_pl|装 甲 护 胫 
itm_ironsider_boots|铁 甲 护 胫 
itm_ironsider_boots_pl|铁 甲 护 胫 
itm_emp_armour_boots2|装 甲 护 胫 
itm_emp_armour_boots2_pl|装 甲 护 胫 
itm_emp_armour_boots3|重 型 装 甲 护 胫 
itm_emp_armour_boots3_pl|重 型 装 甲 护 胫 
itm_emp_black_greaves|重 型 装 甲 护 胫 
itm_emp_black_greaves_pl|重 型 装 甲 护 胫 
itm_emp_armoured_boots4|帝 国 铁 护 胫 
itm_emp_armoured_boots4_pl|帝 国 铁 护 胫 
itm_karl_franz_boots|卡 尔 · 弗 兰 兹 护 胫
itm_karl_franz_boots_pl|卡 尔 · 弗 兰 兹 护 胫
itm_ulric_heavy_greaves|尤 里 克 铁 护 胫 
itm_ulric_heavy_greaves_pl|尤 里 克 铁 护 胫 
itm_wolf_knight_boots|狼 骑 士 护 胫 
itm_wolf_knight_boots_pl|狼 骑 士 护 胫 
itm_plate_mittens2|帝 国 板 甲 护 手 
itm_plate_mittens2_pl|帝 国 板 甲 护 手 
itm_greatsword_boots|大 剑 士 靴 
itm_greatsword_boots_pl|大 剑 士 靴 
itm_greatsword_gauntlets|大 剑 士 护 手 
itm_greatsword_gauntlets_pl|大 剑 士 护 手 
itm_wolf_gauntlets|白 狼 骑 士 护 手 
itm_wolf_gauntlets_pl|白 狼 骑 士 护 手 
itm_empire_carroburg|卡 隆 堡 大 剑 士 甲 
itm_empire_carroburg_pl|卡 隆 堡 大 剑 士 甲 
itm_empire_carroburg_boots|卡 隆 堡 大 剑 士 靴 
itm_empire_carroburg_boots_pl|卡 隆 堡 大 剑 士 靴 
itm_empire_carroburg_gauntlets|卡 隆 堡 大 剑 士 护 手 
itm_empire_carroburg_gauntlets_pl|卡 隆 堡 大 剑 士 护 手 
itm_sword_helmet6|尤 里 克 剑 士 盔 
itm_sword_helmet6_pl|尤 里 克 剑 士 盔 
itm_leitdorf|马 吕 斯 · 雷 道 夫 甲 
itm_leitdorf_pl|马 吕 斯 · 雷 道 夫 甲 
itm_blazing_knight|焰 阳 骑 士 甲 
itm_blazing_knight_pl|焰 阳 骑 士 甲 
itm_teutogen_armour|尤 里 克 重 甲 
itm_teutogen_armour_pl|尤 里 克 重 甲 
itm_teutogen_armour2|条 顿 骑 士 甲 
itm_teutogen_armour2_pl|条 顿 骑 士 甲 
itm_knights_blazing_sallet|焰 阳 骑 士 盔 
itm_knights_blazing_sallet_pl|焰 阳 骑 士 盔 
itm_flagellant|鞭 笞 者 甲 
itm_flagellant_pl|鞭 笞 者 甲 
itm_empire_priest|帝 国 牧 师 甲 
itm_empire_priest_pl|帝 国 牧 师 甲 
itm_ulric_priest|尤 里 克 牧 师 甲 
itm_ulric_priest_pl|尤 里 克 牧 师 甲 
itm_house_shoes|便 鞋 
itm_house_shoes_pl|便 鞋 
itm_vamp_light_boot|吸 血 鬼 轻 靴 
itm_vamp_light_boot_pl|吸 血 鬼 轻 靴 
itm_vamp_chaos_boot|吸 血 鬼 轻 靴 
itm_vamp_chaos_boot_pl|吸 血 鬼 轻 靴 
itm_vamp_greaves|吸 血 鬼 护 胫 
itm_vamp_greaves_pl|吸 血 鬼 护 胫 
itm_vampire_shoes|吸 血 鬼 靴 
itm_vampire_shoes_pl|吸 血 鬼 靴 
itm_vamp_lord_greaves|吸 血 鬼 领 主 靴
itm_vamp_lord_greaves_pl|吸 血 鬼 领 主 靴
itm_vamp_gauntlets|吸 血 鬼 护 手 
itm_vamp_gauntlets_pl|吸 血 鬼 护 手 
itm_vamp_red_gauntlets|吸 血 鬼 护 手 
itm_vamp_red_gauntlets_pl|吸 血 鬼 护 手 
itm_vamp_gold_gauntlets|吸 血 鬼 护 手 
itm_vamp_gold_gauntlets_pl|吸 血 鬼 护 手 
itm_vamp_black_gauntlets|吸 血 鬼 护 手 
itm_vamp_black_gauntlets_pl|吸 血 鬼 护 手 
itm_vampire_gauntlets|吸 血 鬼 护 手 
itm_vampire_gauntlets_pl|吸 血 鬼 护 手 
itm_vampire_gloves|吸 血 鬼 护 手 
itm_vampire_gloves_pl|吸 血 鬼 护 手 
itm_vampire_gauntlets2|吸 血 鬼 臂 铠 
itm_vampire_gauntlets2_pl|吸 血 鬼 臂 铠 
itm_vampire_gauntlets3|吸 血 鬼 臂 铠 
itm_vampire_gauntlets3_pl|吸 血 鬼 臂 铠 
itm_vampire_gauntlets4|吸 血 鬼 臂 铠 
itm_vampire_gauntlets4_pl|吸 血 鬼 臂 铠 
itm_vampire_gauntlets5|吸 血 鬼 臂 铠 
itm_vampire_gauntlets5_pl|吸 血 鬼 臂 铠 
itm_vampire_gauntlets6|吸 血 鬼 臂 铠 
itm_vampire_gauntlets6_pl|吸 血 鬼 臂 铠 
itm_depth_gauntlets|深 海 护 手 
itm_depth_gauntlets_pl|深 海 护 手 
itm_vampire_greaves|吸 血 鬼 护 胫
itm_vampire_greaves_pl|吸 血 鬼 护 胫
itm_vampire_red_greaves|吸 血 鬼 护 胫
itm_vampire_red_greaves_pl|吸 血 鬼 护 胫
itm_vampire_gold_greaves|吸 血 鬼 护 胫
itm_vampire_gold_greaves_pl|吸 血 鬼 护 胫
itm_vampire_black_greaves|吸 血 鬼 护 胫
itm_vampire_black_greaves_pl|吸 血 鬼 护 胫
itm_depth_greaves|深 海 护 胫
itm_depth_greaves_pl|深 海 护 胫
itm_vampire_greaves2|吸 血 鬼 护 胫
itm_vampire_greaves2_pl|吸 血 鬼 护 胫
itm_vampire_greaves3|吸 血 鬼 护 胫
itm_vampire_greaves3_pl|吸 血 鬼 护 胫
itm_vampire_greaves4|吸 血 鬼 护 胫
itm_vampire_greaves4_pl|吸 血 鬼 护 胫
itm_vampire_greaves5|吸 血 鬼 护 胫
itm_vampire_greaves5_pl|吸 血 鬼 护 胫
itm_vampire_greaves6|吸 血 鬼 护 胫
itm_vampire_greaves6_pl|吸 血 鬼 护 胫
itm_house_waistcoat|背 心 
itm_house_waistcoat_pl|背 心 
itm_house_gambeson|黑 色 软 甲 
itm_house_gambeson_pl|黑 色 软 甲 
itm_house_mail|链 甲 外 套 
itm_house_mail_pl|链 甲 外 套 
itm_butler|管 家 服 
itm_butler_pl|管 家 服 
itm_valet|仆 人 服 
itm_valet_pl|仆 人 服 
itm_vampire_armor|吸 血 鬼 板 甲 
itm_vampire_armor_pl|吸 血 鬼 板 甲 
itm_vampire_suit|吸 血 鬼 晚 礼 服 
itm_vampire_suit_pl|吸 血 鬼 晚 礼 服 
itm_mortis_hat|室 内 帽 
itm_mortis_hat_pl|室 内 帽 
itm_mortis_hat2|室 内 帽 
itm_mortis_hat2_pl|室 内 帽 
itm_kemmler_hat|凯 姆 勒 帽 
itm_kemmler_hat_pl|凯 姆 勒 帽 
itm_vampire_lord_hat|吸 血 鬼 晚 礼 帽 
itm_vampire_lord_hat_pl|吸 血 鬼 晚 礼 帽 
itm_depth_guard_armour|深 海 护 卫 全 身 板 甲 
itm_depth_guard_armour_pl|深 海 护 卫 全 身 板 甲 
itm_depth_guard_boarder_armour|深 海 护 卫 板 甲 
itm_depth_guard_boarder_armour_pl|深 海 护 卫 板 甲 
itm_vampire_plate_armour|吸 血 鬼 全 身 板 甲 
itm_vampire_plate_armour_pl|吸 血 鬼 全 身 板 甲 
itm_vampire_plate_armour_red|血 骑 士 甲 
itm_vampire_plate_armour_red_pl|血 骑 士 甲 
itm_vampire_plate_armour_gold|吸 血 鬼 全 身 板 甲 
itm_vampire_plate_armour_gold_pl|吸 血 鬼 全 身 板 甲 
itm_vampire_plate_armour_black|吸 血 鬼 全 身 板 甲 
itm_vampire_plate_armour_black_pl|吸 血 鬼 全 身 板 甲 
itm_vampire_plate_armour_carstein|冯 · 卡 斯 坦 因 全 身 板 甲 
itm_vampire_plate_armour_carstein_pl|冯 · 卡 斯 坦 因 全 身 板 甲 
itm_vampire_medium_armour|吸 血 鬼 战 甲 
itm_vampire_medium_armour_pl|吸 血 鬼 战 甲 
itm_vampire_evening_armour|吸 血 鬼 午 夜 护 甲 
itm_vampire_evening_armour_pl|吸 血 鬼 午 夜 护 甲 
itm_vampire_evening_armour2|吸 血 鬼 午 夜 护 甲 
itm_vampire_evening_armour2_pl|吸 血 鬼 午 夜 护 甲 
itm_vampire_evening_armour3|吸 血 鬼 午 夜 护 甲 
itm_vampire_evening_armour3_pl|吸 血 鬼 午 夜 护 甲 
itm_vampire_evening_armour4|女 式 午 夜 护 甲 
itm_vampire_evening_armour4_pl|女 式 午 夜 护 甲 
itm_vampire_evening_armour5|女 式 午 夜 护 甲 
itm_vampire_evening_armour5_pl|女 式 午 夜 护 甲 
itm_vampire_evening_armour6|女 式 午 夜 护 甲 
itm_vampire_evening_armour6_pl|女 式 午 夜 护 甲 
itm_vampire_armour|吸 血 鬼 护 甲 
itm_vampire_armour_pl|吸 血 鬼 护 甲 
itm_vampire_armour2|吸 血 鬼 护 甲 
itm_vampire_armour2_pl|吸 血 鬼 护 甲 
itm_vampire_armour3|吸 血 鬼 护 甲 
itm_vampire_armour3_pl|吸 血 鬼 护 甲 
itm_vampire_armour4|女 式 吸 血 鬼 护 甲 
itm_vampire_armour4_pl|女 式 吸 血 鬼 护 甲 
itm_vampire_armour5|女 式 吸 血 鬼 护 甲 
itm_vampire_armour5_pl|女 式 吸 血 鬼 护 甲 
itm_vampire_armour6|女 式 吸 血 鬼 护 甲 
itm_vampire_armour6_pl|女 式 吸 血 鬼 护 甲 
itm_vampire_armour7|吸 血 鬼 全 身 甲 
itm_vampire_armour7_pl|吸 血 鬼 全 身 甲 
itm_vampire_armour8|吸 血 鬼 全 身 甲 
itm_vampire_armour8_pl|吸 血 鬼 全 身 甲 
itm_vampire_armour9|吸 血 鬼 全 身 甲 
itm_vampire_armour9_pl|吸 血 鬼 全 身 甲 
itm_vampire_armour10|女 式 吸 血 鬼 全 身 甲 
itm_vampire_armour10_pl|女 式 吸 血 鬼 全 身 甲 
itm_vampire_armour11|女 式 吸 血 鬼 全 身 甲 
itm_vampire_armour11_pl|女 式 吸 血 鬼 全 身 甲 
itm_vampire_armour12|女 式 吸 血 鬼 全 身 甲 
itm_vampire_armour12_pl|女 式 吸 血 鬼 全 身 甲 
itm_vampire_armour13|吸 血 鬼 全 身 板 甲 
itm_vampire_armour13_pl|吸 血 鬼 全 身 板 甲 
itm_vampire_armour14|吸 血 鬼 全 身 板 甲 
itm_vampire_armour14_pl|吸 血 鬼 全 身 板 甲 
itm_vampire_armour15|吸 血 鬼 全 身 板 甲 
itm_vampire_armour15_pl|吸 血 鬼 全 身 板 甲 
itm_vampire_armour16|女 式 吸 血 鬼 全 身 板 甲 
itm_vampire_armour16_pl|女 式 吸 血 鬼 全 身 板 甲 
itm_vampire_armour17|女 式 吸 血 鬼 全 身 板 甲 
itm_vampire_armour17_pl|女 式 吸 血 鬼 全 身 板 甲 
itm_vampire_armour18|女 式 吸 血 鬼 全 身 板 甲 
itm_vampire_armour18_pl|女 式 吸 血 鬼 全 身 板 甲 
itm_vampire_armour19|猩 红 全 身 板 甲 
itm_vampire_armour19_pl|猩 红 全 身 板 甲 
itm_vampire_armour20|猩 红 全 身 板 甲 
itm_vampire_armour20_pl|猩 红 全 身 板 甲 
itm_vampire_armour21|猩 红 全 身 板 甲 
itm_vampire_armour21_pl|猩 红 全 身 板 甲 
itm_vampire_armour22|女 式 猩 红 板 甲 
itm_vampire_armour22_pl|女 式 猩 红 板 甲 
itm_vampire_armour23|女 式 猩 红 板 甲 
itm_vampire_armour23_pl|女 式 猩 红 板 甲 
itm_vampire_armour24|女 式 猩 红 板 甲 
itm_vampire_armour24_pl|女 式 猩 红 板 甲 
itm_vampire_armour25|猩 红 全 身 板 甲 
itm_vampire_armour25_pl|猩 红 全 身 板 甲 
itm_vampire_armour26|猩 红 全 身 板 甲 
itm_vampire_armour26_pl|猩 红 全 身 板 甲 
itm_vampire_armour27|猩 红 全 身 板 甲 
itm_vampire_armour27_pl|猩 红 全 身 板 甲 
itm_vampire_armour28|女 式 猩 红 板 甲 
itm_vampire_armour28_pl|女 式 猩 红 板 甲 
itm_vampire_armour29|女 式 猩 红 板 甲 
itm_vampire_armour29_pl|女 式 猩 红 板 甲 
itm_vampire_armour30|女 式 猩 红 板 甲 
itm_vampire_armour30_pl|女 式 猩 红 板 甲 
itm_vampire_armour31|午 夜 全 身 甲 
itm_vampire_armour31_pl|午 夜 全 身 甲 
itm_vampire_armour32|午 夜 全 身 甲 
itm_vampire_armour32_pl|午 夜 全 身 甲 
itm_vampire_armour33|午 夜 全 身 甲 
itm_vampire_armour33_pl|午 夜 全 身 甲 
itm_vampire_armour34|女 式 午 夜 全 身 甲 
itm_vampire_armour34_pl|女 式 午 夜 全 身 甲 
itm_vampire_armour35|女 式 午 夜 全 身 甲 
itm_vampire_armour35_pl|女 式 午 夜 全 身 甲 
itm_vampire_armour36|女 式 午 夜 全 身 甲 
itm_vampire_armour36_pl|女 式 午 夜 全 身 甲 
itm_vampire_armour37|午 夜 全 身 甲 
itm_vampire_armour37_pl|午 夜 全 身 甲 
itm_vampire_armour38|午 夜 全 身 甲 
itm_vampire_armour38_pl|午 夜 全 身 甲 
itm_vampire_armour39|午 夜 全 身 甲 
itm_vampire_armour39_pl|午 夜 全 身 甲 
itm_vampire_armour40|女 式 午 夜 全 身 甲 
itm_vampire_armour40_pl|女 式 午 夜 全 身 甲 
itm_vampire_armour41|女 式 午 夜 全 身 甲 
itm_vampire_armour41_pl|女 式 午 夜 全 身 甲 
itm_vampire_armour42|女 式 午 夜 全 身 甲 
itm_vampire_armour42_pl|女 式 午 夜 全 身 甲 
itm_vampire_helm|吸 血 鬼 全 盔 
itm_vampire_helm_pl|吸 血 鬼 全 盔 
itm_vampire_helm2|吸 血 鬼 盔 
itm_vampire_helm2_pl|吸 血 鬼 盔 
itm_vampire_helm3|吸 血 鬼 盔 
itm_vampire_helm3_pl|吸 血 鬼 盔 
itm_vampire_helm4|吸 血 鬼 盔 
itm_vampire_helm4_pl|吸 血 鬼 盔 
itm_vampire_helm5|吸 血 鬼 盔 
itm_vampire_helm5_pl|吸 血 鬼 盔 
itm_vampire_helm6|吸 血 鬼 盔 
itm_vampire_helm6_pl|吸 血 鬼 盔 
itm_vampire_helm7|吸 血 鬼 盔 
itm_vampire_helm7_pl|吸 血 鬼 盔 
itm_vampire_helm8|血 腥 护 盔 
itm_vampire_helm8_pl|血 腥 护 盔 
itm_vampire_helm9|血 腥 护 盔 
itm_vampire_helm9_pl|血 腥 护 盔 
itm_vampire_helm10|血 腥 护 盔 
itm_vampire_helm10_pl|血 腥 护 盔 
itm_vampire_helm11|血 腥 护 盔 
itm_vampire_helm11_pl|血 腥 护 盔 
itm_vampire_helm12|血 腥 护 盔 
itm_vampire_helm12_pl|血 腥 护 盔 
itm_vampire_helm13|血 腥 护 盔 
itm_vampire_helm13_pl|血 腥 护 盔 
itm_vampire_helm14|午 夜 护 盔 
itm_vampire_helm14_pl|午 夜 护 盔 
itm_vampire_helm15|午 夜 护 盔 
itm_vampire_helm15_pl|午 夜 护 盔 
itm_vampire_helm16|午 夜 护 盔 
itm_vampire_helm16_pl|午 夜 护 盔 
itm_vampire_helm17|午 夜 护 盔 
itm_vampire_helm17_pl|午 夜 护 盔 
itm_vampire_helm18|午 夜 护 盔 
itm_vampire_helm18_pl|午 夜 护 盔 
itm_vampire_helm19|午 夜 护 盔 
itm_vampire_helm19_pl|午 夜 护 盔 
itm_red_duke_helm|红 公 爵 盔 
itm_red_duke_helm_pl|红 公 爵 盔 
itm_vampire_lord_helm|吸 血 鬼 领 主 盔 
itm_vampire_lord_helm_pl|吸 血 鬼 领 主 盔 
itm_vampire_lord_helm_gold|吸 血 鬼 金 色 领 主 盔 
itm_vampire_lord_helm_gold_pl|吸 血 鬼 金 色 领 主 盔 
itm_vampire_lord_helm_red|吸 血 鬼 红 色 领 主 盔 
itm_vampire_lord_helm_red_pl|吸 血 鬼 红 色 领 主 盔 
itm_vampire_lord_helm_black|吸 血 鬼 黑 色 领 主 盔 
itm_vampire_lord_helm_black_pl|吸 血 鬼 黑 色 领 主 盔 
itm_depth_helm_1|深 海 护 卫 盔 
itm_depth_helm_1_pl|深 海 护 卫 盔 
itm_depth_helm_2|深 海 护 卫 盔 
itm_depth_helm_2_pl|深 海 护 卫 盔 
itm_depth_helm_3|深 海 护 卫 盔 
itm_depth_helm_3_pl|深 海 护 卫 盔 
itm_depth_helm_4|深 海 护 卫 盔 
itm_depth_helm_4_pl|深 海 护 卫 盔 
itm_depth_helm_5|深 海 护 卫 盔 
itm_depth_helm_5_pl|深 海 护 卫 盔 
itm_necromancer_robe|死 灵 法 师 长 袍 
itm_necromancer_robe_pl|死 灵 法 师 长 袍 
itm_necromancer_robe2|死 灵 法 师 长 袍 
itm_necromancer_robe2_pl|死 灵 法 师 长 袍 
itm_hellsnitch_robe|死 灵 法 师 长 袍 
itm_hellsnitch_robe_pl|死 灵 法 师 长 袍 
itm_necromancer_hat|死 灵 法 师 帽 
itm_necromancer_hat_pl|死 灵 法 师 帽 
itm_necromancer_hat2|死 灵 法 师 帽 
itm_necromancer_hat2_pl|死 灵 法 师 帽 
itm_kemmler_robe|死 灵 法 师 长 袍 
itm_kemmler_robe_pl|死 灵 法 师 长 袍 
itm_gekokujo_tekko_1|笼 手 
itm_gekokujo_tekko_1_pl|笼 手 
itm_gekokujo_tekko_3_1|手 甲 
itm_gekokujo_tekko_3_1_pl|手 甲 
itm_gekokujo_tekko_3_2|手 甲 
itm_gekokujo_tekko_3_2_pl|手 甲 
itm_gekokujo_tekko_3_3|手 甲 
itm_gekokujo_tekko_3_3_pl|手 甲 
itm_gekokujo_tekko_4_1|锁 链 手 甲 
itm_gekokujo_tekko_4_1_pl|锁 链 手 甲 
itm_gekokujo_tekko_4_2|锁 链 手 甲 
itm_gekokujo_tekko_4_2_pl|锁 链 手 甲 
itm_gekokujo_tekko_4_3|锁 链 手 甲 
itm_gekokujo_tekko_4_3_pl|锁 链 手 甲 
itm_sumo_hands|相 扑 手 
itm_sumo_hands_pl|相 扑 手 
itm_yokozuna_hands|横 纲 力 士 手 
itm_yokozuna_hands_pl|横 纲 力 士 手 
itm_gunso_armour|军 曹 甲 
itm_gunso_armour_pl|军 曹 甲 
itm_gunso_archer_armour|军 曹 甲 
itm_gunso_archer_armour_pl|军 曹 甲 
itm_nippon_hat|尼 朋 草 帽 
itm_nippon_hat_pl|尼 朋 草 帽 
itm_ashigaru_helmet|足 轻 盔 
itm_ashigaru_helmet_pl|足 轻 盔 
itm_ashigaru_archer_helmet|足 轻 盔 
itm_ashigaru_archer_helmet_pl|足 轻 盔 
itm_nippon_peasant|和 服 
itm_nippon_peasant_pl|和 服 
itm_nippon_woman|和 服 
itm_nippon_woman_pl|和 服 
itm_shugenja_kinomo|修 行 者 和 服 
itm_shugenja_kinomo_pl|修 行 者 和 服 
itm_shugenja_kinomo2|修 行 者 和 服 
itm_shugenja_kinomo2_pl|修 行 者 和 服 
itm_shugenja_kinomo3|修 行 者 和 服 
itm_shugenja_kinomo3_pl|修 行 者 和 服 
itm_shugenja_kinomo4|修 行 者 和 服 
itm_shugenja_kinomo4_pl|修 行 者 和 服 
itm_shugenja_kinomo5|修 行 者 和 服 
itm_shugenja_kinomo5_pl|修 行 者 和 服 
itm_shugenja_kinomo6|修 行 者 和 服 
itm_shugenja_kinomo6_pl|修 行 者 和 服 
itm_gekokujo_sandal_1|草 屐 
itm_gekokujo_sandal_1_pl|草 屐 
itm_gekokujo_light_suneate_1|轻 护 足 
itm_gekokujo_light_suneate_1_pl|轻 护 足 
itm_gekokujo_light_suneate_2|轻 护 足 
itm_gekokujo_light_suneate_2_pl|轻 护 足 
itm_gekokujo_shino_suneate_1|轻 护 足 
itm_gekokujo_shino_suneate_1_pl|轻 护 足 
itm_gekokujo_shino_suneate_2|轻 护 足 
itm_gekokujo_shino_suneate_2_pl|轻 护 足 
itm_gekokujo_shino_suneate_3|轻 护 足 
itm_gekokujo_shino_suneate_3_pl|轻 护 足 
itm_gekokujo_tsubo_suneate_1|护 足 
itm_gekokujo_tsubo_suneate_1_pl|护 足 
itm_gekokujo_tsubo_suneate_2|护 足 
itm_gekokujo_tsubo_suneate_2_pl|护 足 
itm_gekokujo_tsubo_suneate_3|护 足 
itm_gekokujo_tsubo_suneate_3_pl|护 足 
itm_sumo_legs|相 扑 腿 
itm_sumo_legs_pl|相 扑 腿 
itm_ashigaro_armor|足 轻 甲 
itm_ashigaro_armor_pl|足 轻 甲 
itm_ashigaro_archer_armor|足 轻 甲 
itm_ashigaro_archer_armor_pl|足 轻 甲 
itm_gunso_gunner_armour|军 曹 甲 
itm_gunso_gunner_armour_pl|军 曹 甲 
itm_samurai_armor|武 士 甲 
itm_samurai_armor_pl|武 士 甲 
itm_samurai_helmet|武 士 盔 
itm_samurai_helmet_pl|武 士 盔 
itm_chui_armor|武 士 甲 
itm_chui_armor_pl|武 士 甲 
itm_chui_helmet|武 士 盔 
itm_chui_helmet_pl|武 士 盔 
itm_hatamoto_armor|小 札 甲 
itm_hatamoto_armor_pl|小 札 甲 
itm_hatamoto_helmet|武 士 盔 
itm_hatamoto_helmet_pl|武 士 盔 
itm_horse_armor|骑 马 武 士 甲 
itm_horse_armor_pl|骑 马 武 士 甲 
itm_horse_helmet|骑 马 武 士 盔 
itm_horse_helmet_pl|骑 马 武 士 盔 
itm_devil_armor|赤 备 武 士 甲 
itm_devil_armor_pl|赤 备 武 士 甲 
itm_devil_helmet|赤 备 武 士 盔 
itm_devil_helmet_pl|赤 备 武 士 盔 
itm_samurai_arch_armor|武 士 甲 
itm_samurai_arch_armor_pl|武 士 甲 
itm_samurai_arch_helmet|武 士 盔 
itm_samurai_arch_helmet_pl|武 士 盔 
itm_sumo_armour|相 扑 甲 
itm_sumo_armour_pl|相 扑 甲 
itm_yokozuna_armour|横 纲 力 士 甲 
itm_yokozuna_armour_pl|横 纲 力 士 甲 
itm_gekokujo_nanban_1|大 名 甲 
itm_gekokujo_nanban_1_pl|大 名 甲 
itm_gekokujo_kabuto_nanban_h_3|大 名 盔 
itm_gekokujo_kabuto_nanban_h_3_pl|大 名 盔 
itm_gekokujo_kabuto2_h_1|旗 本 盔 
itm_gekokujo_kabuto2_h_1_pl|旗 本 盔 
itm_samurai_chui_arch|武 士 甲 
itm_samurai_chui_arch_pl|武 士 甲 
itm_samurai_chui_archhelm|弓 箭 武 士 盔 
itm_samurai_chui_archhelm_pl|弓 箭 武 士 盔 
itm_gekokujo_monk_headwrap|白 色 发 带 
itm_gekokujo_monk_headwrap_pl|白 色 发 带 
itm_gekokujo_okegawa_short_5|僧 侣 甲 
itm_gekokujo_okegawa_short_5_pl|僧 侣 甲 
itm_gekokujo_okegawa_long_5|大 僧 侣 甲 
itm_gekokujo_okegawa_long_5_pl|大 僧 侣 甲 
itm_gekokujo_kebiki_15|小 札 甲 
itm_gekokujo_kebiki_15_pl|小 札 甲 
itm_gekokujo_kebiki_1|小 札 甲 
itm_gekokujo_kebiki_1_pl|小 札 甲 
itm_gekokujo_kebiki_13|小 札 甲 
itm_gekokujo_kebiki_13_pl|小 札 甲 
itm_gekokujo_kebiki_7|小 札 甲 
itm_gekokujo_kebiki_7_pl|小 札 甲 
itm_ninja_tunic|忍 者 短 袍 
itm_ninja_tunic_pl|忍 者 短 袍 
itm_ninja_tunic_b|带 衬 忍 者 短 袍 
itm_ninja_tunic_b_pl|带 衬 忍 者 短 袍 
itm_ninja_boots|忍 者 靴 
itm_ninja_boots_pl|忍 者 靴 
itm_ninja_hood|忍 者 兜 帽 
itm_ninja_hood_pl|忍 者 兜 帽 
itm_black_gloves2|黑 手 套 
itm_black_gloves2_pl|黑 手 套 
itm_ninja_blood_hood|腥 红 之 月 兜 帽 
itm_ninja_blood_hood_pl|腥 红 之 月 兜 帽 
itm_ninja_shadow_hood|暗 影 忍 者 兜 帽 
itm_ninja_shadow_hood_pl|暗 影 忍 者 兜 帽 
itm_gekokujo_ninja_headwrap|黑 色 发 带 
itm_gekokujo_ninja_headwrap_pl|黑 色 发 带 
itm_ninja_armour|忍 者 甲 
itm_ninja_armour_pl|忍 者 甲 
itm_gekokujo_nanban_2|黄 金 黎 明 甲 
itm_gekokujo_nanban_2_pl|黄 金 黎 明 甲 
itm_gekokujo_kabuto_unique_29|黄 金 黎 明 盔 
itm_gekokujo_kabuto_unique_29_pl|黄 金 黎 明 盔 
itm_darkelf_corsair_armour|暗 精 灵 海 盗 甲 
itm_darkelf_corsair_armour_pl|暗 精 灵 海 盗 甲 
itm_darkelf_black_armour|黑 守 卫 甲 
itm_darkelf_black_armour_pl|黑 守 卫 甲 
itm_lightdarkelf_armour|暗 精 灵 轻 甲 
itm_lightdarkelf_armour_pl|暗 精 灵 轻 甲 
itm_darkelf_armour|暗 精 灵 甲 
itm_darkelf_armour_pl|暗 精 灵 甲 
itm_darkelf_deadeye|死 亡 之 眼 甲 
itm_darkelf_deadeye_pl|死 亡 之 眼 甲 
itm_darkelf_armour2|暗 精 灵 卫 士 甲 
itm_darkelf_armour2_pl|暗 精 灵 卫 士 甲 
itm_executioner_armour|刽 子 手 护 甲 
itm_executioner_armour_pl|刽 子 手 护 甲 
itm_rider_armour|黑 暗 骑 兵 甲 
itm_rider_armour_pl|黑 暗 骑 兵 甲 
itm_darkelf_shade_armour|暗 精 灵 罩 甲 
itm_darkelf_shade_armour_pl|暗 精 灵 罩 甲 
itm_darkelf_blood_armour|暗 精 灵 血 色 罩 甲 
itm_darkelf_blood_armour_pl|暗 精 灵 血 色 罩 甲 
itm_darkelf_assassin|刺 客 甲 
itm_darkelf_assassin_pl|刺 客 甲 
itm_darkelf_tabard|暗 精 灵 战 袍 
itm_darkelf_tabard_pl|暗 精 灵 战 袍 
itm_darkelf_outfit|暗 精 灵 外 套 
itm_darkelf_outfit_pl|暗 精 灵 外 套 
itm_darkelf_padded|暗 精 灵 带 衬 披 风 
itm_darkelf_padded_pl|暗 精 灵 带 衬 披 风 
itm_assassin_boots|刺 客 靴 
itm_assassin_boots_pl|刺 客 靴 
itm_shade_boots|暗 影 靴 
itm_shade_boots_pl|暗 影 靴 
itm_corsair_boots|海 盗 靴 
itm_corsair_boots_pl|海 盗 靴 
itm_de_spearman_boots|暗 精 灵 枪 兵 靴 
itm_de_spearman_boots_pl|暗 精 灵 枪 兵 靴 
itm_de_greaves|暗 精 灵 护 胫
itm_de_greaves_pl|暗 精 灵 护 胫
itm_darkrider_hood|黑 暗 骑 兵 兜 帽 
itm_darkrider_hood_pl|黑 暗 骑 兵 兜 帽 
itm_shade_hood|兜 帽 
itm_shade_hood_pl|兜 帽 
itm_blood_hood|血 色 兜 帽 
itm_blood_hood_pl|血 色 兜 帽 
itm_assassin_hood|刺 客 兜 帽 
itm_assassin_hood_pl|刺 客 兜 帽 
itm_darkelf_warrior_helmet|暗 精 灵 战 士 盔 
itm_darkelf_warrior_helmet_pl|暗 精 灵 战 士 盔 
itm_darkelf_helmet|暗 精 灵 盔 
itm_darkelf_helmet_pl|暗 精 灵 盔 
itm_darkelf_helmet_two|暗 精 灵 卫 士 盔 
itm_darkelf_helmet_two_pl|暗 精 灵 卫 士 盔 
itm_darkelf_corsair_helm|暗 精 灵 海 盗 盔 
itm_darkelf_corsair_helm_pl|暗 精 灵 海 盗 盔 
itm_darkelf_helmet_three|刽 子 手 盔 
itm_darkelf_helmet_three_pl|刽 子 手 盔 
itm_darkelf_black_helm|黑 守 卫 盔 
itm_darkelf_black_helm_pl|黑 守 卫 盔 
itm_darkelf_deadeye_helmet|死 亡 之 眼 盔 
itm_darkelf_deadeye_helmet_pl|死 亡 之 眼 盔 
itm_darkcoldhelm|冷 蜥 骑 士 盔 
itm_darkcoldhelm_pl|冷 蜥 骑 士 盔 
itm_darkelf_helmet_four|恐 惧 骑 士 盔 
itm_darkelf_helmet_four_pl|恐 惧 骑 士 盔 
itm_darkelf_witchband|女 巫 头 带 
itm_darkelf_witchband_pl|女 巫 头 带 
itm_darkelf_witchband2|女 巫 头 带 
itm_darkelf_witchband2_pl|女 巫 头 带 
itm_darkelf_witchband3|女 巫 头 带 
itm_darkelf_witchband3_pl|女 巫 头 带 
itm_darkelf_crown|女 巫 头 带 
itm_darkelf_crown_pl|女 巫 头 带 
itm_darkknight|冷 蜥 骑 士 甲 
itm_darkknight_pl|冷 蜥 骑 士 甲 
itm_dreadknight|恐 惧 骑 士 甲 
itm_dreadknight_pl|恐 惧 骑 士 甲 
itm_darklord_armour|恐 惧 领 主 甲
itm_darklord_armour_pl|恐 惧 领 主 甲
itm_darkelf_greaves|黑 暗 领 主 护 胫 
itm_darkelf_greaves_pl|黑 暗 领 主 护 胫 
itm_dread_greaves|恐 惧 骑 士 护 胫 
itm_dread_greaves_pl|恐 惧 骑 士 护 胫 
itm_executioner_greaves|刽 子 手 护 胫 
itm_executioner_greaves_pl|刽 子 手 护 胫 
itm_guard_greaves|黑 守 卫 护 胫 
itm_guard_greaves_pl|黑 守 卫 护 胫 
itm_witch_greaves|女 巫 护 胫 
itm_witch_greaves_pl|女 巫 护 胫 
itm_darkelf_witch1|暗 精 灵 女 巫 服 
itm_darkelf_witch1_pl|暗 精 灵 女 巫 服 
itm_darkelf_witch2|暗 精 灵 女 巫 甲 
itm_darkelf_witch2_pl|暗 精 灵 女 巫 甲 
itm_darkelf_witch3|暗 精 灵 女 巫 重 甲 
itm_darkelf_witch3_pl|暗 精 灵 女 巫 重 甲 
itm_darkelf_dreadwitch|恐 惧 女 巫 服 
itm_darkelf_dreadwitch_pl|恐 惧 女 巫 服 
itm_witch_boots|女 巫 皮 靴 
itm_witch_boots_pl|女 巫 皮 靴 
itm_darkelf_sorcerer|女 巫 长 袍
itm_darkelf_sorcerer_pl|女 巫 长 袍
itm_darkelf_outfit1|暗 精 灵 领 主 服 
itm_darkelf_outfit1_pl|暗 精 灵 领 主 服 
itm_darklord_helm|恐 惧 领 主 盔 
itm_darklord_helm_pl|恐 惧 领 主 盔 
itm_darklord_helm2|恐 惧 领 主 盔 
itm_darklord_helm2_pl|恐 惧 领 主 盔 
itm_darklord_armour2|恐 惧 领 主 甲 
itm_darklord_armour2_pl|恐 惧 领 主 甲 
itm_darklord_greaves2|恐 惧 领 主 护 胫 
itm_darklord_greaves2_pl|恐 惧 领 主 护 胫 
itm_malus_helm|马 鲁 斯 盔 
itm_malus_helm_pl|马 鲁 斯 盔 
itm_malus_armour|马 鲁 斯 之 甲 
itm_malus_armour_pl|马 鲁 斯 之 甲 
itm_malus_greaves|马 鲁 斯 护 胫 
itm_malus_greaves_pl|马 鲁 斯 护 胫 
itm_malekith_helm|马 雷 基 斯 盔 
itm_malekith_helm_pl|马 雷 基 斯 盔 
itm_malekith_armour|马 雷 基 斯 之 甲 
itm_malekith_armour_pl|马 雷 基 斯 之 甲 
itm_malekith_greaves|马 雷 基 斯 护 胫 
itm_malekith_greaves_pl|马 雷 基 斯 护 胫 
itm_darkelf_shadowblade|暗 影 之 刃 甲 
itm_darkelf_shadowblade_pl|暗 影 之 刃 甲 
itm_shadowblade_hood|暗 影 之 刃 盔 
itm_shadowblade_hood_pl|暗 影 之 刃 盔 
itm_dreadmaster_helm|恐 惧 大 师 盔 
itm_dreadmaster_helm_pl|恐 惧 大 师 盔 
itm_dreadmaster_armour|恐 惧 大 师 甲 
itm_dreadmaster_armour_pl|恐 惧 大 师 甲 
itm_dreadmaster_greaves|恐 惧 大 师 护 胫 
itm_dreadmaster_greaves_pl|恐 惧 大 师 护 胫 
itm_robe_volans|沃 兰 斯 长 袍
itm_robe_volans_pl|沃 兰 斯 长 袍
itm_hat_volans|沃 兰 斯 帽
itm_hat_volans_pl|沃 兰 斯 帽
itm_cyrus_boots|塞 勒 斯 靴 
itm_cyrus_boots_pl|塞 勒 斯 靴 
itm_robe_wizard|巫 师 长 袍 
itm_robe_wizard_pl|巫 师 长 袍 
itm_hat_wizard|巫 师 帽 
itm_hat_wizard_pl|巫 师 帽 
itm_amethyst_robe|紫 晶 长 袍
itm_amethyst_robe_pl|紫 晶 长 袍
itm_light_robe|光 明 长 袍 
itm_light_robe_pl|光 明 长 袍 
itm_gold_robe|黄 金 长 袍 
itm_gold_robe_pl|黄 金 长 袍 
itm_jade_robe|翡 翠 长 袍 
itm_jade_robe_pl|翡 翠 长 袍 
itm_celestial_robe|天 空 长 袍
itm_celestial_robe_pl|天 空 长 袍
itm_grey_robe|灰 色 长 袍 
itm_grey_robe_pl|灰 色 长 袍 
itm_bright_robe|炽 焰 长 袍 
itm_bright_robe_pl|炽 焰 长 袍 
itm_amber_robe|琥 珀 长 袍 
itm_amber_robe_pl|琥 珀 长 袍 
itm_high_robe|高 精 灵 法 袍 
itm_high_robe_pl|高 精 灵 法 袍 
itm_cloak_stars|星 辰 斗 篷
itm_cloak_stars_pl|星 辰 斗 篷
itm_amethyst_robe2|紫 晶 长 袍
itm_amethyst_robe2_pl|紫 晶 长 袍
itm_light_robe2|光 明 长 袍 
itm_light_robe2_pl|光 明 长 袍 
itm_gold_robe2|黄 金 长 袍 
itm_gold_robe2_pl|黄 金 长 袍 
itm_jade_robe2|翡 翠 长 袍 
itm_jade_robe2_pl|翡 翠 长 袍 
itm_celestial_robe2|天 空 长 袍
itm_celestial_robe2_pl|天 空 长 袍
itm_grey_robe2|灰 色 长 袍 
itm_grey_robe2_pl|灰 色 长 袍 
itm_bright_robe2|炽 焰 长 袍 
itm_bright_robe2_pl|炽 焰 长 袍 
itm_amber_robe2|琥 珀 长 袍 
itm_amber_robe2_pl|琥 珀 长 袍 
itm_high_robe2|高 精 灵 法 袍 
itm_high_robe2_pl|高 精 灵 法 袍 
itm_hat_light|巫 师 帽 
itm_hat_light_pl|巫 师 帽 
itm_hat_gold|巫 师 帽 
itm_hat_gold_pl|巫 师 帽 
itm_hat_jade|巫 师 帽 
itm_hat_jade_pl|巫 师 帽 
itm_hat_celestial|巫 师 帽 
itm_hat_celestial_pl|巫 师 帽 
itm_hat_grey|巫 师 帽 
itm_hat_grey_pl|巫 师 帽 
itm_hat_amethyst|巫 师 帽 
itm_hat_amethyst_pl|巫 师 帽 
itm_hat_bright|巫 师 帽 
itm_hat_bright_pl|巫 师 帽 
itm_hat_amber|巫 师 帽 
itm_hat_amber_pl|巫 师 帽 
itm_hat_high|巫 师 帽 
itm_hat_high_pl|巫 师 帽 
itm_circlet_light|巫 师 头 环 
itm_circlet_light_pl|巫 师 头 环 
itm_circlet_gold|巫 师 头 环 
itm_circlet_gold_pl|巫 师 头 环 
itm_circlet_jade|巫 师 头 环 
itm_circlet_jade_pl|巫 师 头 环 
itm_circlet_celestial|巫 师 头 环 
itm_circlet_celestial_pl|巫 师 头 环 
itm_circlet_grey|巫 师 头 环 
itm_circlet_grey_pl|巫 师 头 环 
itm_circlet_amethyst|巫 师 头 环 
itm_circlet_amethyst_pl|巫 师 头 环 
itm_circlet_bright|巫 师 头 环 
itm_circlet_bright_pl|巫 师 头 环 
itm_circlet_amber|巫 师 头 环 
itm_circlet_amber_pl|巫 师 头 环 
itm_gelt_head|黄 金 面 具 
itm_gelt_head_pl|黄 金 面 具 
itm_wizard_boots|巫 师 靴 
itm_wizard_boots_pl|巫 师 靴 
itm_meteoric_armour|陨 石 甲 
itm_meteoric_armour_pl|陨 石 甲 
itm_gleaming_plate|闪 耀 胸 甲
itm_gleaming_plate_pl|闪 耀 胸 甲
itm_masque_head|假 面 舞 女 头 部  
itm_masque_head_pl|假 面 舞 女 头 部  
itm_deamonette_head|色 孽 欲 魔 头 部 
itm_deamonette_head_pl|色 孽 欲 魔 头 部 
itm_daemonette|色 孽 欲 魔 身 体 
itm_daemonette_pl|色 孽 欲 魔 身 体 
itm_exalted_daemonette|高 等 色 孽 欲 魔 身 体 
itm_exalted_daemonette_pl|高 等 色 孽 欲 魔 身 体 
itm_masque|假 面 舞 女 身 体 
itm_masque_pl|假 面 舞 女 身 体 
itm_daemonette_claws|色 孽 欲 魔 利 爪
itm_daemonette_claws_pl|色 孽 欲 魔 利 爪
itm_daemonette_hand|色 孽 欲 魔 手 部
itm_daemonette_hand_pl|色 孽 欲 魔 手 部
itm_new_ungor_head|劣 角 兽 头 部 
itm_new_ungor_head_pl|劣 角 兽 头 部 
itm_new_ungor_head2|劣 角 兽 头 部 
itm_new_ungor_head2_pl|劣 角 兽 头 部 
itm_new_ungor_head3|劣 角 兽 头 部 
itm_new_ungor_head3_pl|劣 角 兽 头 部 
itm_new_ungor_head4|劣 角 兽 头 部 
itm_new_ungor_head4_pl|劣 角 兽 头 部 
itm_ungor|劣 角 兽 身 体 
itm_ungor_pl|劣 角 兽 身 体 
itm_ungor2|劣 角 兽 衣 
itm_ungor2_pl|劣 角 兽 衣 
itm_ungor3|劣 角 兽 衣 
itm_ungor3_pl|劣 角 兽 衣 
itm_ungor4|劣 角 兽 甲 
itm_ungor4_pl|劣 角 兽 甲 
itm_ungor_hand|劣 角 兽 手 部 
itm_ungor_hand_pl|劣 角 兽 手 部 
itm_zealot_head1|狂 热 者 头 部 
itm_zealot_head1_pl|狂 热 者 头 部 
itm_zealot_head2|狂 热 者 盔 
itm_zealot_head2_pl|狂 热 者 盔 
itm_zealot_head3|狂 热 者 盔 
itm_zealot_head3_pl|狂 热 者 盔 
itm_zealot1|狂 热 者 衣 
itm_zealot1_pl|狂 热 者 衣 
itm_zealot2|狂 热 者 衣 
itm_zealot2_pl|狂 热 者 衣 
itm_zealot3|狂 热 者 衣 
itm_zealot3_pl|狂 热 者 衣 
itm_zealot_armour1|狂 热 者 甲 
itm_zealot_armour1_pl|狂 热 者 甲 
itm_zealot_armour2|狂 热 者 甲 
itm_zealot_armour2_pl|狂 热 者 甲 
itm_zealot_armour3|狂 热 者 甲 
itm_zealot_armour3_pl|狂 热 者 甲 
itm_zealot_hand|狂 热 者 手 部 
itm_zealot_hand_pl|狂 热 者 手 部 
itm_zealot_calf|狂 热 者 腿 部 
itm_zealot_calf_pl|狂 热 者 腿 部 
itm_amazon1|亚 马 逊 服 
itm_amazon1_pl|亚 马 逊 服 
itm_amazon1b|亚 马 逊 射 手 服 
itm_amazon1b_pl|亚 马 逊 射 手 服 
itm_amazon2|亚 马 逊 甲 
itm_amazon2_pl|亚 马 逊 甲 
itm_amazon3|亚 马 逊 女 猎 人 服 
itm_amazon3_pl|亚 马 逊 女 猎 人 服 
itm_amazon_jaguar|美 洲 豹 勇 士 甲 
itm_amazon_jaguar_pl|美 洲 豹 勇 士 甲 
itm_amazon4|图 腾 卫 士 甲 
itm_amazon4_pl|图 腾 卫 士 甲 
itm_amazon5|亚 马 逊 女 酋 长 甲 
itm_amazon5_pl|亚 马 逊 女 酋 长 甲 
itm_amazon_boots|亚 马 逊 靴 
itm_amazon_boots_pl|亚 马 逊 靴 
itm_amazon_boots2|亚 马 逊 靴 
itm_amazon_boots2_pl|亚 马 逊 靴 
itm_amazon_boots3|亚 马 逊 靴 
itm_amazon_boots3_pl|亚 马 逊 靴 
itm_jaguar_hood|美 洲 豹 兜 帽 
itm_jaguar_hood_pl|美 洲 豹 兜 帽 
itm_amazon_skull|骷 髅 面 具 
itm_amazon_skull_pl|骷 髅 面 具 
itm_mistress_helm|女 酋 长 盔 
itm_mistress_helm_pl|女 酋 长 盔 
itm_wood_elf_mage|木 精 灵 法 袍 
itm_wood_elf_mage_pl|木 精 灵 法 袍 
itm_desert_dogs_helmet|沙 漠 之 犬 头 巾 
itm_desert_dogs_helmet_pl|沙 漠 之 犬 头 巾 
itm_desert_dogs|沙 漠 之 犬 长 袍 
itm_desert_dogs_pl|沙 漠 之 犬 长 袍 
itm_bear_warrior|熊 人 勇 士 
itm_bear_warrior_pl|熊 人 勇 士 
itm_bear_boots|熊 人 靴 
itm_bear_boots_pl|熊 人 靴 
itm_bear_mittens|熊 人 手 套 
itm_bear_mittens_pl|熊 人 手 套 
itm_alcatani|铜 制 板 甲 
itm_alcatani_pl|铜 制 板 甲 
itm_leopard_armour|美 洲 豹 连 队 甲 
itm_leopard_armour_pl|美 洲 豹 连 队 甲 
itm_leopard_bascinet|美 洲 豹 连 队 盔 
itm_leopard_bascinet_pl|美 洲 豹 连 队 盔 
itm_mercbronze2|围 攻 军 甲 
itm_mercbronze2_pl|围 攻 军 甲 
itm_mercbronze|铜 制 半 身 甲 
itm_mercbronze_pl|铜 制 半 身 甲 
itm_mercbronzemerchant|铜 制 半 身 甲 
itm_mercbronzemerchant_pl|铜 制 半 身 甲 
itm_mercbronze_plate|铜 制 全 身 甲 
itm_mercbronze_plate_pl|铜 制 全 身 甲 
itm_besiegers_half|围 攻 军 盔 
itm_besiegers_half_pl|围 攻 军 盔 
itm_besiegers_kettle_hat|围 攻 军 锅 盔 
itm_besiegers_kettle_hat_pl|围 攻 军 锅 盔 
itm_bronze_bascinet|铜 制 尖 顶 盔
itm_bronze_bascinet_pl|铜 制 尖 顶 盔
itm_bronze_bascinetmerchanct|铜 制 尖 顶 盔
itm_bronze_bascinetmerchanct_pl|铜 制 尖 顶 盔
itm_bronze_half|铜 制 盔 
itm_bronze_half_pl|铜 制 盔 
itm_bronze_helm|铜 制 盔 
itm_bronze_helm_pl|铜 制 盔 
itm_bronze_helm2|铜 制 盔 
itm_bronze_helm2_pl|铜 制 盔 
itm_bronze_half2|铜 制 盔 
itm_bronze_half2_pl|铜 制 盔 
itm_bronze_greaves|铜 制 护 胫 
itm_bronze_greaves_pl|铜 制 护 胫 
itm_bronze_greavesmerchant|铜 制 护 胫 
itm_bronze_greavesmerchant_pl|铜 制 护 胫 
itm_bronze_mittens|铜 制 护 手 
itm_bronze_mittens_pl|铜 制 护 手 
itm_manflayers|撕 裂 者 甲 
itm_manflayers_pl|撕 裂 者 甲 
itm_merc_boots_1|皮 靴 
itm_merc_boots_1_pl|皮 靴 
itm_merc_boots_2|皮 革 加 强 靴 
itm_merc_boots_2_pl|皮 革 加 强 靴 
itm_vanklumpf_vest|凡 · 克 朗 夫 背 心 
itm_vanklumpf_vest_pl|凡 · 克 朗 夫 背 心 
itm_elf_armour|精 灵 长 袍 
itm_elf_armour_pl|精 灵 长 袍 
itm_elf_armour2|木 精 灵 射 手 甲 
itm_elf_armour2_pl|木 精 灵 射 手 甲 
itm_elf_armour3|木 精 灵 护 卫 轻 甲 
itm_elf_armour3_pl|木 精 灵 护 卫 轻 甲 
itm_elf_armour4|木 精 灵 射 手 甲 
itm_elf_armour4_pl|木 精 灵 射 手 甲 
itm_elf_robe2|精 灵 长 袍 
itm_elf_robe2_pl|精 灵 长 袍 
itm_elf_robe3|精 灵 游 侠 长 袍 
itm_elf_robe3_pl|精 灵 游 侠 长 袍 
itm_elf_armour5|木 精 灵 护 卫 甲 
itm_elf_armour5_pl|木 精 灵 护 卫 甲 
itm_elf_armour6|木 精 灵 带 衬 射 手 甲 
itm_elf_armour6_pl|木 精 灵 带 衬 射 手 甲 
itm_elf_armour7|木 精 灵 守 卫 板 甲 
itm_elf_armour7_pl|木 精 灵 守 卫 板 甲 
itm_elf_armour8|木 精 灵 游 侠 板 甲 
itm_elf_armour8_pl|木 精 灵 游 侠 板 甲 
itm_elf_armour9|木 精 灵 领 主 甲 
itm_elf_armour9_pl|木 精 灵 领 主 甲 
itm_elf_armour10|木 精 灵 暗 影 甲 
itm_elf_armour10_pl|木 精 灵 暗 影 甲 
itm_wardancer|战 舞 者 服 
itm_wardancer_pl|战 舞 者 服 
itm_bladesinger|剑 咏 者 服 
itm_bladesinger_pl|剑 咏 者 服 
itm_woodelf_riderarmour|木 精 灵 骑 兵 甲 
itm_woodelf_riderarmour_pl|木 精 灵 骑 兵 甲 
itm_woodelf_riderarmour2|木 精 灵 骑 兵 甲 
itm_woodelf_riderarmour2_pl|木 精 灵 骑 兵 甲 
itm_elf_armour11|林 地 骑 兵 甲 
itm_elf_armour11_pl|林 地 骑 兵 甲 
itm_elf_armour12|林 地 骑 兵 甲 
itm_elf_armour12_pl|林 地 骑 兵 甲 
itm_elf_armour13|林 地 骑 兵 甲 
itm_elf_armour13_pl|林 地 骑 兵 甲 
itm_elf_armour14|木 精 灵 游 侠 板 甲 
itm_elf_armour14_pl|木 精 灵 游 侠 板 甲 
itm_elf_armour15|木 精 灵 游 侠 轻 甲 
itm_elf_armour15_pl|木 精 灵 游 侠 轻 甲 
itm_dryad_body|树 精 身 体 
itm_dryad_body_pl|树 精 身 体 
itm_dryad_hands|树 精 手 
itm_dryad_hands_pl|树 精 手 
itm_woodelf_ranger|木 精 灵 游 侠 甲 
itm_woodelf_ranger_pl|木 精 灵 游 侠 甲 
itm_elven_hood|精 灵 兜 帽 
itm_elven_hood_pl|精 灵 兜 帽 
itm_elven_hood2|精 灵 兜 帽 
itm_elven_hood2_pl|精 灵 兜 帽 
itm_elven_hood3|精 灵 兜 帽 
itm_elven_hood3_pl|精 灵 兜 帽 
itm_elven_hood5|精 灵 兜 帽 
itm_elven_hood5_pl|精 灵 兜 帽 
itm_elven_hood4|精 灵 兜 帽 
itm_elven_hood4_pl|精 灵 兜 帽 
itm_elven_helmet|精 灵 护 卫 盔 
itm_elven_helmet_pl|精 灵 护 卫 盔 
itm_elven_helmet2|精 灵 护 卫 盔 
itm_elven_helmet2_pl|精 灵 护 卫 盔 
itm_elven_helmet3|精 灵 护 卫 盔 
itm_elven_helmet3_pl|精 灵 护 卫 盔 
itm_elven_helmet4|精 灵 护 卫 盔 
itm_elven_helmet4_pl|精 灵 护 卫 盔 
itm_elven_helmet5|精 灵 骑 兵 盔 
itm_elven_helmet5_pl|精 灵 骑 兵 盔 
itm_elven_helmet6|精 灵 骑 兵 盔 
itm_elven_helmet6_pl|精 灵 骑 兵 盔 
itm_elven_hood6|精 灵 兜 帽 
itm_elven_hood6_pl|精 灵 兜 帽 
itm_elven_hood7|精 灵 兜 帽 
itm_elven_hood7_pl|精 灵 兜 帽 
itm_woodelf_gloves|皮 手 套 
itm_woodelf_gloves_pl|皮 手 套 
itm_woodelf_gloves2|皮 手 套 
itm_woodelf_gloves2_pl|皮 手 套 
itm_woodelf_gloves3|皮 手 套 
itm_woodelf_gloves3_pl|皮 手 套 
itm_woodelf_gauntlets|皮 护 手 
itm_woodelf_gauntlets_pl|皮 护 手 
itm_woodelf_gauntlets2|皮 护 手 
itm_woodelf_gauntlets2_pl|皮 护 手 
itm_woodelf_gauntlets3|皮 护 手 
itm_woodelf_gauntlets3_pl|皮 护 手 
itm_woodelf_boots|皮 靴 
itm_woodelf_boots_pl|皮 靴 
itm_woodelf_boots2|皮 靴 
itm_woodelf_boots2_pl|皮 靴 
itm_woodelf_boots3|皮 靴 
itm_woodelf_boots3_pl|皮 靴 
itm_nobleelf_outfit1|精 灵 贵 族 服 
itm_nobleelf_outfit1_pl|精 灵 贵 族 服 
itm_nobleelf_outfit2|精 灵 贵 族 服 
itm_nobleelf_outfit2_pl|精 灵 贵 族 服 
itm_nobleelf_outfit3|精 灵 贵 族 服 
itm_nobleelf_outfit3_pl|精 灵 贵 族 服 
itm_gambeson|精 灵 服 
itm_gambeson_pl|精 灵 服 
itm_linen_tunic|精 灵 短 袍 
itm_linen_tunic_pl|精 灵 短 袍 
itm_elf_tabard|精 灵 罩 袍
itm_elf_tabard_pl|精 灵 罩 袍
itm_aketon_green|精 灵 带 衬 衣 
itm_aketon_green_pl|精 灵 带 衬 衣 
itm_highelf_archer|精 灵 射 手 长 袍 
itm_highelf_archer_pl|精 灵 射 手 长 袍 
itm_highelf_veteran_archer|精 灵 射 手 长 袍 
itm_highelf_veteran_archer_pl|精 灵 射 手 长 袍 
itm_highelf_light_armour|高 精 灵 轻 甲 
itm_highelf_light_armour_pl|高 精 灵 轻 甲 
itm_highelf_armour|高 精 灵 甲 
itm_highelf_armour_pl|高 精 灵 甲 
itm_highspear_armour|高 精 灵 甲 
itm_highspear_armour_pl|高 精 灵 甲 
itm_highelf_armour_seamaster|高 精 灵 洛 瑟 恩 大 师 甲 
itm_highelf_armour_seamaster_pl|高 精 灵 洛 瑟 恩 大 师 甲 
itm_highelf_armour_lothern|高 精 灵 洛 瑟 恩 甲 
itm_highelf_armour_lothern_pl|高 精 灵 洛 瑟 恩 甲 
itm_highelf_sentinel|高 精 灵 哨 兵 甲 
itm_highelf_sentinel_pl|高 精 灵 哨 兵 甲 
itm_highelf_reaver_armour|高 精 灵 掠 袭 者 甲 
itm_highelf_reaver_armour_pl|高 精 灵 掠 袭 者 甲 
itm_highelf_bladelord_armour|高 精 灵 剑 刃 领 主 甲 
itm_highelf_bladelord_armour_pl|高 精 灵 剑 刃 领 主 甲 
itm_highelf_blade_armour|高 精 灵 甲 
itm_highelf_blade_armour_pl|高 精 灵 甲 
itm_highelf_sword_armour|高 精 灵 剑 士 甲 
itm_highelf_sword_armour_pl|高 精 灵 剑 士 甲 
itm_highelf_phoenix_armour|凤 凰 卫 队 甲 
itm_highelf_phoenix_armour_pl|凤 凰 卫 队 甲 
itm_sliverhelms_armour|银 盔 骑 士 甲 
itm_sliverhelms_armour_pl|银 盔 骑 士 甲 
itm_phoenix_captain_armour|凤 凰 卫 队 长 甲 
itm_phoenix_captain_armour_pl|凤 凰 卫 队 长 甲 
itm_shadow_armour|暗 影 铠 甲 
itm_shadow_armour_pl|暗 影 铠 甲 
itm_shadow_elite_armour|暗 影 精 英 甲 
itm_shadow_elite_armour_pl|暗 影 精 英 甲 
itm_anar_armour|阿 纳 尔 甲 
itm_anar_armour_pl|阿 纳 尔 甲 
itm_highhelm_armour|翼 盔 骑 士 甲 
itm_highhelm_armour_pl|翼 盔 骑 士 甲 
itm_whiteloin|白 狮 战 士 甲 
itm_whiteloin_pl|白 狮 战 士 甲 
itm_dragonguardarmour|高 精 灵 巨 龙 护 卫 甲 
itm_dragonguardarmour_pl|高 精 灵 巨 龙 护 卫 甲 
itm_finubar_armour|卡 勒 多 之 甲
itm_finubar_armour_pl|卡 勒 多 之 甲
itm_dragonarmour|高 精 灵 龙 王 子 骑 士 甲 
itm_dragonarmour_pl|高 精 灵 龙 王 子 骑 士 甲 
itm_drakearmour|高 精 灵 龙 骑 兵 甲 
itm_drakearmour_pl|高 精 灵 龙 骑 兵 甲 
itm_elf_lord_armour|高 精 灵 领 主 甲 
itm_elf_lord_armour_pl|高 精 灵 领 主 甲 
itm_elf_lord_armour_red|高 精 灵 领 主 甲 
itm_elf_lord_armour_red_pl|高 精 灵 领 主 甲 
itm_elf_lionarmour|高 精 灵 贵 族 甲 
itm_elf_lionarmour_pl|高 精 灵 贵 族 甲 
itm_elf_tiranoc|泰 伦 洛 克 冠 军 甲 
itm_elf_tiranoc_pl|泰 伦 洛 克 冠 军 甲 
itm_dragon_gauntlets|龙 王 子 骑 士 护 手 
itm_dragon_gauntlets_pl|龙 王 子 骑 士 护 手 
itm_drake_gauntlets|高 精 灵 龙 骑 兵 护 手 
itm_drake_gauntlets_pl|高 精 灵 龙 骑 兵 护 手 
itm_imrik_armour|伊 姆 瑞 克 甲 
itm_imrik_armour_pl|伊 姆 瑞 克 甲 
itm_robe_saphery|萨 斐 里 长 袍 
itm_robe_saphery_pl|萨 斐 里 长 袍 
itm_highelf_gauntlets|高 精 灵 护 手 
itm_highelf_gauntlets_pl|高 精 灵 护 手 
itm_highelf_greaves|高 精 灵 护 胫 
itm_highelf_greaves_pl|高 精 灵 护 胫 
itm_seamaster_boots|罗 瑟 恩 靴 
itm_seamaster_boots_pl|罗 瑟 恩 靴 
itm_silverhelm_boots|银 盔 骑 士 靴 
itm_silverhelm_boots_pl|银 盔 骑 士 靴 
itm_lothern_greaves|罗 瑟 恩 护 胫 
itm_lothern_greaves_pl|罗 瑟 恩 护 胫 
itm_sentinel_greaves|哨 兵 护 胫 
itm_sentinel_greaves_pl|哨 兵 护 胫 
itm_bladelord_greaves|剑 刃 领 主 护 胫 
itm_bladelord_greaves_pl|剑 刃 领 主 护 胫 
itm_drakemaster_greaves|龙 骑 兵 护 胫 
itm_drakemaster_greaves_pl|龙 骑 兵 护 胫 
itm_reaver_greaves|掠 袭 者 护 胫 
itm_reaver_greaves_pl|掠 袭 者 护 胫 
itm_whitelion_greaves|白 狮 战 士 护 胫 
itm_whitelion_greaves_pl|白 狮 战 士 护 胫 
itm_phoenix_greaves|凤 凰 卫 队 护 胫 
itm_phoenix_greaves_pl|凤 凰 卫 队 护 胫 
itm_highhelm_greaves|翼 盔 骑 士 护 胫 
itm_highhelm_greaves_pl|翼 盔 骑 士 护 胫 
itm_spearmen_greaves|长 枪 兵 护 胫 
itm_spearmen_greaves_pl|长 枪 兵 护 胫 
itm_elfband|精 灵 头 带 
itm_elfband_pl|精 灵 头 带 
itm_elfband_two|精 灵 头 带 
itm_elfband_two_pl|精 灵 头 带 
itm_shadow_hood|暗 影 兜 帽 
itm_shadow_hood_pl|暗 影 兜 帽 
itm_anar_hood|阿 纳 尔 兜 帽 
itm_anar_hood_pl|阿 纳 尔 兜 帽 
itm_highelf_helmet|高 精 灵 盔 
itm_highelf_helmet_pl|高 精 灵 盔 
itm_highelf_helmet2|罗 瑟 恩 大 师 盔 
itm_highelf_helmet2_pl|罗 瑟 恩 大 师 盔 
itm_seaguard_helmet|罗 瑟 恩 盔 
itm_seaguard_helmet_pl|罗 瑟 恩 盔 
itm_highelf_reaver_helmet|高 精 灵 盔 
itm_highelf_reaver_helmet_pl|高 精 灵 盔 
itm_highelf_helmet3|哨 兵 盔 
itm_highelf_helmet3_pl|哨 兵 盔 
itm_highelf_helmet4|高 精 灵 盔 
itm_highelf_helmet4_pl|高 精 灵 盔 
itm_highelf_helmet6|掠 袭 者 盔 
itm_highelf_helmet6_pl|掠 袭 者 盔 
itm_highelf_helmet_two|高 精 灵 剑 士 盔 
itm_highelf_helmet_two_pl|高 精 灵 剑 士 盔 
itm_highelf_helmet5|高 精 灵 剑 刃 领 主 盔 
itm_highelf_helmet5_pl|高 精 灵 剑 刃 领 主 盔 
itm_highelf_helmet_three|高 精 灵 银 盔 
itm_highelf_helmet_three_pl|高 精 灵 银 盔 
itm_highelf_phoenix_helm|高 精 灵 凤 凰 卫 队 盔 
itm_highelf_phoenix_helm_pl|高 精 灵 凤 凰 卫 队 盔 
itm_phoenix_captain_helm|高 精 灵 凤 凰 卫 队 盔 
itm_phoenix_captain_helm_pl|高 精 灵 凤 凰 卫 队 盔 
itm_elflionhelm|高 精 灵 白 狮 战 士 盔 
itm_elflionhelm_pl|高 精 灵 白 狮 战 士 盔 
itm_elfwinghelm|高 精 灵 翼 盔 
itm_elfwinghelm_pl|高 精 灵 翼 盔 
itm_elfhighhelm|翼 盔 骑 士 盔 
itm_elfhighhelm_pl|翼 盔 骑 士 盔 
itm_dragonprince_helm|龙 王 子 骑 士 盔 
itm_dragonprince_helm_pl|龙 王 子 骑 士 盔 
itm_drakemaster_helm|龙 骑 兵 盔 
itm_drakemaster_helm_pl|龙 骑 兵 盔 
itm_dragonguard_helm|巨 龙 护 卫 盔 
itm_dragonguard_helm_pl|巨 龙 护 卫 盔 
itm_finubar_helm|芬 努 巴 盔 
itm_finubar_helm_pl|芬 努 巴 盔 
itm_elf_helm|卡 勒 多 的 精 灵 之 盔 
itm_elf_helm_pl|卡 勒 多 的 精 灵 之 盔 
itm_gor_rok_body|哥 罗 克 身 体 
itm_gor_rok_body_pl|哥 罗 克 身 体 
itm_gor_rok_hand|哥 罗 克 护 手 
itm_gor_rok_hand_pl|哥 罗 克 护 手 
itm_gor_rok_head|哥 罗 克 头 部 
itm_gor_rok_head_pl|哥 罗 克 头 部 
itm_gor_rok_leg|哥 罗 克 腿 部 
itm_gor_rok_leg_pl|哥 罗 克 腿 部 
itm_blessed_old_one_body|神 佑 古 血 战 士 甲 
itm_blessed_old_one_body_pl|神 佑 古 血 战 士 甲 
itm_blessed_old_one_hand|神 佑 古 血 战 士 手 甲 
itm_blessed_old_one_hand_pl|神 佑 古 血 战 士 手 甲 
itm_blessed_old_one_head|神 佑 古 血 战 士 头  
itm_blessed_old_one_head_pl|神 佑 古 血 战 士 头  
itm_blessed_old_one_leg|古 圣 祝 福 腿 甲
itm_blessed_old_one_leg_pl|古 圣 祝 福 腿 甲
itm_saurus_head|蜥 人 头 部 
itm_saurus_head_pl|蜥 人 头 部 
itm_saurus_bluebody|蜥 人 身 体 
itm_saurus_bluebody_pl|蜥 人 身 体 
itm_saurus_bluehand|蜥 人 手 部 
itm_saurus_bluehand_pl|蜥 人 手 部 
itm_saurus_bluecalf|蜥 人 腿 部 
itm_saurus_bluecalf_pl|蜥 人 腿 部 
itm_saurus_warrior|蜥 人 勇 士 身 体 
itm_saurus_warrior_pl|蜥 人 勇 士 身 体 
itm_saurus_head2|蜥 人 战 士 硬 化 头 
itm_saurus_head2_pl|蜥 人 战 士 硬 化 头 
itm_saurus_head3|蜥 人 轻 甲 头 部
itm_saurus_head3_pl|蜥 人 轻 甲 头 部
itm_saurus_bonebody|蜥 人 轻 甲 蓝 鳞
itm_saurus_bonebody_pl|蜥 人 轻 甲 蓝 鳞
itm_saurus_temguard_head|神 殿 守 卫 头 部 
itm_saurus_temguard_head_pl|神 殿 守 卫 头 部 
itm_saurus_temguard|神 殿 守 卫 护 甲 
itm_saurus_temguard_pl|神 殿 守 卫 护 甲 
itm_saurus_redhand|蜥 人 手 部 
itm_saurus_redhand_pl|蜥 人 手 部 
itm_redcalf|蜥 人 腿 部 
itm_redcalf_pl|蜥 人 腿 部 
itm_saurus_revered|尊 崇 蜥 人 护 甲 
itm_saurus_revered_pl|尊 崇 蜥 人 护 甲 
itm_saurus_vethead|蜥 人 骑 手 盔
itm_saurus_vethead_pl|蜥 人 骑 手 盔
itm_saurus_redhead|蜥 人 冠 军 盔
itm_saurus_redhead_pl|蜥 人 冠 军 盔
itm_saurus_vethead2|尊 崇 蜥 人 盔
itm_saurus_vethead2_pl|尊 崇 蜥 人 盔
itm_lord_redbody|尊 崇 蜥 人 甲
itm_lord_redbody_pl|尊 崇 蜥 人 甲
itm_lord_redhead|尊 崇 蜥 人 盔
itm_lord_redhead_pl|尊 崇 蜥 人 盔
itm_saurus_lordhead|古 血 战 士 头 部 
itm_saurus_lordhead_pl|古 血 战 士 头 部 
itm_old_blood_body|古 血 战 士 护 甲 
itm_old_blood_body_pl|古 血 战 士 护 甲 
itm_old_blood_helm|古 血 战 士 仪 式 头 盔 
itm_old_blood_helm_pl|古 血 战 士 仪 式 头 盔 
itm_old_blood_helm2|古 血 战 士 战 盔 
itm_old_blood_helm2_pl|古 血 战 士 战 盔 
itm_kroq_gar_helm|巨 蜥 头 盔 
itm_kroq_gar_helm_pl|巨 蜥 头 盔 
itm_mummy_body|木 乃 伊 身 体 
itm_mummy_body_pl|木 乃 伊 身 体 
itm_mummy_legs|木 乃 伊 腿 部 
itm_mummy_legs_pl|木 乃 伊 腿 部 
itm_mummy_hands|木 乃 伊 手 部 
itm_mummy_hands_pl|木 乃 伊 手 部 
itm_mummy_head|木 乃 伊 头 部 
itm_mummy_head_pl|木 乃 伊 头 部 
itm_zombie_top|僵 尸 
itm_zombie_top_pl|僵 尸 
itm_zombie_blueshirt|僵 尸 
itm_zombie_blueshirt_pl|僵 尸 
itm_zombie_shirt|僵 尸 
itm_zombie_shirt_pl|僵 尸 
itm_zombie_head|僵 尸 头 部 
itm_zombie_head_pl|僵 尸 头 部 
itm_zombie_hands|僵 尸 手 部 
itm_zombie_hands_pl|僵 尸 手 部 
itm_zombie_legs|僵 尸 腿 部 
itm_zombie_legs_pl|僵 尸 腿 部 
itm_ghoul_body|食 尸 鬼 
itm_ghoul_body_pl|食 尸 鬼 
itm_ghoul_head|食 尸 鬼 头 部 
itm_ghoul_head_pl|食 尸 鬼 头 部 
itm_ghoul_hands|食 尸 鬼 手 部 
itm_ghoul_hands_pl|食 尸 鬼 手 部 
itm_skeleton_hands|骷 髅 手 部 
itm_skeleton_hands_pl|骷 髅 手 部 
itm_wraith|幽 灵 甲 
itm_wraith_pl|幽 灵 甲 
itm_grim|死 神 甲 
itm_grim_pl|死 神 甲 
itm_ghost|幽 灵 甲 
itm_ghost_pl|幽 灵 甲 
itm_banshee|女 妖 甲 
itm_banshee_pl|女 妖 甲 
itm_ghost_hands|幽 灵 手 部 
itm_ghost_hands_pl|幽 灵 手 部 
itm_banshee_hands|女 妖 手 部 
itm_banshee_hands_pl|女 妖 手 部 
itm_no_boots|光 脚 
itm_no_boots_pl|光 脚 
itm_skeleton_norm|骷 髅 骨 架 
itm_skeleton_norm_pl|骷 髅 骨 架 
itm_skeleton_archer|骷 髅 射 手 甲 
itm_skeleton_archer_pl|骷 髅 射 手 甲 
itm_skeleton_light|骷 髅 布 衣 
itm_skeleton_light_pl|骷 髅 布 衣 
itm_skeleton_light2|骷 髅 布 衣 
itm_skeleton_light2_pl|骷 髅 布 衣 
itm_skeleton_light3|骷 髅 布 衣 
itm_skeleton_light3_pl|骷 髅 布 衣 
itm_hell_knight|地 狱 骑 士 甲 
itm_hell_knight_pl|地 狱 骑 士 甲 
itm_black_knight|黑 骑 士 甲 
itm_black_knight_pl|黑 骑 士 甲 
itm_black_knight2|黑 骑 士 甲 
itm_black_knight2_pl|黑 骑 士 甲 
itm_black_knight3|黑 骑 士 甲 
itm_black_knight3_pl|黑 骑 士 甲 
itm_skeleton_plate|骷 髅 板 甲 
itm_skeleton_plate_pl|骷 髅 板 甲 
itm_skeleton_plate2|骷 髅 板 甲 
itm_skeleton_plate2_pl|骷 髅 板 甲 
itm_skeleton_plate3|骷 髅 板 甲 
itm_skeleton_plate3_pl|骷 髅 板 甲 
itm_wight_armour|怨 灵 甲
itm_wight_armour_pl|怨 灵 甲
itm_wight_armour2|怨 灵 甲 
itm_wight_armour2_pl|怨 灵 甲 
itm_wight_armour3|怨 灵 甲 
itm_wight_armour3_pl|怨 灵 甲 
itm_grave_armour|荒 坟 守 卫 甲 
itm_grave_armour_pl|荒 坟 守 卫 甲 
itm_grave_armour2|荒 坟 守 卫 甲 
itm_grave_armour2_pl|荒 坟 守 卫 甲 
itm_tomb_archer|古 墓 射 手 甲 
itm_tomb_archer_pl|古 墓 射 手 甲 
itm_skeleton_armour|骷 髅 甲 
itm_skeleton_armour_pl|骷 髅 甲 
itm_blessed_armour|尼 赫 卡 拉 的 祝 福 铠 甲 
itm_blessed_armour_pl|尼 赫 卡 拉 的 祝 福 铠 甲 
itm_blessed_asaph|阿 斯 帕 的 赐 福 铠 甲 
itm_blessed_asaph_pl|阿 斯 帕 的 赐 福 铠 甲 
itm_tomb_warrior|古 墓 甲 
itm_tomb_warrior_pl|古 墓 甲 
itm_tomb_armour|古 墓 守 卫 甲 
itm_tomb_armour_pl|古 墓 守 卫 甲 
itm_skeleton_mid2|骷 髅 旧 链 甲
itm_skeleton_mid2_pl|骷 髅 旧 链 甲
itm_skeleton_mid|骷 髅 旧 链 甲
itm_skeleton_mid_pl|骷 髅 旧 链 甲
itm_skeleton_mid3|骷 髅 旧 链 甲
itm_skeleton_mid3_pl|骷 髅 旧 链 甲
itm_skeleton_scale|骷 髅 旧 鳞 甲
itm_skeleton_scale_pl|骷 髅 旧 鳞 甲
itm_skeleton_scale2|骷 髅 旧 鳞 甲
itm_skeleton_scale2_pl|骷 髅 旧 鳞 甲
itm_skeleton_scale3|骷 髅 旧 鳞 甲
itm_skeleton_scale3_pl|骷 髅 旧 鳞 甲
itm_tomb_knight|墓 地 骑 士 甲 
itm_tomb_knight_pl|墓 地 骑 士 甲 
itm_tomb_heavy_armour|墓 地 骑 士 重 甲 
itm_tomb_heavy_armour_pl|墓 地 骑 士 重 甲 
itm_tomb_lord|墓 地 领 主 甲
itm_tomb_lord_pl|墓 地 领 主 甲
itm_necropolis_knight_armour|墓 地 骑 士 甲 
itm_necropolis_knight_armour_pl|墓 地 骑 士 甲 
itm_skull_head|骷 髅 头 部 
itm_skull_head_pl|骷 髅 头 部 
itm_skeleton_headress|骷 髅 头 饰 
itm_skeleton_headress_pl|骷 髅 头 饰 
itm_skel_warrior|骷 髅 甲 
itm_skel_warrior_pl|骷 髅 甲 
itm_skel_warrior_gold|骷 髅 甲 
itm_skel_warrior_gold_pl|骷 髅 甲 
itm_skel_horse_armour|骷 髅 全 甲 
itm_skel_horse_armour_pl|骷 髅 全 甲 
itm_black_skeleton_greaves|黑 护 胫 
itm_black_skeleton_greaves_pl|黑 护 胫 
itm_skeleton_boots|链 甲 靴 
itm_skeleton_boots_pl|链 甲 靴 
itm_skeleton_boots2|骷 髅 靴 
itm_skeleton_boots2_pl|骷 髅 靴 
itm_skeleton_boots3|骷 髅 靴 
itm_skeleton_boots3_pl|骷 髅 靴 
itm_skeleton_boots4|骷 髅 皮 革 夹 板 护 胫 
itm_skeleton_boots4_pl|骷 髅 皮 革 夹 板 护 胫 
itm_skeleton_boots5|骷 髅 皮 革 夹 板 护 胫 
itm_skeleton_boots5_pl|骷 髅 皮 革 夹 板 护 胫 
itm_skeleton_boots6|骷 髅 靴 
itm_skeleton_boots6_pl|骷 髅 靴 
itm_skeleton_greaves|骷 髅 铁 护 胫 
itm_skeleton_greaves_pl|骷 髅 铁 护 胫 
itm_skeleton_greaves2|骷 髅 铁 护 胫 
itm_skeleton_greaves2_pl|骷 髅 铁 护 胫 
itm_skeleton_greaves3|骷 髅 铁 护 胫 
itm_skeleton_greaves3_pl|骷 髅 铁 护 胫 
itm_skeleton_greaves4|骷 髅 铁 护 胫 
itm_skeleton_greaves4_pl|骷 髅 铁 护 胫 
itm_skeleton_greaves5|骷 髅 铁 护 胫 
itm_skeleton_greaves5_pl|骷 髅 铁 护 胫 
itm_skeleton_greaves6|骷 髅 铁 护 胫 
itm_skeleton_greaves6_pl|骷 髅 铁 护 胫 
itm_skeleton_leather_gloves|骷 髅 皮 革 手 套 
itm_skeleton_leather_gloves_pl|骷 髅 皮 革 手 套 
itm_skeleton_leather_gloves2|骷 髅 皮 革 手 套 
itm_skeleton_leather_gloves2_pl|骷 髅 皮 革 手 套 
itm_skeleton_leather_gloves3|骷 髅 皮 革 手 套 
itm_skeleton_leather_gloves3_pl|骷 髅 皮 革 手 套 
itm_skeleton_leather_gloves3b|骷 髅 皮 革 手 套 
itm_skeleton_leather_gloves3b_pl|骷 髅 皮 革 手 套 
itm_skeleton_leather_gloves4|骷 髅 护 手
itm_skeleton_leather_gloves4_pl|骷 髅 护 手
itm_skeleton_leather_gloves5|骷 髅 皮 革 手 套 
itm_skeleton_leather_gloves5_pl|骷 髅 皮 革 手 套 
itm_skeleton_leather_gloves6|骷 髅 皮 革 手 套 
itm_skeleton_leather_gloves6_pl|骷 髅 皮 革 手 套 
itm_skeleton_gauntlet|骷 髅 铁 护 手 
itm_skeleton_gauntlet_pl|骷 髅 铁 护 手 
itm_skeleton_gauntlet2|骷 髅 铁 护 手 
itm_skeleton_gauntlet2_pl|骷 髅 铁 护 手 
itm_leather_boots_up|湿 透 的 皮 靴
itm_leather_boots_up_pl|湿 透 的 皮 靴
itm_undead_bandana1|僵 尸 海 盗 头 巾 
itm_undead_bandana1_pl|僵 尸 海 盗 头 巾 
itm_undead_bandana2|僵 尸 海 盗 头 巾 
itm_undead_bandana2_pl|僵 尸 海 盗 头 巾 
itm_undead_bandana3|僵 尸 海 盗 头 巾 
itm_undead_bandana3_pl|僵 尸 海 盗 头 巾 
itm_undead_bandana4|僵 尸 海 盗 头 巾 
itm_undead_bandana4_pl|僵 尸 海 盗 头 巾 
itm_undead_bandana5|僵 尸 海 盗 头 巾 
itm_undead_bandana5_pl|僵 尸 海 盗 头 巾 
itm_undead_bandana6|僵 尸 海 盗 头 巾 
itm_undead_bandana6_pl|僵 尸 海 盗 头 巾 
itm_undead_new_hat1|僵 尸 海 盗 帽 子 
itm_undead_new_hat1_pl|僵 尸 海 盗 帽 子 
itm_undead_new_hat2|僵 尸 海 盗 帽 子 
itm_undead_new_hat2_pl|僵 尸 海 盗 帽 子 
itm_undead_new_hat3|僵 尸 海 盗 帽 子 
itm_undead_new_hat3_pl|僵 尸 海 盗 帽 子 
itm_undead_new_hat4|僵 尸 海 盗 三 角 帽 
itm_undead_new_hat4_pl|僵 尸 海 盗 三 角 帽 
itm_undead_new_hat5|僵 尸 海 盗 帽 子 
itm_undead_new_hat5_pl|僵 尸 海 盗 帽 子 
itm_undead_new_hat6|僵 尸 海 盗 帽 子 
itm_undead_new_hat6_pl|僵 尸 海 盗 帽 子 
itm_undead_new_hat7|僵 尸 海 盗 帽 子 
itm_undead_new_hat7_pl|僵 尸 海 盗 帽 子 
itm_undead_new_hat8|僵 尸 海 盗 帽 子 
itm_undead_new_hat8_pl|僵 尸 海 盗 帽 子 
itm_undead_light_leather|僵 尸 海 盗 轻 皮 衣 
itm_undead_light_leather_pl|僵 尸 海 盗 轻 皮 衣 
itm_undead_leather_jerkin|僵 尸 海 盗 紧 身 皮 袄 
itm_undead_leather_jerkin_pl|僵 尸 海 盗 紧 身 皮 袄 
itm_undead_leather_armor|僵 尸 海 盗 皮 甲 
itm_undead_leather_armor_pl|僵 尸 海 盗 皮 甲 
itm_undead_tricorne|僵 尸 海 盗 三 角 帽 
itm_undead_tricorne_pl|僵 尸 海 盗 三 角 帽 
itm_undead_piratehat|僵 尸 海 盗 帽
itm_undead_piratehat_pl|僵 尸 海 盗 帽
itm_undead_pirate_shirt|僵 尸 海 盗 衬 衫
itm_undead_pirate_shirt_pl|僵 尸 海 盗 衬 衫
itm_undead_pirate_seaman|僵 尸 海 盗 衬 衫
itm_undead_pirate_seaman_pl|僵 尸 海 盗 衬 衫
itm_undead_pirate_mate|僵 尸 海 盗 皮 大 衣 
itm_undead_pirate_mate_pl|僵 尸 海 盗 皮 大 衣 
itm_undead_pirate_plate_body|僵 尸 海 盗 胸 甲
itm_undead_pirate_plate_body_pl|僵 尸 海 盗 胸 甲
itm_undead_pirate_rogue|僵 尸 海 盗 衬 衫
itm_undead_pirate_rogue_pl|僵 尸 海 盗 衬 衫
itm_undead_waistcoat_black|僵 尸 海 盗 黑 色 马 甲 
itm_undead_waistcoat_black_pl|僵 尸 海 盗 黑 色 马 甲 
itm_undead_musket_coat|僵 尸 海 盗 火 枪 手 外 套 
itm_undead_musket_coat_pl|僵 尸 海 盗 火 枪 手 外 套 
itm_undead_musketeer_coat|僵 尸 海 盗 火 枪 手 外 套 
itm_undead_musketeer_coat_pl|僵 尸 海 盗 火 枪 手 外 套 
itm_undead_red_musketeer_coat|僵 尸 海 盗 火 枪 手 外 套 
itm_undead_red_musketeer_coat_pl|僵 尸 海 盗 火 枪 手 外 套 
itm_undead_pirate_coat|僵 尸 海 盗 大 衣 
itm_undead_pirate_coat_pl|僵 尸 海 盗 大 衣 
itm_undead_pirate_duel|僵 尸 海 盗 大 衣 
itm_undead_pirate_duel_pl|僵 尸 海 盗 大 衣 
itm_undead_pirate_captain|僵 尸 海 盗 大 衣 
itm_undead_pirate_captain_pl|僵 尸 海 盗 大 衣 
itm_undead_pirate_officer|僵 尸 海 盗 船 长 大 衣 
itm_undead_pirate_officer_pl|僵 尸 海 盗 船 长 大 衣 
itm_undead_pirate_lord|僵 尸 海 盗 金 饰 大 衣 
itm_undead_pirate_lord_pl|僵 尸 海 盗 金 饰 大 衣 
itm_dwarf_tunic|矮 人 服 
itm_dwarf_tunic_pl|矮 人 服 
itm_dwarf_tunic_2|矮 人 短 袍 
itm_dwarf_tunic_2_pl|矮 人 短 袍 
itm_dwarf_tunic_3|矮 人 矿 工 短 袍 
itm_dwarf_tunic_3_pl|矮 人 矿 工 短 袍 
itm_dwarf_tunic_4|矮 人 领 主 短 袍 
itm_dwarf_tunic_4_pl|矮 人 领 主 短 袍 
itm_dwarf_tunic_5|矮 人 领 主 短 袍 
itm_dwarf_tunic_5_pl|矮 人 领 主 短 袍 
itm_dwarf_light_leather|矮 人 皮 衣 
itm_dwarf_light_leather_pl|矮 人 皮 衣 
itm_dwarf_leather|矮 人 加 衬 短 袍 
itm_dwarf_leather_pl|矮 人 加 衬 短 袍 
itm_dwarf_leather2|矮 人 加 衬 短 袍 
itm_dwarf_leather2_pl|矮 人 加 衬 短 袍 
itm_dwarf_padded|矮 人 链 甲 袍 
itm_dwarf_padded_pl|矮 人 链 甲 袍 
itm_dwarf_padded2|矮 人 链 甲 袍 
itm_dwarf_padded2_pl|矮 人 链 甲 袍 
itm_dwarf_chainmail|矮 人 链 甲 
itm_dwarf_chainmail_pl|矮 人 链 甲 
itm_dwarf_hammerer|矮 人 加 强 链 甲 
itm_dwarf_hammerer_pl|矮 人 加 强 链 甲 
itm_dwarf_armour|矮 人 精 英 甲 
itm_dwarf_armour_pl|矮 人 精 英 甲 
itm_dwarf_reinforced|矮 人 强 化 甲 
itm_dwarf_reinforced_pl|矮 人 强 化 甲 
itm_dwarf_reinforced2|矮 人 强 化 甲 
itm_dwarf_reinforced2_pl|矮 人 强 化 甲 
itm_dwarf_mail_light2|矮 人 带 袍 轻 链 甲 
itm_dwarf_mail_light2_pl|矮 人 带 袍 轻 链 甲 
itm_dwarf_paddedlong2|矮 人 工 程 师 带 衬 甲 
itm_dwarf_paddedlong2_pl|矮 人 工 程 师 带 衬 甲 
itm_dwarf_paddedlong|矮 人 工 程 师 带 衬 甲 
itm_dwarf_paddedlong_pl|矮 人 工 程 师 带 衬 甲 
itm_dwarf_breast|矮 人 板 链 甲 
itm_dwarf_breast_pl|矮 人 板 链 甲 
itm_dwarf_plate_armor|矮 人 板 甲 
itm_dwarf_plate_armor_pl|矮 人 板 甲 
itm_dwarf_plate_armor2|矮 人 板 甲 
itm_dwarf_plate_armor2_pl|矮 人 板 甲 
itm_dwarf_ranger|矮 人 游 侠 甲 
itm_dwarf_ranger_pl|矮 人 游 侠 甲 
itm_dwarf_mail_light|矮 人 带 衬 甲 
itm_dwarf_mail_light_pl|矮 人 带 衬 甲 
itm_dwarf_mail|矮 人 重 链 甲 
itm_dwarf_mail_pl|矮 人 重 链 甲 
itm_slayerlong_body|屠 夫 红 裤
itm_slayerlong_body_pl|屠 夫 红 裤
itm_slayerlong_body_green|屠 夫 绿 裤
itm_slayerlong_body_green_pl|屠 夫 绿 裤
itm_slayerlong_body_blue|屠 夫 蓝 裤
itm_slayerlong_body_blue_pl|屠 夫 蓝 裤
itm_slayer_body|屠 夫 身 体 
itm_slayer_body_pl|屠 夫 身 体 
itm_giant_slayer_body|屠 夫 身 体 
itm_giant_slayer_body_pl|屠 夫 身 体 
itm_daemon_slayer_body|恶 魔 屠 夫 身 体 
itm_daemon_slayer_body_pl|恶 魔 屠 夫 身 体 
itm_gotrek_body|高 崔 克 身 体 
itm_gotrek_body_pl|高 崔 克 身 体 
itm_dwarf_armour_2|矮 人 鳞 甲
itm_dwarf_armour_2_pl|矮 人 鳞 甲
itm_dwarf_armour_3|矮 人 领 主 板 甲 
itm_dwarf_armour_3_pl|矮 人 领 主 板 甲 
itm_dwarf_armour_4|矮 人 领 主 甲 
itm_dwarf_armour_4_pl|矮 人 领 主 甲 
itm_runepriest_armour|符 文 牧 师 甲 
itm_runepriest_armour_pl|符 文 牧 师 甲 
itm_runearmour|矮 人 符 文 甲 
itm_runearmour_pl|矮 人 符 文 甲 
itm_runearmour2|矮 人 符 文 甲 
itm_runearmour2_pl|矮 人 符 文 甲 
itm_runearmour3|矮 人 符 文 甲 
itm_runearmour3_pl|矮 人 符 文 甲 
itm_dwarf_runemail|符 文 屠 夫 身 体
itm_dwarf_runemail_pl|符 文 屠 夫 身 体
itm_dwarf_runemail2|符 文 屠 夫 身 体
itm_dwarf_runemail2_pl|符 文 屠 夫 身 体
itm_dwarf_runemail3|符 文 屠 夫 身 体
itm_dwarf_runemail3_pl|符 文 屠 夫 身 体
itm_dwarf_gold_armour|矮 人 黄 金 甲 
itm_dwarf_gold_armour_pl|矮 人 黄 金 甲 
itm_dwarf_boots_1|矮 人 皮 靴 
itm_dwarf_boots_1_pl|矮 人 皮 靴 
itm_dwarf_boots_2|矮 人 包 头 靴
itm_dwarf_boots_2_pl|矮 人 包 头 靴
itm_dwarf_boots_3|矮 人 夹 板 靴 
itm_dwarf_boots_3_pl|矮 人 夹 板 靴 
itm_dwarf_boots_7|矮 人 夹 板 靴 
itm_dwarf_boots_7_pl|矮 人 夹 板 靴 
itm_dwarf_boots_4|矮 人 链 甲 靴 
itm_dwarf_boots_4_pl|矮 人 链 甲 靴 
itm_dwarf_boots_5|矮 人 铁 护 胫 
itm_dwarf_boots_5_pl|矮 人 铁 护 胫 
itm_ironbreaker_boots|矮 人 铁 护 胫 
itm_ironbreaker_boots_pl|矮 人 铁 护 胫 
itm_hammerer_boots|矮 人 铁 护 胫 
itm_hammerer_boots_pl|矮 人 铁 护 胫 
itm_dwarf_boots_6|矮 人 领 主 靴 
itm_dwarf_boots_6_pl|矮 人 领 主 靴 
itm_dwarf_leather_gloves|矮 人 皮 手 套 
itm_dwarf_leather_gloves_pl|矮 人 皮 手 套 
itm_dwarf_mail_mittens|矮 人 链 甲 手 套 
itm_dwarf_mail_mittens_pl|矮 人 链 甲 手 套 
itm_dwarf_gauntlets|矮 人 护 手 
itm_dwarf_gauntlets_pl|矮 人 护 手 
itm_dwarf_bandana1|矮 人 头 巾 
itm_dwarf_bandana1_pl|矮 人 头 巾 
itm_dwarf_bandana2|矮 人 头 巾 
itm_dwarf_bandana2_pl|矮 人 头 巾 
itm_dwarf_hat1|矮 人 帽 
itm_dwarf_hat1_pl|矮 人 帽 
itm_dwarf_hat2|矮 人 帽 
itm_dwarf_hat2_pl|矮 人 帽 
itm_dwarf_miner_helmet|矿 工 盔 
itm_dwarf_miner_helmet_pl|矿 工 盔 
itm_dwarf_helmet1|矮 人 盔 
itm_dwarf_helmet1_pl|矮 人 盔 
itm_dwarf_helmet2|矮 人 角 盔 
itm_dwarf_helmet2_pl|矮 人 角 盔 
itm_dwarf_helmet3|矮 人 盔 
itm_dwarf_helmet3_pl|矮 人 盔 
itm_dwarf_helmet4|矮 人 角 盔 
itm_dwarf_helmet4_pl|矮 人 角 盔 
itm_dwarf_helmet5|矮 人 战 盔 
itm_dwarf_helmet5_pl|矮 人 战 盔 
itm_dwarf_helmet6|矮 人 加 固 头 盔 
itm_dwarf_helmet6_pl|矮 人 加 固 头 盔 
itm_dwarf_helmet7|矮 人 铁 锤 盔 
itm_dwarf_helmet7_pl|矮 人 铁 锤 盔 
itm_dwarf_helmet8|矮 人 铁 锤 盔 
itm_dwarf_helmet8_pl|矮 人 铁 锤 盔 
itm_dwarf_helmet9|矮 人 加 固 头 盔 
itm_dwarf_helmet9_pl|矮 人 加 固 头 盔 
itm_dwarf_cross_helmet|矮 人 皮 盔 
itm_dwarf_cross_helmet_pl|矮 人 皮 盔 
itm_dwarf_cross_helmet2|矮 人 小 盔 
itm_dwarf_cross_helmet2_pl|矮 人 小 盔 
itm_dwarf_cross_helmet3|矮 人 加 固 头 盔 
itm_dwarf_cross_helmet3_pl|矮 人 加 固 头 盔 
itm_dwarf_missl_helmet1|矮 人 雷 电 盔 
itm_dwarf_missl_helmet1_pl|矮 人 雷 电 盔 
itm_dwarf_missl_helmet2|矮 人 雷 电 盔 
itm_dwarf_missl_helmet2_pl|矮 人 雷 电 盔 
itm_engineer_helm|矮 人 工 程 师 盔 
itm_engineer_helm_pl|矮 人 工 程 师 盔 
itm_dwarf_iron_helm1|矮 人 铁 盔 
itm_dwarf_iron_helm1_pl|矮 人 铁 盔 
itm_dwarf_iron_helm2|矮 人 铁 盔 
itm_dwarf_iron_helm2_pl|矮 人 铁 盔 
itm_dwarf_iron_helm3|矮 人 铁 盔 
itm_dwarf_iron_helm3_pl|矮 人 铁 盔 
itm_dwarf_rune_priest_helm|矮 人 符 文 牧 师 头 盔 
itm_dwarf_rune_priest_helm_pl|矮 人 符 文 牧 师 头 盔 
itm_dwarf_lord_helm1|矮 人 领 主 盔 
itm_dwarf_lord_helm1_pl|矮 人 领 主 盔 
itm_dwarf_lord_helm2|矮 人 领 主 盔 
itm_dwarf_lord_helm2_pl|矮 人 领 主 盔
itm_dwarf_lord_helm3|矮 人 领 主 盔 
itm_dwarf_lord_helm3_pl|矮 人 领 主 盔 
itm_ungrim_crown|阿 格 里 姆 王 冠 
itm_ungrim_crown_pl|阿 格 里 姆 王 冠 
itm_dwarf_king_helm|矮 人 国 王 盔 
itm_dwarf_king_helm_pl|矮 人 国 王 盔 
itm_slayer_hair1|屠 夫 头 饰 
itm_slayer_hair1_pl|屠 夫 头 饰 
itm_patch|眼 罩 头 饰 
itm_patch_pl|眼 罩 头 饰 
itm_dwarf_skull1|矮 人 灰 色 颅 骨 
itm_dwarf_skull1_pl|矮 人 灰 色 颅 骨 
itm_dwarf_skull2|矮 人 红 色 颅 骨 
itm_dwarf_skull2_pl|矮 人 红 色 颅 骨 
itm_dwarf_skull3|矮 人 棕 色 颅 骨 
itm_dwarf_skull3_pl|矮 人 棕 色 颅 骨 
itm_chaosdwarf_boots_1|混 沌 矮 人 皮 靴 
itm_chaosdwarf_boots_1_pl|混 沌 矮 人 皮 靴 
itm_chaosdwarf_boots_2|混 沌 矮 人 长 靴 
itm_chaosdwarf_boots_2_pl|混 沌 矮 人 长 靴 
itm_chaosdwarf_chainmail|混 沌 矮 人 链 甲 
itm_chaosdwarf_chainmail_pl|混 沌 矮 人 链 甲 
itm_chaosdwarf_chainmail2|混 沌 矮 人 黑 暗 链 甲 
itm_chaosdwarf_chainmail2_pl|混 沌 矮 人 黑 暗 链 甲 
itm_chaosdwarf_chainmail3|混 沌 矮 人 黑 暗 链 甲 
itm_chaosdwarf_chainmail3_pl|混 沌 矮 人 黑 暗 链 甲 
itm_chaosdwarf_chainmail4|混 沌 矮 人 黑 暗 链 甲 
itm_chaosdwarf_chainmail4_pl|混 沌 矮 人 黑 暗 链 甲 
itm_chaosdwarf_chainmail5|混 沌 矮 人 黑 暗 链 甲 
itm_chaosdwarf_chainmail5_pl|混 沌 矮 人 黑 暗 链 甲 
itm_chaosdwarf_sorcerer_chainmail|混 沌 矮 人 黑 暗 链 甲 
itm_chaosdwarf_sorcerer_chainmail_pl|混 沌 矮 人 黑 暗 链 甲 
itm_chaosdwarf_leader_chainmail|混 沌 矮 人 黑 暗 链 甲 
itm_chaosdwarf_leader_chainmail_pl|混 沌 矮 人 黑 暗 链 甲 
itm_obsidian_scalemail|混 沌 矮 人 鱼 鳞 甲 
itm_obsidian_scalemail_pl|混 沌 矮 人 鱼 鳞 甲 
itm_chaosdwarf_scalemail|混 沌 矮 人 鱼 鳞 甲 
itm_chaosdwarf_scalemail_pl|混 沌 矮 人 鱼 鳞 甲 
itm_annihilator_scalemail|混 沌 矮 人 板 甲 
itm_annihilator_scalemail_pl|混 沌 矮 人 板 甲 
itm_darklon_armour|混 沌 矮 人 板 甲 
itm_darklon_armour_pl|混 沌 矮 人 板 甲 
itm_infernal_guard_armour|地 狱 守 卫 盔 甲
itm_infernal_guard_armour_pl|地 狱 守 卫 盔 甲
itm_chaosdwarf_scalemail2|混 沌 矮 人 鱼 鳞 甲 
itm_chaosdwarf_scalemail2_pl|混 沌 矮 人 鱼 鳞 甲 
itm_daemonsmith_scale|恶 魔 铁 匠 甲 
itm_daemonsmith_scale_pl|恶 魔 铁 匠 甲 
itm_infernal_guard_armour_veteran|铁 誓 盔 甲
itm_infernal_guard_armour_veteran_pl|铁 誓 盔 甲
itm_inferno_scale|地 狱 火 混 沌 矮 人 甲 
itm_inferno_scale_pl|地 狱 火 混 沌 矮 人 甲 
itm_chaosdwarf_shirt_yellow|混 沌 矮 人 夹 棉 衬 衫 
itm_chaosdwarf_shirt_yellow_pl|混 沌 矮 人 夹 棉 衬 衫 
itm_chaosdwarf_shirt_red|混 沌 矮 人 夹 棉 衬 衫 
itm_chaosdwarf_shirt_red_pl|混 沌 矮 人 夹 棉 衬 衫 
itm_chaosdwarf_shirt_blue|混 沌 矮 人 夹 棉 衬 衫 
itm_chaosdwarf_shirt_blue_pl|混 沌 矮 人 夹 棉 衬 衫 
itm_chaosdwarf_shirt_sorcerer|混 沌 矮 人 夹 棉 衬 衫 
itm_chaosdwarf_shirt_sorcerer_pl|混 沌 矮 人 夹 棉 衬 衫 
itm_chaosdwarf_shirt_black|混 沌 矮 人 夹 棉 衬 衫 
itm_chaosdwarf_shirt_black_pl|混 沌 矮 人 夹 棉 衬 衫 
itm_chaosdwarf_lord|混 沌 矮 人 领 主 甲 
itm_chaosdwarf_lord_pl|混 沌 矮 人 领 主 甲 
itm_chaosdwarf_full|混 沌 矮 人 全 盔 
itm_chaosdwarf_full_pl|混 沌 矮 人 全 盔 
itm_chaosdwarf_full2|混 沌 矮 人 全 盔 
itm_chaosdwarf_full2_pl|混 沌 矮 人 全 盔 
itm_chaosdwarf_full3|混 沌 矮 人 全 盔 
itm_chaosdwarf_full3_pl|混 沌 矮 人 全 盔 
itm_chaosdwarf_full4|混 沌 矮 人 强 化 全 盔 
itm_chaosdwarf_full4_pl|混 沌 矮 人 强 化 全 盔 
itm_chaosdwarf_full5|混 沌 矮 人 强 化 全 盔 
itm_chaosdwarf_full5_pl|混 沌 矮 人 强 化 全 盔 
itm_chaosdwarf_full6|混 沌 矮 人 全 盔 
itm_chaosdwarf_full6_pl|混 沌 矮 人 全 盔 
itm_chaosdwarf_full7|混 沌 矮 人 全 盔 
itm_chaosdwarf_full7_pl|混 沌 矮 人 全 盔 
itm_chaosdwarf_full8|混 沌 矮 人 强 化 全 盔 
itm_chaosdwarf_full8_pl|混 沌 矮 人 强 化 全 盔 
itm_chaosdwarf_full9|混 沌 矮 人 强 化 全 盔 
itm_chaosdwarf_full9_pl|混 沌 矮 人 强 化 全 盔 
itm_chaosdwarf_full10|混 沌 矮 人 全 盔 
itm_chaosdwarf_full10_pl|混 沌 矮 人 全 盔 
itm_chaosdwarf_full11|混 沌 矮 人 全 盔 
itm_chaosdwarf_full11_pl|混 沌 矮 人 全 盔 
itm_chaosdwarf_full12|混 沌 矮 人 强 化 全 盔 
itm_chaosdwarf_full12_pl|混 沌 矮 人 强 化 全 盔 
itm_chaosdwarf_full13|混 沌 矮 人 强 化 全 盔 
itm_chaosdwarf_full13_pl|混 沌 矮 人 强 化 全 盔 
itm_chaosdwarf_full14|混 沌 矮 人 全 盔 
itm_chaosdwarf_full14_pl|混 沌 矮 人 全 盔 
itm_chaosdwarf_full15|混 沌 矮 人 全 盔 
itm_chaosdwarf_full15_pl|混 沌 矮 人 全 盔 
itm_chaosdwarf_full16|混 沌 矮 人 全 盔 
itm_chaosdwarf_full16_pl|混 沌 矮 人 全 盔 
itm_chaosdwarf_full17|混 沌 矮 人 全 盔 
itm_chaosdwarf_full17_pl|混 沌 矮 人 全 盔 
itm_chaosdwarf_full18|混 沌 矮 人 全 盔 
itm_chaosdwarf_full18_pl|混 沌 矮 人 全 盔 
itm_chaosdwarf_full19|混 沌 矮 人 全 盔 
itm_chaosdwarf_full19_pl|混 沌 矮 人 全 盔 
itm_chaosdwarf_full20|混 沌 矮 人 全 盔 
itm_chaosdwarf_full20_pl|混 沌 矮 人 全 盔 
itm_chaosdwarf_full21|混 沌 矮 人 全 盔 
itm_chaosdwarf_full21_pl|混 沌 矮 人 全 盔 
itm_chaosdwarf_full22|混 沌 矮 人 全 盔 
itm_chaosdwarf_full22_pl|混 沌 矮 人 全 盔 
itm_chaosdwarf_full23|混 沌 矮 人 镀 金 盔
itm_chaosdwarf_full23_pl|混 沌 矮 人 镀 金 盔
itm_chaosdwarf_full24|混 沌 矮 人 镀 金 盔
itm_chaosdwarf_full24_pl|混 沌 矮 人 镀 金 盔
itm_chaosdwarf_full25|混 沌 矮 人 镀 金 盔
itm_chaosdwarf_full25_pl|混 沌 矮 人 镀 金 盔
itm_chaosdwarf_full26|混 沌 矮 人 镀 金 盔
itm_chaosdwarf_full26_pl|混 沌 矮 人 镀 金 盔
itm_chaosdwarf_full27|混 沌 矮 人 镀 金 盔
itm_chaosdwarf_full27_pl|混 沌 矮 人 镀 金 盔
itm_chaosdwarf_full28|混 沌 矮 人 镀 金 盔
itm_chaosdwarf_full28_pl|混 沌 矮 人 镀 金 盔
itm_chaosdwarf_full29|混 沌 矮 人 镀 金 盔
itm_chaosdwarf_full29_pl|混 沌 矮 人 镀 金 盔
itm_chaosdwarf_full30|混 沌 矮 人 镀 金 盔
itm_chaosdwarf_full30_pl|混 沌 矮 人 镀 金 盔
itm_chaosdwarf_full31|混 沌 矮 人 镀 金 盔
itm_chaosdwarf_full31_pl|混 沌 矮 人 镀 金 盔
itm_chaosdwarf_full32|混 沌 矮 人 镀 金 盔
itm_chaosdwarf_full32_pl|混 沌 矮 人 镀 金 盔
itm_chaosdwarf_full33|混 沌 矮 人 镀 金 盔
itm_chaosdwarf_full33_pl|混 沌 矮 人 镀 金 盔
itm_chaosdwarf_full34|混 沌 矮 人 镀 金 盔
itm_chaosdwarf_full34_pl|混 沌 矮 人 镀 金 盔
itm_chaosdwarf_full35|混 沌 矮 人 镀 金 盔
itm_chaosdwarf_full35_pl|混 沌 矮 人 镀 金 盔
itm_chaosdwarf_hat|混 沌 矮 人 帽 
itm_chaosdwarf_hat_pl|混 沌 矮 人 帽 
itm_chaosdwarf_hat2|混 沌 矮 人 帽 
itm_chaosdwarf_hat2_pl|混 沌 矮 人 帽 
itm_chaosdwarf_hat3|混 沌 矮 人 帽 
itm_chaosdwarf_hat3_pl|混 沌 矮 人 帽 
itm_chaosdwarf_hat4|混 沌 矮 人 帽 
itm_chaosdwarf_hat4_pl|混 沌 矮 人 帽 
itm_chaosdwarf_hat5|混 沌 矮 人 帽 
itm_chaosdwarf_hat5_pl|混 沌 矮 人 帽 
itm_chaosdwarf_hat6|混 沌 矮 人 帽 
itm_chaosdwarf_hat6_pl|混 沌 矮 人 帽 
itm_chaosdwarf_hat7|混 沌 矮 人 帽 
itm_chaosdwarf_hat7_pl|混 沌 矮 人 帽 
itm_chaosdwarf_hat8|混 沌 矮 人 帽 
itm_chaosdwarf_hat8_pl|混 沌 矮 人 帽 
itm_chaosdwarf_hat9|混 沌 矮 人 帽 
itm_chaosdwarf_hat9_pl|混 沌 矮 人 帽 
itm_chaosdwarf_hat10|混 沌 矮 人 帽 
itm_chaosdwarf_hat10_pl|混 沌 矮 人 帽 
itm_chaosdwarf_hat11|混 沌 矮 人 帽 
itm_chaosdwarf_hat11_pl|混 沌 矮 人 帽 
itm_chaosdwarf_hat12|混 沌 矮 人 帽 
itm_chaosdwarf_hat12_pl|混 沌 矮 人 帽 
itm_chaosdwarf_hat13|混 沌 矮 人 巫 师 帽 
itm_chaosdwarf_hat13_pl|混 沌 矮 人 巫 师 帽 
itm_chaosdwarf_hat14|混 沌 矮 人 巫 师 帽 
itm_chaosdwarf_hat14_pl|混 沌 矮 人 巫 师 帽 
itm_chaosdwarf_hat15|混 沌 矮 人 巫 师 帽 
itm_chaosdwarf_hat15_pl|混 沌 矮 人 巫 师 帽 
itm_chaosdwarf_hat16|混 沌 矮 人 巫 师 帽 
itm_chaosdwarf_hat16_pl|混 沌 矮 人 巫 师 帽 
itm_chaosdwarf_hat17|混 沌 矮 人 巫 师 帽 
itm_chaosdwarf_hat17_pl|混 沌 矮 人 巫 师 帽 
itm_chaosdwarf_hat18|混 沌 矮 人 帽 
itm_chaosdwarf_hat18_pl|混 沌 矮 人 帽 
itm_chaosdwarf_hat19|混 沌 矮 人 帽 
itm_chaosdwarf_hat19_pl|混 沌 矮 人 帽 
itm_chaosdwarf_hat20|混 沌 矮 人 帽 
itm_chaosdwarf_hat20_pl|混 沌 矮 人 帽 
itm_chaosdwarf_hat21|混 沌 矮 人 帽 
itm_chaosdwarf_hat21_pl|混 沌 矮 人 帽 
itm_chaosdwarf_hat22|混 沌 矮 人 帽 
itm_chaosdwarf_hat22_pl|混 沌 矮 人 帽 
itm_chaosdwarf_hat23|混 沌 矮 人 帽 
itm_chaosdwarf_hat23_pl|混 沌 矮 人 帽 
itm_chaosdwarf_hat24|混 沌 矮 人 帽 
itm_chaosdwarf_hat24_pl|混 沌 矮 人 帽 
itm_chaosdwarf_leader_hat|混 沌 矮 人 领 主 帽 
itm_chaosdwarf_leader_hat_pl|混 沌 矮 人 领 主 帽 
itm_chaosdwarf_hood_fake|混 沌 矮 人 皮 帽 
itm_chaosdwarf_hood_fake_pl|混 沌 矮 人 皮 帽 
itm_duran_full|杜 兰 头 盔 
itm_duran_full_pl|杜 兰 头 盔 
itm_chaosdwarf_hat_fake|混 沌 矮 人 帽 
itm_chaosdwarf_hat_fake_pl|混 沌 矮 人 帽 
itm_obsidian_player|黑 曜 石 守 卫 盔 
itm_obsidian_player_pl|黑 曜 石 守 卫 盔 
itm_chaos_dwarf_leather_gloves|混 沌 矮 人 皮 手 套 
itm_chaos_dwarf_leather_gloves_pl|混 沌 矮 人 皮 手 套 
itm_chaos_dwarf_mail_gloves|混 沌 矮 人 链 甲 手 套 
itm_chaos_dwarf_mail_gloves_pl|混 沌 矮 人 链 甲 手 套 
itm_chaos_dwarf_leather_gloves2|混 沌 矮 人 加 强 皮 手 套 
itm_chaos_dwarf_leather_gloves2_pl|混 沌 矮 人 加 强 皮 手 套 
itm_chaos_dwarf_leather_gloves3|混 沌 矮 人 加 强 皮 手 套 
itm_chaos_dwarf_leather_gloves3_pl|混 沌 矮 人 加 强 皮 手 套 
itm_chaos_dwarf_leather_gloves4|混 沌 矮 人 加 强 皮 手 套 
itm_chaos_dwarf_leather_gloves4_pl|混 沌 矮 人 加 强 皮 手 套 
itm_chaos_dwarf_leather_gloves5|混 沌 矮 人 加 强 皮 手 套 
itm_chaos_dwarf_leather_gloves5_pl|混 沌 矮 人 加 强 皮 手 套 
itm_chaos_dwarf_mail_gloves2|混 沌 矮 人 加 强 链 甲 手 套 
itm_chaos_dwarf_mail_gloves2_pl|混 沌 矮 人 加 强 链 甲 手 套 
itm_chaos_dwarf_mail_gloves3|混 沌 矮 人 加 强 链 甲 手 套 
itm_chaos_dwarf_mail_gloves3_pl|混 沌 矮 人 加 强 链 甲 手 套 
itm_chaos_dwarf_mail_gloves4|混 沌 矮 人 加 强 链 甲 手 套 
itm_chaos_dwarf_mail_gloves4_pl|混 沌 矮 人 加 强 链 甲 手 套 
itm_chaos_dwarf_mail_gloves5|混 沌 矮 人 加 强 链 甲 手 套 
itm_chaos_dwarf_mail_gloves5_pl|混 沌 矮 人 加 强 链 甲 手 套 
itm_orc_body|兽 人 身 体
itm_orc_body_pl|兽 人 身 体
itm_orc_armour2|兽 人 衫 
itm_orc_armour2_pl|兽 人 衫 
itm_orc_armour|兽 人 衫 
itm_orc_armour_pl|兽 人 衫 
itm_orc_armour3|兽 人 链 衫 
itm_orc_armour3_pl|兽 人 链 衫 
itm_orc_armour4|兽 人 链 衫
itm_orc_armour4_pl|兽 人 链 衫
itm_orc_lightarmor|兽 人 衫
itm_orc_lightarmor_pl|兽 人 衫
itm_orc_lightarmor2|兽 人 衫
itm_orc_lightarmor2_pl|兽 人 衫
itm_orc_medarmor|兽 人 链 衫 
itm_orc_medarmor_pl|兽 人 链 衫 
itm_orc_medarmor2|兽 人 链 衫 
itm_orc_medarmor2_pl|兽 人 链 衫 
itm_orc_bigun_armour|兽 人 甲 
itm_orc_bigun_armour_pl|兽 人 甲 
itm_orc_bigun_armour2|兽 人 甲 
itm_orc_bigun_armour2_pl|兽 人 甲 
itm_orc_bigun_armour3|兽 人 甲 
itm_orc_bigun_armour3_pl|兽 人 甲 
itm_orc_bigun_armour4|兽 人 甲 
itm_orc_bigun_armour4_pl|兽 人 甲 
itm_orc_bigun_armour5|兽 人 甲
itm_orc_bigun_armour5_pl|兽 人 甲
itm_orc_bigun_armour6|兽 人 甲
itm_orc_bigun_armour6_pl|兽 人 甲
itm_orc_bigun_armour7|兽 人 甲
itm_orc_bigun_armour7_pl|兽 人 甲
itm_orc_bigun_armour8|兽 人 甲
itm_orc_bigun_armour8_pl|兽 人 甲
itm_orc_bigun_armour9|兽 人 甲
itm_orc_bigun_armour9_pl|兽 人 甲
itm_orc_bigun_armour10|兽 人 甲
itm_orc_bigun_armour10_pl|兽 人 甲
itm_orc_bigun_armour11|兽 人 甲
itm_orc_bigun_armour11_pl|兽 人 甲
itm_orc_bigun_armour12|兽 人 甲
itm_orc_bigun_armour12_pl|兽 人 甲
itm_orc_eavy_armour|兽 人 重 甲
itm_orc_eavy_armour_pl|兽 人 重 甲
itm_orc_eavy_armour2|兽 人 重 甲
itm_orc_eavy_armour2_pl|兽 人 重 甲
itm_orc_eavy_armour3|兽 人 重 甲
itm_orc_eavy_armour3_pl|兽 人 重 甲
itm_orc_eavy_armour4|兽 人 重 甲
itm_orc_eavy_armour4_pl|兽 人 重 甲
itm_orc_eavy_armour5|兽 人 重 甲
itm_orc_eavy_armour5_pl|兽 人 重 甲
itm_orc_eavy_armour6|兽 人 重 甲
itm_orc_eavy_armour6_pl|兽 人 重 甲
itm_orc_eavy_armour7|兽 人 华 丽 重 甲
itm_orc_eavy_armour7_pl|兽 人 华 丽 重 甲
itm_orc_eavy_armour8|兽 人 重 甲
itm_orc_eavy_armour8_pl|兽 人 重 甲
itm_orc_eavy_armour9|兽 人 重 甲
itm_orc_eavy_armour9_pl|兽 人 重 甲
itm_orc_leather_jacket|兽 人 皮 夹 克 
itm_orc_leather_jacket_pl|兽 人 皮 夹 克 
itm_orcleathergloves|兽 人 皮 手 套 
itm_orcleathergloves_pl|兽 人 皮 手 套 
itm_orcleathergloves2|兽 人 皮 手 套
itm_orcleathergloves2_pl|兽 人 皮 手 套
itm_orcleathergloves3|兽 人 皮 手 套
itm_orcleathergloves3_pl|兽 人 皮 手 套
itm_orcleathergloves4|兽 人 皮 手 套
itm_orcleathergloves4_pl|兽 人 皮 手 套
itm_orcleathergloves5|兽 人 护 手
itm_orcleathergloves5_pl|兽 人 护 手
itm_orcleathergloves6|兽 人 护 手
itm_orcleathergloves6_pl|兽 人 护 手
itm_orcleathergloves7|兽 人 护 手
itm_orcleathergloves7_pl|兽 人 护 手
itm_orcleathergloves8|兽 人 护 手
itm_orcleathergloves8_pl|兽 人 护 手
itm_orcleathergloves9|兽 人 护 手
itm_orcleathergloves9_pl|兽 人 护 手
itm_orcleathergloves10|兽 人 护 手
itm_orcleathergloves10_pl|兽 人 护 手
itm_orcleathergloves11|兽 人 护 手
itm_orcleathergloves11_pl|兽 人 护 手
itm_orcleathergloves12|兽 人 护 手
itm_orcleathergloves12_pl|兽 人 护 手
itm_orcirongloves|兽 人 铁 护 手
itm_orcirongloves_pl|兽 人 铁 护 手
itm_orcirongloves2|兽 人 铁 护 手
itm_orcirongloves2_pl|兽 人 铁 护 手
itm_orcirongloves3|兽 人 铁 护 手
itm_orcirongloves3_pl|兽 人 铁 护 手
itm_orcirongloves4|兽 人 铁 护 手
itm_orcirongloves4_pl|兽 人 铁 护 手
itm_orc_leather_boots|兽 人 皮 靴 
itm_orc_leather_boots_pl|兽 人 皮 靴 
itm_orc_oggy|奥 叽 高 顶 帽 
itm_orc_oggy_pl|奥 叽 高 顶 帽 
itm_orc_sneak|兽 人 伪 装
itm_orc_sneak_pl|兽 人 伪 装
itm_orc_hood|兽 人 帽
itm_orc_hood_pl|兽 人 帽
itm_orc_hood2|兽 人 帽
itm_orc_hood2_pl|兽 人 帽
itm_orc_hood3|兽 人 帽
itm_orc_hood3_pl|兽 人 帽
itm_orc_archerhelmet|兽 人 铁 盔 
itm_orc_archerhelmet_pl|兽 人 铁 盔 
itm_orc_archerhelmet2|兽 人 铁 盔 
itm_orc_archerhelmet2_pl|兽 人 铁 盔 
itm_orc_archerhelmet3|兽 人 铁 盔
itm_orc_archerhelmet3_pl|兽 人 铁 盔
itm_orcboy_helmet|兽 人 铁 盔 
itm_orcboy_helmet_pl|兽 人 铁 盔 
itm_orcboy_helmet2|兽 人 铁 盔
itm_orcboy_helmet2_pl|兽 人 铁 盔
itm_orcboy_helmet3|兽 人 铁 盔
itm_orcboy_helmet3_pl|兽 人 铁 盔
itm_orcvet_helmet|兽 人 铁 盔 
itm_orcvet_helmet_pl|兽 人 铁 盔 
itm_orcvet_helmet2|兽 人 铁 盔
itm_orcvet_helmet2_pl|兽 人 铁 盔
itm_orcvet_helmet3|兽 人 铁 盔
itm_orcvet_helmet3_pl|兽 人 铁 盔
itm_orcvet_helmet4|兽 人 铁 盔
itm_orcvet_helmet4_pl|兽 人 铁 盔
itm_orcvet_helme5|兽 人 铁 盔
itm_orcvet_helme5_pl|兽 人 铁 盔
itm_orcvet_helme5_2|兽 人 铁 盔
itm_orcvet_helme5_2_pl|兽 人 铁 盔
itm_orcvet_helme6|兽 人 铁 盔
itm_orcvet_helme6_pl|兽 人 铁 盔
itm_orcvet_helmet7|兽 人 铁 盔
itm_orcvet_helmet7_pl|兽 人 铁 盔
itm_orcvet_helme8|兽 人 铁 盔
itm_orcvet_helme8_pl|兽 人 铁 盔
itm_orcvet_helmet9|兽 人 战 争 涂 装 盔
itm_orcvet_helmet9_pl|兽 人 战 争 涂 装 盔
itm_orcvet_helme10|兽 人 战 争 涂 装 盔
itm_orcvet_helme10_pl|兽 人 战 争 涂 装 盔
itm_orcvet_helme11|兽 人 战 争 涂 装 盔
itm_orcvet_helme11_pl|兽 人 战 争 涂 装 盔
itm_orcvet_helme12|兽 人 铁 盔
itm_orcvet_helme12_pl|兽 人 铁 盔
itm_orcvet_helmet13|兽 人 战 争 涂 装 盔
itm_orcvet_helmet13_pl|兽 人 战 争 涂 装 盔
itm_orcvet_helme14|兽 人 战 争 涂 装 盔
itm_orcvet_helme14_pl|兽 人 战 争 涂 装 盔
itm_orcvet_helmet15|兽 人 覆 面 盔
itm_orcvet_helmet15_pl|兽 人 覆 面 盔
itm_orcvet_helme16|兽 人 战 争 涂 装 盔
itm_orcvet_helme16_pl|兽 人 战 争 涂 装 盔
itm_orcvet_helme17|兽 人 战 争 涂 装 盔
itm_orcvet_helme17_pl|兽 人 战 争 涂 装 盔
itm_orcvet_helme18|兽 人 战 争 涂 装 盔
itm_orcvet_helme18_pl|兽 人 战 争 涂 装 盔
itm_orcvet_helmet19|兽 人 战 争 涂 装 盔
itm_orcvet_helmet19_pl|兽 人 战 争 涂 装 盔
itm_orcvet_helme20|兽 人 战 争 涂 装 盔
itm_orcvet_helme20_pl|兽 人 战 争 涂 装 盔
itm_orc_heavy_helm|兽 人 覆 面 盔 
itm_orc_heavy_helm_pl|兽 人 覆 面 盔 
itm_orc_heavy_helm2|兽 人 覆 面 盔
itm_orc_heavy_helm2_pl|兽 人 覆 面 盔
itm_orc_heavy_helm3|兽 人 覆 面 盔
itm_orc_heavy_helm3_pl|兽 人 覆 面 盔
itm_orc_heavy_helm4|兽 人 覆 面 盔
itm_orc_heavy_helm4_pl|兽 人 覆 面 盔
itm_orc_heavy_helm5|兽 人 覆 面 盔
itm_orc_heavy_helm5_pl|兽 人 覆 面 盔
itm_orc_heavy_helm6|兽 人 覆 面 盔
itm_orc_heavy_helm6_pl|兽 人 覆 面 盔
itm_orc_heavy_helm7|兽 人 覆 面 盔
itm_orc_heavy_helm7_pl|兽 人 覆 面 盔
itm_orc_heavy_helm8|兽 人 覆 面 盔
itm_orc_heavy_helm8_pl|兽 人 覆 面 盔
itm_orc_heavy_helm9|兽 人 覆 面 盔
itm_orc_heavy_helm9_pl|兽 人 覆 面 盔
itm_orc_boots|兽 人 靴 
itm_orc_boots_pl|兽 人 靴 
itm_orc_stompa|兽 人 靴
itm_orc_stompa_pl|兽 人 靴
itm_orc_stompa1|兽 人 靴
itm_orc_stompa1_pl|兽 人 靴
itm_orc_boots2|兽 人 靴
itm_orc_boots2_pl|兽 人 靴 
itm_orc_stompa2|兽 人 靴
itm_orc_stompa2_pl|兽 人 靴
itm_orc_stompa3|兽 人 靴
itm_orc_stompa3_pl|兽 人 靴
itm_orc_boots3|兽 人 靴
itm_orc_boots3_pl|兽 人 靴
itm_orc_stompa4|兽 人 护 靴
itm_orc_stompa4_pl|兽 人 护 靴
itm_orc_stompa5|兽 人 护 靴
itm_orc_stompa5_pl|兽 人 护 靴
itm_orc_boots4|兽 人 护 靴 
itm_orc_boots4_pl|兽 人 护 靴 
itm_orc_stompa6|兽 人 护 靴
itm_orc_stompa6_pl|兽 人 护 靴
itm_orc_stompa7|兽 人 护 靴
itm_orc_stompa7_pl|兽 人 护 靴
itm_orc_boots5|兽 人 加 固 靴
itm_orc_boots5_pl|兽 人 加 固 靴
itm_orc_stompa8|兽 人 加 固 靴
itm_orc_stompa8_pl|兽 人 加 固 靴
itm_orc_stompa9|兽 人 加 固 靴
itm_orc_stompa9_pl|兽 人 加 固 靴
itm_orc_boots6|兽 人 铁 护 靴
itm_orc_boots6_pl|兽 人 铁 护 靴
itm_orc_stompa10|兽 人 铁 护 靴
itm_orc_stompa10_pl|兽 人 铁 护 靴
itm_orc_stompa11|兽 人 铁 护 靴
itm_orc_stompa11_pl|兽 人 铁 护 靴
itm_orc_boots7|兽 人 加 固 靴
itm_orc_boots7_pl|兽 人 加 固 靴
itm_orc_stompa12|兽 人 加 固 靴
itm_orc_stompa12_pl|兽 人 加 固 靴
itm_orc_stompa13|兽 人 加 固 靴
itm_orc_stompa13_pl|兽 人 加 固 靴
itm_orc_boots8|兽 人 铁 护 靴
itm_orc_boots8_pl|兽 人 铁 护 靴
itm_orc_stompa14|兽 人 铁 护 靴
itm_orc_stompa14_pl|兽 人 铁 护 靴
itm_orc_stompa15|兽 人 铁 护 靴
itm_orc_stompa15_pl|兽 人 铁 护 靴
itm_orc_shaman_helmet|兽 人 萨 满 盔
itm_orc_shaman_helmet_pl|兽 人 萨 满 盔
itm_orc_shaman_champion_helmet|兽 人 萨 满 冠 军 盔 
itm_orc_shaman_champion_helmet_pl|兽 人 萨 满 冠 军 盔 
itm_orc_shaman_lord_helmet|兽 人 萨 满 领 主 盔 
itm_orc_shaman_lord_helmet_pl|兽 人 萨 满 领 主 盔 
itm_orc_warpaint|蛮 荒 兽 人 战 争 涂 装 
itm_orc_warpaint_pl|蛮 荒 兽 人 战 争 涂 装 
itm_orc_warpaint2|蛮 荒 兽 人 战 争 涂 装 
itm_orc_warpaint2_pl|蛮 荒 兽 人 战 争 涂 装 
itm_orc_armourbone|蛮 荒 兽 人 战 争 涂 装 
itm_orc_armourbone_pl|蛮 荒 兽 人 战 争 涂 装 
itm_orc_armourbone2|蛮 荒 兽 人 战 争 涂 装 
itm_orc_armourbone2_pl|蛮 荒 兽 人 战 争 涂 装 
itm_orc_armourbone3|蛮 荒 兽 人 骨 甲
itm_orc_armourbone3_pl|蛮 荒 兽 人 骨 甲
itm_orc_armourbone4|蛮 荒 兽 人 骨 甲
itm_orc_armourbone4_pl|蛮 荒 兽 人 骨 甲
itm_orc_armourbone5|蛮 荒 兽 人 骨 甲
itm_orc_armourbone5_pl|蛮 荒 兽 人 骨 甲
itm_orc_armourbone6|蛮 荒 兽 人 骨 甲
itm_orc_armourbone6_pl|蛮 荒 兽 人 骨 甲
itm_orc_shaman|蛮 荒 兽 人 萨 满 甲 
itm_orc_shaman_pl|蛮 荒 兽 人 萨 满 甲 
itm_orc_shaman2|蛮 荒 兽 人 萨 满 甲 
itm_orc_shaman2_pl|蛮 荒 兽 人 萨 满 甲 
itm_orc_sav_head|蛮 荒 兽 人 骨 盔 
itm_orc_sav_head_pl|蛮 荒 兽 人 骨 盔 
itm_orc_sav_head2|蛮 荒 兽 人 骨 盔 
itm_orc_sav_head2_pl|蛮 荒 兽 人 骨 盔 
itm_orc_sav_head3|蛮 荒 兽 人 骨 盔 
itm_orc_sav_head3_pl|蛮 荒 兽 人 骨 盔 
itm_orc_sav_head4|蛮 荒 兽 人 骨 盔 
itm_orc_sav_head4_pl|蛮 荒 兽 人 骨 盔 
itm_orc_sav_head5|蛮 荒 兽 人 骨 盔
itm_orc_sav_head5_pl|蛮 荒 兽 人 骨 盔
itm_orc_sav_head6|蛮 荒 兽 人 骨 盔
itm_orc_sav_head6_pl|蛮 荒 兽 人 骨 盔
itm_orc_sav_head7|蛮 荒 兽 人 萨 满 盔
itm_orc_sav_head7_pl|蛮 荒 兽 人 萨 满 盔
itm_orc_sav_head8|蛮 荒 兽 人 萨 满 盔
itm_orc_sav_head8_pl|蛮 荒 兽 人 萨 满 盔
itm_orc_chief_head|蛮 荒 兽 人 酋 长 盔
itm_orc_chief_head_pl|蛮 荒 兽 人 酋 长 盔
itm_orc_sav_boots|蛮 荒 兽 人 靴 
itm_orc_sav_boots_pl|蛮 荒 兽 人 靴 
itm_orc_sav_boots2|蛮 荒 兽 人 靴 
itm_orc_sav_boots2_pl|蛮 荒 兽 人 靴 
itm_orc_merc_boots|蛮 荒 兽 人 靴 
itm_orc_merc_boots_pl|蛮 荒 兽 人 靴 
itm_orc_merc_boots2|蛮 荒 兽 人 靴 
itm_orc_merc_boots2_pl|蛮 荒 兽 人 靴 
itm_orc_sav_boots3|蛮 荒 兽 人 骨 靴
itm_orc_sav_boots3_pl|蛮 荒 兽 人 骨 靴
itm_orc_sav_boots4|蛮 荒 兽 人 骨 靴
itm_orc_sav_boots4_pl|蛮 荒 兽 人 骨 靴
itm_orc_sham_boots|蛮 荒 兽 人 金 环 靴
itm_orc_sham_boots_pl|蛮 荒 兽 人 金 环 靴
itm_orc_sham_boots2|蛮 荒 兽 人 金 环 靴
itm_orc_sham_boots2_pl|蛮 荒 兽 人 金 环 靴
itm_orcsavgloves|蛮 荒 兽 人 护 手
itm_orcsavgloves_pl|蛮 荒 兽 人 护 手
itm_orcsavgloves2|蛮 荒 兽 人 护 手
itm_orcsavgloves2_pl|蛮 荒 兽 人 护 手
itm_orcsavgloves3|蛮 荒 兽 人 骨 制 护 手
itm_orcsavgloves3_pl|蛮 荒 兽 人 骨 制 护 手
itm_orcsavgloves4|蛮 荒 兽 人 骨 制 护 手
itm_orcsavgloves4_pl|蛮 荒 兽 人 骨 制 护 手
itm_orcsavgloves5|蛮 荒 兽 人 骨 制 护 手
itm_orcsavgloves5_pl|蛮 荒 兽 人 骨 制 护 手
itm_orcsavgloves6|蛮 荒 兽 人 骨 制 护 手
itm_orcsavgloves6_pl|蛮 荒 兽 人 骨 制 护 手
itm_orcshamgloves|蛮 荒 兽 人 金 环 护 手
itm_orcshamgloves_pl|蛮 荒 兽 人 金 环 护 手
itm_orcshamgloves2|蛮 荒 兽 人 金 环 护 手
itm_orcshamgloves2_pl|蛮 荒 兽 人 金 环 护 手
itm_ogre_head|食 人 魔 头 部 
itm_ogre_head_pl|食 人 魔 头 部 
itm_ogre_head2|食 人 魔 头 部 
itm_ogre_head2_pl|食 人 魔 头 部 
itm_ogre_head3|食 人 魔 头 部 
itm_ogre_head3_pl|食 人 魔 头 部 
itm_ogre_butcher_head|食 人 魔 头 部 
itm_ogre_butcher_head_pl|食 人 魔 头 部 
itm_zombie_ogre_head|僵 尸 食 人 魔 头 
itm_zombie_ogre_head_pl|僵 尸 食 人 魔 头 
itm_zombie_ogre_head2|僵 尸 食 人 魔 头 
itm_zombie_ogre_head2_pl|僵 尸 食 人 魔 头 
itm_ogre_legs|食 人 魔 腿 部 
itm_ogre_legs_pl|食 人 魔 腿 部 
itm_invisible_legs|隐 形 腿 部
itm_invisible_legs_pl|隐 形 腿 部
itm_invisible_body|隐 形 身 体
itm_invisible_body_pl|隐 形 身 体
itm_ogre_hands|食 人 魔 手 部 
itm_ogre_hands_pl|食 人 魔 手 部 
itm_ogre_butcher_hands|食 人 魔 手 部 
itm_ogre_butcher_hands_pl|食 人 魔 手 部 
itm_ogre_gorger_hands|食 人 魔 高 格 尔 手 部 
itm_ogre_gorger_hands_pl|食 人 魔 高 格 尔 手 部 
itm_zombie_ogre_hands|僵 尸 食 人 魔 手 部 
itm_zombie_ogre_hands_pl|僵 尸 食 人 魔 手 部 
itm_ogre_hide_boots|食 人 魔 靴 
itm_ogre_hide_boots_pl|食 人 魔 靴 
itm_ogre_leather_boots|食 人 魔 皮 靴 
itm_ogre_leather_boots_pl|食 人 魔 皮 靴 
itm_ogre_gut|食 人 魔 甲 
itm_ogre_gut_pl|食 人 魔 甲 
itm_ogre_butcher|食 人 魔 屠 夫 甲 
itm_ogre_butcher_pl|食 人 魔 屠 夫 甲 
itm_gorger|食 人 魔 高 格 尔 
itm_gorger_pl|食 人 魔 高 格 尔 
itm_zombie_ogre|僵 尸 食 人 魔 甲 
itm_zombie_ogre_pl|僵 尸 食 人 魔 甲 
itm_zombie_ogre2|僵 尸 食 人 魔 甲 
itm_zombie_ogre2_pl|僵 尸 食 人 魔 甲 
itm_ogre_irongut_armour|铁 胃 甲 
itm_ogre_irongut_armour_pl|铁 胃 甲 
itm_ogre_irongut_armour2|铁 胃 甲 
itm_ogre_irongut_armour2_pl|铁 胃 甲 
itm_ogre_armour|铁 胃 甲 
itm_ogre_armour_pl|铁 胃 甲 
itm_ogre_armour2|铁 胃 甲 
itm_ogre_armour2_pl|铁 胃 甲 
itm_ogre_pirate2|食 人 魔 海 盗 身 体 
itm_ogre_pirate2_pl|食 人 魔 海 盗 身 体 
itm_ogre_pirate|食 人 魔 海 盗 身 体 
itm_ogre_pirate_pl|食 人 魔 海 盗 身 体 
itm_ogre_breast_plate|食 人 魔 胸 甲 
itm_ogre_breast_plate_pl|食 人 魔 胸 甲 
itm_ogre_gutandshirt|食 人 魔 衫 
itm_ogre_gutandshirt_pl|食 人 魔 衫 
itm_ogre_gutandshirt2|食 人 魔 衫 
itm_ogre_gutandshirt2_pl|食 人 魔 衫 
itm_ogre_empire|帝 国 食 人 魔 衫 
itm_ogre_empire_pl|帝 国 食 人 魔 衫 
itm_ogre_empire2|帝 国 食 人 魔 胸 甲 
itm_ogre_empire2_pl|帝 国 食 人 魔 胸 甲 
itm_ogrelix_armour|食 人 魔 装 甲 
itm_ogrelix_armour_pl|食 人 魔 装 甲 
itm_ogre_corsair_head|食 人 魔 海 盗 头 巾
itm_ogre_corsair_head_pl|食 人 魔 海 盗 头 巾
itm_ogre_hat|食 人 魔 帽 
itm_ogre_hat_pl|食 人 魔 帽 
itm_ogre_tricorne|食 人 魔 三 角 帽
itm_ogre_tricorne_pl|食 人 魔 三 角 帽
itm_ogre_bandana|食 人 魔 头 巾 
itm_ogre_bandana_pl|食 人 魔 头 巾 
itm_ogre_bandana2|食 人 魔 头 巾 
itm_ogre_bandana2_pl|食 人 魔 头 巾 
itm_ogre_horn_helmet|食 人 魔 暴 君 盔 
itm_ogre_horn_helmet_pl|食 人 魔 暴 君 盔 
itm_ogre_tyrant_helmet|食 人 魔 暴 君 盔 
itm_ogre_tyrant_helmet_pl|食 人 魔 暴 君 盔 
itm_ogre_helmet|食 人 魔 盔 
itm_ogre_helmet_pl|食 人 魔 盔 
itm_ogre_irongut_helmet|食 人 魔 掠 夺 者 盔
itm_ogre_irongut_helmet_pl|食 人 魔 掠 夺 者 盔
itm_ogre_helmet2|食 人 魔 盔 
itm_ogre_helmet2_pl|食 人 魔 盔 
itm_ogre_helmet5|食 人 魔 华 丽 帽
itm_ogre_helmet5_pl|食 人 魔 华 丽 帽
itm_uggluk_crown|阿 个 陋 王 冠 
itm_uggluk_crown_pl|阿 个 陋 王 冠 
itm_ogre_empire_helmet|帝 国 食 人 魔 盔 
itm_ogre_empire_helmet_pl|帝 国 食 人 魔 盔 
itm_ogre_empire_helmet2|帝 国 食 人 魔 盔 
itm_ogre_empire_helmet2_pl|帝 国 食 人 魔 盔 
itm_ogrelix_helmet|食 人 魔 盔 
itm_ogrelix_helmet_pl|食 人 魔 盔 
itm_river_troll_body|河 巨 魔 身 体 
itm_river_troll_body_pl|河 巨 魔 身 体 
itm_stone_troll_body|石 巨 魔 身 体 
itm_stone_troll_body_pl|石 巨 魔 身 体 
itm_chaos_troll_body|混 沌 巨 魔 身 体 
itm_chaos_troll_body_pl|混 沌 巨 魔 身 体 
itm_nurgle_troll_body|纳 垢 巨 魔 身 体 
itm_nurgle_troll_body_pl|纳 垢 巨 魔 身 体 
itm_river_troll_hands|河 巨 魔 手 部 
itm_river_troll_hands_pl|河 巨 魔 手 部 
itm_slaanesh_daemon_hands|色 孽 恶 魔 手 
itm_slaanesh_daemon_hands_pl|色 孽 恶 魔 手 
itm_stone_troll_hands|石 巨 魔 手 部 
itm_stone_troll_hands_pl|石 巨 魔 手 部 
itm_chaos_troll_claws|混 沌 巨 魔 手 部 
itm_chaos_troll_claws_pl|混 沌 巨 魔 手 部 
itm_nurgle_troll_claws|纳 垢 巨 魔 手 部 
itm_nurgle_troll_claws_pl|纳 垢 巨 魔 手 部 
itm_kroxigor_body|巨 蜥  
itm_kroxigor_body_pl|巨 蜥  
itm_kroxigor_spawnling_body|巨 蜥 
itm_kroxigor_spawnling_body_pl|巨 蜥 
itm_ancient_kroxigor_body|远 古 巨 蜥 
itm_ancient_kroxigor_body_pl|远 古 巨 蜥 
itm_nakai_body|纳 卡 伊 身 体 
itm_nakai_body_pl|纳 卡 伊 身 体 
itm_nakai_hands|纳 卡 伊 手 部 
itm_nakai_hands_pl|纳 卡 伊 手 部 
itm_treekin_body|树 人 身 体 
itm_treekin_body_pl|树 人 身 体 
itm_treekin_hands|树 人 手 部 
itm_treekin_hands_pl|树 人 手 部 
itm_kroxigor_hands|巨 蜥 手 部 
itm_kroxigor_hands_pl|巨 蜥 手 部 
itm_ancient_kroxigor_hands|远 古 巨 蜥 手 部 
itm_ancient_kroxigor_hands_pl|远 古 巨 蜥 手 部 
itm_ratogre_body|鼠 巨 魔 身 体 
itm_ratogre_body_pl|鼠 巨 魔 身 体 
itm_ratogre_tail|鼠 巨 魔 尾 巴 
itm_ratogre_tail_pl|鼠 巨 魔 尾 巴 
itm_ratogre_hulk_body|巨 型 鼠 巨 魔
itm_ratogre_hulk_body_pl|巨 型 鼠 巨 魔
itm_ushabti_body|乌 沙 比 特 
itm_ushabti_body_pl|乌 沙 比 特 
itm_valkia_body|瓦 尔 基 亚 
itm_valkia_body_pl|瓦 尔 基 亚 
itm_ushabti_hands|乌 沙 比 特 手 部 
itm_ushabti_hands_pl|乌 沙 比 特 手 部 
itm_valkia_hands|瓦 尔 基 亚 手 部 
itm_valkia_hands_pl|瓦 尔 基 亚 手 部 
itm_sandwraith_body|沙 漠 幽 灵 身 体 
itm_sandwraith_body_pl|沙 漠 幽 灵 身 体 
itm_sandwraith_hands|沙 漠 幽 灵 手 部 
itm_sandwraith_hands_pl|沙 漠 幽 灵 手 部 
itm_herald_body|恐 虐 王 子 身 体 
itm_herald_body_pl|恐 虐 王 子 身 体 
itm_herald_body_wingless|无 翼 恐 虐 王 子 身 体 
itm_herald_body_wingless_pl|无 翼 恐 虐 王 子 身 体 
itm_belakor_body|比 拉 克 身 体 
itm_belakor_body_pl|比 拉 克 身 体 
itm_herald_nurgle|纳 垢 王 子 身 体 
itm_herald_nurgle_pl|纳 垢 王 子 身 体 
itm_slaanesh_prince|色 孽 王 子 身 体 
itm_slaanesh_prince_pl|色 孽 王 子 身 体 
itm_tzeentch_prince|奸 奇 王 子 身 体 
itm_tzeentch_prince_pl|奸 奇 王 子 身 体 
itm_herald_hands|恐 虐 王 子 手 部 
itm_herald_hands_pl|恐 虐 王 子 手 部 
itm_belakor_hands|比 拉 克 手 部 
itm_belakor_hands_pl|比 拉 克 手 部 
itm_slaanesh_prince_hands|色 孽 王 子 手 部 
itm_slaanesh_prince_hands_pl|色 孽 王 子 手 部 
itm_tzeentch_hands|奸 奇 王 子 手 部 
itm_tzeentch_hands_pl|奸 奇 王 子 手 部 
itm_minotaur|牛 头 怪 
itm_minotaur_pl|牛 头 怪 
itm_minotaur2|牛 头 怪 
itm_minotaur2_pl|牛 头 怪 
itm_minotaur3|牛 头 怪 
itm_minotaur3_pl|牛 头 怪 
itm_minotaur_head|牛 头 怪 头 部 
itm_minotaur_head_pl|牛 头 怪 头 部 
itm_minotaur_head2|牛 头 怪 头 部 
itm_minotaur_head2_pl|牛 头 怪 头 部 
itm_minotaur_head3|牛 头 怪 头 部 
itm_minotaur_head3_pl|牛 头 怪 头 部 
itm_doombull|末 日 蛮 牛 
itm_doombull_pl|末 日 蛮 牛 
itm_kdaai|克 达 熠 破 坏 者 
itm_kdaai_pl|克 达 熠 破 坏 者 
itm_minotaur_hands|牛 头 人 手 部 
itm_minotaur_hands_pl|牛 头 人 手 部 
itm_doombull_hands|末 日 蛮 牛 手 部 
itm_doombull_hands_pl|末 日 蛮 牛 手 部 
itm_kdaai_hands|克 达 熠 手 部 
itm_kdaai_hands_pl|克 达 熠 手 部 
itm_brass_minotaur_head|铜 牛 头 部 
itm_brass_minotaur_head_pl|铜 牛 头 部 
itm_brass_minotaur|铜 牛 身 体 
itm_brass_minotaur_pl|铜 牛 身 体 
itm_brass_minotaur_hands|铜 牛 手 部 
itm_brass_minotaur_hands_pl|铜 牛 手 部 
itm_gorol_king|戈 罗 尔 国 王 
itm_gorol_king_pl|戈 罗 尔 国 王 
itm_gorol_body|戈 罗 尔 身 体 
itm_gorol_body_pl|戈 罗 尔 身 体 
itm_gorol_head|戈 罗 尔 头 部 
itm_gorol_head_pl|戈 罗 尔 头 部 
itm_gorol_king_head|戈 罗 尔 国 王 头 部 
itm_gorol_king_head_pl|戈 罗 尔 国 王 头 部 
itm_gorol_hands|戈 罗 尔 手 部 
itm_gorol_hands_pl|戈 罗 尔 手 部 
itm_gorol_legs|戈 罗 尔 腿 部 
itm_gorol_legs_pl|戈 罗 尔 腿 部 
itm_giants_body|巨 人 
itm_giants_body_pl|巨 人 
itm_chaoswarrior_armor|混 沌 勇 士 甲 
itm_chaoswarrior_armor_pl|混 沌 勇 士 甲 
itm_tzeentchwarrior_armor|奸 奇 铠 甲 
itm_tzeentchwarrior_armor_pl|奸 奇 铠 甲 
itm_slaaneshwarrior_armor|色 孽 铠 甲 
itm_slaaneshwarrior_armor_pl|色 孽 铠 甲 
itm_nurglewarrior_helm|纳 垢 战 士 盔
itm_nurglewarrior_helm_pl|纳 垢 战 士 盔
itm_tzeentchwarrior_helm|奸 奇 战 士 盔
itm_tzeentchwarrior_helm_pl|奸 奇 战 士 盔
itm_slaaneshwarrior_helm|色 孽 战 士 盔
itm_slaaneshwarrior_helm_pl|色 孽 战 士 盔
itm_chaoswarrior_helm|混 沌 勇 士 盔 
itm_chaoswarrior_helm_pl|混 沌 勇 士 盔 
itm_chaoswarrior_gloves|混 沌 加 固 皮 手 套 
itm_chaoswarrior_gloves_pl|混 沌 加 固 皮 手 套 
itm_tzeentchwarrior_gloves|奸 奇 加 强 皮 手 套 
itm_tzeentchwarrior_gloves_pl|奸 奇 加 强 皮 手 套 
itm_slaaneshwarrior_gloves|色 孽 加 强 皮 手 套 
itm_slaaneshwarrior_gloves_pl|色 孽 加 强 皮 手 套 
itm_chaoswarrior_boots|混 沌 加 固 皮 靴 
itm_chaoswarrior_boots_pl|混 沌 加 固 皮 靴 
itm_tzeentchwarrior_boots|奸 奇 加 强 皮 靴 
itm_tzeentchwarrior_boots_pl|奸 奇 加 强 皮 靴 
itm_slaaneshwarrior_boots|色 孽 加 强 皮 靴 
itm_slaaneshwarrior_boots_pl|色 孽 加 强 皮 靴 
itm_chaoswarrior_helm2|凹 陷 盔 
itm_chaoswarrior_helm2_pl|凹 陷 盔 
itm_chaoswarrior_helm3|混 沌 勇 士 盔 
itm_chaoswarrior_helm3_pl|混 沌 勇 士 盔 
itm_tzeentchwarrior_helm3|奸 奇 战 士 盔 
itm_tzeentchwarrior_helm3_pl|奸 奇 战 士 盔 
itm_slaaneshwarrior_helm3|色 孽 战 士 盔 
itm_slaaneshwarrior_helm3_pl|色 孽 战 士 盔 
itm_nurglewarrior_helm3|纳 垢 战 士 盔 
itm_nurglewarrior_helm3_pl|纳 垢 战 士 盔 
itm_styrkaar_armour|施 特 尔 卡 甲 
itm_styrkaar_armour_pl|施 特 尔 卡 甲 
itm_abrax_armour|阿 布 拉 克 斯 甲 
itm_abrax_armour_pl|阿 布 拉 克 斯 甲 
itm_harald_armour|哈 拉 尔 德 甲 
itm_harald_armour_pl|哈 拉 尔 德 甲 
itm_chaoslord_armor2|混 沌 领 主 甲 
itm_chaoslord_armor2_pl|混 沌 领 主 甲 
itm_slaanesh_chaoslord_armor|混 沌 领 主 甲 
itm_slaanesh_chaoslord_armor_pl|混 沌 领 主 甲 
itm_tzeentch_chaoslord_armor|混 沌 领 主 甲 
itm_tzeentch_chaoslord_armor_pl|混 沌 领 主 甲 
itm_nurgle_chaoslord_armor|混 沌 领 主 甲 
itm_nurgle_chaoslord_armor_pl|混 沌 领 主 甲 
itm_chaoslord_armor|混 沌 领 主 甲 
itm_chaoslord_armor_pl|混 沌 领 主 甲 
itm_sigvald_armour|西 格 瓦 尔 德 甲 
itm_sigvald_armour_pl|西 格 瓦 尔 德 甲 
itm_chaoslord_helm|混 沌 领 主 盔 
itm_chaoslord_helm_pl|混 沌 领 主 盔 
itm_tzeentchlord_helm|奸 奇 领 主 盔 
itm_tzeentchlord_helm_pl|奸 奇 领 主 盔 
itm_nurglelord_helm|纳 垢 领 主 盔 
itm_nurglelord_helm_pl|纳 垢 领 主 盔 
itm_slaaneshlord_helm|色 孽 领 主 盔 
itm_slaaneshlord_helm_pl|色 孽 领 主 盔 
itm_chaoslord_helm2|混 沌 领 主 盔 
itm_chaoslord_helm2_pl|混 沌 领 主 盔 
itm_tzeentchlord_helm2|奸 奇 领 主 盔 
itm_tzeentchlord_helm2_pl|奸 奇 领 主 盔 
itm_nurglelord_helm2|纳 垢 领 主 盔 
itm_nurglelord_helm2_pl|纳 垢 领 主 盔 
itm_slaaneshlord_helm2|色 孽 领 主 盔 
itm_slaaneshlord_helm2_pl|色 孽 领 主 盔 
itm_harald_helm|哈 拉 尔 德 盔 
itm_harald_helm_pl|哈 拉 尔 德 盔 
itm_krell_armor|居 尔 甲 
itm_krell_armor_pl|居 尔 甲 
itm_krell_helm|居 尔 盔 
itm_krell_helm_pl|居 尔 盔 
itm_egrimm_helm|埃 格 里 姆 盔 
itm_egrimm_helm_pl|埃 格 里 姆 盔 
itm_slaanesh_heavy_gauntlets|色 孽 重 护 手 
itm_slaanesh_heavy_gauntlets_pl|色 孽 重 护 手 
itm_chaoslord_gauntlets|混 沌 领 主 护 手 
itm_chaoslord_gauntlets_pl|混 沌 领 主 护 手 
itm_tzeentchlord_gauntlets|奸 奇 领 主 护 手 
itm_tzeentchlord_gauntlets_pl|奸 奇 领 主 护 手 
itm_slaaneshlord_gauntlets|色 孽 领 主 护 手 
itm_slaaneshlord_gauntlets_pl|色 孽 领 主 护 手 
itm_chaoslord_boots|混 沌 领 主 靴 
itm_chaoslord_boots_pl|混 沌 领 主 靴 
itm_tzeentchlord_boots|奸 奇 领 主 靴 
itm_tzeentchlord_boots_pl|奸 奇 领 主 靴 
itm_slaaneshlord_boots|色 孽 领 主 靴 
itm_slaaneshlord_boots_pl|色 孽 领 主 靴 
itm_harald_boots|哈 拉 尔 德 靴 
itm_harald_boots_pl|哈 拉 尔 德 靴 
itm_sigvald_boots|西 格 瓦 尔 德 靴 
itm_sigvald_boots_pl|西 格 瓦 尔 德 靴 
itm_chaoshigh_armor|大 领 主 铠 甲 
itm_chaoshigh_armor_pl|大 领 主 铠 甲 
itm_chaoshigh_helm|大 领 主 盔 
itm_chaoshigh_helm_pl|大 领 主 盔 
itm_chaoshigh_gauntlets|大 领 主 护 手 
itm_chaoshigh_gauntlets_pl|大 领 主 护 手 
itm_chaoshigh_boots|大 领 主 靴 
itm_chaoshigh_boots_pl|大 领 主 靴 
itm_armour_ashkelon|阿 斯 克 伦 甲 
itm_armour_ashkelon_pl|阿 斯 克 伦 甲 
itm_armour_dargan|达 根 之 甲 
itm_armour_dargan_pl|达 根 之 甲 
itm_chaoschosen_armor|神 选 混 沌 骑 士 甲 
itm_chaoschosen_armor_pl|神 选 混 沌 骑 士 甲 
itm_khornechosen_armor|神 选 恐 虐 骑 士 甲 
itm_khornechosen_armor_pl|神 选 恐 虐 骑 士 甲 
itm_tzeentchchosen_armor|神 选 奸 奇 骑 士 甲 
itm_tzeentchchosen_armor_pl|神 选 奸 奇 骑 士 甲 
itm_slaaneshchosen_armor|神 选 色 孽 骑 士 甲 
itm_slaaneshchosen_armor_pl|神 选 色 孽 骑 士 甲 
itm_nurglechosen_armor|神 选 纳 垢 骑 士 甲 
itm_nurglechosen_armor_pl|神 选 纳 垢 骑 士 甲 
itm_chaoschosen_helm|神 选 混 沌 骑 士 盔 
itm_chaoschosen_helm_pl|神 选 混 沌 骑 士 盔 
itm_tzeentchchosen_helm|神 选 奸 奇 骑 士 盔 
itm_tzeentchchosen_helm_pl|神 选 奸 奇 骑 士 盔 
itm_nurglechosen_helm|神 选 纳 垢 骑 士 盔 
itm_nurglechosen_helm_pl|神 选 纳 垢 骑 士 盔 
itm_khornechosen_helm|神 选 恐 虐 骑 士 盔 
itm_khornechosen_helm_pl|神 选 恐 虐 骑 士 盔 
itm_slaaneshchosen_helm|神 选 色 孽 骑 士 盔 
itm_slaaneshchosen_helm_pl|神 选 色 孽 骑 士 盔 
itm_khorne_helm|恐 虐 勇 士 盔 
itm_khorne_helm_pl|恐 虐 勇 士 盔 
itm_khornewarrior_armor|恐 虐 勇 士 甲 
itm_khornewarrior_armor_pl|恐 虐 勇 士 甲 
itm_khornewarrior_gauntlets|恐 虐 勇 士 护 手 
itm_khornewarrior_gauntlets_pl|恐 虐 勇 士 护 手 
itm_khornewarrior_greaves|恐 虐 勇 士 靴 
itm_khornewarrior_greaves_pl|恐 虐 勇 士 靴 
itm_khorneknight_gauntlets|恐 虐 骑 士 护 手 
itm_khorneknight_gauntlets_pl|恐 虐 骑 士 护 手 
itm_khornechosen_gauntlets|神 选 恐 虐 骑 士 护 手 
itm_khornechosen_gauntlets_pl|神 选 恐 虐 骑 士 护 手 
itm_khorneknight_helm|恐 虐 骑 士 盔 
itm_khorneknight_helm_pl|恐 虐 骑 士 盔 
itm_khorneknight_armor|恐 虐 骑 士 甲 
itm_khorneknight_armor_pl|恐 虐 骑 士 甲 
itm_khorneknight_boots|恐 虐 骑 士 靴 
itm_khorneknight_boots_pl|恐 虐 骑 士 靴 
itm_khornechosen_boots|神 选 恐 虐 骑 士 靴 
itm_khornechosen_boots_pl|神 选 恐 虐 骑 士 靴 
itm_chaosknight_gauntlets|混 沌 骑 士 护 手 
itm_chaosknight_gauntlets_pl|混 沌 骑 士 护 手 
itm_tzeentchknight_gauntlets|奸 奇 骑 士 护 手 
itm_tzeentchknight_gauntlets_pl|奸 奇 骑 士 护 手 
itm_tzeentchchosen_gauntlets|神 选 奸 奇 骑 士 护 手 
itm_tzeentchchosen_gauntlets_pl|神 选 奸 奇 骑 士 护 手 
itm_slaaneshknight_gauntlets|色 孽 骑 士 护 手 
itm_slaaneshknight_gauntlets_pl|色 孽 骑 士 护 手 
itm_slaaneshchosen_gauntlets|神 选 色 孽 骑 士 护 手 
itm_slaaneshchosen_gauntlets_pl|神 选 色 孽 骑 士 护 手 
itm_chaosknight_armor|混 沌 骑 士 甲 
itm_chaosknight_armor_pl|混 沌 骑 士 甲 
itm_chaosknight_helm|混 沌 骑 士 盔 
itm_chaosknight_helm_pl|混 沌 骑 士 盔 
itm_nurgleknight_helm4|纳 垢 骑 士 盔 
itm_nurgleknight_helm4_pl|纳 垢 骑 士 盔 
itm_tzeentchknight_helm|奸 奇 骑 士 盔 
itm_tzeentchknight_helm_pl|奸 奇 骑 士 盔 
itm_slaaneshknight_helm|色 孽 骑 士 盔 
itm_slaaneshknight_helm_pl|色 孽 骑 士 盔 
itm_chaosknight_boots|混 沌 骑 士 靴 
itm_chaosknight_boots_pl|混 沌 骑 士 靴 
itm_tzeentchknight_boots|奸 奇 骑 士 靴 
itm_tzeentchknight_boots_pl|奸 奇 骑 士 靴 
itm_slaaneshknight_boots|色 孽 骑 士 靴 
itm_slaaneshknight_boots_pl|色 孽 骑 士 靴 
itm_slaaneshchosen_boots|神 选 色 孽 骑 士 靴 
itm_slaaneshchosen_boots_pl|神 选 色 孽 骑 士 靴 
itm_tzeentchchosen_boots|神 选 奸 奇 骑 士 靴 
itm_tzeentchchosen_boots_pl|神 选 奸 奇 骑 士 靴 
itm_chaosknight_helm2|混 沌 骑 士 盔 
itm_chaosknight_helm2_pl|混 沌 骑 士 盔 
itm_nurgleknight_helm3|纳 垢 碾 碎 者 盔 
itm_nurgleknight_helm3_pl|纳 垢 碾 碎 者 盔 
itm_tzeentchknight_helm2|奸 奇 粉 碎 者 盔 
itm_tzeentchknight_helm2_pl|奸 奇 粉 碎 者 盔 
itm_slaaneshknight_helm2|色 孽 粉 碎 者 盔 
itm_slaaneshknight_helm2_pl|色 孽 粉 碎 者 盔 
itm_chaoscrusher_helm|混 沌 粉 碎 者 盔 
itm_chaoscrusher_helm_pl|混 沌 粉 碎 者 盔 
itm_arbaal_helm|阿 尔 巴 盔 
itm_arbaal_helm_pl|阿 尔 巴 盔 
itm_haargroth_helm|哈 格 罗 斯 盔 
itm_haargroth_helm_pl|哈 格 罗 斯 盔 
itm_haargoth_armor|哈 格 罗 斯 甲 
itm_haargoth_armor_pl|哈 格 罗 斯 甲 
itm_sigvald_head|西 格 瓦 尔 德 头 部 
itm_sigvald_head_pl|西 格 瓦 尔 德 头 部 
itm_sigvald_hand|西 格 瓦 尔 德 手 部 
itm_sigvald_hand_pl|西 格 瓦 尔 德 手 部 
itm_chaoscrusher_gauntlets|混 沌 粉 碎 者 护 手 
itm_chaoscrusher_gauntlets_pl|混 沌 粉 碎 者 护 手 
itm_tzeentchcrusher_gauntlets|奸 奇 护 手 
itm_tzeentchcrusher_gauntlets_pl|奸 奇 护 手 
itm_slaaneshcrusher_gauntlets|色 孽 护 手 
itm_slaaneshcrusher_gauntlets_pl|色 孽 护 手 
itm_chaoscrusher_armor|混 沌 粉 碎 者 甲 
itm_chaoscrusher_armor_pl|混 沌 粉 碎 者 甲 
itm_slaanesh_champion_armor|混 沌 粉 碎 者 甲 
itm_slaanesh_champion_armor_pl|混 沌 粉 碎 者 甲 
itm_nurgle_champion_armor|混 沌 粉 碎 者 甲 
itm_nurgle_champion_armor_pl|混 沌 粉 碎 者 甲 
itm_khorne_champion_armor|混 沌 粉 碎 者 甲 
itm_khorne_champion_armor_pl|混 沌 粉 碎 者 甲 
itm_tzeentch_champion_armor|混 沌 粉 碎 者 甲 
itm_tzeentch_champion_armor_pl|混 沌 粉 碎 者 甲 
itm_chaoscrusher_boots|混 沌 粉 碎 者 靴 
itm_chaoscrusher_boots_pl|混 沌 粉 碎 者 靴 
itm_tzeentchcrusher_boots|奸 奇 粉 碎 者 靴 
itm_tzeentchcrusher_boots_pl|奸 奇 粉 碎 者 靴 
itm_slaaneshcrusher_boots|色 孽 粉 碎 者 靴 
itm_slaaneshcrusher_boots_pl|色 孽 粉 碎 者 靴 
itm_chaoscrusher_helm2|混 沌 粉 碎 者 盔 
itm_chaoscrusher_helm2_pl|混 沌 粉 碎 者 盔 
itm_feytor_helm|费 托 盔 
itm_feytor_helm_pl|费 托 盔 
itm_styrkaar_helm|施 特 尔 卡 盔 
itm_styrkaar_helm_pl|施 特 尔 卡 盔 
itm_nurgle_helm|纳 垢 勇 士 盔 
itm_nurgle_helm_pl|纳 垢 勇 士 盔 
itm_nurgle_helm2|纳 垢 勇 士 盔 
itm_nurgle_helm2_pl|纳 垢 勇 士 盔 
itm_nurglewarrior_armor|纳 垢 勇 士 甲 
itm_nurglewarrior_armor_pl|纳 垢 勇 士 甲 
itm_nurglewarrior_gauntlets|纳 垢 勇 士 护 手 
itm_nurglewarrior_gauntlets_pl|纳 垢 勇 士 护 手 
itm_nurglewarrior_greaves|纳 垢 勇 士 靴 
itm_nurglewarrior_greaves_pl|纳 垢 勇 士 靴 
itm_nurgleknight_gauntlets|纳 垢 碾 压 者 护 手 
itm_nurgleknight_gauntlets_pl|纳 垢 碾 压 者 护 手 
itm_nurglechosen_gauntlets|神 选 纳 垢 骑 士 护 手 
itm_nurglechosen_gauntlets_pl|神 选 纳 垢 骑 士 护 手 
itm_nurgleknight_helm|纳 垢 碾 压 者 盔 
itm_nurgleknight_helm_pl|纳 垢 碾 压 者 盔 
itm_nurgleknight_helm2|纳 垢 碾 压 者 盔 
itm_nurgleknight_helm2_pl|纳 垢 碾 压 者 盔 
itm_nurgleknight_armor|纳 垢 碾 压 者 甲 
itm_nurgleknight_armor_pl|纳 垢 碾 压 者 甲 
itm_nurgleknight_boots|纳 垢 碾 压 者 靴 
itm_nurgleknight_boots_pl|纳 垢 碾 压 者 靴 
itm_valnir_helm|瓦 尔 尼 盔 
itm_valnir_helm_pl|瓦 尔 尼 盔 
itm_nurglechosen_boots|神 选 纳 垢 骑 士 靴 
itm_nurglechosen_boots_pl|神 选 纳 垢 骑 士 靴 
itm_chaosrecruit_armor|格 斗 士 轻 甲 
itm_chaosrecruit_armor_pl|格 斗 士 轻 甲 
itm_chaosrecruit_armor2|格 斗 士 甲 
itm_chaosrecruit_armor2_pl|格 斗 士 甲 
itm_chaosrecruit_armor3|格 斗 士 重 甲 
itm_chaosrecruit_armor3_pl|格 斗 士 重 甲 
itm_chaoslight_armor|混 沌 甲 
itm_chaoslight_armor_pl|混 沌 甲 
itm_chaos_sneak_robe|混 沌 长 袍 
itm_chaos_sneak_robe_pl|混 沌 长 袍 
itm_nurgle_sorcerer_light|纳 垢 长 袍 
itm_nurgle_sorcerer_light_pl|纳 垢 长 袍 
itm_slaanesh_sorcerer_light|色 孽 长 袍 
itm_slaanesh_sorcerer_light_pl|色 孽 长 袍 
itm_tzeentch_sorcerer_light|奸 奇 长 袍 
itm_tzeentch_sorcerer_light_pl|奸 奇 长 袍 
itm_undivided_sorcerer_light|混 沌 无 分 长 袍
itm_undivided_sorcerer_light_pl|混 沌 无 分 长 袍
itm_nurgle_sorcerer_medium|纳 垢 巫 师 甲 
itm_nurgle_sorcerer_medium_pl|纳 垢 巫 师 甲 
itm_slaanesh_sorcerer_medium|色 孽 巫 师 甲 
itm_slaanesh_sorcerer_medium_pl|色 孽 巫 师 甲 
itm_tzeentch_sorcerer_medium|奸 奇 巫 师 甲 
itm_tzeentch_sorcerer_medium_pl|奸 奇 巫 师 甲 
itm_undivided_sorcerer_medium|混 沌 无 分 巫 师 甲
itm_undivided_sorcerer_medium_pl|混 沌 无 分 巫 师 甲
itm_nurgle_sorcerer_heavy|纳 垢 巫 师 重 甲 
itm_nurgle_sorcerer_heavy_pl|纳 垢 巫 师 重 甲 
itm_slaanesh_sorcerer_heavy|色 孽 巫 师 重 甲 
itm_slaanesh_sorcerer_heavy_pl|色 孽 巫 师 重 甲 
itm_tzeentch_sorcerer_heavy|奸 奇 巫 师 重 甲 
itm_tzeentch_sorcerer_heavy_pl|奸 奇 巫 师 重 甲 
itm_undivided_sorcerer_heavy|混 沌 无 分 巫 师 重 甲
itm_undivided_sorcerer_heavy_pl|混 沌 无 分 巫 师 重 甲
itm_aekold_armour|艾 考 德 甲 
itm_aekold_armour_pl|艾 考 德 甲 
itm_marauder_lightarmour|掠 夺 者 轻 甲 
itm_marauder_lightarmour_pl|掠 夺 者 轻 甲 
itm_marauder_lightarmour2|掠 夺 者 轻 甲 
itm_marauder_lightarmour2_pl|掠 夺 者 轻 甲 
itm_marauder_lightarmour3|掠 夺 者 轻 甲 
itm_marauder_lightarmour3_pl|掠 夺 者 轻 甲 
itm_marauder_lightarmour4|掠 夺 者 轻 甲 
itm_marauder_lightarmour4_pl|掠 夺 者 轻 甲 
itm_berserker_armour|狂 战 士 甲 
itm_berserker_armour_pl|狂 战 士 甲 
itm_marauder_armour|掠 夺 者 甲 
itm_marauder_armour_pl|掠 夺 者 甲 
itm_marauder_armour2|掠 夺 者 甲 
itm_marauder_armour2_pl|掠 夺 者 甲 
itm_marauder_armour3|掠 夺 者 甲 
itm_marauder_armour3_pl|掠 夺 者 甲 
itm_marauder_heavy|掠 夺 者 重 甲 
itm_marauder_heavy_pl|掠 夺 者 重 甲 
itm_marauder_heavy2|掠 夺 者 重 甲 
itm_marauder_heavy2_pl|掠 夺 者 重 甲 
itm_marauder_heavy3|掠 夺 者 重 甲 
itm_marauder_heavy3_pl|掠 夺 者 重 甲 
itm_marauder_elite|掠 夺 者 勇 士 甲 
itm_marauder_elite_pl|掠 夺 者 勇 士 甲 
itm_marauder_elite2|掠 夺 者 勇 士 甲 
itm_marauder_elite2_pl|掠 夺 者 勇 士 甲 
itm_marauder_elite3|掠 夺 者 勇 士 甲 
itm_marauder_elite3_pl|掠 夺 者 勇 士 甲 
itm_marauder_elite4|掠 夺 者 头 目 甲 
itm_marauder_elite4_pl|掠 夺 者 头 目 甲 
itm_marauder_lighthelmet|掠 夺 者 轻 盔 
itm_marauder_lighthelmet_pl|掠 夺 者 轻 盔 
itm_marauder_helmet|掠 夺 者 盔 
itm_marauder_helmet_pl|掠 夺 者 盔 
itm_marauder_helmet2|掠 夺 者 盔 
itm_marauder_helmet2_pl|掠 夺 者 盔 
itm_marauder_helmet3|掠 夺 者 盔 
itm_marauder_helmet3_pl|掠 夺 者 盔 
itm_marauder_helmet4|掠 夺 者 重 盔 
itm_marauder_helmet4_pl|掠 夺 者 重 盔 
itm_marauder_helmet5|掠 夺 者 重 盔 
itm_marauder_helmet5_pl|掠 夺 者 重 盔 
itm_marauder_helmet6|掠 夺 者 重 盔 
itm_marauder_helmet6_pl|掠 夺 者 重 盔 
itm_marauder_helmet7|掠 夺 者 重 盔 
itm_marauder_helmet7_pl|掠 夺 者 重 盔 
itm_marauder_heavyhelmet|掠 夺 者 勇 士 盔 
itm_marauder_heavyhelmet_pl|掠 夺 者 勇 士 盔 
itm_marauder_heavyhelmet2|掠 夺 者 勇 士 盔 
itm_marauder_heavyhelmet2_pl|掠 夺 者 勇 士 盔 
itm_marauder_heavyhelmet3|掠 夺 者 勇 士 盔 
itm_marauder_heavyhelmet3_pl|掠 夺 者 勇 士 盔 
itm_marauder_elitehelmet2|掠 夺 者 头 目 盔 
itm_marauder_elitehelmet2_pl|掠 夺 者 头 目 盔 
itm_marauder_elitehelmet|掠 夺 者 头 目 盔 
itm_marauder_elitehelmet_pl|掠 夺 者 头 目 盔 
itm_charioteer_helm_01|战 车 黄 金 头 盔 
itm_charioteer_helm_01_pl|战 车 黄 金 头 盔 
itm_chaoslight_boots1|混 沌 皮 靴 
itm_chaoslight_boots1_pl|混 沌 皮 靴 
itm_chaoslight_boots2|混 沌 皮 靴 
itm_chaoslight_boots2_pl|混 沌 皮 靴 
itm_undivided_wizard_hood|巫 师 帽 
itm_undivided_wizard_hood_pl|巫 师 帽 
itm_tzeentch_wizard_hood|奸 奇 巫 师 帽 
itm_tzeentch_wizard_hood_pl|奸 奇 巫 师 帽 
itm_slaanesh_wizard_hood|色 孽 巫 师 帽 
itm_slaanesh_wizard_hood_pl|色 孽 巫 师 帽 
itm_nurgle_wizard_hood|纳 垢 巫 师 帽 
itm_nurgle_wizard_hood_pl|纳 垢 巫 师 帽 
itm_chaos_sneak_hood|混 沌 巫 师 帽 
itm_chaos_sneak_hood_pl|混 沌 巫 师 帽 
itm_chaosrecruit_helm|混 沌 盔 
itm_chaosrecruit_helm_pl|混 沌 盔 
itm_chaosrecruit_gloves|混 沌 皮 手 套 
itm_chaosrecruit_gloves_pl|混 沌 皮 手 套 
itm_chaosrecruit_boots|混 沌 皮 靴 
itm_chaosrecruit_boots_pl|混 沌 皮 靴 
itm_plaguebearer_hand|瘟 疫 使 者 手 部 
itm_plaguebearer_hand_pl|瘟 疫 使 者 手 部 
itm_plaguebearer|瘟 疫 使 者 
itm_plaguebearer_pl|瘟 疫 使 者 
itm_plaguebearer2|瘟 疫 使 者
itm_plaguebearer2_pl|瘟 疫 使 者
itm_plaguebearer_boots|瘟 疫 使 者 腿 部 
itm_plaguebearer_boots_pl|瘟 疫 使 者 腿 部 
itm_flamer|奸 奇 火 妖 
itm_flamer_pl|奸 奇 火 妖 
itm_exalted_flamer|高 等 奸 奇 火 妖 
itm_exalted_flamer_pl|高 等 奸 奇 火 妖 
itm_archaon_armor|漆 黑 之 甲 
itm_archaon_armor_pl|漆 黑 之 甲 
itm_flamer_gloves|火 妖 手 部 
itm_flamer_gloves_pl|火 妖 手 部 
itm_flamer_boots|火 妖 脚 部 
itm_flamer_boots_pl|火 妖 脚 部 
itm_thrud|斯 露 德 身 体 
itm_thrud_pl|斯 露 德 身 体 
itm_thrud_boots|斯 露 德 靴 
itm_thrud_boots_pl|斯 露 德 靴 
itm_thrud_helmet|斯 露 德 盔 
itm_thrud_helmet_pl|斯 露 德 盔 
itm_beorg_body|贝 奥 格 身 体 
itm_beorg_body_pl|贝 奥 格 身 体 
itm_beorg_hands|贝 奥 格 利 爪 
itm_beorg_hands_pl|贝 奥 格 利 爪 
itm_beorg_feet|贝 奥 格 腿 部 
itm_beorg_feet_pl|贝 奥 格 腿 部 
itm_kadon_body|卡 顿 野 熊 
itm_kadon_body_pl|卡 顿 野 熊 
itm_kadon_feet|卡 顿 野 熊 腿 部 
itm_kadon_feet_pl|卡 顿 野 熊 腿 部 
itm_marauder_wrapping_boots_1|掠 夺 者 裹 脚 靴
itm_marauder_wrapping_boots_1_pl|掠 夺 者 裹 脚 靴
itm_marauder_boots|掠 夺 者 靴 
itm_marauder_boots_pl|掠 夺 者 靴 
itm_marauder_boots2|掠 夺 者 皮 靴 
itm_marauder_boots2_pl|掠 夺 者 皮 靴 
itm_marauder_boots3|掠 夺 者 护 腿 
itm_marauder_boots3_pl|掠 夺 者 护 腿 
itm_marauder_boots4|掠 夺 者 护 腿 
itm_marauder_boots4_pl|掠 夺 者 护 腿 
itm_chaos_sorcerer_shoes|巫 师 装 甲 靴 
itm_chaos_sorcerer_shoes_pl|巫 师 装 甲 靴 
itm_marauder_body|掠 夺 者 身 体 
itm_marauder_body_pl|掠 夺 者 身 体 
itm_marauder_tunic_1|诺 斯 束 腰 外 衣
itm_marauder_tunic_1_pl|诺 斯 束 腰 外 衣
itm_marauder_tunic_2|诺 斯 束 腰 外 衣
itm_marauder_tunic_2_pl|诺 斯 束 腰 外 衣
itm_marauder_tunic_3|诺 斯 束 腰 外 衣
itm_marauder_tunic_3_pl|诺 斯 束 腰 外 衣
itm_marauder_tunic_4|诺 斯 束 腰 外 衣
itm_marauder_tunic_4_pl|诺 斯 束 腰 外 衣
itm_marauder_tunic_shortsleeve_1|诺 斯 短 袖 束 腰 外 衣
itm_marauder_tunic_shortsleeve_1_pl|诺 斯 短 袖 束 腰 外 衣
itm_marauder_tunic_shortsleeve_2|诺 斯 短 袖 束 腰 外 衣
itm_marauder_tunic_shortsleeve_2_pl|诺 斯 短 袖 束 腰 外 衣
itm_marauder_tunic_shortsleeve_3|诺 斯 短 袖 束 腰 外 衣
itm_marauder_tunic_shortsleeve_3_pl|诺 斯 短 袖 束 腰 外 衣
itm_marauder_tunic_shortsleeve_4|诺 斯 短 袖 束 腰 外 衣
itm_marauder_tunic_shortsleeve_4_pl|诺 斯 短 袖 束 腰 外 衣
itm_marauder_skeleton_foot|骷 髅 掠 夺 者 脚 
itm_marauder_skeleton_foot_pl|骷 髅 掠 夺 者 脚 
itm_marauder_skeleton_body|骷 髅 掠 夺 者 身 体 
itm_marauder_skeleton_body_pl|骷 髅 掠 夺 者 身 体 
itm_marauder_skeleton_gloves|骷 髅 掠 夺 者 手 套 
itm_marauder_skeleton_gloves_pl|骷 髅 掠 夺 者 手 套 
itm_marauder_skeleton_helm1|掠 夺 者 头 骨 
itm_marauder_skeleton_helm1_pl|掠 夺 者 头 骨 
itm_marauder_skeleton_helm2|掠 夺 者 头 骨 
itm_marauder_skeleton_helm2_pl|掠 夺 者 头 骨 
itm_marauder_skeleton_helm3|掠 夺 者 头 骨 
itm_marauder_skeleton_helm3_pl|掠 夺 者 头 骨 
itm_marauder_gloves|掠 夺 者 手 套 
itm_marauder_gloves_pl|掠 夺 者 手 套 
itm_marauder_gloves1|掠 夺 者 手 套 
itm_marauder_gloves1_pl|掠 夺 者 手 套 
itm_marauder_gloves2|掠 夺 者 手 套 
itm_marauder_gloves2_pl|掠 夺 者 手 套 
itm_frostbear_body|霜 熊 身 体
itm_frostbear_body_pl|霜 熊 身 体
itm_frostbear_hands|霜 熊 利 爪
itm_frostbear_hands_pl|霜 熊 利 爪
itm_frostbear_feet|霜 熊 脚 部
itm_frostbear_feet_pl|霜 熊 脚 部
itm_ungor_head|劣 角 兽 头 部 
itm_ungor_head_pl|劣 角 兽 头 部 
itm_bray_armour|女 兽 人 身 体 
itm_bray_armour_pl|女 兽 人 身 体 
itm_beastman_armour|野 兽 轻 甲 
itm_beastman_armour_pl|野 兽 轻 甲 
itm_beastman_gor|角 兽 甲 
itm_beastman_gor_pl|角 兽 甲 
itm_beastman_gor2|角 兽 甲 
itm_beastman_gor2_pl|角 兽 甲 
itm_pestigor_body|纳 垢 野 兽 人 轻 甲
itm_pestigor_body_pl|纳 垢 野 兽 人 轻 甲
itm_shaman_body|萨 满 长 袍 
itm_shaman_body_pl|萨 满 长 袍 
itm_shaman_body2|萨 满 长 袍 
itm_shaman_body2_pl|萨 满 长 袍 
itm_bloated_body|浮 肿 身 体 
itm_bloated_body_pl|浮 肿 身 体 
itm_pestigor_body2|纳 垢 野 兽 人 甲 
itm_pestigor_body2_pl|纳 垢 野 兽 人 甲 
itm_beastman_foe|野 兽 人 甲 
itm_beastman_foe_pl|野 兽 人 甲 
itm_beastman_foe2|野 兽 人 甲 
itm_beastman_foe2_pl|野 兽 人 甲 
itm_beastman_foe3|野 兽 人 甲 
itm_beastman_foe3_pl|野 兽 人 甲 
itm_bestigor_armour|野 兽 人 重 甲 
itm_bestigor_armour_pl|野 兽 人 重 甲 
itm_wargor_armour|野 兽 人 重 甲 
itm_wargor_armour_pl|野 兽 人 重 甲 
itm_beserkergor_armour|野 兽 人 骨 甲 
itm_beserkergor_armour_pl|野 兽 人 骨 甲 
itm_gor_champion_armour|野 兽 人 甲 
itm_gor_champion_armour_pl|野 兽 人 甲 
itm_tuskgor_armour|野 兽 人 甲
itm_tuskgor_armour_pl|野 兽 人 甲
itm_tuskgor_armour2|野 兽 人 重 甲
itm_tuskgor_armour2_pl|野 兽 人 重 甲
itm_thunderhoof_armour|雷 蹄 甲
itm_thunderhoof_armour_pl|雷 蹄 甲
itm_khornegor_light_armour|恐 虐 野 兽 人 轻 甲 
itm_khornegor_light_armour_pl|恐 虐 野 兽 人 轻 甲 
itm_khornegor_light_armour2|恐 虐 野 兽 人 轻 甲 
itm_khornegor_light_armour2_pl|恐 虐 野 兽 人 轻 甲 
itm_khornegor_heavy_armour|恐 虐 野 兽 人 重 甲 
itm_khornegor_heavy_armour_pl|恐 虐 野 兽 人 重 甲 
itm_pestigor_heavy_armour|纳 垢 野 兽 人 重 甲 
itm_pestigor_heavy_armour_pl|纳 垢 野 兽 人 重 甲 
itm_slaangor_heavy_armour|色 孽 野 兽 人 重 甲 
itm_slaangor_heavy_armour_pl|色 孽 野 兽 人 重 甲 
itm_tzaangor_heavy_armour|奸 奇 野 兽 人 重 甲 
itm_tzaangor_heavy_armour_pl|奸 奇 野 兽 人 重 甲 
itm_slaangor_light_armour|色 孽 野 兽 人 轻 甲 
itm_slaangor_light_armour_pl|色 孽 野 兽 人 轻 甲 
itm_tzaangor_light_armour|奸 奇 野 兽 人 轻 甲 
itm_tzaangor_light_armour_pl|奸 奇 野 兽 人 轻 甲 
itm_slaangor_light_armour2|色 孽 野 兽 人 轻 甲 
itm_slaangor_light_armour2_pl|色 孽 野 兽 人 轻 甲 
itm_tzaangor_light_armour2|奸 奇 野 兽 人 轻 甲 
itm_tzaangor_light_armour2_pl|奸 奇 野 兽 人 轻 甲 
itm_beastman_lord|野 兽 人 酋 长 甲 
itm_beastman_lord_pl|野 兽 人 酋 长 甲 
itm_beastman_troll|野 兽 人 巨 魔 皮 甲 
itm_beastman_troll_pl|野 兽 人 巨 魔 皮 甲 
itm_beastman_disguise|野 兽 人 伪 装 
itm_beastman_disguise_pl|野 兽 人 伪 装 
itm_beastman_disguise_helm|野 兽 人 伪 装 盔 
itm_beastman_disguise_helm_pl|野 兽 人 伪 装 盔 
itm_beast_cloth|野 兽 人 布 盔 
itm_beast_cloth_pl|野 兽 人 布 盔 
itm_beast_cloth2|野 兽 人 布 盔 
itm_beast_cloth2_pl|野 兽 人 布 盔 
itm_beastman_helm|角 兽 盔 
itm_beastman_helm_pl|角 兽 盔 
itm_beastman_helm2|角 兽 盔 
itm_beastman_helm2_pl|角 兽 盔 
itm_beastman_helm3|角 兽 盔 
itm_beastman_helm3_pl|角 兽 盔 
itm_beastman_helm4|角 兽 盔 
itm_beastman_helm4_pl|角 兽 盔 
itm_beastman_lord_helm2|野 兽 人 酋 长 盔 
itm_beastman_lord_helm2_pl|野 兽 人 酋 长 盔 
itm_beastman_lord_helm|野 兽 人 酋 长 盔 
itm_beastman_lord_helm_pl|野 兽 人 酋 长 盔 
itm_beastman_champion_helm2|野 兽 人 冠 军 盔 
itm_beastman_champion_helm2_pl|野 兽 人 冠 军 盔 
itm_beastman_champion_helm3|野 兽 人 冠 军 盔 
itm_beastman_champion_helm3_pl|野 兽 人 冠 军 盔 
itm_beastman_champion_helm4|野 兽 人 冠 军 盔 
itm_beastman_champion_helm4_pl|野 兽 人 冠 军 盔 
itm_beastman_champion_helm5|野 兽 人 冠 军 盔 
itm_beastman_champion_helm5_pl|野 兽 人 冠 军 盔 
itm_beastman_champion_helm6|野 兽 人 冠 军 盔 
itm_beastman_champion_helm6_pl|野 兽 人 冠 军 盔 
itm_beastman_champion_helm|野 兽 人 尖 铁 盔 
itm_beastman_champion_helm_pl|野 兽 人 尖 铁 盔 
itm_beastman_iron_helm|野 兽 人 铁 盔 
itm_beastman_iron_helm_pl|野 兽 人 铁 盔 
itm_khornegor_helm|恐 虐 野 兽 人 盔 
itm_khornegor_helm_pl|恐 虐 野 兽 人 盔 
itm_khornegor_helm2|恐 虐 野 兽 人 重 盔 
itm_khornegor_helm2_pl|恐 虐 野 兽 人 重 盔 
itm_pestigorgor_helm2|纳 垢 野 兽 人 重 盔 
itm_pestigorgor_helm2_pl|纳 垢 野 兽 人 重 盔 
itm_slaanesh_helm2|色 孽 野 兽 人 重 盔 
itm_slaanesh_helm2_pl|色 孽 野 兽 人 重 盔 
itm_tzeentch_helm2|奸 奇 野 兽 人 重 盔 
itm_tzeentch_helm2_pl|奸 奇 野 兽 人 重 盔 
itm_bloated_helm|浮 肿 盔
itm_bloated_helm_pl|浮 肿 盔
itm_slaanesh_helm|色 孽 野 兽 人 盔 
itm_slaanesh_helm_pl|色 孽 野 兽 人 盔 
itm_tzeentch_helm|奸 奇 野 兽 人 盔 
itm_tzeentch_helm_pl|奸 奇 野 兽 人 盔 
itm_pestigor_helmet|纳 垢 野 兽 人 重 盔 
itm_pestigor_helmet_pl|纳 垢 野 兽 人 重 盔 
itm_beastman_head|角 兽 头 部 
itm_beastman_head_pl|角 兽 头 部 
itm_beastshaman_head|萨 满 覆 面 头 
itm_beastshaman_head_pl|萨 满 覆 面 头 
itm_fur_legs|厚 毛 腿 部 
itm_fur_legs_pl|厚 毛 腿 部 
itm_plated_legs|装 甲 腿 部 
itm_plated_legs_pl|装 甲 腿 部 
itm_plated_legs3|装 甲 腿 部 
itm_plated_legs3_pl|装 甲 腿 部 
itm_plated_legs2|装 甲 腿 部 
itm_plated_legs2_pl|装 甲 腿 部 
itm_plated_legs4|装 甲 腿 部 
itm_plated_legs4_pl|装 甲 腿 部 
itm_plated_legs5|装 甲 腿 部 
itm_plated_legs5_pl|装 甲 腿 部 
itm_khornegor_plated_legs|板 甲 腿 
itm_khornegor_plated_legs_pl|板 甲 腿 
itm_pestigor_legs|纳 垢 野 兽 人 腿 
itm_pestigor_legs_pl|纳 垢 野 兽 人 腿 
itm_slaangor_plated_legs|板 甲 腿 
itm_slaangor_plated_legs_pl|板 甲 腿 
itm_tzaangor_plated_legs|板 甲 腿 
itm_tzaangor_plated_legs_pl|板 甲 腿 
itm_bloated_legs|浮 肿 脚 
itm_bloated_legs_pl|浮 肿 脚 
itm_khornegor_plated_legs2|恐 虐 板 甲 腿 
itm_khornegor_plated_legs2_pl|恐 虐 板 甲 腿 
itm_pestigor_legs2|纳 垢 野 兽 腿 部 
itm_pestigor_legs2_pl|纳 垢 野 兽 腿 部 
itm_slaangor_plated_legs2|色 孽 野 兽 腿 部 
itm_slaangor_plated_legs2_pl|色 孽 野 兽 腿 部 
itm_tzaangor_plated_legs2|奸 奇 野 兽 腿 部 
itm_tzaangor_plated_legs2_pl|奸 奇 野 兽 腿 部 
itm_khornegor_plated_legs3|恐 虐 装 甲 腿 部 
itm_khornegor_plated_legs3_pl|恐 虐 装 甲 腿 部 
itm_pestigor_legs3|纳 垢 装 甲 腿 部 
itm_pestigor_legs3_pl|纳 垢 装 甲 腿 部 
itm_slaangor_plated_legs3|色 孽 装 甲 腿 部 
itm_slaangor_plated_legs3_pl|色 孽 装 甲 腿 部 
itm_tzaangor_plated_legs3|奸 奇 装 甲 腿 部 
itm_tzaangor_plated_legs3_pl|奸 奇 装 甲 腿 部 
itm_fur_hands|厚 毛 手 部 
itm_fur_hands_pl|厚 毛 手 部 
itm_fur_hands2|厚 毛 手 部 
itm_fur_hands2_pl|厚 毛 手 部 
itm_fur_hands3|厚 毛 手 部 
itm_fur_hands3_pl|厚 毛 手 部 
itm_fur_hands4|厚 毛 手 部 
itm_fur_hands4_pl|厚 毛 手 部 
itm_plated_hands|金 属 板 手 套 
itm_plated_hands_pl|金 属 板 手 套 
itm_plated_hands4|金 属 板 手 套 
itm_plated_hands4_pl|金 属 板 手 套 
itm_plated_hands2|金 属 板 手 套 
itm_plated_hands2_pl|金 属 板 手 套 
itm_plated_hands3|金 属 板 手 套 
itm_plated_hands3_pl|金 属 板 手 套 
itm_khornegor_plated_hands|板 甲 手 套 
itm_khornegor_plated_hands_pl|板 甲 手 套 
itm_pestigor_hands|纳 垢 野 兽 人 手 部 
itm_pestigor_hands_pl|纳 垢 野 兽 人 手 部 
itm_slaangor_plated_hands|板 甲 手 套 
itm_slaangor_plated_hands_pl|板 甲 手 套 
itm_tzaangor_plated_hands|板 甲 手 套 
itm_tzaangor_plated_hands_pl|板 甲 手 套 
itm_slaangor_hands|板 甲 手 套 
itm_slaangor_hands_pl|板 甲 手 套 
itm_bloated_hands|浮 肿 手 
itm_bloated_hands_pl|浮 肿 手 
itm_khornegor_plated_hands2|恐 虐 覆 板 手 套 
itm_khornegor_plated_hands2_pl|恐 虐 覆 板 手 套 
itm_pestigor_hands2|纳 垢 覆 板 手 套 
itm_pestigor_hands2_pl|纳 垢 覆 板 手 套 
itm_slaangor_plated_hands2|色 孽 覆 板 手 套 
itm_slaangor_plated_hands2_pl|色 孽 覆 板 手 套 
itm_tzaangor_plated_hands2|奸 奇 覆 板 手 套 
itm_tzaangor_plated_hands2_pl|奸 奇 覆 板 手 套 
itm_khornegor_plated_hand3|恐 虐 覆 板 手 套 
itm_khornegor_plated_hand3_pl|恐 虐 覆 板 手 套 
itm_pestigor_hands3|纳 垢 覆 板 手 套 
itm_pestigor_hands3_pl|纳 垢 覆 板 手 套 
itm_slaangor_plated_hands3|色 孽 覆 板 手 套 
itm_slaangor_plated_hands3_pl|色 孽 覆 板 手 套 
itm_tzaangor_plated_hands3|奸 奇 覆 板 手 套 
itm_tzaangor_plated_hands3_pl|奸 奇 覆 板 手 套 
itm_bloodarmour|放 血 者 身 体 
itm_bloodarmour_pl|放 血 者 身 体 
itm_bloodhowlerarmour|血 吼 身 体 
itm_bloodhowlerarmour_pl|血 吼 身 体 
itm_bloodletter_hands|放 血 者 利 爪 
itm_bloodletter_hands_pl|放 血 者 利 爪 
itm_gob_feather|地 精 羽 饰 
itm_gob_feather_pl|地 精 羽 饰 
itm_nurgling_hand|纳 垢 灵 手 部 
itm_nurgling_hand_pl|纳 垢 灵 手 部 
itm_nurgling_for_goblin_skeleton|地 精 骷 髅 用 纳 垢 灵
itm_nurgling_for_goblin_skeleton_pl|地 精 骷 髅 用 纳 垢 灵
itm_nurgling_boots|纳 垢 灵 腿 部 
itm_nurgling_boots_pl|纳 垢 灵 腿 部 
itm_gob_hood|暗 夜 地 精 兜 帽 
itm_gob_hood_pl|暗 夜 地 精 兜 帽 
itm_gob_hood2|暗 夜 地 精 兜 帽 
itm_gob_hood2_pl|暗 夜 地 精 兜 帽 
itm_gob_hood3|夜 地 精 头 巾
itm_gob_hood3_pl|夜 地 精 头 巾
itm_gob_padded_hood|暗 夜 地 精 带 衬 兜 帽 
itm_gob_padded_hood_pl|暗 夜 地 精 带 衬 兜 帽 
itm_gob_hood5|夜 地 精 头 巾
itm_gob_hood5_pl|夜 地 精 头 巾
itm_gob_hood6|夜 地 精 头 巾
itm_gob_hood6_pl|夜 地 精 头 巾
itm_gob_hood7|夜 地 精 头 巾
itm_gob_hood7_pl|夜 地 精 头 巾
itm_gob_hood8|夜 地 精 头 巾
itm_gob_hood8_pl|夜 地 精 头 巾
itm_gob_hood9|夜 地 精 头 巾
itm_gob_hood9_pl|夜 地 精 头 巾
itm_gob_hood10|夜 地 精 头 巾
itm_gob_hood10_pl|夜 地 精 头 巾
itm_gob_hood11|夜 地 精 头 巾
itm_gob_hood11_pl|夜 地 精 头 巾
itm_gob_hood12|夜 地 精 头 巾
itm_gob_hood12_pl|夜 地 精 头 巾
itm_gob_hood13|带 面 甲 头 盔 的 夜 地 精 头 巾
itm_gob_hood13_pl|带 面 甲 头 盔 的 夜 地 精 头 巾
itm_gob_hood14|带 面 甲 头 盔 的 夜 地 精 头 巾
itm_gob_hood14_pl|带 面 甲 头 盔 的 夜 地 精 头 巾
itm_gob_hood15|带 面 甲 头 盔 的 夜 地 精 头 巾
itm_gob_hood15_pl|带 面 甲 头 盔 的 夜 地 精 头 巾
itm_gob_hood16|带 面 甲 头 盔 的 夜 地 精 头 巾
itm_gob_hood16_pl|带 面 甲 头 盔 的 夜 地 精 头 巾
itm_gob_hood17|夜 地 精 链 甲 头 巾
itm_gob_hood17_pl|夜 地 精 链 甲 头 巾
itm_gob_hood18|夜 地 精 头 巾
itm_gob_hood18_pl|夜 地 精 头 巾
itm_gob_hood19|带 骨 饰 的 夜 地 精 头 巾
itm_gob_hood19_pl|带 骨 饰 的 夜 地 精 头 巾
itm_gob_hood20|夜 地 精 萨 满 领 主 头 巾
itm_gob_hood20_pl|夜 地 精 萨 满 领 主 头 巾
itm_gob_hood21|带 面 甲 头 盔 的 夜 地 精 头 巾
itm_gob_hood21_pl|带 面 甲 头 盔 的 夜 地 精 头 巾
itm_gob_hood22|带 面 甲 头 盔 的 夜 地 精 头 巾
itm_gob_hood22_pl|带 面 甲 头 盔 的 夜 地 精 头 巾
itm_gob_hood23|带 面 甲 头 盔 的 夜 地 精 头 巾
itm_gob_hood23_pl|带 面 甲 头 盔 的 夜 地 精 头 巾
itm_gob_hood24|带 面 甲 头 盔 的 夜 地 精 头 巾
itm_gob_hood24_pl|带 面 甲 头 盔 的 夜 地 精 头 巾
itm_gob_hood25|坏 月 头 盔
itm_gob_hood25_pl|坏 月 头 盔
itm_goblin_robe|暗 夜 地 精 长 袍 
itm_goblin_robe_pl|暗 夜 地 精 长 袍 
itm_goblin_robe4|夜 地 精 长 袍
itm_goblin_robe4_pl|夜 地 精 长 袍
itm_goblin_robe2|暗 夜 地 精 长 袍 
itm_goblin_robe2_pl|暗 夜 地 精 长 袍 
itm_goblin_robe3|暗 夜 地 精 链 袍 
itm_goblin_robe3_pl|暗 夜 地 精 链 袍 
itm_goblin_robe5|夜 地 精 萨 满 长 袍
itm_goblin_robe5_pl|夜 地 精 萨 满 长 袍
itm_goblin_black_boots|暗 夜 地 精 靴 
itm_goblin_black_boots_pl|暗 夜 地 精 靴 
itm_goblin_black_boots2|夜 地 精 靴 子
itm_goblin_black_boots2_pl|夜 地 精 靴 子
itm_goblin_black_boots3|夜 地 精 靴 子
itm_goblin_black_boots3_pl|夜 地 精 靴 子
itm_goblin_black_boots4|夜 地 精 靴 子
itm_goblin_black_boots4_pl|夜 地 精 靴 子
itm_goblin_black_boots5|夜 地 精 靴 子
itm_goblin_black_boots5_pl|夜 地 精 靴 子
itm_goblin_black_boots6|夜 地 精 靴 子
itm_goblin_black_boots6_pl|夜 地 精 靴 子
itm_goblin_reinforced_black_boots|暗 夜 地 精 加 固 靴 
itm_goblin_reinforced_black_boots_pl|暗 夜 地 精 加 固 靴 
itm_goblin_reinforced_black_boots2|夜 地 精 装 甲 靴 子
itm_goblin_reinforced_black_boots2_pl|夜 地 精 装 甲 靴 子
itm_goblin_reinforced_black_boots3|夜 地 精 装 甲 靴
itm_goblin_reinforced_black_boots3_pl|夜 地 精 装 甲 靴
itm_goblin_wrap_gloves|地 精 缠 绕 手 套
itm_goblin_wrap_gloves_pl|地 精 缠 绕 手 套
itm_goblin_gloves|地 精 手 套
itm_goblin_gloves_pl|地 精 手 套
itm_goblin_gloves2|地 精 手 套
itm_goblin_gloves2_pl|地 精 手 套
itm_goblin_gloves3|地 精 锁 甲 手 套
itm_goblin_gloves3_pl|地 精 锁 甲 手 套
itm_goblin_gloves4|地 精 锁 甲 手 套
itm_goblin_gloves4_pl|地 精 锁 甲 手 套
itm_goblin_gloves5|地 精 板 甲 手 套
itm_goblin_gloves5_pl|地 精 板 甲 手 套
itm_goblin_gloves6|地 精 板 甲 手 套
itm_goblin_gloves6_pl|地 精 板 甲 手 套
itm_goblin_gloves7|地 精 板 甲 手 套
itm_goblin_gloves7_pl|地 精 板 甲 手 套
itm_goblin_gloves8|地 精 板 甲 手 套
itm_goblin_gloves8_pl|地 精 板 甲 手 套
itm_gob_disguise_hood|地 精 伪 装 兜 帽 
itm_gob_disguise_hood_pl|地 精 伪 装 兜 帽 
itm_gob_reinforced_hood|夜 地 精 史 奎 格 帽
itm_gob_reinforced_hood_pl|夜 地 精 史 奎 格 帽
itm_goblin_reinforced_robe|夜 地 精 锁 甲 长 袍
itm_goblin_reinforced_robe_pl|夜 地 精 锁 甲 长 袍
itm_goblin_reinforced_robe2|夜 地 精 锁 甲 长 袍
itm_goblin_reinforced_robe2_pl|夜 地 精 锁 甲 长 袍
itm_goblin_reinforced_robe3|夜 地 精 锁 甲 长 袍
itm_goblin_reinforced_robe3_pl|夜 地 精 锁 甲 长 袍
itm_goblin_reinforced_robe4|夜 地 精 锁 甲 长 袍
itm_goblin_reinforced_robe4_pl|夜 地 精 锁 甲 长 袍
itm_goblin_reinforced_robe5|夜 地 精 锁 甲 长 袍
itm_goblin_reinforced_robe5_pl|夜 地 精 锁 甲 长 袍
itm_goblin_armoured_robe|夜 地 精 装 甲 长 袍
itm_goblin_armoured_robe_pl|夜 地 精 装 甲 长 袍
itm_goblin_armoured_robe3|夜 地 精 装 甲 长 袍
itm_goblin_armoured_robe3_pl|夜 地 精 装 甲 长 袍
itm_goblin_armoured_robe5|夜 地 精 带 毛 皮 斗 篷 的 装 甲 长 袍
itm_goblin_armoured_robe5_pl|夜 地 精 带 毛 皮 斗 篷 的 装 甲 长 袍
itm_goblin_armoured_robe2|暗 夜 地 精 加 固 重 袍 
itm_goblin_armoured_robe2_pl|暗 夜 地 精 加 固 重 袍 
itm_goblin_armoured_robe4|夜 地 精 重 型 装 甲 长 袍
itm_goblin_armoured_robe4_pl|夜 地 精 重 型 装 甲 长 袍
itm_gob_slave|大 地 精 奴 隶 装 束
itm_gob_slave_pl|大 地 精 奴 隶 装 束
itm_gob_slave2|大 地 精 奴 隶 装 束
itm_gob_slave2_pl|大 地 精 奴 隶 装 束
itm_hobgob_fur_armor|大 地 精 甲 
itm_hobgob_fur_armor_pl|大 地 精 甲 
itm_gob_scale_armor|大 地 精 鳞 甲 
itm_gob_scale_armor_pl|大 地 精 鳞 甲 
itm_gob_scale_armor2|大 地 精 鳞 甲 
itm_gob_scale_armor2_pl|大 地 精 鳞 甲 
itm_gob_warrior_outfit|大 地 精 战 士 装
itm_gob_warrior_outfit_pl|大 地 精 战 士 装
itm_gob_warrior_outfit2|大 地 精 战 士 装
itm_gob_warrior_outfit2_pl|大 地 精 战 士 装
itm_gob_warrior_outfit3|大 地 精 战 士 装
itm_gob_warrior_outfit3_pl|大 地 精 战 士 装
itm_nomad_cap_gob|大 地 精 帽
itm_nomad_cap_gob_pl|大 地 精 帽
itm_nomad_cap_gob_fake|大 地 精 帽
itm_nomad_cap_gob_fake_pl|大 地 精 帽
itm_nomad_cap_gob2|大 地 精 帽
itm_nomad_cap_gob2_pl|大 地 精 帽
itm_nomad_cap_gob_fake2|大 地 精 帽
itm_nomad_cap_gob_fake2_pl|大 地 精 帽
itm_nomad_cap_gob3|大 地 精 帽
itm_nomad_cap_gob3_pl|大 地 精 帽
itm_nomad_cap_gob_fake3|大 地 精 帽
itm_nomad_cap_gob_fake3_pl|大 地 精 帽
itm_nomad_cap_gob4|大 地 精 帽
itm_nomad_cap_gob4_pl|大 地 精 帽
itm_nomad_cap_gob_fake4|大 地 精 帽
itm_nomad_cap_gob_fake4_pl|大 地 精 帽
itm_hobgoblin_hood|大 地 精 头 巾
itm_hobgoblin_hood_pl|大 地 精 头 巾
itm_hobgoblin_hood_fake|大 地 精 头 巾
itm_hobgoblin_hood_fake_pl|大 地 精 头 巾
itm_hobgoblin_hood2|大 地 精 头 巾
itm_hobgoblin_hood2_pl|大 地 精 头 巾
itm_hobgoblin_hood2_fake|大 地 精 头 巾
itm_hobgoblin_hood2_fake_pl|大 地 精 头 巾
itm_hobgoblin_hood3|大 地 精 头 巾
itm_hobgoblin_hood3_pl|大 地 精 头 巾
itm_hobgoblin_hood3_fake|大 地 精 头 巾
itm_hobgoblin_hood3_fake_pl|大 地 精 头 巾
itm_hobgoblin_helm|大 地 精 无 边 帽
itm_hobgoblin_helm_pl|大 地 精 无 边 帽
itm_hobgoblin_helm_fake|大 地 精 无 边 帽
itm_hobgoblin_helm_fake_pl|大 地 精 无 边 帽
itm_hobgoblin_helm2|大 地 精 头 盔
itm_hobgoblin_helm2_pl|大 地 精 头 盔
itm_hobgoblin_helm2_fake|大 地 精 头 盔
itm_hobgoblin_helm2_fake_pl|大 地 精 头 盔
itm_hobgoblin_helm3|大 地 精 头 盔
itm_hobgoblin_helm3_pl|大 地 精 头 盔
itm_hobgoblin_helm3_fake|大 地 精 头 盔
itm_hobgoblin_helm3_fake_pl|大 地 精 头 盔
itm_hobgoblin_hood4|大 地 精 皮 革 衬 里 头 巾
itm_hobgoblin_hood4_pl|大 地 精 皮 革 衬 里 头 巾
itm_hobgoblin_hood4_fake|大 地 精 皮 革 衬 里 头 巾
itm_hobgoblin_hood4_fake_pl|大 地 精 皮 革 衬 里 头 巾
itm_hobgoblin_hood5|大 地 精 皮 革 衬 里 头 巾
itm_hobgoblin_hood5_pl|大 地 精 皮 革 衬 里 头 巾
itm_hobgoblin_hood5_fake|大 地 精 皮 革 衬 里 头 巾
itm_hobgoblin_hood5_fake_pl|大 地 精 皮 革 衬 里 头 巾
itm_hobgoblin_hood6|大 地 精 皮 革 衬 里 头 巾
itm_hobgoblin_hood6_pl|大 地 精 皮 革 衬 里 头 巾
itm_hobgoblin_hood6_fake|大 地 精 皮 革 衬 里 头 巾
itm_hobgoblin_hood6_fake_pl|大 地 精 皮 革 衬 里 头 巾
itm_hobgoblin_helm4|大 地 精 头 盔
itm_hobgoblin_helm4_pl|大 地 精 头 盔
itm_hobgoblin_helm4_fake|大 地 精 头 盔
itm_hobgoblin_helm4_fake_pl|大 地 精 头 盔
itm_hobgoblin_helm5|大 地 精 头 盔
itm_hobgoblin_helm5_pl|大 地 精 头 盔
itm_hobgoblin_helm5_fake|大 地 精 头 盔
itm_hobgoblin_helm5_fake_pl|大 地 精 头 盔
itm_hobgoblin_helm6|大 地 精 头 盔
itm_hobgoblin_helm6_pl|大 地 精 头 盔
itm_hobgoblin_helm6_fake|大 地 精 头 盔
itm_hobgoblin_helm6_fake_pl|大 地 精 头 盔
itm_hobgoblin_hood7|大 地 精 鳞 甲 兜 帽
itm_hobgoblin_hood7_pl|大 地 精 鳞 甲 兜 帽
itm_hobgoblin_hood7_fake|大 地 精 鳞 甲 兜 帽
itm_hobgoblin_hood7_fake_pl|大 地 精 鳞 甲 兜 帽
itm_hobgoblin_hood8|大 地 精 头 巾
itm_hobgoblin_hood8_pl|大 地 精 头 巾
itm_hobgoblin_hood8_fake|大 地 精 头 巾
itm_hobgoblin_hood8_fake_pl|大 地 精 头 巾
itm_hobgoblin_hood9|大 地 精 鳞 甲 兜 帽
itm_hobgoblin_hood9_pl|大 地 精 鳞 甲 兜 帽
itm_hobgoblin_hood9_fake|大 地 精 鳞 甲 兜 帽
itm_hobgoblin_hood9_fake_pl|大 地 精 鳞 甲 兜 帽
itm_hobgoblin_helm7|大 地 精 头 盔
itm_hobgoblin_helm7_pl|大 地 精 头 盔
itm_hobgoblin_helm7_fake|大 地 精 头 盔
itm_hobgoblin_helm7_fake_pl|大 地 精 头 盔
itm_hobgoblin_helm8|大 地 精 头 盔
itm_hobgoblin_helm8_pl|大 地 精 头 盔
itm_hobgoblin_helm8_fake|大 地 精 头 盔
itm_hobgoblin_helm8_fake_pl|大 地 精 头 盔
itm_hobgoblin_helm9|大 地 精 头 盔
itm_hobgoblin_helm9_pl|大 地 精 头 盔
itm_hobgoblin_helm9_fake|大 地 精 头 盔
itm_hobgoblin_helm9_fake_pl|大 地 精 头 盔
itm_hobgoblin_moon|暗 月 头 盔
itm_hobgoblin_moon_pl|暗 月 头 盔
itm_steppe_cap_gob|地 精 勇 士 帽 
itm_steppe_cap_gob_pl|地 精 勇 士 帽 
itm_hobgoblin_gloves2|大 地 精 缠 绕 手 套
itm_hobgoblin_gloves2_pl|大 地 精 缠 绕 手 套
itm_hobgoblin_gloves|大 地 精 手 套 
itm_hobgoblin_gloves_pl|大 地 精 手 套 
itm_hobgoblin_gloves3|大 地 精 手 套
itm_hobgoblin_gloves3_pl|大 地 精 手 套
itm_hobgoblin_gloves4|大 地 精 手 套
itm_hobgoblin_gloves4_pl|大 地 精 手 套
itm_hobgoblin_gloves5|大 地 精 锁 甲 手 套
itm_hobgoblin_gloves5_pl|大 地 精 锁 甲 手 套
itm_hobgoblin_gloves6|大 地 精 鳞 甲 手 套
itm_hobgoblin_gloves6_pl|大 地 精 鳞 甲 手 套
itm_hobgoblin_boots|大 地 精 靴
itm_hobgoblin_boots_pl|大 地 精 靴
itm_hobgoblin_boots2|大 地 精 靴
itm_hobgoblin_boots2_pl|大 地 精 靴
itm_hobgoblin_boots3|大 地 精 靴
itm_hobgoblin_boots3_pl|大 地 精 靴
itm_hobgoblin_boots6|大 地 精 靴
itm_hobgoblin_boots6_pl|大 地 精 靴
itm_hobgoblin_boots4|大 地 精 靴
itm_hobgoblin_boots4_pl|大 地 精 靴
itm_hobgoblin_boots5|大 地 精 靴
itm_hobgoblin_boots5_pl|大 地 精 靴
itm_gob_feathertwo|地 精 羽 饰 
itm_gob_feathertwo_pl|地 精 羽 饰 
itm_goblin_head_full|地 精 羽 饰
itm_goblin_head_full_pl|地 精 羽 饰
itm_gob_featherthree|地 精 羽 饰 
itm_gob_featherthree_pl|地 精 羽 饰 
itm_gob_headdress|地 精 酋 长 头 饰 
itm_gob_headdress_pl|地 精 酋 长 头 饰 
itm_gob_featherss|地 精 羽 饰 
itm_gob_featherss_pl|地 精 羽 饰 
itm_gob_feathertwo_two|地 精 羽 饰 
itm_gob_feathertwo_two_pl|地 精 羽 饰 
itm_gob_featherthree_two|地 精 羽 饰 
itm_gob_featherthree_two_pl|地 精 羽 饰 
itm_gob_headdress_two|地 精 蜘 蛛 盔
itm_gob_headdress_two_pl|地 精 蜘 蛛 盔
itm_gob_headdress2|地 精 骷 髅 头 盔
itm_gob_headdress2_pl|地 精 骷 髅 头 盔
itm_goblin_warpaint_body|地 精 轻 型 骨 甲
itm_goblin_warpaint_body_pl|地 精 轻 型 骨 甲
itm_goblin_warpaint_body_two|地 精 轻 型 骨 甲
itm_goblin_warpaint_body_two_pl|地 精 轻 型 骨 甲
itm_goblin_light|地 精 轻 甲 
itm_goblin_light_pl|地 精 轻 甲 
itm_goblin_armourbone|地 精 骨 甲 
itm_goblin_armourbone_pl|地 精 骨 甲 
itm_goblin_armourbone_two|地 精 中 型 骨 甲 
itm_goblin_armourbone_two_pl|地 精 中 型 骨 甲 
itm_goblin_armourbone_three|地 精 重 型 骨 甲 
itm_goblin_armourbone_three_pl|地 精 重 型 骨 甲 
itm_goblin_armourskull|地 精 蜘 蛛 甲
itm_goblin_armourskull_pl|地 精 蜘 蛛 甲
itm_goblin_armourskull_two|地 精 中 型 颅 骨 甲 
itm_goblin_armourskull_two_pl|地 精 中 型 颅 骨 甲 
itm_goblin_armourskull_three|地 精 重 型 颅 骨 甲 
itm_goblin_armourskull_three_pl|地 精 重 型 颅 骨 甲 
itm_goblin_hunter_boots|地 精 裹 腿
itm_goblin_hunter_boots_pl|地 精 裹 腿
itm_goblin_hide_boots|地 精 裹 腿
itm_goblin_hide_boots_pl|地 精 裹 腿
itm_forest_goblin_gloves|地 精 手 套
itm_forest_goblin_gloves_pl|地 精 手 套
itm_forest_goblin_gloves2|地 精 手 套
itm_forest_goblin_gloves2_pl|地 精 手 套
itm_forest_goblin_gloves3|地 精 手 套
itm_forest_goblin_gloves3_pl|地 精 手 套
itm_forest_goblin_gloves4|地 精 手 套
itm_forest_goblin_gloves4_pl|地 精 手 套
itm_skink_hand_hardened|灵 蜥 手 部 
itm_skink_hand_hardened_pl|灵 蜥 手 部 
itm_skink_calf_hardened|灵 蜥 腿 部 
itm_skink_calf_hardened_pl|灵 蜥 腿 部 
itm_skink_head_0_hardened|灵 蜥 头 部 
itm_skink_head_0_hardened_pl|灵 蜥 头 部 
itm_skink_hand|灵 蜥 手 部 
itm_skink_hand_pl|灵 蜥 手 部 
itm_skink_calf|灵 蜥 腿 部 
itm_skink_calf_pl|灵 蜥 腿 部 
itm_skink_head_0|灵 蜥 头 部 
itm_skink_head_0_pl|灵 蜥 头 部 
itm_skink_shaman_head_base|灵 蜥 萨 满 头 饰
itm_skink_shaman_head_base_pl|灵 蜥 萨 满 头 饰
itm_skink_shaman_head|灵 蜥 萨 满 头 部 
itm_skink_shaman_head_pl|灵 蜥 萨 满 头 部 
itm_skink_shaman_head_hardened|灵 蜥 萨 满 头 部 
itm_skink_shaman_head_hardened_pl|灵 蜥 萨 满 头 部 
itm_skink_hardened_body_green|硬 化 变 色 灵 蜥 身 体
itm_skink_hardened_body_green_pl|硬 化 变 色 灵 蜥 身 体
itm_skink_turtle_body_chameleon|灵 蜥 龟 甲 
itm_skink_turtle_body_chameleon_pl|灵 蜥 龟 甲 
itm_skink_body_green|变 色 灵 蜥 身 体
itm_skink_body_green_pl|变 色 灵 蜥 身 体
itm_skinkgreen_head|变 色 灵 蜥 头 部
itm_skinkgreen_head_pl|变 色 灵 蜥 头 部
itm_skinkgreen_hand|变 色 灵 蜥 手 部
itm_skinkgreen_hand_pl|变 色 灵 蜥 手 部
itm_skinkgreen_calf|变 色 灵 蜥 腿 部
itm_skinkgreen_calf_pl|变 色 灵 蜥 腿 部
itm_skinkgreen_head_hardened|硬 化 变 色 灵 蜥 头 部
itm_skinkgreen_head_hardened_pl|硬 化 变 色 灵 蜥 头 部
itm_skinkgreen_hand_hardened|硬 化 变 色 灵 蜥 手 部
itm_skinkgreen_hand_hardened_pl|硬 化 变 色 灵 蜥 手 部
itm_skinkgreen_calf_hardened|硬 化 变 色 灵 蜥 腿 部
itm_skinkgreen_calf_hardened_pl|硬 化 变 色 灵 蜥 腿 部
itm_skink_body_shaman|灵 蜥 萨 满 身 体 
itm_skink_body_shaman_pl|灵 蜥 萨 满 身 体 
itm_skink_shaman_hand|绿 冠 灵 蜥 萨 满 手 部 
itm_skink_shaman_hand_pl|绿 冠 灵 蜥 萨 满 手 部 
itm_skink_shaman_calf|绿 冠 灵 蜥 萨 满 脚 
itm_skink_shaman_calf_pl|绿 冠 灵 蜥 萨 满 脚 
itm_skink_shaman_hand_hardened|灵 蜥 萨 满 手 部 
itm_skink_shaman_hand_hardened_pl|灵 蜥 萨 满 手 部 
itm_skink_shaman_calf_hardened|灵 蜥 萨 满 脚 
itm_skink_shaman_calf_hardened_pl|灵 蜥 萨 满 脚 
itm_skink_hardened_body_shaman|灵 蜥 萨 满 身 体 
itm_skink_hardened_body_shaman_pl|灵 蜥 萨 满 身 体 
itm_skink_turtle_body_turq|灵 蜥 龟 甲 
itm_skink_turtle_body_turq_pl|灵 蜥 龟 甲 
itm_skink_body_red|红 冠 灵 蜥 身 体 
itm_skink_body_red_pl|红 冠 灵 蜥 身 体 
itm_skinkred_head|红 冠 灵 蜥 头 部 
itm_skinkred_head_pl|红 冠 灵 蜥 头 部 
itm_skinkred_hand|红 冠 灵 蜥 手 部 
itm_skinkred_hand_pl|红 冠 灵 蜥 手 部 
itm_skinkred_calf|红 冠 灵 蜥 腿 部 
itm_skinkred_calf_pl|红 冠 灵 蜥 腿 部 
itm_skink_hardened_body_red|红 冠 灵 蜥 身 体 
itm_skink_hardened_body_red_pl|红 冠 灵 蜥 身 体 
itm_skink_turtle_body_red|红 冠 灵 蜥 龟 甲 
itm_skink_turtle_body_red_pl|红 冠 灵 蜥 龟 甲 
itm_skinkred_head_hardened|红 冠 灵 蜥 头 部 
itm_skinkred_head_hardened_pl|红 冠 灵 蜥 头 部 
itm_skinkred_hand_hardened|红 冠 灵 蜥 手 部 
itm_skinkred_hand_hardened_pl|红 冠 灵 蜥 手 部 
itm_skinkred_calf_hardened|红 冠 灵 蜥 腿 部 
itm_skinkred_calf_hardened_pl|红 冠 灵 蜥 腿 部 
itm_skink_hardened_body|灵 蜥 身 体 
itm_skink_hardened_body_pl|灵 蜥 身 体 
itm_skink_turtle_body|灵 蜥 龟 甲 
itm_skink_turtle_body_pl|灵 蜥 龟 甲 
itm_skink_body|灵 蜥 身 体 
itm_skink_body_pl|灵 蜥 身 体 
itm_pygmies_fur|半 身 人 毛 皮 
itm_pygmies_fur_pl|半 身 人 毛 皮 
itm_nurgling|纳 垢 灵 身 体 
itm_nurgling_pl|纳 垢 灵 身 体 
itm_halfling_feet|半 身 人 腿 部 
itm_halfling_feet_pl|半 身 人 腿 部 
itm_halfling_militia|半 身 人 民 兵 装 
itm_halfling_militia_pl|半 身 人 民 兵 装 
itm_fieldwarden|半 身 人 看 守 装 
itm_fieldwarden_pl|半 身 人 看 守 装 
itm_vigilante_guard|半 身 人 治 安 员 装 
itm_vigilante_guard_pl|半 身 人 治 安 员 装 
itm_pantry_guard|仓 储 守 卫 甲 
itm_pantry_guard_pl|仓 储 守 卫 甲 
itm_chef|厨 师 装 
itm_chef_pl|厨 师 装 
itm_master_chef|大 厨 装 
itm_master_chef_pl|大 厨 装 
itm_halfling_scout|半 身 人 哨 兵 装 
itm_halfling_scout_pl|半 身 人 哨 兵 装 
itm_halfling_tracker|半 身 人 追 踪 者 装 
itm_halfling_tracker_pl|半 身 人 追 踪 者 装 
itm_halfling_ranger|半 身 人 游 侠 甲 
itm_halfling_ranger_pl|半 身 人 游 侠 甲 
itm_hound_rider|猎 犬 骑 手 装 
itm_hound_rider_pl|猎 犬 骑 手 装 
itm_ram_rider|山 羊 骑 兵 装 
itm_ram_rider_pl|山 羊 骑 兵 装 
itm_moot_knight|战 羚 骑 士 甲 
itm_moot_knight_pl|战 羚 骑 士 甲 
itm_halfling_militia_cap|半 身 人 帽 
itm_halfling_militia_cap_pl|半 身 人 帽 
itm_hood_fieldwarden|半 身 人 兜 帽 
itm_hood_fieldwarden_pl|半 身 人 兜 帽 
itm_hat_vigilante|半 身 人 帽 
itm_hat_vigilante_pl|半 身 人 帽 
itm_hat_halfling|半 身 人 帽 
itm_hat_halfling_pl|半 身 人 帽 
itm_scout_hat|追 踪 者 帽 
itm_scout_hat_pl|追 踪 者 帽 
itm_rider_hat|猎 犬 骑 手 帽 
itm_rider_hat_pl|猎 犬 骑 手 帽 
itm_ranger_hat|游 侠 帽 
itm_ranger_hat_pl|游 侠 帽 
itm_chefhat1|厨 师 帽 
itm_chefhat1_pl|厨 师 帽 
itm_chefhat2|大 厨 帽 
itm_chefhat2_pl|大 厨 帽 
itm_pantryguard_panhelm|平 底 锅 盔 
itm_pantryguard_panhelm_pl|平 底 锅 盔 
itm_ram_rider_helmet|山 羊 骑 兵 盔 
itm_ram_rider_helmet_pl|山 羊 骑 兵 盔 
itm_moot_knight_helm|战 羚 骑 士 盔 
itm_moot_knight_helm_pl|战 羚 骑 士 盔 
itm_skaven_head|斯 卡 文 头 部
itm_skaven_head_pl|斯 卡 文 头 部
itm_pilgrim_skaven|斯 卡 文 重 袍 
itm_pilgrim_skaven_pl|斯 卡 文 重 袍 
itm_skaven_fur_coat|斯 卡 文 皮 毛 大 衣 
itm_skaven_fur_coat_pl|斯 卡 文 皮 毛 大 衣 
itm_skaven_studded_leather|斯 卡 文 钉 皮 甲 
itm_skaven_studded_leather_pl|斯 卡 文 钉 皮 甲 
itm_skaven_rawhide_coat|斯 卡 文 牛 皮 大 衣 
itm_skaven_rawhide_coat_pl|斯 卡 文 牛 皮 大 衣 
itm_skaven_warrior_outfit|斯 卡 文 皮 战 衣 
itm_skaven_warrior_outfit_pl|斯 卡 文 皮 战 衣 
itm_skaven_leather_vest|斯 卡 文 皮 背 心 
itm_skaven_leather_vest_pl|斯 卡 文 皮 背 心 
itm_skaven_leather_gloves|斯 卡 文 皮 手 套 
itm_skaven_leather_gloves_pl|斯 卡 文 皮 手 套 
itm_skaven_mail_mittens|斯 卡 文 链 甲 手 套 
itm_skaven_mail_mittens_pl|斯 卡 文 链 甲 手 套 
itm_skaven_gauntlets|斯 卡 文 手 套 
itm_skaven_gauntlets_pl|斯 卡 文 手 套 
itm_skaven_gauntlets2|斯 卡 文 手 套 
itm_skaven_gauntlets2_pl|斯 卡 文 手 套 
itm_skaven_gauntlets3|斯 卡 文 手 套 
itm_skaven_gauntlets3_pl|斯 卡 文 手 套 
itm_skaven_black_gloves|斯 卡 文 黑 皮 手 套 
itm_skaven_black_gloves_pl|斯 卡 文 黑 皮 手 套 
itm_skaven_head2|氏 族 盔 
itm_skaven_head2_pl|氏 族 盔 
itm_skaven_head3|氏 族 盔 
itm_skaven_head3_pl|氏 族 盔 
itm_skaven_head4|氏 族 盔 
itm_skaven_head4_pl|氏 族 盔 
itm_skaven_head5|氏 族 重 盔 
itm_skaven_head5_pl|氏 族 重 盔 
itm_skaven_helm2|斯 卡 文 盔 
itm_skaven_helm2_pl|斯 卡 文 盔 
itm_skaven_helm|斯 卡 文 战 争 领 主 盔 
itm_skaven_helm_pl|斯 卡 文 战 争 领 主 盔 
itm_globadier_helm|毒 气 鼠 盔 
itm_globadier_helm_pl|毒 气 鼠 盔 
itm_skryre_lordhelm|史 库 里 氏 族 战 争 领 主 盔 
itm_skryre_lordhelm_pl|史 库 里 氏 族 战 争 领 主 盔 
itm_queek_helm|摩 斯 氏 族 盔 
itm_queek_helm_pl|摩 斯 氏 族 盔 
itm_corsair_helm|海 盗 头 盔 
itm_corsair_helm_pl|海 盗 头 盔 
itm_corsair_helm2|海 盗 头 盔 
itm_corsair_helm2_pl|海 盗 头 盔 
itm_skaven_gold_helm|黄 金 头 盔 
itm_skaven_gold_helm_pl|黄 金 头 盔 
itm_throt_lordarmour|斯 洛 特 战 争 领 主 甲 
itm_throt_lordarmour_pl|斯 洛 特 战 争 领 主 甲 
itm_thanquol|川 魁 罗 邪 恶 长 袍 
itm_thanquol_pl|川 魁 罗 邪 恶 长 袍 
itm_skaven_lordqueek|猎 头 者 奎 克 甲 
itm_skaven_lordqueek_pl|猎 头 者 奎 克 甲 
itm_greyseer_head|灰 先 知 头 部 
itm_greyseer_head_pl|灰 先 知 头 部 
itm_greyseer_head2|灰 先 知 头 部 
itm_greyseer_head2_pl|灰 先 知 头 部 
itm_greyseer_head3|灰 先 知 头 部 
itm_greyseer_head3_pl|灰 先 知 头 部 
itm_skrolk|司 库 克 头 
itm_skrolk_pl|司 库 克 头 
itm_greyseer|灰 先 知 邪 恶 长 袍 
itm_greyseer_pl|灰 先 知 邪 恶 长 袍 
itm_skaven_lordarmour|斯 卡 文 战 争 领 主 甲 
itm_skaven_lordarmour_pl|斯 卡 文 战 争 领 主 甲
itm_skaven_lordarmour2|斯 卡 文 战 争 领 主 甲 
itm_skaven_lordarmour2_pl|斯 卡 文 战 争 领 主 甲 
itm_skrolk_lordarmour|佩 斯 提 伦 氏 族 战 争 领 主 甲 
itm_skrolk_lordarmour_pl|佩 斯 提 伦 氏 族 战 争 领 主 甲 
itm_skryre_lordarmour|史 库 里 氏 族 战 争 领 主 甲 
itm_skryre_lordarmour_pl|史 库 里 氏 族 战 争 领 主 甲 
itm_mors_lordarmour|摩 斯 氏 族 战 争 领 主 甲 
itm_mors_lordarmour_pl|摩 斯 氏 族 战 争 领 主 甲 
itm_morbidus_lordarmour|莫 比 达 斯 氏 族 战 争 领 主 甲 
itm_morbidus_lordarmour_pl|莫 比 达 斯 氏 族 战 争 领 主 甲 
itm_skaven_outfit|斯 卡 文 皮 甲 
itm_skaven_outfit_pl|斯 卡 文 皮 甲 
itm_skaven_outfit2|斯 卡 文 皮 甲 
itm_skaven_outfit2_pl|斯 卡 文 皮 甲 
itm_skaven_armour|氏 族 甲 
itm_skaven_armour_pl|氏 族 甲 
itm_skaven_armour2|氏 族 重 甲 
itm_skaven_armour2_pl|氏 族 重 甲 
itm_skaven_armour3|氏 族 重 甲 
itm_skaven_armour3_pl|氏 族 重 甲 
itm_skaven_armour4|氏 族 重 甲 
itm_skaven_armour4_pl|氏 族 重 甲 
itm_skaven_armour5|氏 族 重 甲 
itm_skaven_armour5_pl|氏 族 重 甲 
itm_storm_armour|斯 卡 文 重 甲 
itm_storm_armour_pl|斯 卡 文 重 甲 
itm_storm_heavyarmour|风 暴 魔 鼠 甲 
itm_storm_heavyarmour_pl|风 暴 魔 鼠 甲 
itm_warpstone_armour|次 元 石 甲 
itm_warpstone_armour_pl|次 元 石 甲 
itm_skaven_warlock|斯 卡 文 毁 灭 术 士 长 袍 
itm_skaven_warlock_pl|斯 卡 文 毁 灭 术 士 长 袍 
itm_skaven_warlock2|斯 卡 文 瘟 疫 术 士 长 袍 
itm_skaven_warlock2_pl|斯 卡 文 瘟 疫 术 士 长 袍 
itm_skaven_warlock3|斯 卡 文 毁 灭 术 士 长 袍 
itm_skaven_warlock3_pl|斯 卡 文 毁 灭 术 士 长 袍 
itm_skaven_warlock4|斯 卡 文 瘟 疫 术 士 长 袍 
itm_skaven_warlock4_pl|斯 卡 文 瘟 疫 术 士 长 袍 
itm_warlock_hood|瘟 疫 术 士 兜 帽 
itm_warlock_hood_pl|瘟 疫 术 士 兜 帽 
itm_warlock_hood2|瘟 疫 术 士 兜 帽 
itm_warlock_hood2_pl|瘟 疫 术 士 兜 帽 
itm_warlock_hood3|毁 灭 术 士 兜 帽 
itm_warlock_hood3_pl|毁 灭 术 士 兜 帽 
itm_warlock_hood4|瘟 疫 术 士 兜 帽 
itm_warlock_hood4_pl|瘟 疫 术 士 兜 帽 
itm_skaven_corsair_light_armour|海 盗 轻 甲 
itm_skaven_corsair_light_armour_pl|海 盗 轻 甲 
itm_skaven_corsair_light_armour_2|海 盗 加 固 轻 甲 
itm_skaven_corsair_light_armour_2_pl|海 盗 加 固 轻 甲 
itm_skaven_corsair_armour|海 盗 甲 
itm_skaven_corsair_armour_pl|海 盗 甲 
itm_skaven_corsair_armour_2|海 盗 甲 
itm_skaven_corsair_armour_2_pl|海 盗 甲 
itm_skaven_corsair_armour_3|海 盗 甲 
itm_skaven_corsair_armour_3_pl|海 盗 甲 
itm_skaven_corsair_armour_4|海 盗 甲 
itm_skaven_corsair_armour_4_pl|海 盗 甲 
itm_skaven_corsair_armour_5|海 盗 甲 
itm_skaven_corsair_armour_5_pl|海 盗 甲 
itm_plague_hood|瘟 疫 兜 帽 
itm_plague_hood_pl|瘟 疫 兜 帽 
itm_plague_hood2|瘟 疫 祭 司 兜 帽 
itm_plague_hood2_pl|瘟 疫 祭 司 兜 帽 
itm_plague_outfit|瘟 疫 长 袍 
itm_plague_outfit_pl|瘟 疫 长 袍 
itm_plague_robe|瘟 疫 祭 司 长 袍 
itm_plague_robe_pl|瘟 疫 祭 司 长 袍 
itm_rabble_outfit|奴 隶 服 
itm_rabble_outfit_pl|奴 隶 服 
itm_nightrunner_outfit|夜 袭 装 
itm_nightrunner_outfit_pl|夜 袭 装 
itm_gutter_outfit|暗 沟 奔 袭 装 
itm_gutter_outfit_pl|暗 沟 奔 袭 装 
itm_skavdeath_outfit|死 亡 装 
itm_skavdeath_outfit_pl|死 亡 装 
itm_ratassasin_outfit|刺 客 装 
itm_ratassasin_outfit_pl|刺 客 装 
itm_nightrunner_hood|夜 袭 兜 帽 
itm_nightrunner_hood_pl|夜 袭 兜 帽 
itm_gutter_hood|暗 沟 奔 袭 兜 帽 
itm_gutter_hood_pl|暗 沟 奔 袭 兜 帽 
itm_skavdeath_hood|死 亡 兜 帽 
itm_skavdeath_hood_pl|死 亡 兜 帽 
itm_skavass_hood|刺 客 兜 帽 
itm_skavass_hood_pl|刺 客 兜 帽 
itm_skryre_shirt|斯 卡 文 长 袍 
itm_skryre_shirt_pl|斯 卡 文 长 袍 
itm_skryre_outfit|史 库 里 氏 族 装 
itm_skryre_outfit_pl|史 库 里 氏 族 装 
itm_skryre_armour|史 库 里 氏 族 甲 
itm_skryre_armour_pl|史 库 里 氏 族 甲 
itm_globadier_armour|毒 气 鼠 甲 
itm_globadier_armour_pl|毒 气 鼠 甲 
itm_warlock_armour|史 库 里 氏 族 术 士 甲 
itm_warlock_armour_pl|史 库 里 氏 族 术 士 甲 
itm_skryre_hood|史 库 里 氏 族 兜 帽 
itm_skryre_hood_pl|史 库 里 氏 族 兜 帽 
itm_skryre_hood2|史 库 里 氏 族 兜 帽 
itm_skryre_hood2_pl|史 库 里 氏 族 兜 帽 
itm_skryre_head1|史 库 里 氏 族 盔 
itm_skryre_head1_pl|史 库 里 氏 族 盔 
itm_skryre_head3|鼠 特 林 机 枪 手 盔
itm_skryre_head3_pl|鼠 特 林 机 枪 手 盔
itm_skryre_head4|鼠 特 林 机 枪 手 盔
itm_skryre_head4_pl|鼠 特 林 机 枪 手 盔
itm_skryre_head2|史 库 里 氏 族 术 士 盔 
itm_skryre_head2_pl|史 库 里 氏 族 术 士 盔 
itm_tenebrous|暗 影 斗 篷
itm_tenebrous_pl|暗 影 斗 篷
itm_rat_ankle|斯 卡 文 布 鞋 
itm_rat_ankle_pl|斯 卡 文 布 鞋 
itm_rat_legs|斯 卡 文 绑 腿 
itm_rat_legs_pl|斯 卡 文 绑 腿 
itm_rat_greaves|斯 卡 文 护 胫 
itm_rat_greaves_pl|斯 卡 文 护 胫 
itm_rat_greaves2|斯 卡 文 护 胫 
itm_rat_greaves2_pl|斯 卡 文 护 胫 
itm_rat_greaves3|斯 卡 文 护 胫 
itm_rat_greaves3_pl|斯 卡 文 护 胫 
itm_rat_heavy_greaves|斯 卡 文 重 护 胫 
itm_rat_heavy_greaves_pl|斯 卡 文 重 护 胫 
itm_rat_mould|腐 霉 氏 族 长 袍 
itm_rat_mould_pl|腐 霉 氏 族 长 袍 
itm_moulder_body|腐 霉 氏 族 甲 
itm_moulder_body_pl|腐 霉 氏 族 甲 
itm_moulder_armoured_body|腐 霉 氏 族 甲 
itm_moulder_armoured_body_pl|腐 霉 氏 族 甲 
itm_gor_rok_axe|哥 罗 克 斧 
itm_gor_rok_axe_pl|哥 罗 克 斧 
itm_ancient_kroxigor_axe|远 古 巨 蜥 斧 
itm_ancient_kroxigor_axe_pl|远 古 巨 蜥 斧 
itm_nakai_axe|纳 卡 伊 斧 
itm_nakai_axe_pl|纳 卡 伊 斧 
itm_saurus_blade|蜥 人 刀 
itm_saurus_blade_pl|蜥 人 刀 
itm_saurus_heavyblade|蜥 人 重 刀 
itm_saurus_heavyblade_pl|蜥 人 重 刀 
itm_saurus_cavblade|速 龙 骑 兵 刀 
itm_saurus_cavblade_pl|速 龙 骑 兵 刀 
itm_saurus_poleaxe|蜥 人 战 斧 
itm_saurus_poleaxe_pl|蜥 人 战 斧 
itm_saurus_spear|蜥 人 长 矛 
itm_saurus_spear_pl|蜥 人 长 矛 
itm_saurus_lance|蜥 人 枪 
itm_saurus_lance_pl|蜥 人 枪 
itm_saurus_axe|蜥 人 斧 
itm_saurus_axe_pl|蜥 人 斧 
itm_saurus_mace|蜥 人 狼 牙 棒 
itm_saurus_mace_pl|蜥 人 狼 牙 棒 
itm_saurus_staff|蜥 人 星 辰 法 杖
itm_saurus_staff_pl|蜥 人 星 辰 法 杖
itm_sauruslord_axe|蜥 人 首 领 斧 
itm_sauruslord_axe_pl|蜥 人 首 领 斧 
itm_skink_lance|灵 蜥 枪 
itm_skink_lance_pl|灵 蜥 枪 
itm_skink_howdah_pike|灵 蜥 长 矛 
itm_skink_howdah_pike_pl|灵 蜥 长 矛 
itm_skink_chief_lance|灵 蜥 首 领 长 矛 
itm_skink_chief_lance_pl|灵 蜥 首 领 长 矛 
itm_skink_poleaxe|灵 蜥 长 柄 斧 
itm_skink_poleaxe_pl|灵 蜥 长 柄 斧 
itm_saurus_javelinspear|灵 蜥 矛 
itm_saurus_javelinspear_pl|灵 蜥 矛 
itm_saurus_club|灵 蜥 刀
itm_saurus_club_pl|灵 蜥 刀
itm_skink_blade|灵 蜥 刀
itm_skink_blade_pl|灵 蜥 刀
itm_kroxigor_axe|巨 蜥 战 斧 
itm_kroxigor_axe_pl|巨 蜥 战 斧 
itm_tombsword|墓 园 骑 士 剑 
itm_tombsword_pl|墓 园 骑 士 剑 
itm_tombsword2|古 墓 剑 
itm_tombsword2_pl|古 墓 剑 
itm_tombsword3|古 墓 剑 
itm_tombsword3_pl|古 墓 剑 
itm_tomb_cleaver|古 墓 砍 刀 
itm_tomb_cleaver_pl|古 墓 砍 刀 
itm_tomb_shortsword|古 墓 短 剑 
itm_tomb_shortsword_pl|古 墓 短 剑 
itm_tomb_lance|古 墓 枪 
itm_tomb_lance_pl|古 墓 枪 
itm_necrosword|古 墓 剑 
itm_necrosword_pl|古 墓 剑 
itm_tombsword4|古 墓 剑 
itm_tombsword4_pl|古 墓 剑 
itm_tombsword5|古 墓 剑 
itm_tombsword5_pl|古 墓 剑 
itm_tomb_axe|古 墓 斧 
itm_tomb_axe_pl|古 墓 斧 
itm_tombaxe2|乌 沙 比 特 斧 
itm_tombaxe2_pl|乌 沙 比 特 斧 
itm_tomb_axe3|古 墓 单 手 斧 
itm_tomb_axe3_pl|古 墓 单 手 斧 
itm_tomb_axe4|木 乃 伊 王 斧 
itm_tomb_axe4_pl|木 乃 伊 王 斧 
itm_tomb_halberd|古 墓 戟 
itm_tomb_halberd_pl|古 墓 戟 
itm_tomb_spear|古 墓 长 矛 
itm_tomb_spear_pl|古 墓 长 矛 
itm_tomb_spear2|古 墓 长 矛 
itm_tomb_spear2_pl|古 墓 长 矛 
itm_tomb_spear3|古 墓 长 矛 
itm_tomb_spear3_pl|古 墓 长 矛 
itm_house_axe|西 尔 凡 尼 亚 战 斧 
itm_house_axe_pl|西 尔 凡 尼 亚 战 斧 
itm_house_axe2|西 尔 凡 尼 亚 战 斧 
itm_house_axe2_pl|西 尔 凡 尼 亚 战 斧 
itm_house_dagger|西 尔 凡 尼 亚 匕 首 
itm_house_dagger_pl|西 尔 凡 尼 亚 匕 首 
itm_mortis_light_crossbow|西 尔 凡 尼 亚 轻 弩 
itm_mortis_light_crossbow_pl|西 尔 凡 尼 亚 轻 弩 
itm_mortis_light_crossbow2|西 尔 凡 尼 亚 弩
itm_mortis_light_crossbow2_pl|西 尔 凡 尼 亚 弩
itm_mortis_crossbow|西 尔 凡 尼 亚 巨 弩 
itm_mortis_crossbow_pl|西 尔 凡 尼 亚 巨 弩 
itm_ghost_clawattack|幽 灵 利 爪 
itm_ghost_clawattack_pl|幽 灵 利 爪 
itm_banshee_clawattack|女 妖 利 爪 
itm_banshee_clawattack_pl|女 妖 利 爪 
itm_krell_axe|居 尔 斧 
itm_krell_axe_pl|居 尔 斧 
itm_vc_lance|墓 穴 骑 枪 
itm_vc_lance_pl|墓 穴 骑 枪 
itm_vc_lance2|墓 穴 骑 枪 
itm_vc_lance2_pl|墓 穴 骑 枪 
itm_vc_lance3|墓 穴 骑 枪 
itm_vc_lance3_pl|墓 穴 骑 枪 
itm_skeleton_hammer|骷 髅 锤 
itm_skeleton_hammer_pl|骷 髅 锤 
itm_vc_sledgehammer7|墓 穴 巨 锤 
itm_vc_sledgehammer7_pl|墓 穴 巨 锤 
itm_vc_sledgehammer2|墓 穴 双 手 锤 
itm_vc_sledgehammer2_pl|墓 穴 双 手 锤 
itm_vc_sledgehammer3|墓 穴 双 手 锤 
itm_vc_sledgehammer3_pl|墓 穴 双 手 锤 
itm_vc_sledgehammer4|墓 穴 巨 锤 
itm_vc_sledgehammer4_pl|墓 穴 巨 锤 
itm_vc_sledgehammer5|墓 穴 双 手 锤 
itm_vc_sledgehammer5_pl|墓 穴 双 手 锤 
itm_vc_sledgehammer6|墓 穴 双 手 锤 
itm_vc_sledgehammer6_pl|墓 穴 双 手 锤 
itm_vc_pitch_fork|墓 穴 草 叉
itm_vc_pitch_fork_pl|墓 穴 草 叉
itm_vc_spear|墓 穴 长 枪 
itm_vc_spear_pl|墓 穴 长 枪 
itm_vc_spear2|墓 穴 长 枪 
itm_vc_spear2_pl|墓 穴 长 枪 
itm_vc_spear3|墓 穴 长 枪 
itm_vc_spear3_pl|墓 穴 长 枪 
itm_vc_halberd|墓 穴 长 戟 
itm_vc_halberd_pl|墓 穴 长 戟 
itm_vc_halberd2|墓 穴 长 戟 
itm_vc_halberd2_pl|墓 穴 长 戟 
itm_vc_halberd3|墓 穴 长 戟 
itm_vc_halberd3_pl|墓 穴 长 戟 
itm_crypt_scythe|墓 穴 镰 刀 
itm_crypt_scythe_pl|墓 穴 镰 刀 
itm_reaper_scythe|收 割 者 镰 刀 
itm_reaper_scythe_pl|收 割 者 镰 刀 
itm_reaper_scythe2|收 割 者 镰 刀 
itm_reaper_scythe2_pl|收 割 者 镰 刀 
itm_reaper_scythe3|收 割 者 镰 刀 
itm_reaper_scythe3_pl|收 割 者 镰 刀 
itm_vc_sword_of_war|墓 穴 巨 剑 
itm_vc_sword_of_war_pl|墓 穴 巨 剑 
itm_vc_sword_of_war2|墓 穴 巨 剑 
itm_vc_sword_of_war2_pl|墓 穴 巨 剑 
itm_vc_sword_of_war3|破 损 的 墓 穴 巨 剑
itm_vc_sword_of_war3_pl|破 损 的 墓 穴 巨 剑
itm_vc_sword_of_war4|墓 穴 双 手 军 刀 
itm_vc_sword_of_war4_pl|墓 穴 双 手 军 刀 
itm_vc_sword_of_war5|墓 穴 巨 剑 
itm_vc_sword_of_war5_pl|墓 穴 巨 剑 
itm_vc_sword_of_war6|墓 穴 巨 剑 
itm_vc_sword_of_war6_pl|墓 穴 巨 剑 
itm_vc_sword_of_war7|墓 穴 双 手 军 刀 
itm_vc_sword_of_war7_pl|墓 穴 双 手 军 刀 
itm_vc_sword_of_war8|墓 穴 双 手 军 刀 
itm_vc_sword_of_war8_pl|墓 穴 双 手 军 刀 
itm_vc_sword_of_war9|墓 穴 双 手 军 刀 
itm_vc_sword_of_war9_pl|墓 穴 双 手 军 刀 
itm_skeleton_fighting_axe|锈 蚀 斧
itm_skeleton_fighting_axe_pl|锈 蚀 斧
itm_vc_long_axe|骷 髅 长 斧 
itm_vc_long_axe_pl|骷 髅 长 斧 
itm_vc_long_axe2|骷 髅 长 斧 
itm_vc_long_axe2_pl|骷 髅 长 斧 
itm_vc_long_axe3|骷 髅 长 斧 
itm_vc_long_axe3_pl|骷 髅 长 斧 
itm_vc_long_axe4|骷 髅 长 斧 
itm_vc_long_axe4_pl|骷 髅 长 斧 
itm_vc_long_axe5|骷 髅 长 斧 
itm_vc_long_axe5_pl|骷 髅 长 斧 
itm_vc_long_axe6|骷 髅 长 斧 
itm_vc_long_axe6_pl|骷 髅 长 斧 
itm_skeleton_sword2|骷 髅 骑 兵 剑 
itm_skeleton_sword2_pl|骷 髅 骑 兵 剑 
itm_skeleton_sword3|骷 髅 精 英 骑 士 剑 
itm_skeleton_sword3_pl|骷 髅 精 英 骑 士 剑 
itm_skeleton_sword|骷 髅 剑 
itm_skeleton_sword_pl|骷 髅 剑 
itm_skeleton_sword4|墓 穴 骑 士 剑 
itm_skeleton_sword4_pl|墓 穴 骑 士 剑 
itm_skeleton_sword5|墓 穴 军 刀 
itm_skeleton_sword5_pl|墓 穴 军 刀 
itm_skeleton_sword6|墓 穴 骑 士 剑 
itm_skeleton_sword6_pl|墓 穴 骑 士 剑 
itm_vampire_sword|吸 血 鬼 剑 
itm_vampire_sword_pl|吸 血 鬼 剑 
itm_vampire_sword4|吸 血 鬼 剑 
itm_vampire_sword4_pl|吸 血 鬼 剑 
itm_vampire_sword5|吸 血 鬼 剑 
itm_vampire_sword5_pl|吸 血 鬼 剑 
itm_vampire_sword6|吸 血 鬼 剑 
itm_vampire_sword6_pl|吸 血 鬼 剑 
itm_vampire_sword7|吸 血 鬼 剑 
itm_vampire_sword7_pl|吸 血 鬼 剑 
itm_vampire_sword8|吸 血 鬼 剑 
itm_vampire_sword8_pl|吸 血 鬼 剑 
itm_vc_knife|受 腐 匕 首 
itm_vc_knife_pl|受 腐 匕 首 
itm_vc_knife2|受 腐 匕 首 
itm_vc_knife2_pl|受 腐 匕 首 
itm_vc_cleaver|受 腐 屠 刀 
itm_vc_cleaver_pl|受 腐 屠 刀 
itm_vc_one_handed_war_axe|受 腐 单 手 斧 
itm_vc_one_handed_war_axe_pl|受 腐 单 手 斧 
itm_vc_one_handed_war_axe2|受 腐 单 手 斧 
itm_vc_one_handed_war_axe2_pl|受 腐 单 手 斧 
itm_vc_cudgel|旧 木 棍 
itm_vc_cudgel_pl|旧 木 棍 
itm_vc_cudgel2|旧 木 棍 
itm_vc_cudgel2_pl|旧 木 棍 
itm_vc_knife3|墓 穴 匕 首
itm_vc_knife3_pl|墓 穴 匕 首
itm_vc_knife4|墓 穴 匕 首
itm_vc_knife4_pl|墓 穴 匕 首
itm_vc_knife5|墓 穴 匕 首
itm_vc_knife5_pl|墓 穴 匕 首
itm_vampire_dagger|吸 血 鬼 匕 首
itm_vampire_dagger_pl|吸 血 鬼 匕 首
itm_vampire_dagger2|吸 血 鬼 匕 首
itm_vampire_dagger2_pl|吸 血 鬼 匕 首
itm_vampire_dagger3|吸 血 鬼 匕 首
itm_vampire_dagger3_pl|吸 血 鬼 匕 首
itm_vampire_dagger4|吸 血 鬼 匕 首
itm_vampire_dagger4_pl|吸 血 鬼 匕 首
itm_vampire_dagger5|吸 血 鬼 匕 首
itm_vampire_dagger5_pl|吸 血 鬼 匕 首
itm_vampire_dagger6|吸 血 鬼 匕 首
itm_vampire_dagger6_pl|吸 血 鬼 匕 首
itm_vc_one_handed_war_axe3|墓 穴 短 斧 
itm_vc_one_handed_war_axe3_pl|墓 穴 短 斧 
itm_vc_one_handed_war_axe4|墓 穴 短 斧 
itm_vc_one_handed_war_axe4_pl|墓 穴 短 斧 
itm_vc_one_handed_war_axe5|墓 穴 短 斧 
itm_vc_one_handed_war_axe5_pl|墓 穴 短 斧 
itm_vc_one_handed_war_axe6|墓 穴 短 斧 
itm_vc_one_handed_war_axe6_pl|墓 穴 短 斧 
itm_vc_one_handed_war_axe7|墓 穴 短 斧 
itm_vc_one_handed_war_axe7_pl|墓 穴 短 斧 
itm_vc_one_handed_war_axe8|墓 穴 短 斧 
itm_vc_one_handed_war_axe8_pl|墓 穴 短 斧 
itm_vampire_axe|吸 血 鬼 斧 
itm_vampire_axe_pl|吸 血 鬼 斧 
itm_vampire_axe2|吸 血 鬼 斧 
itm_vampire_axe2_pl|吸 血 鬼 斧 
itm_vampire_axe3|吸 血 鬼 斧 
itm_vampire_axe3_pl|吸 血 鬼 斧 
itm_vampire_axe4|吸 血 鬼 斧 
itm_vampire_axe4_pl|吸 血 鬼 斧 
itm_vampire_axe5|吸 血 鬼 斧 
itm_vampire_axe5_pl|吸 血 鬼 斧 
itm_vampire_axe6|吸 血 鬼 斧 
itm_vampire_axe6_pl|吸 血 鬼 斧 
itm_vampire_bardiche|吸 血 鬼 巨 斧 
itm_vampire_bardiche_pl|吸 血 鬼 巨 斧 
itm_vampire_bardiche2|吸 血 鬼 巨 斧 
itm_vampire_bardiche2_pl|吸 血 鬼 巨 斧 
itm_vampire_bardiche3|吸 血 鬼 巨 斧 
itm_vampire_bardiche3_pl|吸 血 鬼 巨 斧 
itm_vampire_bardiche_dg|深 海 巨 斧 
itm_vampire_bardiche_dg_pl|深 海 巨 斧 
itm_vampire_bardiche2_dg|深 海 巨 斧 
itm_vampire_bardiche2_dg_pl|深 海 巨 斧 
itm_vampire_bardiche3_dg|深 海 巨 斧 
itm_vampire_bardiche3_dg_pl|深 海 巨 斧 
itm_vampire_dg_dual_axes|深 海 双 持 斧 
itm_vampire_dg_dual_axes_pl|深 海 双 持 斧 
itm_vampire_dg_dual_axes_lefthand|深 海 左 手 斧 
itm_vampire_dg_dual_axes_lefthand_pl|深 海 左 手 斧 
itm_vc_cudgel3|骷 髅 锤 
itm_vc_cudgel3_pl|骷 髅 锤 
itm_vc_cudgel4|骷 髅 锤 
itm_vc_cudgel4_pl|骷 髅 锤 
itm_vc_cudgel8|骷 髅 锤 
itm_vc_cudgel8_pl|骷 髅 锤 
itm_vc_cudgel5|骷 髅 锤 
itm_vc_cudgel5_pl|骷 髅 锤 
itm_vc_cudgel6|骷 髅 锤 
itm_vc_cudgel6_pl|骷 髅 锤 
itm_vc_cudgel7|骷 髅 锤 
itm_vc_cudgel7_pl|骷 髅 锤 
itm_vampire_mace|吸 血 鬼 锤 
itm_vampire_mace_pl|吸 血 鬼 锤 
itm_vampire_mace2|吸 血 鬼 尖 头 锤 
itm_vampire_mace2_pl|吸 血 鬼 尖 头 锤 
itm_vampire_mace3|吸 血 鬼 锤 
itm_vampire_mace3_pl|吸 血 鬼 锤 
itm_vampire_mace4|吸 血 鬼 锤 
itm_vampire_mace4_pl|吸 血 鬼 锤 
itm_vampire_mace5|吸 血 鬼 尖 头 锤 
itm_vampire_mace5_pl|吸 血 鬼 尖 头 锤 
itm_vampire_mace6|吸 血 鬼 锤 
itm_vampire_mace6_pl|吸 血 鬼 锤 
itm_crypt_axe|摄 魂 斧 
itm_crypt_axe_pl|摄 魂 斧 
itm_dw_pickaxe|鹤 嘴 锄 
itm_dw_pickaxe_pl|鹤 嘴 锄 
itm_dwarf_axe|矮 人 斧 
itm_dwarf_axe_pl|矮 人 斧 
itm_dwarf_hand_axe|矮 人 单 手 斧 
itm_dwarf_hand_axe_pl|矮 人 单 手 斧 
itm_dwarf_fighting_axe|矮 人 战 斗 斧 
itm_dwarf_fighting_axe_pl|矮 人 战 斗 斧 
itm_dwarf_fighting_axes|矮 人 双 持 斧
itm_dwarf_fighting_axes_pl|矮 人 双 持 斧
itm_dwarf_fighting_axes_lefthand|矮 人 左 手 斧 
itm_dwarf_fighting_axes_lefthand_pl|矮 人 左 手 斧 
itm_dwarf_axe2|矮 人 战 斗 斧 
itm_dwarf_axe2_pl|矮 人 战 斗 斧 
itm_dwarf_battle_axe|矮 人 战 斧 
itm_dwarf_battle_axe_pl|矮 人 战 斧 
itm_dwarf_runic_axe|矮 人 符 文 斧 
itm_dwarf_runic_axe_pl|矮 人 符 文 斧 
itm_dwarf_iron_axe|矮 人 迅 捷 符 文 斧
itm_dwarf_iron_axe_pl|矮 人 迅 捷 符 文 斧
itm_dwarf_lordrunic_axe|矮 人 首 领 符 文 斧 
itm_dwarf_lordrunic_axe_pl|矮 人 首 领 符 文 斧 
itm_dwarf_one_handed_hammer|矮 人 单 手 锤 
itm_dwarf_one_handed_hammer_pl|矮 人 单 手 锤 
itm_dwarf_one_handed_hammer2|矮 人 单 手 锤 
itm_dwarf_one_handed_hammer2_pl|矮 人 单 手 锤 
itm_dwarf_engineer_hammer|矮 人 工 程 师 锤 
itm_dwarf_engineer_hammer_pl|矮 人 工 程 师 锤 
itm_dwarf_warhammer|矮 人 战 锤 
itm_dwarf_warhammer_pl|矮 人 战 锤 
itm_dwarf_warhammer2|矮 人 战 锤 
itm_dwarf_warhammer2_pl|矮 人 战 锤 
itm_dwarf_spanner|矮 人 扳 手
itm_dwarf_spanner_pl|矮 人 扳 手
itm_dwarf_long_axe|矮 人 双 手 斧 
itm_dwarf_long_axe_pl|矮 人 双 手 斧 
itm_two_handed_runic_axe|矮 人 双 手 符 文 斧 
itm_two_handed_runic_axe_pl|矮 人 双 手 符 文 斧 
itm_slayer_axe|矮 人 屠 夫 斧 
itm_slayer_axe_pl|矮 人 屠 夫 斧 
itm_slayer_great_axe|屠 夫 巨 斧
itm_slayer_great_axe_pl|屠 夫 巨 斧
itm_dwarf_lord_great_axe|矮 人 领 主 巨 斧 
itm_dwarf_lord_great_axe_pl|矮 人 领 主 巨 斧 
itm_rune_priest_warhammer|矮 人 符 文 战 锤 
itm_rune_priest_warhammer_pl|矮 人 符 文 战 锤 
itm_dwarf_rune_warhammer|矮 人 符 文 战 锤 
itm_dwarf_rune_warhammer_pl|矮 人 符 文 战 锤 
itm_dwarf_rune_warhammer2|矮 人 符 文 战 锤 
itm_dwarf_rune_warhammer2_pl|矮 人 符 文 战 锤 
itm_dwarf_rune_warhammer3|矮 人 符 文 战 锤 
itm_dwarf_rune_warhammer3_pl|矮 人 符 文 战 锤 
itm_dwarf_rune_axe|矮 人 符 文 斧 
itm_dwarf_rune_axe_pl|矮 人 符 文 斧 
itm_dwarf_rune_axe2|矮 人 符 文 斧 
itm_dwarf_rune_axe2_pl|矮 人 符 文 斧 
itm_dwarf_rune_axe3|矮 人 符 文 斧 
itm_dwarf_rune_axe3_pl|矮 人 符 文 斧 
itm_dwarf_rune_spanner|矮 人 符 文 扳 手 
itm_dwarf_rune_spanner_pl|矮 人 符 文 扳 手 
itm_dwarf_rune_spanner2|矮 人 符 文 扳 手 
itm_dwarf_rune_spanner2_pl|矮 人 符 文 扳 手 
itm_dwarf_rune_spanner3|矮 人 符 文 扳 手 
itm_dwarf_rune_spanner3_pl|矮 人 符 文 扳 手 
itm_two_handed_runic_axe2|矮 人 双 手 符 文 斧 
itm_two_handed_runic_axe2_pl|矮 人 双 手 符 文 斧 
itm_two_handed_runic_axe3|矮 人 双 手 符 文 斧 
itm_two_handed_runic_axe3_pl|矮 人 双 手 符 文 斧 
itm_two_handed_runic_axe4|矮 人 双 手 符 文 斧 
itm_two_handed_runic_axe4_pl|矮 人 双 手 符 文 斧 
itm_dwarf_runic_one_handed_hammer|矮 人 符 文 单 手 锤 
itm_dwarf_runic_one_handed_hammer_pl|矮 人 符 文 单 手 锤 
itm_dwarf_runic_one_handed_hammer2|矮 人 符 文 单 手 锤 
itm_dwarf_runic_one_handed_hammer2_pl|矮 人 符 文 单 手 锤 
itm_dwarf_runic_one_handed_hammer3|矮 人 符 文 单 手 锤 
itm_dwarf_runic_one_handed_hammer3_pl|矮 人 符 文 单 手 锤 
itm_gotrek_runic_axe|高 崔 克 的 符 文 斧 
itm_gotrek_runic_axe_pl|高 崔 克 的 符 文 斧 
itm_axe_of_grimnir|矮 人 龙 斧 
itm_axe_of_grimnir_pl|矮 人 龙 斧 
itm_klad_barak|卡 拉 德 · 巴 拉 克 
itm_klad_barak_pl|卡 拉 德 · 巴 拉 克 
itm_ironhammer_hammer|铁 锤 战 锤
itm_ironhammer_hammer_pl|铁 锤 战 锤
itm_orcclub_1|兽 人 棒 
itm_orcclub_1_pl|兽 人 棒 
itm_orcclub_2|兽 人 锤
itm_orcclub_2_pl|兽 人 锤
itm_orcclub_3|兽 人 锤
itm_orcclub_3_pl|兽 人 锤
itm_orcclub_4|兽 人 锤
itm_orcclub_4_pl|兽 人 锤
itm_orcclub_5|兽 人 锤
itm_orcclub_5_pl|兽 人 锤
itm_orcclub_6|兽 人 钉 头 锤
itm_orcclub_6_pl|兽 人 钉 头 锤
itm_orcclub_7|兽 人 钉 头 锤
itm_orcclub_7_pl|兽 人 钉 头 锤
itm_orcclub_8|兽 人 钉 头 锤
itm_orcclub_8_pl|兽 人 钉 头 锤
itm_orcclub_9|兽 人 图 腾 锤
itm_orcclub_9_pl|兽 人 图 腾 锤
itm_orcclub_10|兽 人 图 腾 锤
itm_orcclub_10_pl|兽 人 图 腾 锤
itm_orcclub_11|兽 人 图 腾 锤
itm_orcclub_11_pl|兽 人 图 腾 锤
itm_orcaxe1|兽 人 斧 
itm_orcaxe1_pl|兽 人 斧 
itm_orcaxe2|兽 人 斧 
itm_orcaxe2_pl|兽 人 斧 
itm_orcaxe3|兽 人 斧 
itm_orcaxe3_pl|兽 人 斧 
itm_orcaxe6|兽 人 斧 
itm_orcaxe6_pl|兽 人 斧 
itm_orcsavaxe|兽 人 图 腾 斧
itm_orcsavaxe_pl|兽 人 图 腾 斧
itm_dual_orcsavaxes|兽 人 双 持 斧
itm_dual_orcsavaxes_pl|兽 人 双 持 斧
itm_dual_orcsavaxes_lefthand|兽 人 左 手 斧
itm_dual_orcsavaxes_lefthand_pl|兽 人 左 手 斧
itm_orcsavaxe2|兽 人 图 腾 斧
itm_orcsavaxe2_pl|兽 人 图 腾 斧
itm_orcsavax32|兽 人 图 腾 斧
itm_orcsavax32_pl|兽 人 图 腾 斧
itm_choppa1|兽 人 砍 刀 
itm_choppa1_pl|兽 人 砍 刀 
itm_choppa2|兽 人 砍 刀 
itm_choppa2_pl|兽 人 砍 刀 
itm_choppa3|兽 人 砍 刀 
itm_choppa3_pl|兽 人 砍 刀 
itm_choppa8|兽 人 砍 刀
itm_choppa8_pl|兽 人 砍 刀
itm_choppa9|兽 人 砍 刀
itm_choppa9_pl|兽 人 砍 刀
itm_choppa10|兽 人 砍 刀
itm_choppa10_pl|兽 人 砍 刀
itm_choppa11|兽 人 大 砍 刀
itm_choppa11_pl|兽 人 大 砍 刀
itm_choppa12|兽 人 大 砍 刀
itm_choppa12_pl|兽 人 大 砍 刀
itm_choppa13|兽 人 大 砍 刀
itm_choppa13_pl|兽 人 大 砍 刀
itm_choppa14|兽 人 大 砍 刀
itm_choppa14_pl|兽 人 大 砍 刀
itm_choppa15|兽 人 大 砍 刀
itm_choppa15_pl|兽 人 大 砍 刀
itm_choppa16|兽 人 大 砍 刀
itm_choppa16_pl|兽 人 大 砍 刀
itm_choppa17|兽 人 图 腾 砍 刀
itm_choppa17_pl|兽 人 图 腾 砍 刀
itm_choppa18|兽 人 图 腾 砍 刀
itm_choppa18_pl|兽 人 图 腾 砍 刀
itm_choppa19|兽 人 图 腾 砍 刀
itm_choppa19_pl|兽 人 图 腾 砍 刀
itm_orcaxe14|兽 人 战 斧 
itm_orcaxe14_pl|兽 人 战 斧 
itm_orcaxe15|兽 人 战 斧 
itm_orcaxe15_pl|兽 人 战 斧 
itm_orcaxe16|兽 人 战 斧 
itm_orcaxe16_pl|兽 人 战 斧 
itm_orcaxe17|兽 人 战 斧 
itm_orcaxe17_pl|兽 人 战 斧 
itm_orcaxe18|兽 人 战 斧 
itm_orcaxe18_pl|兽 人 战 斧 
itm_orcaxe19|兽 人 老 大 战 斧 
itm_orcaxe19_pl|兽 人 老 大 战 斧 
itm_orcaxe20|兽 人 老 大 战 斧 
itm_orcaxe20_pl|兽 人 老 大 战 斧 
itm_sav_bone|骨 棒 
itm_sav_bone_pl|骨 棒 
itm_sav_bone2|骨 棒 
itm_sav_bone2_pl|骨 棒 
itm_sav_bone3|颅 骨 棒 
itm_sav_bone3_pl|颅 骨 棒 
itm_sav_stone_hammer|石 锤 
itm_sav_stone_hammer_pl|石 锤 
itm_morgler|绞 肉 之 斧 
itm_morgler_pl|绞 肉 之 斧 
itm_orcaxe4|兽 人 巨 型 砍 刀 
itm_orcaxe4_pl|兽 人 巨 型 砍 刀 
itm_orc2hand|兽 人 重 型 砍 刀
itm_orc2hand_pl|兽 人 重 型 砍 刀
itm_orcaxe7|兽 人 巨 型 砍 刀
itm_orcaxe7_pl|兽 人 巨 型 砍 刀
itm_orcaxe8|兽 人 巨 型 砍 刀
itm_orcaxe8_pl|兽 人 巨 型 砍 刀
itm_orcaxe9|兽 人 军 阀 大 砍 刀
itm_orcaxe9_pl|兽 人 军 阀 大 砍 刀
itm_orcaxe10|兽 人 军 阀 大 砍 刀
itm_orcaxe10_pl|兽 人 军 阀 大 砍 刀
itm_orc2hand2|兽 人 重 型 砍 刀
itm_orc2hand2_pl|兽 人 重 型 砍 刀
itm_orc2hand3|兽 人 重 型 砍 刀
itm_orc2hand3_pl|兽 人 重 型 砍 刀
itm_orc2hand4|兽 人 重 型 砍 刀
itm_orc2hand4_pl|兽 人 重 型 砍 刀
itm_orc2hand6|兽 人 重 型 砍 刀
itm_orc2hand6_pl|兽 人 重 型 砍 刀
itm_orc2sav|蛮 荒 兽 人 砍 刀
itm_orc2sav_pl|蛮 荒 兽 人 砍 刀
itm_orc2sav2|蛮 荒 兽 人 砍 刀
itm_orc2sav2_pl|蛮 荒 兽 人 砍 刀
itm_orc2sav3|蛮 荒 兽 人 砍 刀
itm_orc2sav3_pl|蛮 荒 兽 人 砍 刀
itm_orchammer|兽 人 巨 锤
itm_orchammer_pl|兽 人 巨 锤
itm_orchammer2|兽 人 巨 锤
itm_orchammer2_pl|兽 人 巨 锤
itm_orchammer2_2|兽 人 巨 锤
itm_orchammer2_2_pl|兽 人 巨 锤
itm_orchammer3|兽 人 军 阀 巨 锤 
itm_orchammer3_pl|兽 人 军 阀 巨 锤 
itm_orchammer4|兽 人 军 阀 巨 锤 
itm_orchammer4_pl|兽 人 军 阀 巨 锤 
itm_orc_spear|兽 人 刺 枪
itm_orc_spear_pl|兽 人 刺 枪
itm_orc_savspear|蛮 荒 兽 人 刺 枪
itm_orc_savspear_pl|蛮 荒 兽 人 刺 枪
itm_orc_savspear2|蛮 荒 兽 人 刺 枪
itm_orc_savspear2_pl|蛮 荒 兽 人 刺 枪
itm_orc_spear2|兽 人 刺 枪
itm_orc_spear2_pl|兽 人 刺 枪
itm_orc_halberd|兽 人 重 型 砍 刀
itm_orc_halberd_pl|兽 人 重 型 砍 刀
itm_orc_halberd2|兽 人 重 型 砍 刀
itm_orc_halberd2_pl|兽 人 重 型 砍 刀
itm_orc_halberd3|兽 人 重 型 砍 刀
itm_orc_halberd3_pl|兽 人 重 型 砍 刀
itm_orc_halberd4|兽 人 重 型 砍 刀
itm_orc_halberd4_pl|兽 人 重 型 砍 刀
itm_orc_halberd5|兽 人 重 型 砍 刀
itm_orc_halberd5_pl|兽 人 重 型 砍 刀
itm_orc_halberd6|兽 人 野 猪 刺 枪
itm_orc_halberd6_pl|兽 人 野 猪 刺 枪
itm_orc_halberd7|兽 人 重 型 砍 刀
itm_orc_halberd7_pl|兽 人 重 型 砍 刀
itm_orc_lance|兽 人 重 型 野 猪 刺 枪
itm_orc_lance_pl|兽 人 重 型 野 猪 刺 枪
itm_grom_axe|格 罗 姆 之 斧
itm_grom_axe_pl|格 罗 姆 之 斧
itm_goblin_choppa|地 精 酋 长 砍 刀 
itm_goblin_choppa_pl|地 精 酋 长 砍 刀 
itm_goblin_choppa2|地 精 砍 刀
itm_goblin_choppa2_pl|地 精 砍 刀
itm_goblin_choppa5|地 精 砍 刀
itm_goblin_choppa5_pl|地 精 砍 刀
itm_goblin_choppa8|大 地 精 砍 刀
itm_goblin_choppa8_pl|大 地 精 砍 刀
itm_goblin_choppa9|大 地 精 砍 刀
itm_goblin_choppa9_pl|大 地 精 砍 刀
itm_goblin_choppa10|大 地 精 重 型 砍 刀
itm_goblin_choppa10_pl|大 地 精 重 型 砍 刀
itm_goblin_choppa3|地 精 砍 刀
itm_goblin_choppa3_pl|地 精 砍 刀
itm_goblin_choppa6|地 精 砍 刀
itm_goblin_choppa6_pl|地 精 砍 刀
itm_goblin_choppa4|地 精 砍 刀
itm_goblin_choppa4_pl|地 精 砍 刀
itm_goblin_choppa7|地 精 砍 刀
itm_goblin_choppa7_pl|地 精 砍 刀
itm_goblin_axe|地 精 砍 斧
itm_goblin_axe_pl|地 精 砍 斧
itm_hobgoblin_axe|大 地 精 砍 斧
itm_hobgoblin_axe_pl|大 地 精 砍 斧
itm_hobgoblin_axe2|大 地 精 砍 斧
itm_hobgoblin_axe2_pl|大 地 精 砍 斧
itm_hobgoblin_axe3|大 地 精 砍 斧
itm_hobgoblin_axe3_pl|大 地 精 砍 斧
itm_goblin_axe2|地 精 砍 斧
itm_goblin_axe2_pl|地 精 砍 斧
itm_goblin_axe3|地 精 砍 斧
itm_goblin_axe3_pl|地 精 砍 斧
itm_goblin_sickle|地 精 镰 刀
itm_goblin_sickle_pl|地 精 镰 刀
itm_goblin_sickle2|地 精 镰 刀
itm_goblin_sickle2_pl|地 精 镰 刀
itm_goblin_sickle3|地 精 镰 刀
itm_goblin_sickle3_pl|地 精 镰 刀
itm_goblin_club|地 精 砸 棒
itm_goblin_club_pl|地 精 砸 棒
itm_hobgoblin_club|大 地 精 砸 棒
itm_hobgoblin_club_pl|大 地 精 砸 棒
itm_hobgoblin_club2|大 地 精 砸 棒
itm_hobgoblin_club2_pl|大 地 精 砸 棒
itm_hobgoblin_club3|大 地 精 砸 棒
itm_hobgoblin_club3_pl|大 地 精 砸 棒
itm_goblin_club4|地 精 砸 棒
itm_goblin_club4_pl|地 精 砸 棒
itm_goblin_club2|地 精 砸 棒
itm_goblin_club2_pl|地 精 砸 棒
itm_goblin_club5|地 精 砸 棒
itm_goblin_club5_pl|地 精 砸 棒
itm_goblin_club6|地 精 砸 棒
itm_goblin_club6_pl|地 精 砸 棒
itm_goblin_club3|地 精 砸 棒
itm_goblin_club3_pl|地 精 砸 棒
itm_goblin_two_handed_axe|地 精 大 砍 刀
itm_goblin_two_handed_axe_pl|地 精 大 砍 刀
itm_goblin_two_handed_axe4|地 精 大 砍 刀
itm_goblin_two_handed_axe4_pl|地 精 大 砍 刀
itm_hobgoblin_two_handed_axe|大 地 精 大 砍 刀
itm_hobgoblin_two_handed_axe_pl|大 地 精 大 砍 刀
itm_hobgoblin_two_handed_axe3|大 地 精 大 砍 刀
itm_hobgoblin_two_handed_axe3_pl|大 地 精 大 砍 刀
itm_hobgoblin_two_handed_axe2|大 地 精 大 砍 刀
itm_hobgoblin_two_handed_axe2_pl|大 地 精 大 砍 刀
itm_goblin_two_handed_axe6|地 精 大 砍 刀
itm_goblin_two_handed_axe6_pl|地 精 大 砍 刀
itm_goblin_two_handed_axe5|地 精 大 砍 刀
itm_goblin_two_handed_axe5_pl|地 精 大 砍 刀
itm_goblin_two_handed_axe2|地 精 大 砍 刀
itm_goblin_two_handed_axe2_pl|地 精 大 砍 刀
itm_goblin_two_handed_axe3|地 精 大 砍 刀
itm_goblin_two_handed_axe3_pl|地 精 大 砍 刀
itm_hobgoblin_polearm|大 地 精 大 砍 刀
itm_hobgoblin_polearm_pl|大 地 精 大 砍 刀
itm_hobgoblin_polearm2|大 地 精 大 砍 刀
itm_hobgoblin_polearm2_pl|大 地 精 大 砍 刀
itm_hobgoblin_catcher|大 地 精 抓 捕 者
itm_hobgoblin_catcher_pl|大 地 精 抓 捕 者
itm_hobgoblin_catcher2|大 地 精 抓 捕 者
itm_hobgoblin_catcher2_pl|大 地 精 抓 捕 者
itm_goblin_spear|地 精 刺 枪
itm_goblin_spear_pl|地 精 刺 枪
itm_goblin_spear4|地 精 刺 枪
itm_goblin_spear4_pl|地 精 刺 枪
itm_goblin_spear2|地 精 刺 枪
itm_goblin_spear2_pl|地 精 刺 枪
itm_hobgoblin_spear2|大 地 精 刺 枪
itm_hobgoblin_spear2_pl|大 地 精 刺 枪
itm_hobgoblin_spear|大 地 精 刺 枪
itm_hobgoblin_spear_pl|大 地 精 刺 枪
itm_goblin_spear5|地 精 刺 枪
itm_goblin_spear5_pl|地 精 刺 枪
itm_goblin_spear3|地 精 刺 枪
itm_goblin_spear3_pl|地 精 刺 枪
itm_goblin_spear6|地 精 刺 枪
itm_goblin_spear6_pl|地 精 刺 枪
itm_goblin_club_two|地 精 敲 击 棒
itm_goblin_club_two_pl|地 精 敲 击 棒
itm_goblin_staff4|地 精 敲 击 棒
itm_goblin_staff4_pl|地 精 敲 击 棒
itm_goblin_staff5|地 精 敲 击 棒
itm_goblin_staff5_pl|地 精 敲 击 棒
itm_goblin_staff6|地 精 敲 击 棒
itm_goblin_staff6_pl|地 精 敲 击 棒
itm_beastmen_club|野 兽 人 木 棒 
itm_beastmen_club_pl|野 兽 人 木 棒 
itm_beastmen_spiked_club|野 兽 人 尖 棒 
itm_beastmen_spiked_club_pl|野 兽 人 尖 棒 
itm_beastmen_spiked_mace|野 兽 人 尖 铁 杖 
itm_beastmen_spiked_mace_pl|野 兽 人 尖 铁 杖 
itm_beastmen_spiked_mace2|野 兽 人 重 型 尖 铁 杖 
itm_beastmen_spiked_mace2_pl|野 兽 人 重 型 尖 铁 杖 
itm_beastmen_spiked_mace3|野 兽 人 重 型 尖 铁 杖 
itm_beastmen_spiked_mace3_pl|野 兽 人 重 型 尖 铁 杖 
itm_beastmen_spiked_mace4|野 兽 人 重 型 尖 铁 杖 
itm_beastmen_spiked_mace4_pl|野 兽 人 重 型 尖 铁 杖 
itm_beastmen_spiked_mace5|野 兽 人 重 型 尖 铁 杖 
itm_beastmen_spiked_mace5_pl|野 兽 人 重 型 尖 铁 杖 
itm_beastmen_spiked_mace6|野 兽 人 重 型 尖 铁 杖 
itm_beastmen_spiked_mace6_pl|野 兽 人 重 型 尖 铁 杖 
itm_beastmen_spiked_mace7|野 兽 人 尖 木 杖 
itm_beastmen_spiked_mace7_pl|野 兽 人 尖 木 杖 
itm_beastmen_axe|野 兽 人 手 斧 
itm_beastmen_axe_pl|野 兽 人 手 斧 
itm_beastmen_axe2|野 兽 人 斧 
itm_beastmen_axe2_pl|野 兽 人 斧 
itm_beastmen_axe4|野 兽 人 斧 
itm_beastmen_axe4_pl|野 兽 人 斧 
itm_beastmen_axe3|野 兽 人 战 斧 
itm_beastmen_axe3_pl|野 兽 人 战 斧 
itm_beastmen_axe6|野 兽 人 战 斧 
itm_beastmen_axe6_pl|野 兽 人 战 斧 
itm_beastmen_axe7|野 兽 人 战 斧 
itm_beastmen_axe7_pl|野 兽 人 战 斧 
itm_beastmen_axe8|野 兽 人 战 斧 
itm_beastmen_axe8_pl|野 兽 人 战 斧 
itm_beastmen_axe9|野 兽 人 战 斧 
itm_beastmen_axe9_pl|野 兽 人 战 斧 
itm_beastmen_axe10|野 兽 人 战 斧 
itm_beastmen_axe10_pl|野 兽 人 战 斧 
itm_beastmen_axe11|兽 王 战 斧
itm_beastmen_axe11_pl|兽 王 战 斧
itm_beastmen_axe12|奸 奇 战 斧
itm_beastmen_axe12_pl|奸 奇 战 斧
itm_beastmen_sword|野 兽 人 剑 
itm_beastmen_sword_pl|野 兽 人 剑 
itm_beastmen_sword2|野 兽 人 剑 
itm_beastmen_sword2_pl|野 兽 人 剑 
itm_beastmen_sword9|野 兽 人 剑 
itm_beastmen_sword9_pl|野 兽 人 剑 
itm_beastmen_sword4|野 兽 人 弯 刀 
itm_beastmen_sword4_pl|野 兽 人 弯 刀 
itm_beastmen_sword5|野 兽 人 战 刀 
itm_beastmen_sword5_pl|野 兽 人 战 刀 
itm_beastmen_sword10|野 兽 人 战 刀 
itm_beastmen_sword10_pl|野 兽 人 战 刀 
itm_beastmen_sword6|野 兽 人 战 刀 
itm_beastmen_sword6_pl|野 兽 人 战 刀 
itm_beastmen_sword11|野 兽 人 战 刀 
itm_beastmen_sword11_pl|野 兽 人 战 刀 
itm_beastmen_sword12|野 兽 人 战 刀 
itm_beastmen_sword12_pl|野 兽 人 战 刀 
itm_beastmen_sword7|色 孽 弯 刀
itm_beastmen_sword7_pl|色 孽 弯 刀
itm_khornegor_axe|恐 虐 野 兽 人 斧 
itm_khornegor_axe_pl|恐 虐 野 兽 人 斧 
itm_dual_khorne_axes|恐 虐 双 斧
itm_dual_khorne_axes_pl|恐 虐 双 斧
itm_dual_khorne_axes_lefthand|恐 虐 左 手 斧
itm_dual_khorne_axes_lefthand_pl|恐 虐 左 手 斧
itm_beastmen_spear|野 兽 人 长 矛 
itm_beastmen_spear_pl|野 兽 人 长 矛 
itm_beastmen_spear2|野 兽 人 战 矛 
itm_beastmen_spear2_pl|野 兽 人 战 矛 
itm_beastmen_spear3|野 兽 人 重 矛
itm_beastmen_spear3_pl|野 兽 人 重 矛
itm_beastmen_two_handed_axe|野 兽 人 双 手 斧 
itm_beastmen_two_handed_axe_pl|野 兽 人 双 手 斧 
itm_beastmen_two_handed_axe3|野 兽 人 双 手 斧 
itm_beastmen_two_handed_axe3_pl|野 兽 人 双 手 斧 
itm_beastmen_two_handed_axe4|野 兽 人 双 手 斧 
itm_beastmen_two_handed_axe4_pl|野 兽 人 双 手 斧 
itm_beastmen_two_handed_axe5|野 兽 人 双 手 斧 
itm_beastmen_two_handed_axe5_pl|野 兽 人 双 手 斧 
itm_beastmen_two_handed_axe6|野 兽 人 双 手 斧 
itm_beastmen_two_handed_axe6_pl|野 兽 人 双 手 斧 
itm_beastmen_two_handed_axe7|野 兽 人 双 手 斧 
itm_beastmen_two_handed_axe7_pl|野 兽 人 双 手 斧 
itm_beastmen_two_handed_axe8|野 兽 人 双 手 斧 
itm_beastmen_two_handed_axe8_pl|野 兽 人 双 手 斧 
itm_beastmen_two_handed_axe9|野 兽 人 双 手 斧 
itm_beastmen_two_handed_axe9_pl|野 兽 人 双 手 斧 
itm_beastmen_two_handed_axe10|野 兽 人 双 手 斧 
itm_beastmen_two_handed_axe10_pl|野 兽 人 双 手 斧 
itm_beastmen_two_handed_axe11|兽 王 巨 斧
itm_beastmen_two_handed_axe11_pl|兽 王 巨 斧
itm_beastmen_two_handed_axe12|恐 虐 重 斧 
itm_beastmen_two_handed_axe12_pl|恐 虐 重 斧 
itm_beastmen_halberd|野 兽 人 长 矛
itm_beastmen_halberd_pl|野 兽 人 长 矛
itm_beastmen_halberd2|野 兽 人 长 戟 
itm_beastmen_halberd2_pl|野 兽 人 长 戟 
itm_beastmen_halberd3|野 兽 人 长 戟 
itm_beastmen_halberd3_pl|野 兽 人 长 戟 
itm_beastmen_halberd4|野 兽 人 长 戟 
itm_beastmen_halberd4_pl|野 兽 人 长 戟 
itm_beastmen_halberd5|野 兽 人 长 戟 
itm_beastmen_halberd5_pl|野 兽 人 长 戟 
itm_beastmen_halberd6|野 兽 人 长 戟 
itm_beastmen_halberd6_pl|野 兽 人 长 戟 
itm_beastmen_halberd7|纳 垢 长 柄 刀
itm_beastmen_halberd7_pl|纳 垢 长 柄 刀
itm_pestigor_axe|纳 垢 野 兽 人 斧 
itm_pestigor_axe_pl|纳 垢 野 兽 人 斧 
itm_beastmen_great_axe|巨 斧 
itm_beastmen_great_axe_pl|巨 斧 
itm_bigger_club|巨 棒 
itm_bigger_club_pl|巨 棒 
itm_big_club|巨 棒 
itm_big_club_pl|巨 棒 
itm_herald_twohand|先 驱 之 斧 
itm_herald_twohand_pl|先 驱 之 斧 
itm_troll_club|巨 魔 大 棒 
itm_troll_club_pl|巨 魔 大 棒 
itm_troll_club_twohand|巨 魔 大 斧 
itm_troll_club_twohand_pl|巨 魔 大 斧 
itm_troll_club3|巨 魔 大 棒 
itm_troll_club3_pl|巨 魔 大 棒 
itm_chaos_troll_clawattack|巨 魔 利 爪 
itm_chaos_troll_clawattack_pl|巨 魔 利 爪 
itm_ogre_mace|食 人 魔 铁 杖 
itm_ogre_mace_pl|食 人 魔 铁 杖 
itm_ogre_club|食 人 魔 木 棒 
itm_ogre_club_pl|食 人 魔 木 棒 
itm_ogre_pit_sword|食 人 魔 钝 剑 
itm_ogre_pit_sword_pl|食 人 魔 钝 剑 
itm_ogre_choppa|食 人 魔 砍 刀 
itm_ogre_choppa_pl|食 人 魔 砍 刀 
itm_ogre_choppa2|阿 拉 比 食 人 魔 砍 刀 
itm_ogre_choppa2_pl|阿 拉 比 食 人 魔 砍 刀 
itm_ogre_choppa3|食 人 魔 砍 刀 
itm_ogre_choppa3_pl|食 人 魔 砍 刀 
itm_minotaur_axe|牛 头 怪 斧 
itm_minotaur_axe_pl|牛 头 怪 斧 
itm_minotaur_axe2|牛 头 怪 斧 
itm_minotaur_axe2_pl|牛 头 怪 斧 
itm_minotaur_axe3|牛 头 怪 斧 
itm_minotaur_axe3_pl|牛 头 怪 斧 
itm_gorger_clawattack|食 人 魔 利 爪 
itm_gorger_clawattack_pl|食 人 魔 利 爪 
itm_ogrelix_clawattack|食 人 魔 铁 拳 
itm_ogrelix_clawattack_pl|食 人 魔 铁 拳 
itm_ogre_two_hand_choppa|食 人 魔 双 手 砍 刀 
itm_ogre_two_hand_choppa_pl|食 人 魔 双 手 砍 刀 
itm_ogre_anchor|食 人 魔 铁 锚 
itm_ogre_anchor_pl|食 人 魔 铁 锚 
itm_ogre_club_twohand|食 人 魔 巨 棒
itm_ogre_club_twohand_pl|食 人 魔 巨 棒
itm_giants_mace|巨 人 钉 头 锤
itm_giants_mace_pl|巨 人 钉 头 锤
itm_mar_axe|混 沌 手 斧 
itm_mar_axe_pl|混 沌 手 斧 
itm_mar_axe2|混 沌 手 斧 
itm_mar_axe2_pl|混 沌 手 斧 
itm_marauder_handaxe|掠 夺 者 斧 
itm_marauder_handaxe_pl|掠 夺 者 斧 
itm_marauder_handaxe2|掠 夺 者 斧 
itm_marauder_handaxe2_pl|掠 夺 者 斧 
itm_marauder_axe|掠 夺 者 战 斗 手 斧 
itm_marauder_axe_pl|掠 夺 者 战 斗 手 斧 
itm_marauder_axe2|掠 夺 者 战 斗 手 斧 
itm_marauder_axe2_pl|掠 夺 者 战 斗 手 斧 
itm_marauder_war_axe|掠 夺 者 战 斧 
itm_marauder_war_axe_pl|掠 夺 者 战 斧 
itm_marauder_war_axe2|掠 夺 者 战 斧 
itm_marauder_war_axe2_pl|掠 夺 者 战 斧 
itm_marauder_war_axe3|掠 夺 者 战 斧 
itm_marauder_war_axe3_pl|掠 夺 者 战 斧 
itm_marauder_mace|掠 夺 者 棒 
itm_marauder_mace_pl|掠 夺 者 棒 
itm_military_sickle_a|掠 夺 者 镰 刀 
itm_military_sickle_a_pl|掠 夺 者 镰 刀 
itm_marauder_pick|掠 夺 者 铁 镐 
itm_marauder_pick_pl|掠 夺 者 铁 镐 
itm_nurgle_pick|纳 垢 铁 镐 
itm_nurgle_pick_pl|纳 垢 铁 镐 
itm_slaanesh_sword|色 孽 剑 
itm_slaanesh_sword_pl|色 孽 剑 
itm_marauder_sword2|坑 斗 剑
itm_marauder_sword2_pl|坑 斗 剑
itm_marauder_sword3|掠 夺 者 战 剑 
itm_marauder_sword3_pl|掠 夺 者 战 剑 
itm_marauder_bat_axe|掠 夺 者 战 斧
itm_marauder_bat_axe_pl|掠 夺 者 战 斧
itm_marauder_bat_axe2|掠 夺 者 战 斧
itm_marauder_bat_axe2_pl|掠 夺 者 战 斧
itm_marauder_bat_axe3|掠 夺 者 族 长 斧 
itm_marauder_bat_axe3_pl|掠 夺 者 族 长 斧 
itm_marauder_berserk_axe|掠 夺 者 巨 斧 
itm_marauder_berserk_axe_pl|掠 夺 者 巨 斧 
itm_marauder_spear|长 矛 
itm_marauder_spear_pl|长 矛 
itm_marauder_war_spear|战 争 长 矛 
itm_marauder_war_spear_pl|战 争 长 矛 
itm_trident|混 沌 三 叉 戟 
itm_trident_pl|混 沌 三 叉 戟 
itm_chaos_bat_axe4|混 沌 勇 士 斧 
itm_chaos_bat_axe4_pl|混 沌 勇 士 斧 
itm_chaos_bat_axe|混 沌 勇 士 斧 
itm_chaos_bat_axe_pl|混 沌 勇 士 斧 
itm_chaos_bat_axe2|混 沌 勇 士 斧
itm_chaos_bat_axe2_pl|混 沌 勇 士 斧
itm_aarbal_axe|混 沌 恐 虐 斧 
itm_aarbal_axe_pl|混 沌 恐 虐 斧 
itm_chaos_bat_axe3|混 沌 神 选 者 战 斧
itm_chaos_bat_axe3_pl|混 沌 神 选 者 战 斧
itm_chaos_mace|混 沌 勇 士 钉 头 锤
itm_chaos_mace_pl|混 沌 勇 士 钉 头 锤
itm_chaos_mace2|混 沌 骑 士 钉 头 锤
itm_chaos_mace2_pl|混 沌 骑 士 钉 头 锤
itm_chaos_mace3|纳 垢 钉 头 锤
itm_chaos_mace3_pl|纳 垢 钉 头 锤
itm_nurgle_mace|纳 垢 钉 头 锤
itm_nurgle_mace_pl|纳 垢 钉 头 锤
itm_chaos_sword1|混 沌 剑 
itm_chaos_sword1_pl|混 沌 剑 
itm_chaos_sword2|混 沌 骑 士 剑 
itm_chaos_sword2_pl|混 沌 骑 士 剑 
itm_chaos_sword3|混 沌 冠 军 剑
itm_chaos_sword3_pl|混 沌 冠 军 剑
itm_chaos_sword4|混 沌 领 主 剑 
itm_chaos_sword4_pl|混 沌 领 主 剑 
itm_chaos_sword5|混 沌 大 领 主 剑 
itm_chaos_sword5_pl|混 沌 大 领 主 剑 
itm_nurgle_prince_sword|混 沌 纳 垢 王 子 剑 
itm_nurgle_prince_sword_pl|混 沌 纳 垢 王 子 剑 
itm_tzeentch_prince_sword|混 沌 奸 奇 王 子 剑 
itm_tzeentch_prince_sword_pl|混 沌 奸 奇 王 子 剑 
itm_khorne_chosen_sword|恐 虐 神 选 者 剑
itm_khorne_chosen_sword_pl|恐 虐 神 选 者 剑
itm_hellblade|地 狱 之 刃 
itm_hellblade_pl|地 狱 之 刃 
itm_valkia_hellblade|地 狱 之 刃 
itm_valkia_hellblade_pl|地 狱 之 刃 
itm_plaguebearer_sword|瘟 疫 使 者 剑 
itm_plaguebearer_sword_pl|瘟 疫 使 者 剑 
itm_nurgle_sword_and_bell|纳 垢 剑 与 铃
itm_nurgle_sword_and_bell_pl|纳 垢 剑 与 铃
itm_nurgle_sword_and_bell_lefthand|纳 垢 剑 与 铃
itm_nurgle_sword_and_bell_lefthand_pl|纳 垢 剑 与 铃
itm_thrud_axe|斯 露 德 之 斧 
itm_thrud_axe_pl|斯 露 德 之 斧 
itm_bear_clawattack|熊 爪 
itm_bear_clawattack_pl|熊 爪 
itm_slaangor_clawattack|色 孽 野 兽 人 利 爪 
itm_slaangor_clawattack_pl|色 孽 野 兽 人 利 爪 
itm_slaangor_champion_clawattack|色 孽 野 兽 人 冠 军 利 爪
itm_slaangor_champion_clawattack_pl|色 孽 野 兽 人 冠 军 利 爪
itm_slaanesh_daemon_clawattack|色 孽 恶 魔 利 爪 
itm_slaanesh_daemon_clawattack_pl|色 孽 恶 魔 利 爪 
itm_daemonette_clawattack|欲 魔 利 爪
itm_daemonette_clawattack_pl|欲 魔 利 爪
itm_flamer_clawattack|火 妖 利 爪 
itm_flamer_clawattack_pl|火 妖 利 爪 
itm_exalted_flamer_clawattack|高 等 火 妖 利 爪 
itm_exalted_flamer_clawattack_pl|高 等 火 妖 利 爪 
itm_zealot_sword|狂 热 者 剑 
itm_zealot_sword_pl|狂 热 者 剑 
itm_tzeentch_sword|奸 奇 剑 
itm_tzeentch_sword_pl|奸 奇 剑 
itm_zealot_shortsword|狂 热 者 短 剑 
itm_zealot_shortsword_pl|狂 热 者 短 剑 
itm_zealot_dagger|狂 热 者 匕 首 
itm_zealot_dagger_pl|狂 热 者 匕 首 
itm_crusher_halberd1|混 沌 战 车 乘 员 长 戟
itm_crusher_halberd1_pl|混 沌 战 车 乘 员 长 戟
itm_crusher_halberd2|混 沌 重 戟 
itm_crusher_halberd2_pl|混 沌 重 戟 
itm_crusher_halberd3|混 沌 重 戟 
itm_crusher_halberd3_pl|混 沌 重 戟 
itm_pit_mace|坑 斗 钉 头 锤
itm_pit_mace_pl|坑 斗 钉 头 锤
itm_chaos_lance|混 沌 骑 枪 
itm_chaos_lance_pl|混 沌 骑 枪 
itm_chaos_heavy_lance|混 沌 重 型 骑 枪 
itm_chaos_heavy_lance_pl|混 沌 重 型 骑 枪 
itm_haargroth_axe|哈 格 斯 之 斧 
itm_haargroth_axe_pl|哈 格 斯 之 斧 
itm_valnir_flail|瓦 尔 尼 链 锤 
itm_valnir_flail_pl|瓦 尔 尼 链 锤 
itm_slaanesh_axe|色 孽 斧 
itm_slaanesh_axe_pl|色 孽 斧 
itm_khorne_axe|恐 虐 斧 
itm_khorne_axe_pl|恐 虐 斧 
itm_tzeentch_spear|奸 奇 变 化 之 矛
itm_tzeentch_spear_pl|奸 奇 变 化 之 矛
itm_slaanesh_sabre|色 孽 军 刀 
itm_slaanesh_sabre_pl|色 孽 军 刀 
itm_slaanesh_staffspear|色 孽 杖 矛
itm_slaanesh_staffspear_pl|色 孽 杖 矛
itm_tzeentch_chosen_sword|神 选 奸 奇 骑 士 剑 
itm_tzeentch_chosen_sword_pl|神 选 奸 奇 骑 士 剑 
itm_harry_hammer|哈 里 之 锤
itm_harry_hammer_pl|哈 里 之 锤
itm_aekold_sword|艾 考 德 之 剑 
itm_aekold_sword_pl|艾 考 德 之 剑 
itm_chaosdwarf_axe|混 沌 矮 人 斧 
itm_chaosdwarf_axe_pl|混 沌 矮 人 斧 
itm_chaosdwarf_fight_axe|混 沌 矮 人 战 斧 
itm_chaosdwarf_fight_axe_pl|混 沌 矮 人 战 斧 
itm_chaosdwarf_long_axe|混 沌 矮 人 双 手 斧 
itm_chaosdwarf_long_axe_pl|混 沌 矮 人 双 手 斧 
itm_chaos_dwarf_catcher|捕 捉 器 
itm_chaos_dwarf_catcher_pl|捕 捉 器 
itm_chaos_dwarf_two_handed_axe|混 沌 矮 人 双 手 斧 
itm_chaos_dwarf_two_handed_axe_pl|混 沌 矮 人 双 手 斧 
itm_chaos_dwarf_two_handed_axe_2|混 沌 矮 人 双 手 斧 
itm_chaos_dwarf_two_handed_axe_2_pl|混 沌 矮 人 双 手 斧 
itm_chaos_dwarf_two_handed_axe_3|混 沌 矮 人 双 手 斧 
itm_chaos_dwarf_two_handed_axe_3_pl|混 沌 矮 人 双 手 斧 
itm_kdaai_axe|凯 达 之 斧 
itm_kdaai_axe_pl|凯 达 之 斧 
itm_chaos_dwarf_warhammer|混 沌 矮 人 战 锤 
itm_chaos_dwarf_warhammer_pl|混 沌 矮 人 战 锤 
itm_chaos_dwarf_warhammer2|混 沌 矮 人 战 锤 
itm_chaos_dwarf_warhammer2_pl|混 沌 矮 人 战 锤 
itm_chaos_dwarf_fighting_axe|混 沌 矮 人 战 斗 斧 
itm_chaos_dwarf_fighting_axe_pl|混 沌 矮 人 战 斗 斧 
itm_chaos_dwarf_fighting_axe_2|混 沌 矮 人 战 斗 斧 
itm_chaos_dwarf_fighting_axe_2_pl|混 沌 矮 人 战 斗 斧 
itm_chaos_dwarf_fighting_axe_3|混 沌 矮 人 战 斗 斧 
itm_chaos_dwarf_fighting_axe_3_pl|混 沌 矮 人 战 斗 斧 
itm_chaos_dwarf_fighting_axe_4|混 沌 矮 人 战 斗 斧 
itm_chaos_dwarf_fighting_axe_4_pl|混 沌 矮 人 战 斗 斧 
itm_chaos_dwarf_fighting_axe_5|混 沌 矮 人 附 魔 战 斧
itm_chaos_dwarf_fighting_axe_5_pl|混 沌 矮 人 附 魔 战 斧
itm_chaos_dwarf_fighting_axe_6|混 沌 矮 人 附 魔 战 斧
itm_chaos_dwarf_fighting_axe_6_pl|混 沌 矮 人 附 魔 战 斧
itm_chaos_dwarf_one_handed_hammer|混 沌 矮 人 单 手 锤
itm_chaos_dwarf_one_handed_hammer_pl|混 沌 矮 人 单 手 锤
itm_chaosdwarf_battle_sceptre|混 沌 矮 人 战 斗 权 杖 
itm_chaosdwarf_battle_sceptre_pl|混 沌 矮 人 战 斗 权 杖 
itm_chaosdwarf_battle_sceptre2|混 沌 矮 人 战 斗 权 杖 
itm_chaosdwarf_battle_sceptre2_pl|混 沌 矮 人 战 斗 权 杖 
itm_hobgoblin_cleaver|大 地 精 屠 刀
itm_hobgoblin_cleaver_pl|大 地 精 屠 刀
itm_medal|竞 技 勋 章 
itm_medal_pl|竞 技 勋 章 
itm_nurgling_dagger|纳 垢 灵 攻 击
itm_nurgling_dagger_pl|纳 垢 灵 攻 击
itm_plaguebearer_dagger|瘟 疫 使 者 攻 击
itm_plaguebearer_dagger_pl|瘟 疫 使 者 攻 击
itm_goblin_hatchet|地 精 手 斧 
itm_goblin_hatchet_pl|地 精 手 斧 
itm_goblin_elite_axe|地 精 精 英 手 斧 
itm_goblin_elite_axe_pl|地 精 精 英 手 斧 
itm_goblin_scalp_axe|地 精 剥 皮 斧 
itm_goblin_scalp_axe_pl|地 精 剥 皮 斧 
itm_goblin_wolf_axe|狼 骑 兵 手 斧 
itm_goblin_wolf_axe_pl|狼 骑 兵 手 斧 
itm_warboss_axe|格 罗 姆 之 斧 
itm_warboss_axe_pl|格 罗 姆 之 斧 
itm_highelf_short_sword|高 精 灵 短 剑 
itm_highelf_short_sword_pl|高 精 灵 短 剑 
itm_silverhelm_sword|银 盔 骑 士 剑
itm_silverhelm_sword_pl|银 盔 骑 士 剑
itm_dragonguard_sword|巨 龙 护 卫 剑 
itm_dragonguard_sword_pl|巨 龙 护 卫 剑 
itm_shadow_sword|暗 影 双 剑 
itm_shadow_sword_pl|暗 影 双 剑 
itm_shadow_sword_lefthand|暗 影 左 手 剑 
itm_shadow_sword_lefthand_pl|暗 影 左 手 剑 
itm_elf_two_handed_sword|剑 圣 之 剑
itm_elf_two_handed_sword_pl|剑 圣 之 剑
itm_bladelord_sword|剑 刃 领 主 剑 
itm_bladelord_sword_pl|剑 刃 领 主 剑 
itm_elf_long_sword|高 精 灵 长 剑 
itm_elf_long_sword_pl|高 精 灵 长 剑 
itm_highhelm_sword|高 级 指 挥 官 剑 
itm_highhelm_sword_pl|高 级 指 挥 官 剑 
itm_sunfang|日 牙 
itm_sunfang_pl|日 牙 
itm_elf_lance|高 精 灵 骑 枪 
itm_elf_lance_pl|高 精 灵 骑 枪 
itm_silverhelm_lance|银 盔 骑 士 骑 枪
itm_silverhelm_lance_pl|银 盔 骑 士 骑 枪
itm_elflionaxe|高 精 灵 巨 斧 
itm_elflionaxe_pl|高 精 灵 巨 斧 
itm_elf_poleaxe|凤 凰 长 柄 斧 
itm_elf_poleaxe_pl|凤 凰 长 柄 斧 
itm_teclis_sword|学 识 大 师 之 剑
itm_teclis_sword_pl|学 识 大 师 之 剑
itm_caradryn|凤 凰 之 刃 
itm_caradryn_pl|凤 凰 之 刃 
itm_elflionaxe2|高 精 灵 巨 斧 
itm_elflionaxe2_pl|高 精 灵 巨 斧 
itm_elven_axe3|高 精 灵 骑 士 斧 
itm_elven_axe3_pl|高 精 灵 骑 士 斧 
itm_elf_spear_new|高 精 灵 矛 
itm_elf_spear_new_pl|高 精 灵 矛 
itm_elf_spear2_new|高 精 灵 矛 
itm_elf_spear2_new_pl|高 精 灵 矛 
itm_elf_spear3_new|高 精 灵 哨 兵 矛 
itm_elf_spear3_new_pl|高 精 灵 哨 兵 矛 
itm_elven_dagger|高 精 灵 匕 首 
itm_elven_dagger_pl|高 精 灵 匕 首 
itm_elven_dagger2|高 精 灵 匕 首 
itm_elven_dagger2_pl|高 精 灵 匕 首 
itm_elven_dagger3|高 精 灵 匕 首 
itm_elven_dagger3_pl|高 精 灵 匕 首 
itm_elven_spear|高 精 灵 长 矛 
itm_elven_spear_pl|高 精 灵 长 矛 
itm_elven_spear2|高 精 灵 长 矛 
itm_elven_spear2_pl|高 精 灵 长 矛 
itm_elven_blade|高 精 灵 剑 
itm_elven_blade_pl|高 精 灵 剑 
itm_woodelven_blade|木 精 灵 刻 纹 剑
itm_woodelven_blade_pl|木 精 灵 刻 纹 剑
itm_aspect_blade|高 精 灵 宽 剑 
itm_aspect_blade_pl|高 精 灵 宽 剑 
itm_aspect_blades|战 舞 者 双 剑 
itm_aspect_blades_pl|战 舞 者 双 剑 
itm_aspect_blades_lefthand|战 舞 者 左 手 剑 
itm_aspect_blades_lefthand_pl|战 舞 者 左 手 剑 
itm_elven_staffspear|精 灵 杖 矛
itm_elven_staffspear_pl|精 灵 杖 矛
itm_elven_staffspear2|精 灵 杖 矛
itm_elven_staffspear2_pl|精 灵 杖 矛
itm_woodshadow_blade|精 灵 暗 影 之 刃
itm_woodshadow_blade_pl|精 灵 暗 影 之 刃
itm_wardancer_blade|战 舞 者 之 剑 
itm_wardancer_blade_pl|战 舞 者 之 剑 
itm_wardancer_two_handed|剑 咏 者 之 剑 
itm_wardancer_two_handed_pl|剑 咏 者 之 剑 
itm_elven_lance|高 精 灵 骑 枪 
itm_elven_lance_pl|高 精 灵 骑 枪 
itm_wildwood_glaive|游 侠 长 柄 刀
itm_wildwood_glaive_pl|游 侠 长 柄 刀
itm_wildwood_glaive2|游 侠 长 柄 刀
itm_wildwood_glaive2_pl|游 侠 长 柄 刀
itm_wildwood_glaive3|游 侠 形 意 长 柄 刀
itm_wildwood_glaive3_pl|游 侠 形 意 长 柄 刀
itm_woodelf_axe|木 精 灵 斧 
itm_woodelf_axe_pl|木 精 灵 斧 
itm_woodelf_axe2|木 精 灵 斧 
itm_woodelf_axe2_pl|木 精 灵 斧 
itm_woodelf_axe3|木 精 灵 形 意 斧
itm_woodelf_axe3_pl|木 精 灵 形 意 斧
itm_glade_lance|林 地 骑 枪 
itm_glade_lance_pl|林 地 骑 枪 
itm_treekin_attack|树 人 利 爪 
itm_treekin_attack_pl|树 人 利 爪 
itm_dryad_attack|树 精 利 爪 
itm_dryad_attack_pl|树 精 利 爪 
itm_gekokujo_katana_7|武 士 刀 
itm_gekokujo_katana_7_pl|武 士 刀 
itm_gekokujo_nodachi_4|野 太 刀 
itm_gekokujo_nodachi_4_pl|野 太 刀 
itm_gekokujo_nodachi_1|野 太 刀 
itm_gekokujo_nodachi_1_pl|野 太 刀 
itm_gekokujo_nodachi_10|野 太 刀 
itm_gekokujo_nodachi_10_pl|野 太 刀 
itm_gekokujo_nodachi_5|野 太 刀 
itm_gekokujo_nodachi_5_pl|野 太 刀 
itm_gekokujo_wakizashi_10|协 差 
itm_gekokujo_wakizashi_10_pl|协 差 
itm_gekokujo_wakizashi_5|协 差 
itm_gekokujo_wakizashi_5_pl|协 差 
itm_gekokujo_tachi_2|太 刀 
itm_gekokujo_tachi_2_pl|太 刀 
itm_gekokujo_tachi_1|双 太 刀
itm_gekokujo_tachi_1_pl|双 太 刀
itm_gekokujo_tachi_1_lefthand|左 手 太 刀
itm_gekokujo_tachi_1_lefthand_pl|左 手 太 刀
itm_gekokujo_nagamaki_5|长 太 刀 
itm_gekokujo_nagamaki_5_pl|长 太 刀 
itm_gekokujo_naginata_4|眉 尖 刀 
itm_gekokujo_naginata_4_pl|眉 尖 刀 
itm_gekokujo_naginata_5|眉 尖 刀 
itm_gekokujo_naginata_5_pl|眉 尖 刀 
itm_gekokujo_naginata_10|眉 尖 刀 
itm_gekokujo_naginata_10_pl|眉 尖 刀 
itm_gekokujo_fukuro_yari_3|武 士 骑 枪 
itm_gekokujo_fukuro_yari_3_pl|武 士 骑 枪 
itm_gekokujo_yari_3|武 士 长 矛 
itm_gekokujo_yari_3_pl|武 士 长 矛 
itm_gekokujo_katakama_yari_1|旗 本 骑 枪 
itm_gekokujo_katakama_yari_1_pl|旗 本 骑 枪 
itm_lord_nodachi|大 名 野 太 刀 
itm_lord_nodachi_pl|大 名 野 太 刀 
itm_gekokujo_ninjato_1|忍 者 刀 
itm_gekokujo_ninjato_1_pl|忍 者 刀 
itm_gekokujo_ninjato_4|忍 者 刀 
itm_gekokujo_ninjato_4_pl|忍 者 刀 
itm_gekokujo_konsaibo_1|金 碎 棒
itm_gekokujo_konsaibo_1_pl|金 碎 棒
itm_sumo_konsaibo_1|金 棒 
itm_sumo_konsaibo_1_pl|金 棒 
itm_gekokujo_nodachi_big|野 太 刀 
itm_gekokujo_nodachi_big_pl|野 太 刀 
itm_sumo_konsaibo_big|金 棒 
itm_sumo_konsaibo_big_pl|金 棒 
itm_empire_lance|帝 国 骑 枪 
itm_empire_lance_pl|帝 国 骑 枪 
itm_empire_heavy_lance|帝 国 重 骑 枪 
itm_empire_heavy_lance_pl|帝 国 重 骑 枪 
itm_empire_lord_lance|帝 国 领 主 骑 枪 
itm_empire_lord_lance_pl|帝 国 领 主 骑 枪 
itm_panther_lance|黑 豹 骑 士 骑 枪 
itm_panther_lance_pl|黑 豹 骑 士 骑 枪 
itm_imperial_one_handed_hammer|帝 国 单 手 锤 
itm_imperial_one_handed_hammer_pl|帝 国 单 手 锤 
itm_statue_hammer|雕 像 锤 
itm_statue_hammer_pl|雕 像 锤 
itm_imperial_spiked_mace|帝 国 尖 钉 锤 
itm_imperial_spiked_mace_pl|帝 国 尖 钉 锤 
itm_imperial_pickaxe|帝 国 镐 
itm_imperial_pickaxe_pl|帝 国 镐 
itm_flamberge|双 手 剑 
itm_flamberge_pl|双 手 剑 
itm_flamberge2|双 手 剑 
itm_flamberge2_pl|双 手 剑 
itm_flamberge3|双 手 剑 
itm_flamberge3_pl|双 手 剑 
itm_sword_empire_a|帝 国 剑 
itm_sword_empire_a_pl|帝 国 剑 
itm_sword_empire_b|帝 国 剑 
itm_sword_empire_b_pl|帝 国 剑 
itm_sword_empire_b_small|帝 国 短 剑 
itm_sword_empire_b_small_pl|帝 国 短 剑 
itm_sword_empire_c|帝 国 武 装 剑 
itm_sword_empire_c_pl|帝 国 武 装 剑 
itm_sword_empire_c_small|帝 国 武 装 短 剑 
itm_sword_empire_c_small_pl|帝 国 武 装 短 剑 
itm_sword_empire_c_long|帝 国 武 装 剑 
itm_sword_empire_c_long_pl|帝 国 武 装 剑 
itm_sword_empire_d_long|帝 国 武 装 长 剑 
itm_sword_empire_d_long_pl|帝 国 武 装 长 剑 
itm_empire_bastard_sword_a|帝 国 大 剑 
itm_empire_bastard_sword_a_pl|帝 国 大 剑 
itm_empire_bastard_sword_b|重 型 大 剑 
itm_empire_bastard_sword_b_pl|重 型 大 剑 
itm_witch_rapier|猎 巫 人 轻 剑 
itm_witch_rapier_pl|猎 巫 人 轻 剑 
itm_witch_sword|猎 巫 人 剑 
itm_witch_sword_pl|猎 巫 人 剑 
itm_empire_sword_two_handed_b|双 手 剑 
itm_empire_sword_two_handed_b_pl|双 手 剑 
itm_empire_sword_two_handed_a|帝 国 巨 剑 
itm_empire_sword_two_handed_a_pl|帝 国 巨 剑 
itm_empire_sword_of_war|帝 国 领 主 巨 剑 
itm_empire_sword_of_war_pl|帝 国 领 主 巨 剑 
itm_sword_empire_elite1|帝 国 长 剑 
itm_sword_empire_elite1_pl|帝 国 长 剑 
itm_sword_empire_elite2|帝 国 长 剑 
itm_sword_empire_elite2_pl|帝 国 长 剑 
itm_sword_empire_elite3|帝 国 长 剑 
itm_sword_empire_elite3_pl|帝 国 长 剑 
itm_sword_empire_elite4|帝 国 长 剑 
itm_sword_empire_elite4_pl|帝 国 长 剑 
itm_empire_warhammer2|帝 国 战 锤 
itm_empire_warhammer2_pl|帝 国 战 锤 
itm_empire_warhammer3|帝 国 战 锤 
itm_empire_warhammer3_pl|帝 国 战 锤 
itm_empire_warhammer4|帝 国 战 锤 
itm_empire_warhammer4_pl|帝 国 战 锤 
itm_empire_warhammer5|帝 国 战 锤 
itm_empire_warhammer5_pl|帝 国 战 锤 
itm_empire_warhammer|帝 国 牧 师 锤 
itm_empire_warhammer_pl|帝 国 牧 师 锤 
itm_wolf_warhammer|白 狼 骑 士 锤 
itm_wolf_warhammer_pl|白 狼 骑 士 锤 
itm_wolf_warhammer2|白 狼 牧 师 锤 
itm_wolf_warhammer2_pl|白 狼 牧 师 锤 
itm_blitzbeil|贝 雷 兹 贝 尔 
itm_blitzbeil_pl|贝 雷 兹 贝 尔 
itm_empire_poleaxe1|帝 国 长 戟 
itm_empire_poleaxe1_pl|帝 国 长 戟 
itm_empire_poleaxe2|帝 国 长 戟 
itm_empire_poleaxe2_pl|帝 国 长 戟 
itm_empire_poleaxe3|帝 国 长 戟 
itm_empire_poleaxe3_pl|帝 国 长 戟 
itm_empire_halberd1|帝 国 重 戟 
itm_empire_halberd1_pl|帝 国 重 戟 
itm_empire_halberd2|帝 国 重 戟 
itm_empire_halberd2_pl|帝 国 重 戟 
itm_empire_halberd3|帝 国 轻 型 长 戟
itm_empire_halberd3_pl|帝 国 轻 型 长 戟
itm_helhunten_halberd|赫 尔 亨 滕 长 戟
itm_helhunten_halberd_pl|赫 尔 亨 滕 长 戟
itm_empire_boar_spear_1|帝 国 长 矛 
itm_empire_boar_spear_1_pl|帝 国 长 矛 
itm_empire_boar_spear_2|帝 国 长 矛 
itm_empire_boar_spear_2_pl|帝 国 长 矛 
itm_vanklumpf_falchion|凡 · 克 朗 夫 弯 刀 
itm_vanklumpf_falchion_pl|凡 · 克 朗 夫 弯 刀 
itm_paladin_sword|圣 骑 士 剑 
itm_paladin_sword_pl|圣 骑 士 剑 
itm_amazon_cudgel|亚 马 逊 锤 
itm_amazon_cudgel_pl|亚 马 逊 锤 
itm_amazon_hatchet|亚 马 逊 短 斧 
itm_amazon_hatchet_pl|亚 马 逊 短 斧 
itm_amazon_spear|黑 曜 石 长 矛 
itm_amazon_spear_pl|黑 曜 石 长 矛 
itm_amazon_maul|亚 马 逊 短 棍 
itm_amazon_maul_pl|亚 马 逊 短 棍 
itm_basehuitl|巴 塞 惠 特 尔
itm_basehuitl_pl|巴 塞 惠 特 尔
itm_basehuitl_elite|装 饰 华 丽 的 巴 塞 惠 特 尔
itm_basehuitl_elite_pl|装 饰 华 丽 的 巴 塞 惠 特 尔
itm_kama|镰 
itm_kama_pl|镰 
itm_heavy_tanto|重 型 短 刀
itm_heavy_tanto_pl|重 型 短 刀
itm_tanto|直 刀 
itm_tanto_pl|直 刀 
itm_yari|足 轻 长 枪 
itm_yari_pl|足 轻 长 枪 
itm_gunso_yari|军 曹 长 枪 
itm_gunso_yari_pl|军 曹 长 枪 
itm_pirate_sword|海 盗 剑 
itm_pirate_sword_pl|海 盗 剑 
itm_pirate_smallsword|小 刀 
itm_pirate_smallsword_pl|小 刀 
itm_pirate_sword3|海 盗 剑 
itm_pirate_sword3_pl|海 盗 剑 
itm_pirate_cutlass|海 盗 双 剑 
itm_pirate_cutlass_pl|海 盗 双 剑 
itm_pirate_cutlass_lefthand|海 盗 左 手 剑 
itm_pirate_cutlass_lefthand_pl|海 盗 左 手 剑 
itm_captain_sword|船 长 剑 
itm_captain_sword_pl|船 长 剑 
itm_sword_khergit_1|弯 刀 
itm_sword_khergit_1_pl|弯 刀 
itm_sword_khergit_2|弯 刀 
itm_sword_khergit_2_pl|弯 刀 
itm_sword_khergit_3|弯 刀 
itm_sword_khergit_3_pl|弯 刀 
itm_sword_khergit_4|重 型 弯 刀 
itm_sword_khergit_4_pl|重 型 弯 刀 
itm_darkelf_poleaxe|纳 迦 罗 斯 长 戟
itm_darkelf_poleaxe_pl|纳 迦 罗 斯 长 戟
itm_darkelf_poleaxe2|杜 鲁 齐 长 戟
itm_darkelf_poleaxe2_pl|杜 鲁 齐 长 戟
itm_crimson_death|猩 红 死 神
itm_crimson_death_pl|猩 红 死 神
itm_darkelf_lance|暗 精 灵 骑 枪 
itm_darkelf_lance_pl|暗 精 灵 骑 枪 
itm_darkelf_lance2|暗 精 灵 骑 枪 
itm_darkelf_lance2_pl|暗 精 灵 骑 枪 
itm_darkelf_spear|暗 精 灵 长 矛 
itm_darkelf_spear_pl|暗 精 灵 长 矛 
itm_darkelf_spear2|暗 精 灵 长 柄 刀
itm_darkelf_spear2_pl|暗 精 灵 长 柄 刀
itm_darkelf_spear3|暗 精 灵 长 柄 刀
itm_darkelf_spear3_pl|暗 精 灵 长 柄 刀
itm_darkelf_sword|暗 精 灵 双 军 刀
itm_darkelf_sword_pl|暗 精 灵 双 军 刀
itm_darkelf_sword_lefthand|暗 精 灵 左 手 军 刀 
itm_darkelf_sword_lefthand_pl|暗 精 灵 左 手 军 刀 
itm_darkelf_sword_2|暗 精 灵 刻 纹 双 军 刀
itm_darkelf_sword_2_pl|暗 精 灵 刻 纹 双 军 刀
itm_darkelf_sword_2_lefthand|暗 精 灵 刻 纹 左 手 军 刀 
itm_darkelf_sword_2_lefthand_pl|暗 精 灵 刻 纹 左 手 军 刀 
itm_darkelf_sword_3|暗 精 灵 双 剑
itm_darkelf_sword_3_pl|暗 精 灵 双 剑
itm_darkelf_sword_3_lefthand|黑 暗 精 灵 左 手 双 刃
itm_darkelf_sword_3_lefthand_pl|黑 暗 精 灵 左 手 双 刃
itm_darkelf_sword4|黑 暗 精 灵 军 刀
itm_darkelf_sword4_pl|黑 暗 精 灵 军 刀
itm_blade_assassin|刺 客 双 剑
itm_blade_assassin_pl|刺 客 双 剑
itm_blade_assassin_lefthand|刺 客 左 手 剑 
itm_blade_assassin_lefthand_pl|刺 客 左 手 剑 
itm_darkelf_flamberge|刽 子 手 剑 
itm_darkelf_flamberge_pl|刽 子 手 剑 
itm_dark_coldsword|杜 鲁 齐 骑 士 剑
itm_dark_coldsword_pl|杜 鲁 齐 骑 士 剑
itm_dark_coldsword2|杜 鲁 齐 术 士 剑
itm_dark_coldsword2_pl|杜 鲁 齐 术 士 剑
itm_darkelf_two_handed|杜 鲁 齐 贵 族 剑
itm_darkelf_two_handed_pl|杜 鲁 齐 贵 族 剑
itm_darkelf_two_handed3|巫 灵 巨 剑
itm_darkelf_two_handed3_pl|巫 灵 巨 剑
itm_darkelf_two_handed2|恐 惧 之 剑
itm_darkelf_two_handed2_pl|恐 惧 之 剑
itm_malekith_two_handed|破 坏 者 
itm_malekith_two_handed_pl|破 坏 者 
itm_warpsword_khaine|凯 恩 之 剑
itm_warpsword_khaine_pl|凯 恩 之 剑
itm_dreadknight_mace|恐 惧 骑 士 锤 
itm_dreadknight_mace_pl|恐 惧 骑 士 锤 
itm_dreadknight_mace_2|恐 惧 骑 士 钉 头 锤
itm_dreadknight_mace_2_pl|恐 惧 骑 士 钉 头 锤
itm_skaven_polearm_2h_t1_1|斯 卡 文 长 柄 刀 
itm_skaven_polearm_2h_t1_1_pl|斯 卡 文 长 柄 刀 
itm_military_scythe|斯 卡 文 镰 刀 
itm_military_scythe_pl|斯 卡 文 镰 刀 
itm_great_long_bardiche|暴 风 鼠 长 戟 
itm_great_long_bardiche_pl|暴 风 鼠 长 戟 
itm_skaven_polearm_2h_t2_2|暴 风 鼠 长 戟 
itm_skaven_polearm_2h_t2_2_pl|暴 风 鼠 长 戟 
itm_skaven_polearm_2h_t2_3|暴 风 鼠 长 戟 
itm_skaven_polearm_2h_t2_3_pl|暴 风 鼠 长 戟 
itm_skaven_polearm_2h_t3_1|斯 卡 文 泣 泪 长 戟 
itm_skaven_polearm_2h_t3_1_pl|斯 卡 文 泣 泪 长 戟 
itm_skaven_polearm_2h_t3_2|斯 卡 文 泣 泪 长 戟 
itm_skaven_polearm_2h_t3_2_pl|斯 卡 文 泣 泪 长 戟 
itm_skaven_polearm_2h_t3_3|斯 卡 文 泣 泪 长 戟 
itm_skaven_polearm_2h_t3_3_pl|斯 卡 文 泣 泪 长 戟 
itm_catcher_t1_1|拘 禁 器 
itm_catcher_t1_1_pl|拘 禁 器 
itm_catcher|拘 禁 器 
itm_catcher_pl|拘 禁 器 
itm_goblin_ballandchain|地 精 链 球
itm_goblin_ballandchain_pl|地 精 链 球
itm_ballandchain|链 球 
itm_ballandchain_pl|链 球 
itm_skaven_flail_t3_1|瘟 疫 链 球 
itm_skaven_flail_t3_1_pl|瘟 疫 链 球 
itm_ratogre_clawattack|鼠 巨 魔 利 爪
itm_ratogre_clawattack_pl|鼠 巨 魔 利 爪
itm_ratogre_clawattack2|鼠 巨 魔 利 爪
itm_ratogre_clawattack2_pl|鼠 巨 魔 利 爪
itm_mace_1|斯 卡 文 木 棒 
itm_mace_1_pl|斯 卡 文 木 棒 
itm_mace_3|斯 卡 文 钉 头 锤
itm_mace_3_pl|斯 卡 文 钉 头 锤
itm_skaven_macet1_1|斯 卡 文 木 棒 
itm_skaven_macet1_1_pl|斯 卡 文 木 棒 
itm_skaven_macet2_1|斯 卡 文 钉 头 锤
itm_skaven_macet2_1_pl|斯 卡 文 钉 头 锤
itm_skaven_macet3_1|斯 卡 文 铃 铛 锤
itm_skaven_macet3_1_pl|斯 卡 文 铃 铛 锤
itm_skaven_macet3_2|次 元 石 锤 
itm_skaven_macet3_2_pl|次 元 石 锤 
itm_skaven_pick_t1_1|斯 卡 文 战 镐
itm_skaven_pick_t1_1_pl|斯 卡 文 战 镐
itm_skaven_pick_t2_1|斯 卡 文 战 镐
itm_skaven_pick_t2_1_pl|斯 卡 文 战 镐
itm_skaven_pick_t2_2|次 元 石 战 镐
itm_skaven_pick_t2_2_pl|次 元 石 战 镐
itm_shortened_military_scythe|斯 卡 文 短 柄 镰 
itm_shortened_military_scythe_pl|斯 卡 文 短 柄 镰 
itm_shortened_voulge|斯 卡 文 斧 
itm_shortened_voulge_pl|斯 卡 文 斧 
itm_skaven_2h_axe_t1_1|斯 卡 文 双 手 长 刀 
itm_skaven_2h_axe_t1_1_pl|斯 卡 文 双 手 长 刀 
itm_skaven_2h_axe_t1_2|斯 卡 文 双 手 长 刀 
itm_skaven_2h_axe_t1_2_pl|斯 卡 文 双 手 长 刀 
itm_skaven_2h_axe_t2_1|斯 卡 文 双 手 长 刀 
itm_skaven_2h_axe_t2_1_pl|斯 卡 文 双 手 长 刀 
itm_skaven_2h_axe_t2_2|斯 卡 文 双 手 长 刀 
itm_skaven_2h_axe_t2_2_pl|斯 卡 文 双 手 长 刀 
itm_skaven_2h_axe_t3_1|次 元 石 重 刀 
itm_skaven_2h_axe_t3_1_pl|次 元 石 重 刀 
itm_skaven_2h_axe_t3_2|次 元 石 重 镰 
itm_skaven_2h_axe_t3_2_pl|次 元 石 重 镰 
itm_skaven_2h_pick_3_1|次 元 石 双 手 战 镐
itm_skaven_2h_pick_3_1_pl|次 元 石 双 手 战 镐
itm_skaven_spear|斯 卡 文 长 矛 
itm_skaven_spear_pl|斯 卡 文 长 矛 
itm_sword_skaven_1|斯 卡 文 剑 
itm_sword_skaven_1_pl|斯 卡 文 剑 
itm_sword_skaven_2|斯 卡 文 剑 
itm_sword_skaven_2_pl|斯 卡 文 剑 
itm_sword_skaven_t1_1|斯 卡 文 刀 
itm_sword_skaven_t1_1_pl|斯 卡 文 刀 
itm_sword_skaven_t2_2|斯 卡 文 刀 
itm_sword_skaven_t2_2_pl|斯 卡 文 刀 
itm_sword_skaven_t2_3|斯 卡 文 刀 
itm_sword_skaven_t2_3_pl|斯 卡 文 刀 
itm_sword_skaven_t3_1|斯 卡 文 重 刀 
itm_sword_skaven_t3_1_pl|斯 卡 文 重 刀 
itm_sword_skaven_t3_2|斯 卡 文 重 刀 
itm_sword_skaven_t3_2_pl|斯 卡 文 重 刀 
itm_sword_skaven_weeping_blade_1|淬 毒 之 刃
itm_sword_skaven_weeping_blade_1_pl|淬 毒 之 刃
itm_sword_skaven_weeping_blade_2|淬 毒 之 刃
itm_sword_skaven_weeping_blade_2_pl|淬 毒 之 刃
itm_sword_skaven_3|艾 辛 刺 客 双 剑 
itm_sword_skaven_3_pl|艾 辛 刺 客 双 剑 
itm_sword_skaven_3_lefthand|艾 辛 刺 客 左 手 剑 
itm_sword_skaven_3_lefthand_pl|艾 辛 刺 客 左 手 剑 
itm_sword_skaven_assassin|斯 卡 文 刺 客 双 刃
itm_sword_skaven_assassin_pl|斯 卡 文 刺 客 双 刃
itm_sword_skaven_assassin_lefthand|斯 卡 文 刺 客 左 手 剑 
itm_sword_skaven_assassin_lefthand_pl|斯 卡 文 刺 客 左 手 剑 
itm_sword_skaven_4|斯 卡 文 杀 手 剑 
itm_sword_skaven_4_pl|斯 卡 文 杀 手 剑 
itm_sword_skaven_5|斯 卡 文 战 剑 
itm_sword_skaven_5_pl|斯 卡 文 战 剑 
itm_greyseer_staff|灰 先 知 法 杖
itm_greyseer_staff_pl|灰 先 知 法 杖
itm_thanquol_staff|川 魁 罗 的 权 杖 
itm_thanquol_staff_pl|川 魁 罗 的 权 杖 
itm_plague_staff|腐 化 权 杖
itm_plague_staff_pl|腐 化 权 杖
itm_warp_spear_t1_1|基 础 次 元 火 枪 矛
itm_warp_spear_t1_1_pl|基 础 次 元 火 枪 矛
itm_warp_spear|次 元 火 枪 矛
itm_warp_spear_pl|次 元 火 枪 矛
itm_warp_spear_t3_1|先 进 次 元 火 枪 矛
itm_warp_spear_t3_1_pl|先 进 次 元 火 枪 矛
itm_scimitar_assassin|刺 客 弯 刀 
itm_scimitar_assassin_pl|刺 客 弯 刀 
itm_sala_sword|萨 拉 丁 之 剑 
itm_sala_sword_pl|萨 拉 丁 之 剑 
itm_araby_sword|阿 拉 比 剑 
itm_araby_sword_pl|阿 拉 比 剑 
itm_araby_sword2|阿 拉 比 剑 
itm_araby_sword2_pl|阿 拉 比 剑 
itm_araby_cavalry_sword|阿 拉 比 骑 兵 剑 
itm_araby_cavalry_sword_pl|阿 拉 比 骑 兵 剑 
itm_araby_sword3|阿 拉 比 剑 
itm_araby_sword3_pl|阿 拉 比 剑 
itm_araby_sword4|阿 拉 比 精 英 剑
itm_araby_sword4_pl|阿 拉 比 精 英 剑
itm_araby_spear|阿 拉 比 长 矛 
itm_araby_spear_pl|阿 拉 比 长 矛 
itm_araby_short_spear|阿 拉 比 短 矛 
itm_araby_short_spear_pl|阿 拉 比 短 矛 
itm_awlpike_araby|阿 拉 比 锥 头 枪 
itm_awlpike_araby_pl|阿 拉 比 锥 头 枪 
itm_elephant_pike_araby|阿 拉 比 战 象 锥 头 枪 
itm_elephant_pike_araby_pl|阿 拉 比 战 象 锥 头 枪 
itm_araby_lance|阿 拉 比 骑 枪 
itm_araby_lance_pl|阿 拉 比 骑 枪 
itm_mamluk_lance|马 穆 鲁 克 骑 枪 
itm_mamluk_lance_pl|马 穆 鲁 克 骑 枪 
itm_camel_lance|骆 驼 骑 兵 枪 
itm_camel_lance_pl|骆 驼 骑 兵 枪 
itm_halfing_falchion|弯 刀 
itm_halfing_falchion_pl|弯 刀 
itm_halfing_falchion2|战 争 弯 刀 
itm_halfing_falchion2_pl|战 争 弯 刀 
itm_chef_two__handed_cleaver|双 手 砍 刀 
itm_chef_two__handed_cleaver_pl|双 手 砍 刀 
itm_chef_two__handed_cleaver_2|双 手 大 砍 刀 
itm_chef_two__handed_cleaver_2_pl|双 手 大 砍 刀 
itm_halfling_lance|半 身 人 长 矛 
itm_halfling_lance_pl|半 身 人 长 矛 
itm_revered_tzunki|宗 奇 尊 崇 之 刃 
itm_revered_tzunki_pl|宗 奇 尊 崇 之 刃 
itm_sun_resplendent|光 辉 太 阳 弯 刀 
itm_sun_resplendent_pl|光 辉 太 阳 弯 刀 
itm_blade_realities2|现 实 之 刃 
itm_blade_realities2_pl|现 实 之 刃 
itm_mirror_shield|镜 像 池 之 盾 
itm_mirror_shield_pl|镜 像 池 之 盾 
itm_tlanxla_spear|塔 兰 克 斯 拉 尊 崇 之 矛 
itm_tlanxla_spear_pl|塔 兰 克 斯 拉 尊 崇 之 矛 
itm_amulet_itzl|伊 兹 尔 护 身 符 
itm_amulet_itzl_pl|伊 兹 尔 护 身 符 
itm_aristide_sword|阿 里 斯 蒂 德 之 剑 
itm_aristide_sword_pl|阿 里 斯 蒂 德 之 剑 
itm_fellblade|凋 零 战 刃 
itm_fellblade_pl|凋 零 战 刃 
itm_executioner|行 刑 者 斧 
itm_executioner_pl|行 刑 者 斧 
itm_cursed|迪 勒 瑞 姆 的 诅 咒 之 刃 
itm_cursed_pl|迪 勒 瑞 姆 的 诅 咒 之 刃 
itm_sword_might|强 权 之 剑 
itm_sword_might_pl|强 权 之 剑 
itm_blade_holy|圣 灵 之 刃 
itm_blade_holy_pl|圣 灵 之 刃 
itm_chaosrunesword|混 沌 符 文 剑 
itm_chaosrunesword_pl|混 沌 符 文 剑 
itm_carcasonne|卡 尔 卡 松 起 源 之 剑 
itm_carcasonne_pl|卡 尔 卡 松 起 源 之 剑 
itm_bashas|巴 沙 的 血 腥 斧 
itm_bashas_pl|巴 沙 的 血 腥 斧 
itm_martogs|马 尔 特 格 的 优 良 斧 
itm_martogs_pl|马 尔 特 格 的 优 良 斧 
itm_dagger_truth|真 理 匕 首 
itm_dagger_truth_pl|真 理 匕 首 
itm_darkelf_specialsword|毁 灭 之 剑 
itm_darkelf_specialsword_pl|毁 灭 之 剑 
itm_soulrender|裂 魂 者
itm_soulrender_pl|裂 魂 者
itm_striking_sword|突 击 之 剑 
itm_striking_sword_pl|突 击 之 剑 
itm_justice_sword|正 义 之 剑 
itm_justice_sword_pl|正 义 之 剑 
itm_chukandomo|鬼 武 丸 
itm_chukandomo_pl|鬼 武 丸 
itm_daemonsmith_warhammer|混 沌 恶 魔 铁 匠 战 锤 
itm_daemonsmith_warhammer_pl|混 沌 恶 魔 铁 匠 战 锤 
itm_dwarf_runic_axe_cleaving|矮 人 符 文 劈 斧 
itm_dwarf_runic_axe_cleaving_pl|矮 人 符 文 劈 斧 
itm_venom_staff|圣 眼 之 矛
itm_venom_staff_pl|圣 眼 之 矛
itm_boots_of_swiftness|迅 捷 之 靴 
itm_boots_of_swiftness_pl|迅 捷 之 靴 
itm_darting_steel_dagger|迅 钢 匕 首
itm_darting_steel_dagger_pl|迅 钢 匕 首
itm_hell_mace|地 狱 之 锤 
itm_hell_mace_pl|地 狱 之 锤 
itm_incense|治 愈 之 香 
itm_incense_pl|治 愈 之 香 
itm_axe_of_slaughter|杀 戮 之 斧 
itm_axe_of_slaughter_pl|杀 戮 之 斧 
itm_blade_of_slicing|剔 骨 刀 
itm_blade_of_slicing_pl|剔 骨 刀 
itm_bright_sword|辉 光 之 剑
itm_bright_sword_pl|辉 光 之 剑
itm_berserker_axe|狂 战 士 斧 
itm_berserker_axe_pl|狂 战 士 斧 
itm_darkelf_flamberge2|行 刑 者 之 剑 
itm_darkelf_flamberge2_pl|行 刑 者 之 剑 
itm_naegling|黑 暗 巨 剑 
itm_naegling_pl|黑 暗 巨 剑 
itm_sword_of_power|力 量 之 剑 
itm_sword_of_power_pl|力 量 之 剑 
itm_sword_sigismund|席 革 斯 芒 的 战 剑 
itm_sword_sigismund_pl|席 革 斯 芒 的 战 剑 
itm_stonecrusher|碎 石 狼 牙 棒 
itm_stonecrusher_pl|碎 石 狼 牙 棒 
itm_hydra|九 头 蛇 之 刃 
itm_hydra_pl|九 头 蛇 之 刃 
itm_whip_pleasure|欢 愉 之 鞭 
itm_whip_pleasure_pl|欢 愉 之 鞭 
itm_white|白 剑 
itm_white_pl|白 剑 
itm_deathpiercer|穿 死 长 柄 刀
itm_deathpiercer_pl|穿 死 长 柄 刀
itm_fracasse|弗 莱 卡 丝 的 晨 星 
itm_fracasse_pl|弗 莱 卡 丝 的 晨 星 
itm_spear_antarhak|安 塔 哈 克 之 矛
itm_spear_antarhak_pl|安 塔 哈 克 之 矛
itm_lord_gold_shield|长 老 金 盾 
itm_lord_gold_shield_pl|长 老 金 盾 
itm_burning_blade|柯 泰 戈 的 炎 刃 
itm_burning_blade_pl|柯 泰 戈 的 炎 刃 
itm_blade_realities|真 实 之 斧 
itm_blade_realities_pl|真 实 之 斧 
itm_chalice|命 运 圣 杯 
itm_chalice_pl|命 运 圣 杯 
itm_ensorcelled|魔 刃 
itm_ensorcelled_pl|魔 刃 
itm_filth_blade|污 秽 之 刃
itm_filth_blade_pl|污 秽 之 刃
itm_boots_of_tzchak|茨 恰 克 之 靴 
itm_boots_of_tzchak_pl|茨 恰 克 之 靴 
itm_couronne|哥 隆 尼 之 刃 
itm_couronne_pl|哥 隆 尼 之 刃 
itm_single_wight_blade|怨 灵 剑 
itm_single_wight_blade_pl|怨 灵 剑 
itm_catcher2|重 型 拘 禁 器 
itm_catcher2_pl|重 型 拘 禁 器 
itm_obsidian_axe|黑 曜 石 斧 
itm_obsidian_axe_pl|黑 曜 石 斧 
itm_miska|米 斯 卡 的 神 圣 巨 斧 
itm_miska_pl|米 斯 卡 的 神 圣 巨 斧 
itm_caledfwlch|王 者 之 剑 
itm_caledfwlch_pl|王 者 之 剑 
itm_spear_twilight|暮 光 之 矛
itm_spear_twilight_pl|暮 光 之 矛
itm_vampire_sword2|饮 血 者
itm_vampire_sword2_pl|饮 血 者
itm_wightblade|怨 灵 剑 
itm_wightblade_pl|怨 灵 剑 
itm_darkblade|塞 特 普 之 刃
itm_darkblade_pl|塞 特 普 之 刃
itm_fate_sword|命 运 之 剑 
itm_fate_sword_pl|命 运 之 剑 
itm_sword_heroes|英 雄 之 剑 
itm_sword_heroes_pl|英 雄 之 剑 
itm_dragons_claw|龙 牙 武 士 刀 
itm_dragons_claw_pl|龙 牙 武 士 刀 
itm_blood_axe|碎 片 斧
itm_blood_axe_pl|碎 片 斧
itm_change_axe|变 化 之 斧 
itm_change_axe_pl|变 化 之 斧 
itm_deamonsword|恶 魔 剑 
itm_deamonsword_pl|恶 魔 剑 
itm_destroyer|不 朽 的 毁 灭 者 
itm_destroyer_pl|不 朽 的 毁 灭 者 
itm_sword_of_vengeance|复 仇 之 剑 
itm_sword_of_vengeance_pl|复 仇 之 剑 
itm_armour_of_fortune|命 运 之 甲 
itm_armour_of_fortune_pl|命 运 之 甲 
itm_sword_skaven_weeping_blade_3|纳 垢 疫 之 刃
itm_sword_skaven_weeping_blade_3_pl|纳 垢 疫 之 刃
itm_hammer_judgement|审 判 之 锤 
itm_hammer_judgement_pl|审 判 之 锤 
itm_whip_agony|痛 苦 之 鞭 
itm_whip_agony_pl|痛 苦 之 鞭 
itm_servitude_axe|奴 役 之 斧 
itm_servitude_axe_pl|奴 役 之 斧 
itm_clontragh|克 隆 特 拉 赫 双 手 大 剑
itm_clontragh_pl|克 隆 特 拉 赫 双 手 大 剑
itm_runefang|符 文 之 牙 
itm_runefang_pl|符 文 之 牙 
itm_silver_moon|银 月 之 刃 
itm_silver_moon_pl|银 月 之 刃 
itm_hellfire_sword|狱 火 之 剑 
itm_hellfire_sword_pl|狱 火 之 剑 
itm_grudge_hammer|怨 恨 之 锤 
itm_grudge_hammer_pl|怨 恨 之 锤 
itm_weeping_blade|泣 泪 双 剑 
itm_weeping_blade_pl|泣 泪 双 剑 
itm_weeping_blade_lefthand|泣 泪 左 手 剑 
itm_weeping_blade_lefthand_pl|泣 泪 左 手 剑 
itm_axe_of_slaying|杀 戮 之 斧 
itm_axe_of_slaying_pl|杀 戮 之 斧 
itm_ghal_maraz|盖 尔 玛 拉 兹 
itm_ghal_maraz_pl|盖 尔 玛 拉 兹 
itm_warpgrinder_1|次 元 粉 碎 机 
itm_warpgrinder_1_pl|次 元 粉 碎 机 
itm_amethyst_staff|紫 晶 学 徒 杖 
itm_amethyst_staff_pl|紫 晶 学 徒 杖 
itm_amethyst_staff2|紫 晶 法 师 杖 
itm_amethyst_staff2_pl|紫 晶 法 师 杖 
itm_amethyst_staff3|紫 晶 大 法 师 杖  
itm_amethyst_staff3_pl|紫 晶 大 法 师 杖  
itm_slaanesh_staff|色 孽 学 徒 杖 
itm_slaanesh_staff_pl|色 孽 学 徒 杖 
itm_slaanesh_staff2|色 孽 法 师 杖 
itm_slaanesh_staff2_pl|色 孽 法 师 杖 
itm_slaanesh_staff3|色 孽 大 法 师 杖 
itm_slaanesh_staff3_pl|色 孽 大 法 师 杖 
itm_nurgle_staff|纳 垢 学 徒 杖 
itm_nurgle_staff_pl|纳 垢 学 徒 杖 
itm_nurgle_staff2|纳 垢 法 师 杖 
itm_nurgle_staff2_pl|纳 垢 法 师 杖 
itm_nurgle_staff3|纳 垢 大 法 师 杖 
itm_nurgle_staff3_pl|纳 垢 大 法 师 杖 
itm_tzeentch_staff|奸 奇 学 徒 杖 
itm_tzeentch_staff_pl|奸 奇 学 徒 杖 
itm_tzeentch_staff2|奸 奇 法 师 杖 
itm_tzeentch_staff2_pl|奸 奇 法 师 杖 
itm_tzeentch_staff3|奸 奇 大 法 师 杖 
itm_tzeentch_staff3_pl|奸 奇 大 法 师 杖 
itm_warlock_staff|咒 术 学 徒 杖 
itm_warlock_staff_pl|咒 术 学 徒 杖 
itm_warlock_staff2|咒 术 法 师 杖 
itm_warlock_staff2_pl|咒 术 法 师 杖 
itm_warlock_staff3|咒 术 大 法 师 杖 
itm_warlock_staff3_pl|咒 术 大 法 师 杖 
itm_whq_staff|巫 师 学 徒 杖 
itm_whq_staff_pl|巫 师 学 徒 杖 
itm_whq_staff2|巫 师 杖 
itm_whq_staff2_pl|巫 师 杖 
itm_whq_staff3|大 巫 师 杖 
itm_whq_staff3_pl|大 巫 师 杖 
itm_undeath_staff|死 灵 学 徒 杖 
itm_undeath_staff_pl|死 灵 学 徒 杖 
itm_undeath_staff2|死 灵 法 师 杖 
itm_undeath_staff2_pl|死 灵 法 师 杖 
itm_undeath_staff3|死 灵 大 法 师 杖 
itm_undeath_staff3_pl|死 灵 大 法 师 杖 
itm_staff_kemmler|凯 姆 勒 法 杖 
itm_staff_kemmler_pl|凯 姆 勒 法 杖 
itm_celestial_staff|天 空 学 徒 杖 
itm_celestial_staff_pl|天 空 学 徒 杖 
itm_celestial_staff2|天 空 法 师 杖 
itm_celestial_staff2_pl|天 空 法 师 杖 
itm_celestial_staff3|天 空 大 法 师 杖 
itm_celestial_staff3_pl|天 空 大 法 师 杖 
itm_fire_staff|炽 焰 学 徒 杖 
itm_fire_staff_pl|炽 焰 学 徒 杖 
itm_fire_staff2|炽 焰 法 师 杖 
itm_fire_staff2_pl|炽 焰 法 师 杖 
itm_fire_staff3|炽 焰 大 法 师 杖 
itm_fire_staff3_pl|炽 焰 大 法 师 杖 
itm_liche_staff|巫 妖 学 徒 杖 
itm_liche_staff_pl|巫 妖 学 徒 杖 
itm_liche_staff2|巫 妖 杖 
itm_liche_staff2_pl|巫 妖 杖 
itm_liche_staff3|大 巫 妖 杖 
itm_liche_staff3_pl|大 巫 妖 杖 
itm_amber_staff|琥 珀 学 徒 杖 
itm_amber_staff_pl|琥 珀 学 徒 杖 
itm_amber_staff2|琥 珀 法 师 杖 
itm_amber_staff2_pl|琥 珀 法 师 杖 
itm_amber_staff3|琥 珀 大 法 师 杖 
itm_amber_staff3_pl|琥 珀 大 法 师 杖 
itm_jade_staff|翡 翠 学 徒 杖 
itm_jade_staff_pl|翡 翠 学 徒 杖 
itm_jade_staff2|翡 翠 法 师 杖 
itm_jade_staff2_pl|翡 翠 法 师 杖 
itm_jade_staff3|翡 翠 大 法 师 杖 
itm_jade_staff3_pl|翡 翠 大 法 师 杖 
itm_ice_staff|寒 冰 学 徒 杖 
itm_ice_staff_pl|寒 冰 学 徒 杖 
itm_ice_staff2|寒 冰 法 师 杖 
itm_ice_staff2_pl|寒 冰 法 师 杖 
itm_ice_staff3|寒 冰 大 法 师 杖 
itm_ice_staff3_pl|寒 冰 大 法 师 杖 
itm_desert_staff|沙 漠 学 徒 杖 
itm_desert_staff_pl|沙 漠 学 徒 杖 
itm_desert_staff2|沙 漠 法 师 杖 
itm_desert_staff2_pl|沙 漠 法 师 杖 
itm_desert_staff3|沙 漠 大 法 师 杖 
itm_desert_staff3_pl|沙 漠 大 法 师 杖 
itm_vampire_staff|吸 血 鬼 学 徒 杖 
itm_vampire_staff_pl|吸 血 鬼 学 徒 杖 
itm_vampire_staff2|吸 血 鬼 法 师 杖 
itm_vampire_staff2_pl|吸 血 鬼 法 师 杖 
itm_vampire_staff3|吸 血 鬼 大 法 师 杖 
itm_vampire_staff3_pl|吸 血 鬼 大 法 师 杖 
itm_qhaysh_staff|奎 许 学 徒 杖 
itm_qhaysh_staff_pl|奎 许 学 徒 杖 
itm_qhaysh_staff2|奎 许 法 师 杖 
itm_qhaysh_staff2_pl|奎 许 法 师 杖 
itm_qhaysh_staff3|奎 许 大 法 师 杖 
itm_qhaysh_staff3_pl|奎 许 大 法 师 杖 
itm_gold_staff|黄 金 学 徒 杖 
itm_gold_staff_pl|黄 金 学 徒 杖 
itm_gold_staff2|黄 金 法 师 杖 
itm_gold_staff2_pl|黄 金 法 师 杖 
itm_gold_staff3|黄 金 大 法 师 杖 
itm_gold_staff3_pl|黄 金 大 法 师 杖 
itm_grey_staff|灰 色 学 徒 杖 
itm_grey_staff_pl|灰 色 学 徒 杖 
itm_grey_staff2|灰 色 法 师 杖 
itm_grey_staff2_pl|灰 色 法 师 杖 
itm_grey_staff3|灰 色 大 法 师 杖 
itm_grey_staff3_pl|灰 色 大 法 师 杖 
itm_light_staff|光 明 学 徒 杖 
itm_light_staff_pl|光 明 学 徒 杖 
itm_light_staff2|光 明 法 师 杖 
itm_light_staff2_pl|光 明 法 师 杖 
itm_light_staff3|光 明 大 法 师 杖 
itm_light_staff3_pl|光 明 大 法 师 杖 
itm_dhar_staff|达 尔 学 徒 杖 
itm_dhar_staff_pl|达 尔 学 徒 杖 
itm_dhar_staff2|达 尔 法 师 杖 
itm_dhar_staff2_pl|达 尔 法 师 杖 
itm_dhar_staff3|达 尔 大 法 师 杖 
itm_dhar_staff3_pl|达 尔 大 法 师 杖 
itm_orc_staff|兽 人 学 徒 杖 
itm_orc_staff_pl|兽 人 学 徒 杖 
itm_orc_staff2|兽 人 萨 满 杖 
itm_orc_staff2_pl|兽 人 萨 满 杖 
itm_orc_staff3|兽 人 大 萨 满 杖 
itm_orc_staff3_pl|兽 人 大 萨 满 杖 
itm_goblin_staff|地 精 学 徒 杖
itm_goblin_staff_pl|地 精 学 徒 杖
itm_goblin_staff2|地 精 萨 满 杖
itm_goblin_staff2_pl|地 精 萨 满 杖
itm_goblin_staff3|地 精 大 萨 满 杖
itm_goblin_staff3_pl|地 精 大 萨 满 杖
itm_bray_staff|蛮 荒 兽 人 学 徒 杖
itm_bray_staff_pl|蛮 荒 兽 人 学 徒 杖
itm_bray_staff2|蛮 荒 兽 人 萨 满 杖
itm_bray_staff2_pl|蛮 荒 兽 人 萨 满 杖
itm_bray_staff3|蛮 荒 兽 人 大 萨 满 杖
itm_bray_staff3_pl|蛮 荒 兽 人 大 萨 满 杖
itm_staff_nagash|沙 佩 什 法 杖
itm_staff_nagash_pl|沙 佩 什 法 杖
itm_cut_off_head_male|染 血 男 性 头 颅 
itm_cut_off_head_male_pl|染 血 男 性 头 颅 
itm_cut_off_head_female|染 血 女 性 头 颅 
itm_cut_off_head_female_pl|染 血 女 性 头 颅 
itm_cut_off_head_orc|染 血 兽 人 头 颅 
itm_cut_off_head_orc_pl|染 血 兽 人 头 颅 
itm_cut_off_head_human|染 血 人 类 头 颅 
itm_cut_off_head_human_pl|染 血 人 类 头 颅 
itm_cut_off_head_beast|染 血 野 兽 人 头 颅 
itm_cut_off_head_beast_pl|染 血 野 兽 人 头 颅 
itm_cut_off_head_skink|染 血 灵 蜥 头 颅 
itm_cut_off_head_skink_pl|染 血 灵 蜥 头 颅 
itm_cut_off_head_rat|染 血 鼠 人 头 颅 
itm_cut_off_head_rat_pl|染 血 鼠 人 头 颅 
itm_cut_off_head_saurus|染 血 蜥 人 头 颅 
itm_cut_off_head_saurus_pl|染 血 蜥 人 头 颅 
itm_cut_off_head_elf|染 血 精 灵 头 颅 
itm_cut_off_head_elf_pl|染 血 精 灵 头 颅 
itm_cut_off_head_chaos|染 血 北 地 人 头 颅 
itm_cut_off_head_chaos_pl|染 血 北 地 人 头 颅 
itm_cut_off_head_dwarf|染 血 矮 人 头 颅 
itm_cut_off_head_dwarf_pl|染 血 矮 人 头 颅 
itm_mace_of_years|时 光 之 锤 
itm_mace_of_years_pl|时 光 之 锤 
itm_the_purple_scythe|紫 晶 镰 刀
itm_the_purple_scythe_pl|紫 晶 镰 刀
itm_scarlet_scimitar|猩 红 弯 刀 
itm_scarlet_scimitar_pl|猩 红 弯 刀 
itm_frostblade|霜 刃 
itm_frostblade_pl|霜 刃 
itm_ice_glaive|霜 刃 
itm_ice_glaive_pl|霜 刃 
itm_whip|长 鞭 
itm_whip_pl|长 鞭 
itm_slaanesh_whip|色 孽 长 鞭 
itm_slaanesh_whip_pl|色 孽 长 鞭 
itm_canister_ammo|弹 药 筒
itm_canister_ammo_pl|弹 药 筒
itm_handcannon|手 炮 
itm_handcannon_pl|手 炮 
itm_dwarf_handcannon|矮 人 手 炮 
itm_dwarf_handcannon_pl|矮 人 手 炮 
itm_ogre_handcannon|食 人 魔 加 农 炮 
itm_ogre_handcannon_pl|食 人 魔 加 农 炮 
itm_pirate_ogre_handcannon|海 盗 食 人 魔 加 农 炮 
itm_pirate_ogre_handcannon_pl|海 盗 食 人 魔 加 农 炮 
itm_inferno_handcannon|地 狱 火 加 农 炮 
itm_inferno_handcannon_pl|地 狱 火 加 农 炮 
itm_dwarf_grenade|矮 人 榴 弹 发 射 器 
itm_dwarf_grenade_pl|矮 人 榴 弹 发 射 器 
itm_explosive_cannon_rounds|高 爆 弹 
itm_explosive_cannon_rounds_pl|高 爆 弹 
itm_gatgun|鼠 特 林 机 枪
itm_gatgun_pl|鼠 特 林 机 枪
itm_runic_blunderbus|符 文 短 炮 
itm_runic_blunderbus_pl|符 文 短 炮 
itm_chaos_blunderbus|霰 弹 枪 
itm_chaos_blunderbus_pl|霰 弹 枪 
itm_dwarf_shotgun|矮 人 猎 枪 
itm_dwarf_shotgun_pl|矮 人 猎 枪 
itm_nath_bomb|纳 普 塔 炸 弹 
itm_nath_bomb_pl|纳 普 塔 炸 弹 
itm_doom_diver|厄 运 飞 跃 者 弹 
itm_doom_diver_pl|厄 运 飞 跃 者 弹 
itm_poisoned_globes|毒 气 弹 
itm_poisoned_globes_pl|毒 气 弹 
itm_fungus_bomb|真 菌 弹 
itm_fungus_bomb_pl|真 菌 弹 
itm_liche_globe|巫 妖 咒 术 弹 
itm_liche_globe_pl|巫 妖 咒 术 弹 
itm_flamer_missile|火 焰 喷 射 器 弹 药
itm_flamer_missile_pl|火 焰 喷 射 器 弹 药
itm_exalted_flamer_missile|至 尊 火 焰 喷 射 器 弹 药
itm_exalted_flamer_missile_pl|至 尊 火 焰 喷 射 器 弹 药
itm_flamer_ammo|火 焰 喷 射 器 弹 药
itm_flamer_ammo_pl|火 焰 喷 射 器 弹 药
itm_light_ammo|光 明 魔 法 弹 药
itm_light_ammo_pl|光 明 魔 法 弹 药
itm_kroq_ammo|克 洛 克 弹 药
itm_kroq_ammo_pl|克 洛 克 弹 药
itm_light_missile_4|光 明 魔 法 飞 弹
itm_light_missile_4_pl|光 明 魔 法 飞 弹
itm_light_missile_6|光 明 魔 法 飞 弹
itm_light_missile_6_pl|光 明 魔 法 飞 弹
itm_light_missile_8|光 明 魔 法 飞 弹
itm_light_missile_8_pl|光 明 魔 法 飞 弹
itm_gold_ammo|黄 金 魔 法 弹 药
itm_gold_ammo_pl|黄 金 魔 法 弹 药
itm_gold_missile_4|黄 金 魔 法 飞 弹
itm_gold_missile_4_pl|黄 金 魔 法 飞 弹
itm_gold_missile_6|黄 金 魔 法 飞 弹
itm_gold_missile_6_pl|黄 金 魔 法 飞 弹
itm_gold_missile_8|黄 金 魔 法 飞 弹
itm_gold_missile_8_pl|黄 金 魔 法 飞 弹
itm_gold_missile_9|黄 金 魔 法 飞 弹
itm_gold_missile_9_pl|黄 金 魔 法 飞 弹
itm_celestial_ammo|天 空 魔 法 弹 药
itm_celestial_ammo_pl|天 空 魔 法 弹 药
itm_celestial_missile_4|天 空 魔 法 飞 弹
itm_celestial_missile_4_pl|天 空 魔 法 飞 弹
itm_celestial_missile_6|天 空 魔 法 飞 弹
itm_celestial_missile_6_pl|天 空 魔 法 飞 弹
itm_celestial_missile_8|天 空 魔 法 飞 弹
itm_celestial_missile_8_pl|天 空 魔 法 飞 弹
itm_amber_ammo|琥 珀 魔 法 弹 药
itm_amber_ammo_pl|琥 珀 魔 法 弹 药
itm_amber_missile_4|琥 珀 魔 法 飞 弹
itm_amber_missile_4_pl|琥 珀 魔 法 飞 弹
itm_amber_missile_6|琥 珀 魔 法 飞 弹
itm_amber_missile_6_pl|琥 珀 魔 法 飞 弹
itm_amber_missile_8|琥 珀 魔 法 飞 弹
itm_amber_missile_8_pl|琥 珀 魔 法 飞 弹
itm_qhaysh_ammo|高 等 魔 法 弹 药
itm_qhaysh_ammo_pl|高 等 魔 法 弹 药
itm_qhaysh_missile_4|高 等 魔 法 飞 弹
itm_qhaysh_missile_4_pl|高 等 魔 法 飞 弹
itm_qhaysh_missile_6|高 等 魔 法 飞 弹
itm_qhaysh_missile_6_pl|高 等 魔 法 飞 弹
itm_qhaysh_missile_8|高 等 魔 法 飞 弹
itm_qhaysh_missile_8_pl|高 等 魔 法 飞 弹
itm_qhaysh_missile_9|高 等 魔 法 飞 弹
itm_qhaysh_missile_9_pl|高 等 魔 法 飞 弹
itm_qhaysh_missile_10|高 等 魔 法 飞 弹
itm_qhaysh_missile_10_pl|高 等 魔 法 飞 弹
itm_dhar_ammo|黑 暗 魔 法 弹 药
itm_dhar_ammo_pl|黑 暗 魔 法 弹 药
itm_dhar_missile_4|黑 暗 魔 法 飞 弹
itm_dhar_missile_4_pl|黑 暗 魔 法 飞 弹
itm_dhar_missile_6|黑 暗 魔 法 飞 弹
itm_dhar_missile_6_pl|黑 暗 魔 法 飞 弹
itm_dhar_missile_8|黑 暗 魔 法 飞 弹
itm_dhar_missile_8_pl|黑 暗 魔 法 飞 弹
itm_dhar_missile_9|黑 暗 魔 法 飞 弹
itm_dhar_missile_9_pl|黑 暗 魔 法 飞 弹
itm_tzeentch_ammo|奸 奇 魔 法 弹 药
itm_tzeentch_ammo_pl|奸 奇 魔 法 弹 药
itm_tzeentch_missile_4|奸 奇 魔 法 飞 弹
itm_tzeentch_missile_4_pl|奸 奇 魔 法 飞 弹
itm_tzeentch_missile_6|奸 奇 魔 法 飞 弹
itm_tzeentch_missile_6_pl|奸 奇 魔 法 飞 弹
itm_tzeentch_missile_8|奸 奇 魔 法 飞 弹
itm_tzeentch_missile_8_pl|奸 奇 魔 法 飞 弹
itm_slaanesh_ammo|色 孽 魔 法 弹 药
itm_slaanesh_ammo_pl|色 孽 魔 法 弹 药
itm_slaanesh_missile_4|色 孽 魔 法 飞 弹
itm_slaanesh_missile_4_pl|色 孽 魔 法 飞 弹
itm_slaanesh_missile_6|色 孽 魔 法 飞 弹
itm_slaanesh_missile_6_pl|色 孽 魔 法 飞 弹
itm_slaanesh_missile_8|色 孽 魔 法 飞 弹
itm_slaanesh_missile_8_pl|色 孽 魔 法 飞 弹
itm_nurgle_ammo|纳 垢 魔 法 弹 药
itm_nurgle_ammo_pl|纳 垢 魔 法 弹 药
itm_nurgle_missile_4|纳 垢 魔 法 飞 弹
itm_nurgle_missile_4_pl|纳 垢 魔 法 飞 弹
itm_nurgle_missile_6|纳 垢 魔 法 飞 弹
itm_nurgle_missile_6_pl|纳 垢 魔 法 飞 弹
itm_nurgle_missile_8|纳 垢 魔 法 飞 弹
itm_nurgle_missile_8_pl|纳 垢 魔 法 飞 弹
itm_orc_ammo|大 Waaagh！魔 法 弹 药
itm_orc_ammo_pl|大 Waaagh！魔 法 弹 药
itm_orc_missile_4|大 Waagh魔 法 飞 弹
itm_orc_missile_4_pl|大 Waagh魔 法 飞 弹
itm_orc_missile_6|大 Waagh魔 法 飞 弹
itm_orc_missile_6_pl|大 Waagh魔 法 飞 弹
itm_orc_missile_8|大 Waagh魔 法 飞 弹
itm_orc_missile_8_pl|大 Waagh魔 法 飞 弹
itm_goblin_ammo|小 Waaagh！魔 法 弹 药
itm_goblin_ammo_pl|小 Waaagh！魔 法 弹 药
itm_skarsnik_ammo|斯 卡 斯 尼 克 弹 药
itm_skarsnik_ammo_pl|斯 卡 斯 尼 克 弹 药
itm_goblin_missile_4|小 Waagh魔 法 飞 弹
itm_goblin_missile_4_pl|小 Waagh魔 法 飞 弹
itm_goblin_missile_6|小 Waagh魔 法 飞 弹
itm_goblin_missile_6_pl|小 Waagh魔 法 飞 弹
itm_goblin_missile_8|小 Waagh魔 法 飞 弹
itm_goblin_missile_8_pl|小 Waagh魔 法 飞 弹
itm_ruin_ammo|斯 卡 文 毁 灭 魔 法 弹 药
itm_ruin_ammo_pl|斯 卡 文 毁 灭 魔 法 弹 药
itm_ruin_missile_4|斯 卡 文 毁 灭 魔 法 飞 弹
itm_ruin_missile_4_pl|斯 卡 文 毁 灭 魔 法 飞 弹
itm_ruin_missile_6|斯 卡 文 毁 灭 魔 法 飞 弹
itm_ruin_missile_6_pl|斯 卡 文 毁 灭 魔 法 飞 弹
itm_ruin_missile_8|斯 卡 文 毁 灭 魔 法 飞 弹
itm_ruin_missile_8_pl|斯 卡 文 毁 灭 魔 法 飞 弹
itm_ruin_missile_9|斯 卡 文 毁 灭 魔 法 飞 弹
itm_ruin_missile_9_pl|斯 卡 文 毁 灭 魔 法 飞 弹
itm_ice_ammo|冰 魔 法 弹 药
itm_ice_ammo_pl|冰 魔 法 弹 药
itm_ice_missile_4|冰 魔 法 飞 弹
itm_ice_missile_4_pl|冰 魔 法 飞 弹
itm_ice_missile_6|冰 魔 法 飞 弹
itm_ice_missile_6_pl|冰 魔 法 飞 弹
itm_ice_missile_8|冰 魔 法 飞 弹
itm_ice_missile_8_pl|冰 魔 法 飞 弹
itm_ice_missile_9|冰 魔 法 飞 弹
itm_ice_missile_9_pl|冰 魔 法 飞 弹
itm_desert_ammo|沙 漠 魔 法 弹 药
itm_desert_ammo_pl|沙 漠 魔 法 弹 药
itm_wild_missile_4|荒 野 魔 法 飞 弹
itm_wild_missile_4_pl|荒 野 魔 法 飞 弹
itm_wild_missile_6|荒 野 魔 法 飞 弹
itm_wild_missile_6_pl|荒 野 魔 法 飞 弹
itm_wild_missile_8|荒 野 魔 法 飞 弹
itm_wild_missile_8_pl|荒 野 魔 法 飞 弹
itm_wild_ammo|野 性 魔 法 弹 药
itm_wild_ammo_pl|野 性 魔 法 弹 药
itm_desert_missile_4|沙 漠 魔 法 飞 弹
itm_desert_missile_4_pl|沙 漠 魔 法 飞 弹
itm_desert_missile_6|沙 漠 魔 法 飞 弹
itm_desert_missile_6_pl|沙 漠 魔 法 飞 弹
itm_desert_missile_8|沙 漠 魔 法 飞 弹
itm_desert_missile_8_pl|沙 漠 魔 法 飞 弹
itm_desert_missile_9|沙 漠 魔 法 飞 弹
itm_desert_missile_9_pl|沙 漠 魔 法 飞 弹
itm_bright_ammo|炽 焰 魔 法 弹 药
itm_bright_ammo_pl|炽 焰 魔 法 弹 药
itm_bright_uzhul_ammo|乌 祖 尔 光 弹
itm_bright_uzhul_ammo_pl|乌 祖 尔 光 弹
itm_bright_missile_4|光 明 魔 法 飞 弹
itm_bright_missile_4_pl|光 明 魔 法 飞 弹
itm_bright_missile_6|光 明 魔 法 飞 弹
itm_bright_missile_6_pl|光 明 魔 法 飞 弹
itm_bright_missile_8|光 明 魔 法 飞 弹
itm_bright_missile_8_pl|光 明 魔 法 飞 弹
itm_bright_missile_9|光 明 魔 法 飞 弹
itm_bright_missile_9_pl|光 明 魔 法 飞 弹
itm_missile_kroq|克 罗 克—— 翼 刃
itm_missile_kroq_pl|克 罗 克—— 翼 刃
itm_missile_skarsnik|斯 卡 斯 尼 克—— 淬 毒 武 器
itm_missile_skarsnik_pl|斯 卡 斯 尼 克—— 淬 毒 武 器
itm_player_missile_light|光 明 魔 法
itm_player_missile_light_pl|光 明 魔 法
itm_player_missile_gold|黄 金 魔 法
itm_player_missile_gold_pl|黄 金 魔 法
itm_player_missile_jade|翡 翠 魔 法
itm_player_missile_jade_pl|翡 翠 魔 法
itm_player_missile_celestial|天 空 魔 法
itm_player_missile_celestial_pl|天 空 魔 法
itm_player_missile_grey|灰 色 魔 法
itm_player_missile_grey_pl|灰 色 魔 法
itm_player_missile_amethyst|紫 晶 魔 法
itm_player_missile_amethyst_pl|紫 晶 魔 法
itm_player_missile_bright|炽 焰 魔 法
itm_player_missile_bright_pl|炽 焰 魔 法
itm_player_missile_amber|琥 珀 魔 法
itm_player_missile_amber_pl|琥 珀 魔 法
itm_player_missile_qhaysh|高 等 魔 法
itm_player_missile_qhaysh_pl|高 等 魔 法
itm_player_missile_dhar|黑 暗 魔 法
itm_player_missile_dhar_pl|黑 暗 魔 法
itm_player_missile_necromantic|死 灵 魔 法
itm_player_missile_necromantic_pl|死 灵 魔 法
itm_player_missile_tzeentch|奸 奇 魔 法
itm_player_missile_tzeentch_pl|奸 奇 魔 法
itm_player_missile_slaanesh|色 孽 魔 法
itm_player_missile_slaanesh_pl|色 孽 魔 法
itm_player_missile_nurgle|纳 垢 魔 法
itm_player_missile_nurgle_pl|纳 垢 魔 法
itm_player_missile_orc|兽 人 魔 法
itm_player_missile_orc_pl|兽 人 魔 法
itm_player_missile_goblin|地 精 魔 法
itm_player_missile_goblin_pl|地 精 魔 法
itm_player_missile_ruin|毁 灭 魔 法
itm_player_missile_ruin_pl|毁 灭 魔 法
itm_player_missile_plague|瘟 疫 魔 法
itm_player_missile_plague_pl|瘟 疫 魔 法
itm_player_missile_nehekhara|尼 赫 喀 拉 魔 法
itm_player_missile_nehekhara_pl|尼 赫 喀 拉 魔 法
itm_player_missile_ice|寒 冰 魔 法
itm_player_missile_ice_pl|寒 冰 魔 法
itm_player_missile_desert|沙 漠 魔 法
itm_player_missile_desert_pl|沙 漠 魔 法
itm_player_missile_wild|野 性 魔 法
itm_player_missile_wild_pl|野 性 魔 法
itm_player_missile_placeholder|占 位 符
itm_player_missile_placeholder_pl|占 位 符
itm_player_missile_hedge|乡 野 魔 法
itm_player_missile_hedge_pl|乡 野 魔 法
itm_player_missile_vampire|吸 血 鬼 魔 法
itm_player_missile_vampire_pl|吸 血 鬼 魔 法
itm_phas_protection_ammo|菲 的 庇 护 之 光 
itm_phas_protection_ammo_pl|菲 的 庇 护 之 光 
itm_speed_of_light_ammo|光 速 
itm_speed_of_light_ammo_pl|光 速 
itm_glory_ammo|光 速
itm_glory_ammo_pl|光 速
itm_light_of_battle_ammo|征 战 之 光
itm_light_of_battle_ammo_pl|征 战 之 光
itm_shimmering_cloak_ammo|闪 耀 斗 篷
itm_shimmering_cloak_ammo_pl|闪 耀 斗 篷
itm_mace_of_years_ammo|时 光 之 锤 
itm_mace_of_years_ammo_pl|时 光 之 锤 
itm_scarlet_scimitar_ammo|绯 红 弯 刀 
itm_scarlet_scimitar_ammo_pl|绯 红 弯 刀 
itm_the_purple_scythe_ammo|紫 晶 镰 刀 
itm_the_purple_scythe_ammo_pl|紫 晶 镰 刀 
itm_net_of_amyntok_ammo|阿 明 托 克 之 网 
itm_net_of_amyntok_ammo_pl|阿 明 托 克 之 网 
itm_banishment_ammo|放 逐 之 光 
itm_banishment_ammo_pl|放 逐 之 光 
itm_bironas_timewarp_ammo|拜 若 纳 的 时 间 扭 曲 
itm_bironas_timewarp_ammo_pl|拜 若 纳 的 时 间 扭 曲 
itm_shems_burning_gaze_ammo|谢 姆 的 灼 热 凝 视
itm_shems_burning_gaze_ammo_pl|谢 姆 的 灼 热 凝 视
itm_searing_doom_ammo|毁 灭 熔 流 
itm_searing_doom_ammo_pl|毁 灭 熔 流 
itm_plague_of_rust_ammo|锈 蚀 瘟 疫 
itm_plague_of_rust_ammo_pl|锈 蚀 瘟 疫 
itm_burnished_gauntlet_ammo|抛 光 金 护 手 
itm_burnished_gauntlet_ammo_pl|抛 光 金 护 手 
itm_the_crucible_ammo|坩 埚 
itm_the_crucible_ammo_pl|坩 埚 
itm_witch_flight_ammo|女 巫 飞 行 术 
itm_witch_flight_ammo_pl|女 巫 飞 行 术 
itm_speed_of_lykos_ammo|莱 科 斯 的 速 度 
itm_speed_of_lykos_ammo_pl|莱 科 斯 的 速 度 
itm_the_emerald_portal_ammo|翡 翠 之 门
itm_the_emerald_portal_ammo_pl|翡 翠 之 门
itm_enchanted_blades_of_aiban_ammo|艾 班 之 刃 附 魔 
itm_enchanted_blades_of_aiban_ammo_pl|艾 班 之 刃 附 魔 
itm_glittering_robe_ammo|闪 耀 长 袍 
itm_glittering_robe_ammo_pl|闪 耀 长 袍 
itm_transmutation_of_lead_ammo|铅 之 炼 金 术 
itm_transmutation_of_lead_ammo_pl|铅 之 炼 金 术 
itm_final_transmutation_ammo|终 极 炼 金 术 
itm_final_transmutation_ammo_pl|终 极 炼 金 术 
itm_earth_blood_ammo|大 地 之 血 
itm_earth_blood_ammo_pl|大 地 之 血 
itm_cure_wounds_ammo|治 愈 重 伤 
itm_cure_wounds_ammo_pl|治 愈 重 伤 
itm_flesh_to_stone_ammo|石 化 之 躯 
itm_flesh_to_stone_ammo_pl|石 化 之 躯 
itm_peace_ammo|和 平 
itm_peace_ammo_pl|和 平 
itm_the_dwellers_below_ammo|地 灵 觉 醒 
itm_the_dwellers_below_ammo_pl|地 灵 觉 醒 
itm_awakening_of_the_wood_ammo|森 林 复 苏 
itm_awakening_of_the_wood_ammo_pl|森 林 复 苏 
itm_shield_of_thorns_ammo|荆 棘 护 盾 
itm_shield_of_thorns_ammo_pl|荆 棘 护 盾 
itm_cloak_of_dain_ammo|纪 伦 斗 篷 
itm_cloak_of_dain_ammo_pl|纪 伦 斗 篷 
itm_regrowth_ammo|再 生 术 
itm_regrowth_ammo_pl|再 生 术 
itm_iceshard_blizzard_ammo|冰 片 暴 风 雪 
itm_iceshard_blizzard_ammo_pl|冰 片 暴 风 雪 
itm_harmonic_convergence_ammo|和 音 汇 集 
itm_harmonic_convergence_ammo_pl|和 音 汇 集 
itm_curse_of_the_midnight_wind_ammo|夜 风 诅 咒 
itm_curse_of_the_midnight_wind_ammo_pl|夜 风 诅 咒 
itm_lightning_storm_ammo|闪 电 风 暴 
itm_lightning_storm_ammo_pl|闪 电 风 暴 
itm_swiftwing_ammo|快 速 飞 行 
itm_swiftwing_ammo_pl|快 速 飞 行 
itm_the_cerulean_shield_ammo|天 青 之 盾
itm_the_cerulean_shield_ammo_pl|天 青 之 盾
itm_comet_of_casandora_ammo|卡 莎 朵 拉 彗 星 
itm_comet_of_casandora_ammo_pl|卡 莎 朵 拉 彗 星 
itm_urannons_thunderbolt_ammo|尤 瑞 诺 闪 电 箭 
itm_urannons_thunderbolt_ammo_pl|尤 瑞 诺 闪 电 箭 
itm_lightning_bolt_ammo|闪 电 箭 
itm_lightning_bolt_ammo_pl|闪 电 箭 
itm_wind_blast_ammo|风 爆 术 
itm_wind_blast_ammo_pl|风 爆 术 
itm_melkoths_mystifying_miasma_ammo|梅 尔 克 斯 的 迷 魂 毒 瘴 
itm_melkoths_mystifying_miasma_ammo_pl|梅 尔 克 斯 的 迷 魂 毒 瘴 
itm_the_enfeebling_foe_ammo|虚 弱 术 
itm_the_enfeebling_foe_ammo_pl|虚 弱 术 
itm_the_withering_ammo|凋 零 术
itm_the_withering_ammo_pl|凋 零 术
itm_steed_of_shadows_ammo|阴 影 骏 马 
itm_steed_of_shadows_ammo_pl|阴 影 骏 马 
itm_radiance_of_potolos_ammo|普 特 罗 斯 之 辉
itm_radiance_of_potolos_ammo_pl|普 特 罗 斯 之 辉
itm_pit_of_shades_ammo|幽 暗 深 渊 
itm_pit_of_shades_ammo_pl|幽 暗 深 渊 
itm_shadow_strike_ammo|暗 影 箭 
itm_shadow_strike_ammo_pl|暗 影 箭 
itm_traitor_of_tarn_ammo|塔 恩 的 叛 徒 
itm_traitor_of_tarn_ammo_pl|塔 恩 的 叛 徒 
itm_okkams_mindrazor_ammo|奥 卡 姆 的 心 灵 剃 刀
itm_okkams_mindrazor_ammo_pl|奥 卡 姆 的 心 灵 剃 刀
itm_spirit_leech_ammo|灵 魂 汲 取
itm_spirit_leech_ammo_pl|灵 魂 汲 取
itm_caress_of_the_laniph_ammo|拉 尼 菲 的 爱 抚 
itm_caress_of_the_laniph_ammo_pl|拉 尼 菲 的 爱 抚 
itm_fate_of_bjuna_ammo|贝 加 纳 的 命 运 
itm_fate_of_bjuna_ammo_pl|贝 加 纳 的 命 运 
itm_aspect_of_the_dreadknight_ammo|恐 惧 骑 士 化 身
itm_aspect_of_the_dreadknight_ammo_pl|恐 惧 骑 士 化 身
itm_doom_and_darkness_ammo|死 亡 之 门
itm_doom_and_darkness_ammo_pl|死 亡 之 门
itm_soulblight_ammo|灵 魂 枯 萎 
itm_soulblight_ammo_pl|灵 魂 枯 萎 
itm_purple_sun_of_xereus_ammo|泽 雷 尔 斯 的 紫 晶 邪 阳
itm_purple_sun_of_xereus_ammo_pl|泽 雷 尔 斯 的 紫 晶 邪 阳
itm_the_amber_spear_ammo|琥 珀 之 矛 
itm_the_amber_spear_ammo_pl|琥 珀 之 矛 
itm_transformation_of_kadon_ammo|卡 顿 变 形 术
itm_transformation_of_kadon_ammo_pl|卡 顿 变 形 术
itm_flock_of_doom_ammo|厄 运 之 群 
itm_flock_of_doom_ammo_pl|厄 运 之 群 
itm_curse_of_anraheir_ammo|安 拉 海 尔 的 诅 咒 
itm_curse_of_anraheir_ammo_pl|安 拉 海 尔 的 诅 咒 
itm_wyssans_wildform_ammo|维 杉 的 狂 野 形 态 
itm_wyssans_wildform_ammo_pl|维 杉 的 狂 野 形 态 
itm_the_fleeting_bower_ammo|猎 鹰 之 翼
itm_the_fleeting_bower_ammo_pl|猎 鹰 之 翼
itm_fleet_of_foot_ammo|疾 步 术 
itm_fleet_of_foot_ammo_pl|疾 步 术 
itm_the_vengeful_hood_ammo|召 唤 野 熊
itm_the_vengeful_hood_ammo_pl|召 唤 野 熊
itm_panns_impenetrable_belt_ammo|潘 恩 的 坚 韧 毛 皮 
itm_panns_impenetrable_belt_ammo_pl|潘 恩 的 坚 韧 毛 皮 
itm_savage_beast_of_horrors_ammo|赫 罗 斯 狂 兽 
itm_savage_beast_of_horrors_ammo_pl|赫 罗 斯 狂 兽 
itm_cascading_fire_cloak_ammo|流 火 披 风 
itm_cascading_fire_cloak_ammo_pl|流 火 披 风 
itm_flaming_sword_of_rhuin_ammo|鲁 因 火 焰 剑 
itm_flaming_sword_of_rhuin_ammo_pl|鲁 因 火 焰 剑 
itm_swords_of_doom_ammo|末 日 之 剑 
itm_swords_of_doom_ammo_pl|末 日 之 剑 
itm_fulminating_flame_cage_ammo|火 焰 牢 笼 
itm_fulminating_flame_cage_ammo_pl|火 焰 牢 笼 
itm_flame_storm_ammo|火 焰 风 暴 
itm_flame_storm_ammo_pl|火 焰 风 暴 
itm_conflagration_of_doom_ammo|末 日 之 火 
itm_conflagration_of_doom_ammo_pl|末 日 之 火 
itm_piercing_bolts_of_burning_ammo|燃 烧 穿 透 弩 矢
itm_piercing_bolts_of_burning_ammo_pl|燃 烧 穿 透 弩 矢
itm_the_burning_head_ammo|烈 焰 之 颅 
itm_the_burning_head_ammo_pl|烈 焰 之 颅 
itm_fireball_ammo|火 球 
itm_fireball_ammo_pl|火 球 
itm_uzhul_ammo|乌 祖 尔 的 火 球 术
itm_uzhul_ammo_pl|乌 祖 尔 的 火 球 术
itm_fireball2_ammo|火 球 术 
itm_fireball2_ammo_pl|火 球 术 
itm_arcane_unforging_ammo|秘 法 裂 解 
itm_arcane_unforging_ammo_pl|秘 法 裂 解 
itm_soul_quench_ammo|灵 魂 湮 灭
itm_soul_quench_ammo_pl|灵 魂 湮 灭
itm_drain_magic_ammo|汲 魔 术
itm_drain_magic_ammo_pl|汲 魔 术
itm_mana_tempest_ammo|法 力 风 暴
itm_mana_tempest_ammo_pl|法 力 风 暴
itm_apotheosis_ammo|神 化 术
itm_apotheosis_ammo_pl|神 化 术
itm_arcane_banishment_ammo|奥 术 放 逐 
itm_arcane_banishment_ammo_pl|奥 术 放 逐 
itm_walk_between_worlds_ammo|界 间 行 走
itm_walk_between_worlds_ammo_pl|界 间 行 走
itm_hand_of_glory_ammo|荣 耀 之 手 
itm_hand_of_glory_ammo_pl|荣 耀 之 手 
itm_fiery_convocation_ammo|万 焰 燃 集 
itm_fiery_convocation_ammo_pl|万 焰 燃 集 
itm_doom_bolt_ammo|毁 灭 魔 矢 
itm_doom_bolt_ammo_pl|毁 灭 魔 矢 
itm_power_of_darkness_ammo|黑 暗 之 力 
itm_power_of_darkness_ammo_pl|黑 暗 之 力 
itm_chill_wind_ammo|彻 骨 寒 风 
itm_chill_wind_ammo_pl|彻 骨 寒 风 
itm_word_of_pain_ammo|痛 苦 之 言
itm_word_of_pain_ammo_pl|痛 苦 之 言
itm_blade_wind_ammo|利 刃 狂 风 
itm_blade_wind_ammo_pl|利 刃 狂 风 
itm_shroud_of_despair_ammo|绝 望 帷 幕 
itm_shroud_of_despair_ammo_pl|绝 望 帷 幕 
itm_soulstealer_ammo|窃 魂 术 
itm_soulstealer_ammo_pl|窃 魂 术 
itm_arnzipals_black_horror_ammo|阿 恩 齐 帕 尔 的 黑 色 恐 怖
itm_arnzipals_black_horror_ammo_pl|阿 恩 齐 帕 尔 的 黑 色 恐 怖
itm_window_of_the_void_ammo|虚 空 之 窗 
itm_window_of_the_void_ammo_pl|虚 空 之 窗 
itm_death_spasm_ammo|死 亡 痉 挛 
itm_death_spasm_ammo_pl|死 亡 痉 挛 
itm_ryze_the_grave_call_ammo|掘 墓 还 魂 术 
itm_ryze_the_grave_call_ammo_pl|掘 墓 还 魂 术 
itm_blight_ammo|枯 萎 病
itm_blight_ammo_pl|枯 萎 病
itm_morkharn_the_breath_of_darkness_ammo|莫 尔 卡 恩 的 黑 暗 吐 息
itm_morkharn_the_breath_of_darkness_ammo_pl|莫 尔 卡 恩 的 黑 暗 吐 息
itm_sulekhim_the_hand_of_dust_ammo|尘 埃 之 手 
itm_sulekhim_the_hand_of_dust_ammo_pl|尘 埃 之 手 
itm_khizzar_the_soul_stealer_ammo|基 扎 尔 的 窃 魂 术
itm_khizzar_the_soul_stealer_ammo_pl|基 扎 尔 的 窃 魂 术
itm_gaze_of_nagash_ammo|纳 加 什 凝 视 
itm_gaze_of_nagash_ammo_pl|纳 加 什 凝 视 
itm_corruption_ammo|腐 败 
itm_corruption_ammo_pl|腐 败 
itm_vansels_danse_macabre_ammo|范 赫 死 亡 之 舞 
itm_vansels_danse_macabre_ammo_pl|范 赫 死 亡 之 舞 
itm_kandorak_the_harbinger_ammo|坎 多 拉 克 先 驱
itm_kandorak_the_harbinger_ammo_pl|坎 多 拉 克 先 驱
itm_akar_aran_the_dark_riders_ammo|阿 卡 尔 · 阿 兰 的 黑 暗 骑 手
itm_akar_aran_the_dark_riders_ammo_pl|阿 卡 尔 · 阿 兰 的 黑 暗 骑 手
itm_invocation_of_nehek_ammo|尼 赫 喀 拉 的 召 唤 
itm_invocation_of_nehek_ammo_pl|尼 赫 喀 拉 的 召 唤 
itm_hellish_vigour_ammo|地 狱 活 力
itm_hellish_vigour_ammo_pl|地 狱 活 力
itm_raise_dead_ammo|驱 役 亡 灵 
itm_raise_dead_ammo_pl|驱 役 亡 灵 
itm_turn_to_smoke_ammo|化 为 烟 雾
itm_turn_to_smoke_ammo_pl|化 为 烟 雾
itm_ethereal_ammo|灵 体
itm_ethereal_ammo_pl|灵 体
itm_transfix_ammo|定 身 术
itm_transfix_ammo_pl|定 身 术
itm_gaze_of_nagash2_ammo|纳 加 什 凝 视 
itm_gaze_of_nagash2_ammo_pl|纳 加 什 凝 视 
itm_vansels_danse_macabre2_ammo|范 赫 死 亡 之 舞 
itm_vansels_danse_macabre2_ammo_pl|范 赫 死 亡 之 舞 
itm_wind_of_death_ammo|死 亡 虚 空
itm_wind_of_death_ammo_pl|死 亡 虚 空
itm_curse_of_years_ammo|岁 月 诅 咒 
itm_curse_of_years_ammo_pl|岁 月 诅 咒 
itm_bolt_of_change_ammo|变 幻 之 箭 
itm_bolt_of_change_ammo_pl|变 幻 之 箭 
itm_glean_magic_ammo|窃 取 魔 法
itm_glean_magic_ammo_pl|窃 取 魔 法
itm_blue_fire_of_tzeentch_ammo|奸 奇 蓝 焰 
itm_blue_fire_of_tzeentch_ammo_pl|奸 奇 蓝 焰 
itm_treason_of_tzeentch_ammo|奸 奇 的 背 叛
itm_treason_of_tzeentch_ammo_pl|奸 奇 的 背 叛
itm_pink_fire_of_tzeentch_ammo|奸 奇 粉 焰 
itm_pink_fire_of_tzeentch_ammo_pl|奸 奇 粉 焰 
itm_tzeentch_firestorm_ammo|奸 奇 火 焰 风 暴 
itm_tzeentch_firestorm_ammo_pl|奸 奇 火 焰 风 暴 
itm_boon_of_tzeentch_ammo|法 力 风 暴
itm_boon_of_tzeentch_ammo_pl|法 力 风 暴
itm_shield_of_fire_ammo|火 之 盾 
itm_shield_of_fire_ammo_pl|火 之 盾 
itm_infernal_gateway_ammo|地 狱 之 门 
itm_infernal_gateway_ammo_pl|地 狱 之 门 
itm_lash_of_slaanesh_ammo|色 孽 之 鞭 
itm_lash_of_slaanesh_ammo_pl|色 孽 之 鞭 
itm_pavane_of_slaanesh_ammo|色 孽 舞 曲 
itm_pavane_of_slaanesh_ammo_pl|色 孽 舞 曲 
itm_phantasmogoria_ammo|幻 象 狂 景
itm_phantasmogoria_ammo_pl|幻 象 狂 景
itm_summon_daemonettes_ammo|召 唤 欲 魔 
itm_summon_daemonettes_ammo_pl|召 唤 欲 魔 
itm_hysterical_frenzy_ammo|癫 狂 狂 热
itm_hysterical_frenzy_ammo_pl|癫 狂 狂 热
itm_bondage_of_slaanesh_ammo|色 孽 的 束 缚 
itm_bondage_of_slaanesh_ammo_pl|色 孽 的 束 缚 
itm_acquiescence_ammo|顺 从 术 
itm_acquiescence_ammo_pl|顺 从 术 
itm_slicing_shards_ammo|切 割 裂 片 
itm_slicing_shards_ammo_pl|切 割 裂 片 
itm_cacophonic_choir_ammo|刺 耳 合 唱
itm_cacophonic_choir_ammo_pl|刺 耳 合 唱
itm_stream_of_corruption_ammo|腐 化 激 流 
itm_stream_of_corruption_ammo_pl|腐 化 激 流 
itm_fleshy_abundance_ammo|肉 体 丰 饶
itm_fleshy_abundance_ammo_pl|肉 体 丰 饶
itm_miasma_of_pestilence_ammo|瘟 疫 瘴 气 
itm_miasma_of_pestilence_ammo_pl|瘟 疫 瘴 气 
itm_blades_of_putrefaction_ammo|腐 化 之 刃 
itm_blades_of_putrefaction_ammo_pl|腐 化 之 刃 
itm_curse_of_the_leper_ammo|麻 风 病 的 诅 咒 
itm_curse_of_the_leper_ammo_pl|麻 风 病 的 诅 咒 
itm_stench_of_nurgle_ammo|纳 垢 恶 臭 
itm_stench_of_nurgle_ammo_pl|纳 垢 恶 臭 
itm_rancid_visitations_ammo|腐 臭 侵 袭
itm_rancid_visitations_ammo_pl|腐 臭 侵 袭
itm_plague_wind_ammo|瘟 疫 之 风 
itm_plague_wind_ammo_pl|瘟 疫 之 风 
itm_gaze_of_mork_ammo|毛 哥 凝 视 
itm_gaze_of_mork_ammo_pl|毛 哥 凝 视 
itm_brain_bursta_ammo|爆 脑 术 
itm_brain_bursta_ammo_pl|爆 脑 术 
itm_eadbutt_ammo|头 槌 冲 击 波 
itm_eadbutt_ammo_pl|头 槌 冲 击 波 
itm_mork_save_uz_ammo|毛 哥 救 俺 们
itm_mork_save_uz_ammo_pl|毛 哥 救 俺 们
itm_waaaaaagh_ammo|大 Waaaaaagh！
itm_waaaaaagh_ammo_pl|大 Waaaaaagh！
itm_foot_of_gork_ammo|搞 哥 大 脚 
itm_foot_of_gork_ammo_pl|搞 哥 大 脚 
itm_fists_of_gork_ammo|搞 哥 老 拳 
itm_fists_of_gork_ammo_pl|搞 哥 老 拳 
itm_ere_we_go_ammo|跟 我 上！
itm_ere_we_go_ammo_pl|跟 我 上！
itm_hand_of_gork_ammo|搞 哥 大 手 
itm_hand_of_gork_ammo_pl|搞 哥 大 手 
itm_curse_of_da_bad_moon_ammo|恶 月 诅 咒 
itm_curse_of_da_bad_moon_ammo_pl|恶 月 诅 咒 
itm_vindictive_glare_ammo|复 仇 怒 视 
itm_vindictive_glare_ammo_pl|复 仇 怒 视 
itm_gork_will_fix_it_ammo|搞 哥 会 收 拾 它
itm_gork_will_fix_it_ammo_pl|搞 哥 会 收 拾 它
itm_mork_save_uz_2_ammo|毛 哥 救 俺 们
itm_mork_save_uz_2_ammo_pl|毛 哥 救 俺 们
itm_waaaaaagh_2_ammo|小 Waaaaaagh！
itm_waaaaaagh_2_ammo_pl|小 Waaaaaagh！
itm_night_shroud_ammo|夜 幕 笼 罩 
itm_night_shroud_ammo_pl|夜 幕 笼 罩 
itm_itchy_nuisance_ammo|瘙 痒 侵 袭 
itm_itchy_nuisance_ammo_pl|瘙 痒 侵 袭 
itm_gift_of_the_spider_god_ammo|蜘 蛛 之 神 的 赠 礼 
itm_gift_of_the_spider_god_ammo_pl|蜘 蛛 之 神 的 赠 礼 
itm_sneaky_stabbin_ammo|鬼 祟 痛 击 
itm_sneaky_stabbin_ammo_pl|鬼 祟 痛 击 
itm_warp_lightning_ammo|次 元 闪 电 
itm_warp_lightning_ammo_pl|次 元 闪 电 
itm_howling_warpgale_ammo|呼 啸 次 元 狂 风
itm_howling_warpgale_ammo_pl|呼 啸 次 元 狂 风
itm_warp_jump_ammo|次 元 跳 跃 
itm_warp_jump_ammo_pl|次 元 跳 跃 
itm_skitterleap_ammo|瞬 间 转 移 
itm_skitterleap_ammo_pl|瞬 间 转 移 
itm_curse_of_the_horned_one_ammo|大 角 鼠 的 诅 咒 
itm_curse_of_the_horned_one_ammo_pl|大 角 鼠 的 诅 咒 
itm_death_frenzy_ammo|死 亡 狂 暴 
itm_death_frenzy_ammo_pl|死 亡 狂 暴 
itm_scorch_ammo|焦 炎 术 
itm_scorch_ammo_pl|焦 炎 术 
itm_cracks_call_ammo|地 裂 术 
itm_cracks_call_ammo_pl|地 裂 术 
itm_pestilent_breath_ammo|瘟 疫 吐 息
itm_pestilent_breath_ammo_pl|瘟 疫 吐 息
itm_wither_ammo|枯 萎 术 
itm_wither_ammo_pl|枯 萎 术 
itm_bless_with_filth_ammo|污 秽 赐 福 
itm_bless_with_filth_ammo_pl|污 秽 赐 福 
itm_vermintide_ammo|万 鼠 狂 潮 
itm_vermintide_ammo_pl|万 鼠 狂 潮 
itm_madness_ammo|精 神 错 乱 
itm_madness_ammo_pl|精 神 错 乱 
itm_cloud_of_corruption_ammo|腐 化 云 雾 
itm_cloud_of_corruption_ammo_pl|腐 化 云 雾 
itm_plague_ammo|瘟 疫 
itm_plague_ammo_pl|瘟 疫 
itm_curse_of_the_horned_one_2_ammo|大 角 鼠 的 诅 咒 
itm_curse_of_the_horned_one_2_ammo_pl|大 角 鼠 的 诅 咒 
itm_khsars_incantation_of_the_desert_wind_ammo|哈 萨 的 沙 暴 咒 
itm_khsars_incantation_of_the_desert_wind_ammo_pl|哈 萨 的 沙 暴 咒 
itm_djafs_incantation_of_cursed_blades_ammo|狄 迦 夫 的 妖 刀 咒 
itm_djafs_incantation_of_cursed_blades_ammo_pl|狄 迦 夫 的 妖 刀 咒 
itm_nerus_incantation_of_protection_ammo|奈 鲁 的 保 护 咒 
itm_nerus_incantation_of_protection_ammo_pl|奈 鲁 的 保 护 咒 
itm_ptras_incantation_of_righteous_smiting_ammo|佩 特 拉 的 惩 击 咒 
itm_ptras_incantation_of_righteous_smiting_ammo_pl|佩 特 拉 的 惩 击 咒 
itm_usekhps_incantation_of_dessication_ammo|乌 瑟 霍 普 的 干 枯 咒 
itm_usekhps_incantation_of_dessication_ammo_pl|乌 瑟 霍 普 的 干 枯 咒 
itm_djedras_incantation_of_summoning_ammo|迦 德 拉 的 召 唤 咒 
itm_djedras_incantation_of_summoning_ammo_pl|迦 德 拉 的 召 唤 咒 
itm_sekhubis_incantation_of_wrath_ammo|塞 库 比 的 愤 怒 咒
itm_sekhubis_incantation_of_wrath_ammo_pl|塞 库 比 的 愤 怒 咒
itm_usirions_incantation_of_vengeance_ammo|乌 西 里 安 的 复 仇 咒 
itm_usirions_incantation_of_vengeance_ammo_pl|乌 西 里 安 的 复 仇 咒 
itm_sakhmets_incantation_of_the_skullstorm_ammo|塞 霍 姆 特 的 骸 骨 风 暴 咒 
itm_sakhmets_incantation_of_the_skullstorm_ammo_pl|塞 霍 姆 特 的 骸 骨 风 暴 咒 
itm_burning_storm_ammo|烈 焰 风 暴 
itm_burning_storm_ammo_pl|烈 焰 风 暴 
itm_cold_shock_ammo|寒 冰 冲 击 
itm_cold_shock_ammo_pl|寒 冰 冲 击 
itm_hawks_of_miska_ammo|米 莎 神 鹰 
itm_hawks_of_miska_ammo_pl|米 莎 神 鹰 
itm_frostblade_ammo|霜 刃 
itm_frostblade_ammo_pl|霜 刃 
itm_midwinters_kiss_ammo|隆 冬 之 吻
itm_midwinters_kiss_ammo_pl|隆 冬 之 吻
itm_summon_frost_bear_ammo|召 唤 冰 霜 熊 
itm_summon_frost_bear_ammo_pl|召 唤 冰 霜 熊 
itm_invocation_of_the_ice_storm_ammo|暴 风 雪 的 召 唤 
itm_invocation_of_the_ice_storm_ammo_pl|暴 风 雪 的 召 唤 
itm_frozen_skin_ammo|冰 冻 皮 肤 
itm_frozen_skin_ammo_pl|冰 冻 皮 肤 
itm_iron_skin_ammo|钢 铁 皮 肤 
itm_iron_skin_ammo_pl|钢 铁 皮 肤 
itm_shield_of_cold_ammo|寒 霜 之 盾 
itm_shield_of_cold_ammo_pl|寒 霜 之 盾 
itm_freezing_blast_ammo|冰 封 术
itm_freezing_blast_ammo_pl|冰 封 术
itm_freeze_ammo|冻 结 
itm_freeze_ammo_pl|冻 结 
itm_sand_blast_ammo|沙 尘 暴 
itm_sand_blast_ammo_pl|沙 尘 暴 
itm_sun_strike_ammo|烈 日 打 击
itm_sun_strike_ammo_pl|烈 日 打 击
itm_dancing_scimitar_ammo|舞 动 弯 刀
itm_dancing_scimitar_ammo_pl|舞 动 弯 刀
itm_quicksand_ammo|流 沙 池 
itm_quicksand_ammo_pl|流 沙 池 
itm_curse_of_the_genie_ammo|灯 神 的 诅 咒 
itm_curse_of_the_genie_ammo_pl|灯 神 的 诅 咒 
itm_holy_wrath_ammo|神 圣 之 怒
itm_holy_wrath_ammo_pl|神 圣 之 怒
itm_shield_of_faith_ammo|信 仰 之 盾
itm_shield_of_faith_ammo_pl|信 仰 之 盾
itm_divine_healing_ammo|神 圣 疗 愈 
itm_divine_healing_ammo_pl|神 圣 疗 愈 
itm_holy_shield_ammo|圣 盾
itm_holy_shield_ammo_pl|圣 盾
itm_viletide_ammo|虫 潮 
itm_viletide_ammo_pl|虫 潮 
itm_the_oxen_stands_ammo|公 牛 屹 立
itm_the_oxen_stands_ammo_pl|公 牛 屹 立
itm_bray_scream_ammo|兽 吼
itm_bray_scream_ammo_pl|兽 吼
itm_traitor_kin_ammo|叛 族 咒
itm_traitor_kin_ammo_pl|叛 族 咒
itm_fervid_subjugation_ammo|狂 热 征 服 
itm_fervid_subjugation_ammo_pl|狂 热 征 服 
itm_devolve_ammo|退 化 术 
itm_devolve_ammo_pl|退 化 术 
itm_mantle_of_ghorok_ammo|戈 洛 克 披 风 
itm_mantle_of_ghorok_ammo_pl|戈 洛 克 披 风 
itm_savage_dominion_ammo|野 性 支 配 
itm_savage_dominion_ammo_pl|野 性 支 配 
itm_bestial_surge_ammo|兽 性 涌 动 
itm_bestial_surge_ammo_pl|兽 性 涌 动 
itm_merchant_equip_filler_sword|商 人 装 备 填 充 物
itm_merchant_equip_filler_sword_pl|商 人 装 备 填 充 物
itm_merchant_equip_filler_thrown|商 人 装 备 填 充 物
itm_merchant_equip_filler_thrown_pl|商 人 装 备 填 充 物
itm_merchant_equip_filler_polearm|商 人 装 备 填 充 物
itm_merchant_equip_filler_polearm_pl|商 人 装 备 填 充 物
itm_merchant_equip_filler_musket|商 人 装 备 填 充 物 火 枪
itm_merchant_equip_filler_musket_pl|商 人 装 备 填 充 物 火 枪
itm_items_end|物 品 结 束
itm_items_end_pl|物 品 结 束
