qstr_1164|Dummy first line
qstr_chaos_chariot_tablea|混 沌 战 车 画 面 
qstr_chaos_chariot_tableau|混 沌 战 车 画 面 1
qstr_chaos_chariot_tableau.|混 沌 战 车 画 面 2
qstr_chaos_chariot_tableau.3|混 沌 战 车 画 面 3
qstr_chaos_chariot_tableau.4|混 沌 战 车 画 面 4
qstr_chaos_chariot_tableau.5|混 沌 战 车 画 面 5
qstr_chaos_chariot_horse|混 沌 战 车 马 匹 
qstr_chaos_chariot_horse.|混 沌 战 车 马 匹 1
qstr_boar|野 猪
qstr_tusk|獠 牙
qstr_highelf_warhorse|高 等 精 灵 战 马
qstr_skeletal_horse|骷 髅 战 马
qstr_wolf|狼
qstr_coldonenew|coldonenew
qstr_potion_belt_{reg6}|药 水 腰 带 {reg6}
qstr_Your_jezzail_jams_an|你 的 火 枪 卡 壳 了，这 次 装 弹 时 间 会 更 长。
qstr_Your_jezzail_malfunc|你 的 火 枪 发 生 故 障，无 法 使 用。
qstr_Your_immune_system_h|你 的 免 疫 系 统 抵 抗 了 毒 素。
qstr_You_have_been_poison|你 已 中 毒 {reg33?:}
qstr_{s1}_has_been_poison|{s1} 中 毒 了 
qstr_ghost_hair_a_on_head|头 部 幽 灵 发 型 A
qstr_ghost_hair_b_on_head|头 部 幽 灵 发 型 B
qstr_ghost_hair_c_on_head|头 部 幽 灵 发 型 C
qstr_ghost_hair_d_on_head|头 部 幽 灵 发 型 D
qstr_ghost_hair_e_on_head|头 部 幽 灵 发 型 E
qstr_ghost_hair_f_on_head|头 部 幽 灵 发 型 F
qstr_ghost_hair_g_on_head|头 部 幽 灵 发 型 G
qstr_ghost_hair_green_a_o|头 部 绿 色 幽 灵 发 型 A
qstr_ghost_hair_green_b_o|头 部 绿 色 幽 灵 发 型 B
qstr_ghost_hair_green_c_o|头 部 绿 色 幽 灵 发 型 C
qstr_ghost_hair_green_d_o|头 部 绿 色 幽 灵 发 型 D
qstr_ghost_hair_green_e_o|头 部 绿 色 幽 灵 发 型 E
qstr_ghost_hair_green_f_o|头 部 绿 色 幽 灵 发 型 F
qstr_ghost_hair_green_g_o|头 部 绿 色 幽 灵 发 型 G
qstr_leather_boots_undead|亡 灵 海 盗 左 脚 皮 靴
qstr_leather_boots_undead_|亡 灵 海 盗 右 脚 皮 靴
qstr_pirate_body_undead_t|亡 灵 海 盗 长 裤
qstr_pirate_body_undead_tr|亡 灵 海 盗 长 裤 2
qstr_pirate_body_undead_b|亡 灵 海 盗 腰 带
qstr_pirate_body_undead_s|亡 灵 海 盗 衬 衫 1
qstr_pirate_body_undead_sh|亡 灵 海 盗 衬 衫 2
qstr_pirate_body_undead_shi|亡 灵 海 盗 衬 衫 3
qstr_pirate_body_undead_shir|亡 灵 海 盗 衬 衫 4
qstr_pirate_undead_bandol|亡 灵 海 盗 弹 药 带 1
qstr_pirate_undead_bandoli|亡 灵 海 盗 弹 药 带 2
qstr_pirate_rogue_undead_|亡 灵 海 盗 恶 棍 长 裤
qstr_pirate_rogue_undead_b|亡 灵 海 盗 恶 棍 腰 带
qstr_pirate_rogue_undead_s|亡 灵 海 盗 恶 棍 衬 衫
qstr_pirate_seaman_undead|亡 灵 海 盗 水 手 长 裤
qstr_pirate_seaman_undead_|亡 灵 海 盗 水 手 腰 带
qstr_pirate_seaman_undead_s|亡 灵 海 盗 水 手 衬 衫 1
qstr_pirate_seaman_undead_sh|亡 灵 海 盗 水 手 衬 衫 2
qstr_pirate_seaman_undead_shi|亡 灵 海 盗 水 手 衬 衫 3
qstr_pirate_seaman_undead_shir|亡 灵 海 盗 水 手 衬 衫 4
qstr_pirate_rogue_undead_t|亡 灵 海 盗 恶 棍 长 裤 2
qstr_pirate_rogue_undead_ba|亡 灵 海 盗 恶 棍 头 巾
qstr_dicey_daemon_nurgle_|dicey daemon nurgle nurgling 1
qstr_dicey_daemon_nurgle_n|dicey daemon nurgle nurgling 2
qstr_dicey_daemon_nurgle_nu|dicey daemon nurgle nurgling 3
qstr_Misfire!|哑 火！
qstr_{playername}_has_cas|{playername} 施 放 了 时 光 之 锤。
qstr_{playername}_has_cast|{playername} 施 放 了 绯 红 弯 刀
qstr_{playername}_has_cast_|{playername} 施 放 了 紫 晶 镰 刀
qstr_{s1}_has_cast_Plague|{s1}施 放 了 锈 蚀 瘟 疫。敌 军 的 护 甲 已 被 瓦 解。
qstr_{s1}_has_cast_enchan|{s1}施 放 了 艾 班 之 刃 附 魔。附 近 友 军 的 战 斗 力 增 强。
qstr_{s1}_has_cast_glitte|{s1}施 放 了 闪 耀 长 袍。附 近 的 友 军 部 队 获 得 了 伤 害 抗 性。
qstr_{s1}_has_cast_transm|{s1}施 放 了 铅 之 炼 金 术。受 影 响 的 敌 军 移 动 速 度 和 战 斗 力 被 削 弱。
qstr_{s1}_has_cast_final_|{s1} 施 放 了 终 极 炼 金 术。未 能 抵 抗 的 敌 军 将 被 立 即 杀 死。
qstr_{s1}_has_cast_awaken|{s1}施 放 了 森 林 复 苏。半 径 范 围 内 的 敌 军 受 到 伤 害。
qstr_{s1}_has_cast_icesha|{s1}施 放 了 冰 片 暴 风 雪。受 影 响 的 敌 军 被 减 速。
qstr_{s1}_has_cast_lightn|{s1}施 放 了 闪 电 风 暴。受 影 响 的 敌 军 受 到 轻 到 中 等 伤 害。
qstr_{s1}_has_cast_comet_|{s1}施 放 了 卡 莎 朵 拉 彗 星。受 影 响 的 敌 军 受 到 高 级 伤 害。
qstr_{s3}_has_cast_Uranno|{s3} 施 放 了 尤 瑞 诺 闪 电 箭。敌 人 受 到 严 重 伤 害。
qstr_{s3}_has_cast_Lightn|{s3} 施 放 了 闪 电 箭。敌 人 受 到 严 重 伤 害。
qstr_{s1}_has_cast_Melkot|{s1}施 放 了 梅 尔 克 斯 的 迷 魂 毒 瘴。敌 军 的 多 个 属 性 被 诅 咒 而 下 降。
qstr_{s1}_has_cast_pit_of|{s1}施 放 了 幽 暗 深 渊。如 果 敏 捷 检 定 失 败，受 影 响 的 敌 人 部 队 死 亡。
qstr_{s3}_has_cast_caress|{s3} 施 放 了 拉 尼 菲 的 爱 抚。如 果 强 击 检 定 失 败，敌 人 会 受 到 多 重 打 击。
qstr_{playername}_has_cast_t|{playername} 施 放 了 贝 加 纳 的 命 运。敌 人 若 铁 骨 检 定 失 败，将 受 到 多 次 伤 害。
qstr_{s1}_has_cast_purple|{s1}施 放 了 泽 雷 尔 斯 的 紫 晶 邪 阳。如 果 跑 动 检 定 失 败，受 影 响 的 敌 军 部 队 将 死 亡。
qstr_{s1}_has_cast_curse_|{s1}施 放 了 安 拉 海 尔 的 诅 咒。受 影 响 的{s2}部 队 移 速 和 远 程 精 确 性 降 低。
qstr_{s1}_has_cast_Wyssan|{s1}施 放 了 维 杉 的 狂 野 形 态。受 影 响 的 友 军 部 队 增 加 了 伤 害 和 伤 害 抗 性。
qstr_{s1}_has_cast_the_Wi|{s1} 释 放 了 猎 鹰 之 翼，获 得 了 双 倍 移 动 速 度
qstr_{s1}_has_cast_the_Fl|{s1} 施 放 了 疾 步 术，速 度 得 到 提 高。
qstr_{s1}_has_cast_Panns_|{s1}施 放 了 潘 恩 的 坚 韧 毛 皮。受 影 响 的 友 军 获 得 速 度 提 升 和 守 护 豁 免。
qstr_{s1}_has_cast_savage|{s1}施 放 了 赫 罗 斯 狂 兽。受 影 响 的 友 军 部 队 增 加 了 伤 害 和 速 度。
qstr_{s1}_has_cast_cascad|{s1}施 放 了 流 火 披 风。附 近 的 友 军 部 队 增 加 了 伤 害 抗 性。
qstr_{s1}_has_cast_flamin|{s1}施 放 了 鲁 因 火 焰 剑。附 近 的 友 军 部 队 增 加 了 近 战 伤 害。
qstr_{s1}_has_cast_Swords|{s1}施 放 了 末 日 之 剑。附 近 的 友 军 部 队 增 加 了 近 战 伤 害。
qstr_{s1}_has_cast_Flame_|{s1}施 放 了 火 焰 风 暴。受 影 响 的 敌 军 受 到 重 创。
qstr_{s1}_has_cast_Confla|{s1}施 放 了 末 日 之 火。受 影 响 的 敌 军 部 队 受 到 轻 微 到 中 等 伤 害。
qstr_{s1}_has_cast_walk_b|{s1}施 放 了 界 间 行 走。附 近 的 友 军 部 队 速 度 和 闪 避 提 高。
qstr_{s1}_has_cast_hand_o|{s1}施 放 了 荣 耀 之 手。附 近 的 友 军 多 个 属 性 提 高。
qstr_{s1}_has_cast_fiery_|{s1}施 放 了 万 焰 燃 集。受 影 响 的 敌 军 受 到 伤 害。
qstr_{s1}_has_cast_power_|{s1}施 放 了 黑 暗 之 力。附 近 友 军 部 队 的 伤 害 有 所 增 加。
qstr_{s1}_has_cast_word_o|{s1}施 放 了 痛 苦 之 言。受 影 响 的 敌 军 部 队 近 战 伤 害、远 程 精 度 和 武 器 速 度 降 低。
qstr_{s1}_has_cast_bladew|{s1}施 放 了 利 刃 狂 风。如 果 敏 捷 检 定 失 败，受 影 响 的 敌 军 将 受 到 严 重 伤 害。
qstr_{s1}_has_cast_soulst|{s1}施 放 了 窃 魂 术。半 径 内 的 敌 军 受 到 伤 害。任 何 死 亡 都 将 治 疗 施 法 者。
qstr_{s1}_has_cast_Arnzip|{s1}施 放 了 阿 恩 齐 帕 尔 的 黑 色 恐 怖。如 果 跑 动 检 定 失 败，受 影 响 的 敌 军 部 队 将 死 亡。
qstr_{s1}_has_cast_Window|{s1}施 放 了 虚 空 之 窗。如 果 跑 动 检 定 失 败，受 影 响 的 敌 军 部 队 死 亡。
qstr_{s1}_has_cast_Void_o|{s1}施 放 了 死 亡 虚 空。受 影 响 的 敌 军 部 队 将 受 到 伤 害。
qstr_{s1}_has_cast_Curse_|{s1}施 放 了 岁 月 诅 咒。受 影 响 的 敌 军 开 始 老 化 并 逐 渐 受 到 伤 害。
qstr_{s1}_has_cast_pink_f|{s1}施 放 了 奸 奇 粉 焰。受 影 响 的 敌 军 受 到 伤 害。
qstr_{s1}_has_cast_Tzeent|{s1}施 放 了 奸 奇 火 焰 风 暴。受 影 响 的 敌 军 受 到 伤 害。
qstr_{s1}_has_cast_infern|{s1}施 放 了 地 狱 之 门。受 影 响 的 敌 军 受 到 巨 大 的 伤 害。
qstr_{s1}_has_cast_hyster|{s1}施 放 了 癫 狂 狂 热。受 影 响 的 友 军 部 队 移 动 和 战 斗 能 力 提 高，并 获 得 牢 不 可 破。
qstr_{s1}_has_cast_bondag|{s1}施 放 了 色 孽 的 束 缚。受 影 响 的 敌 军 速 度 和 近 战 伤 害 输 出 减 半。
qstr_{s1}_has_cast_acquie|{s1}施 放 了 顺 从 术。受 影 响 的 敌 军 部 队 移 动 和 战 斗 能 力 减 弱。
qstr_{s1}_has_cast_slicin|{s1}施 放 了 切 割 裂 片。如 果 统 御 检 定 失 败，受 影 响 的 敌 军 受 到 伤 害，将 面 临 额 外 打 击。
qstr_{s1}_has_cast_Cacoph|{s1}施 放 了 刺 耳 合 唱。受 影 响 的 敌 军 部 队 有 50%几 率 受 到 严 重 伤 害。
qstr_Nurgle_grants_you_ad|纳 垢 赐 予 你 高 级 忽 略 痛 苦。
qstr_Nurgle_grants_you_ig|纳 垢 赐 予 你 忽 略 痛 苦。
qstr_Nurgle_grants_you_ma|纳 垢 赐 予 你 大 师 级 忽 略 痛 苦。
qstr_{s1}_has_cast_miasma|{s1}施 放 了 瘟 疫 瘴 气。受 影 响 的 敌 军 部 队 移 动 和 战 斗 能 力 减 弱。
qstr_You_have_gained_adva|你 已 经 获 得 了 高 级 无 视 痛 苦。
qstr_You_have_gained_igno|你 获 得 了 无 视 痛 苦 效 果。
qstr_You_gain_advanced_ig|你 获 得 了 高 级 无 视 痛 苦 效 果。
qstr_{s1}_has_cast_blades|{s1}施 放 了 腐 化 之 刃。受 影 响 的 友 军 获 得 剧 毒 攻 击
qstr_{s1}_has_cast_curse_o|{s1}施 放 了 麻 风 病 的 诅 咒。受 影 响 的 友 军 部 队 获 得 忽 视 痛 苦
qstr_{s1}_has_cast_rancid|{s1}施 放 了 腐 臭 侵 袭。受 影 响 的 敌 军 若 铁 骨 检 定 失 败，将 受 到 伤 害 和 额 外 一 次 攻 击。
qstr_{s1}_has_cast_plague|{s1}施 放 了 瘟 疫 之 风。受 影 响 的 敌 军 若 体 质 检 定 失 败，将 受 到 毒 素 伤 害。
qstr_{s1}_has_cast_foot_o|{s1}施 放 了 搞 哥 大 脚。受 影 响 的{s2}部 队 受 到 严 重 伤 害。
qstr_{s1}_has_cast_ere_we|{s1}施 放 了 跟 我 上！。受 影 响 的 友 军 部 队 增 加 了 战 斗 能 力，获 得 了 无 视 痛 苦。
qstr_{s1}_has_cast_hand_of|{s1}施 放 了 搞 哥 大 手。受 影 响 的 友 军 提 高 了 速 度。
qstr_{s1}_has_cast_curse_of|{s1}施 放 了 恶 月 诅 咒。受 影 响 的 敌 军 受 到 伤 害。
qstr_{s1}_has_cast_itchy_|{s1}施 放 了 瘙 痒 侵 袭。受 影 响 的 敌 军 部 队 移 速 减 慢。
qstr_{s1}_has_cast_gift_o|{s1}施 放 了 蜘 蛛 之 神 的 赠 礼。受 影 响 的 友 军 获 得 剧 毒 攻 击
qstr_{s1}_has_cast_sneaky|{s1}施 放 了 鬼 祟 痛 击。受 影 响 的 友 军 部 队 近 战 武 器 增 加 刺 穿 伤 害。
qstr_{s1}_has_cast_skitte|{s1}施 放 了 瞬 间 转 移。受 影 响 的 友 军 提 高 了 速 度。
qstr_{s1}_has_cast_curse_of_|{s1}施 放 了 大 角 鼠 的 诅 咒。如 果 铁 骨 检 定 失 败，受 影 响 的 敌 军 将 被 变 成 斯 卡 文 友 军。
qstr_{s1}_has_cast_death_|{s1}施 放 了 死 亡 狂 暴。受 影 响 的 友 军 部 队 增 加 了 移 动 和 战 斗 能 力。
qstr_{s1}_has_cast_scorch|{s1}施 放 了 焦 炎 术。受 影 响 的 敌 军 部 队 受 到 伤 害
qstr_{s1}_has_cast_cracks|{s1}施 放 了 地 裂 术。如 果 检 定 失 败，受 影 响 的{s2}部 队 将 会 死 亡
qstr_{s1}_has_cast_blessi|{s1}施 放 了 污 秽 赐 福。受 影 响 的 友 军 获 得 剧 毒 攻 击
qstr_{s1}_has_cast_corrup|{s1}施 放 了 腐 败。如 果 检 定 失 败，受 影 响 的{s2}部 队 将 会 受 到 伤 害
qstr_{s1}_has_cast_plague.|{s1}施 放 了 瘟 疫。受 影 响 的 敌 军 若 体 质 检 定 失 败，将 受 到 伤 害；其 死 亡 时 可 能 再 次 引 发 瘟 疫。
qstr_{s1}_has_cast_Usiria|{s1}施 放 了 乌 西 里 安 的 复 仇 咒。受 影 响 的 敌 军 移 速 减 慢
qstr_{s1}_has_cast_Sakhme|{s1}施 放 了 塞 霍 姆 特 的 骸 骨 风 暴 咒。受 影 响 的 敌 军 受 到 中 度 到 重 度 的 伤 害。
qstr_{s1}_has_cast_Burnin|{s1}施 放 了 烈 焰 风 暴。受 影 响 的 敌 方 部 队 受 到 中 等 到 严 重 伤 害。
qstr_{s1}_has_cast_freezi|{s1}施 放 了 冰 封 术。受 影 响 的 敌 军 部 队 移 动 受 制 且 受 到 轻 微 伤 害。
qstr_Your_attempt_to_cast|你 尝 试 施 放 冻 结 失 败。
qstr_{s1}s_attempt_to_cas|{s1}尝 试 施 放 冻 结 失 败。
qstr_{s1}_has_cast_freeze|{s1}施 放 了 冻 结。受 影 响 的 敌 方 移 动 受 损 并 受 到 轻 微 伤 害。
qstr_{s1}_has_cast_quicks|{s1}施 放 了 流 沙 池。敏 捷 检 定 失 败 的 敌 军 将 死 亡。
qstr_{s1}_has_cast_curse_of_t|{s1}施 放 了 灯 神 的 诅 咒。受 影 响 的 敌 军 有 50%的 几 率 受 到 额 外 伤 害。
qstr_Your_attempt_to_cast_|你 尝 试 施 放 神 圣 之 怒 失 败。
qstr_{s1}s_attempt_to_cast|{s1}尝 试 施 放 神 圣 之 怒 失 败。
qstr_{s1}_has_cast_holy_w|{s1}施 放 了 神 圣 之 怒。受 影 响 的 友 军 部 队 增 加 了 伤 害。
qstr_Your_attempt_to_cast_S|你 尝 试 施 放 信 仰 之 盾 失 败。
qstr_{s1}s_attempt_to_cast_|{s1}尝 试 施 放 信 仰 之 盾 失 败。
qstr_{s1}_has_cast_shield|{s1}施 放 了 信 仰 之 盾。友 军 获 得 魔 法 防 护。
qstr_Your_attempt_to_cast_D|你 尝 试 施 放 神 圣 疗 愈 失 败。
qstr_{s1}s_attempt_to_cast_D|{s1}尝 试 施 放 神 圣 疗 愈 失 败。
qstr_{s1}_has_cast_divine|{s1}施 放 了 神 圣 疗 愈。受 影 响 的 友 军 已 经 恢 复 了 健 康。
qstr_{s1}_has_cast_bestia|{s1} 施 放 了 兽 性 涌 动。受 影 响 的 友 军 提 高 了 速 度。
qstr_prop_spawned|prop spawned
qstr_Ship_{reg0}__was_des|船 ({reg0})被 摧 毁 了。
qstr_walker_despawned|walker despawned
qstr_To_dismount_press_ju|下 马 请 按 跳 跃 键 /空 格 键。
qstr_{reg1}.0|{reg1}.0
qstr_{reg1}.00{reg2}|{reg1}.00{reg2}
qstr_{reg1}.0{reg2}|{reg1}.0{reg2}
qstr_{reg1}.{reg2}|{reg1}.{reg2}
qstr_WSE1_version_{reg42}|WSE1版 本：{reg42}。请 使 用 WSE2（战 团 脚 本 增 强 器 2）启 动 游 戏。
qstr_WSE2_version_{reg42}|当 前 WSE2版 本：{reg42}
qstr_Using_Native_Warband|当 前 正 以 原 生《骑 马 与 砍 杀：战 团》启 动！请 改 用 WSE2（战 团 脚 本 增 强 器 2）启 动 游 戏。
qstr_Warsword_Conquest___|战 剑 征 服：恐 虐 试 炼 版 — Discord迷 你 补 丁 V1.13^洗 衣 鸡 汉 化
qstr_Next_Page|下 一 页 
qstr_Kingdom_of_{s7}|{s7} 王 国 
qstr_Sovereign_colour_of_|{s0} 的 主 权 颜 色：
qstr_Red:|红：
qstr_Green:|绿：
qstr_Blue:|蓝：
qstr_{reg21}/26|{reg21}/26
qstr_Previous_page|上 一 页
qstr_Next_page|下 一 页
qstr_Modify_{s27}_s_banne|修 改 {s27} 的 旗 帜（最 近 交 谈 的 领 主）^^按 Esc键 可 保 持 原 样 并 退 出。
qstr_Candidate_#1:_{s1}|候 选 人 #1：{s1}
qstr_Candidate_#2:_{s1}|候 选 人 #2：{s1}
qstr_{s3}_of_{s4}_wishes_|{s4} 的 {s3} 希 望 选 拔 新 元 帅，并 邀 请 他 的 封 臣 进 行 商 议。{s1} 和 {s2} 是 可 能 的 候 选 人。
qstr_Continue...|继 续……
qstr_Who_do_you_wish_to_s|你 愿 支 持 谁？
qstr_{s1}_gives_his_suppo|{s1} 表 示 支 持 {s2}。
qstr_Number_of_Supporters|支 持 者 数 量：{reg0}
qstr_{s2}_has_heard_his_v|{s2} 已 听 取 封 臣 们 的 意 见，并 任 命 {s3} 的 {s1} 担 任 元 帅。
qstr_Action|行 动 
qstr_Mount|上 马 
qstr_Attack_Type|攻 击 方 式
qstr_Stand_Ground|原 地 坚 守
qstr_Charge|冲 锋 
qstr_Follow_Me|随 我 来 
qstr_Hold_This_Position|坚 守 此 地 
qstr_Spread_Out|散 开 
qstr_Stand_Closer|聚 拢 
qstr_Fall_Back|退 后 
qstr_Advance|前 进 
qstr_Dismount|下 马 
qstr_Fire_At_Will|任 意 射 击 
qstr_Hold_Your_Fire|停 止 射 击 
qstr_Use_Blunt_Weapons|使 用 钝 击 武 器 
qstr_Use_Any_Weapon|使 用 任 意 武 器 
qstr_Ready|准 备 
qstr_Wounded|受 伤 
qstr_Dead|死 亡 
qstr_Mana:_{reg30}/{reg40|法 力：{reg30}/{reg40}
qstr_{s2}|{s2}
qstr_Wind:_{reg13}|魔 法 之 风：{reg13}
qstr__{reg6}s_|({reg6}秒 )
qstr__permanent_|（永 久 的）
qstr_{s3}_{s6}|{s3}{s6}
qstr_{s4}|{s4}
qstr_{reg12}|{reg12}
qstr_H|H
qstr_<_J|<J
qstr_K_>|K>
qstr_Number_of_men_knocke|被 击 倒 人 数：{reg1}
qstr_Number_of_men_left:_|剩 余 人 数：{reg1}
qstr_Opponents_Beaten:_{r|击 倒 对 手 数 量：{reg1}
qstr_Opponents_Remaining:|剩 余 对 手 数 量：{reg1}
qstr_Remain_in_retirement|决 定 退 休。
qstr_Go_back_to_the_adven|继 续 冒 险。
qstr_You_have_retired_at_|你 在 冒 险 {reg5}天 后，于 {reg4}级 退 休。
qstr_Effect_on_Score|得 分 影 响 
qstr_Settlements_owned_by|你 的 领 地 数：{reg0}
qstr_Friendly_Settlements|友 军 领 地 数：{reg0}
qstr_Hostile_Settlements:|敌 军 领 地 数：{reg0}
qstr_Friendly_Lords:_{reg|友 军 领 主：{reg0}
qstr_Enemy_Lords:_{reg0}|敌 军 领 主：{reg0}
qstr_Victories:_{reg0}|胜 利：{reg0}
qstr_Defeats:_{reg0}|失 败：{reg0}
qstr_Quests_Completed:_{r|任 务 完 成：{reg0}
qstr_Companions_Found:_{r|已 找 到 的 同 伴：{reg0}
qstr_Companions_Lost/Depa|失 散 /离 队 的 同 伴：{reg0}
qstr_Wealth:_{reg0}_gold|财 富：{reg0}金 币
qstr_Inventory:_{reg0}_go|物 品 栏 价 值：{reg0}金 币
qstr_Renown:_{reg0}|声 望：{reg0}
qstr_Experience:_{reg0}|经 验：{reg0}
qstr_Days_Passed:_{reg0}|天 数：{reg0}
qstr_Difficulty:_{reg0}%|难 度：{reg0}%
qstr_TOTAL_SCORE:_{reg0}|总 分 数：{reg0}
qstr_unknown_yet|未 知 
qstr_tomorrow|明 天 
qstr_Next_Payday:_{s22}|下 一 个 发 薪 日：{s22}
qstr_{s0}__{s50}_|{s0}({s50})
qstr_None|无 
qstr_{s55}__{reg0}%_|{s55}({reg0}%)
qstr_{s55}|{s55}
qstr_Staff:|属 员：
qstr_Weekly_budget_has_no|每 周 预 算 无 变 化。
qstr_You_paid_{reg0}_cash|你 支 付 {reg0}现 金 以 偿 还 你 的 债 务。
qstr_Earlier_cash:|之 前 现 金：
qstr_New_cash:|目 前 现 金：
qstr_Others|其 他 
qstr_Outlaws|不 法 之 徒 
qstr_Mercenary|雇 佣 兵 
qstr_Close|关 闭 
qstr_Click_the_center_but|点 击 中 央 按 钮 可 切 换 阵 营。^点 击 人 物 头 像 可 查 看 详 情。
qstr_Level:_{reg3}^Health|等 级：{reg3}^生 命：{reg4}
qstr_Attributes|属 性 
qstr_STR^AGI^INT^CHA|力 量 ^敏 捷 ^智 力 ^魅 力
qstr_{reg2}|{reg2}
qstr_{s1}^{reg2}|{s1}^{reg2}
qstr_Skills|技 能
qstr_Ironflesh^Power_Stri|铁 骨 ^强 击 ^强 掷 ^强 弓 ^盾 防 ^跑 动 ^骑 术 ^骑 射 
qstr_Proficiencies|熟 练 度 
qstr_1H_Weapons^2H_Weapon|单 手 武 器^双 手 武 器^长 柄 武 器^弓 箭^弩^投 掷^火 器
qstr_Equipments|装 备 
qstr_Melee_Weapons|近 战 武 器
qstr_Ranged_Weapons|远 程 武 器 
qstr_Shields|盾 牌
qstr_Head_Armour_1|头 部 护 甲 1
qstr_Head_Armour_2|头 部 护 甲 2
qstr_Body_Armour_1|身 体 护 甲 1
qstr_Body_Armour_2|身 体 护 甲 2
qstr_Body_Armour_3|身 体 护 甲 3
qstr_Body_Armour_4|身 体 护 甲 4
qstr_Foot_Armour|脚 部 护 甲
qstr_Hand_Armour|手 部 护 甲
qstr_Done|完 成 
qstr__Faction_Relations_R|派 系 关 系 报 告 
qstr__Return_to_menu_|返 回 菜 单 
qstr_To_page_1|查 看 第 一 页
qstr_Your_kingdom|你 的 王 国 
qstr_Player^Relation|玩 家 ^关 系 
qstr_War|战 争 
qstr_Casus_Belli|宣 战 理 由
qstr_Peace|和 平 
qstr_Truce|休 战 
qstr_Alliance|同 盟 
qstr_Defense|防 御 
qstr_Trade|贸 易 
qstr_{reg59?{reg59}_days:|{reg59?{reg59}天 :}
qstr_{reg61}|{reg61}
qstr_{s9}|{s9}
qstr_Loyal|忠 诚 的 
qstr_Devoted|忠 实 的 
qstr_Fond|喜 欢 的 
qstr_Gracious|亲 切 的 
qstr_Friendly|友 好 的 
qstr_Supportive|支 援 的 
qstr_Favorable|赞 同 的 
qstr_Cooperative|合 作 的 
qstr_Accepting|信 任 的 
qstr_Indifferent|冷 淡 的 
qstr_Suspicious|猜 疑 的 
qstr_Grumbling|抱 怨 的 
qstr_Hostile|敌 对 的 
qstr_Resentful|怨 恨 的 
qstr_Angry|发 怒 的 
qstr_Hateful|憎 恨 的 
qstr_Revengeful|报 复 的 
qstr_Vengeful|复 仇 的 
qstr_{reg11}|{reg11}
qstr_{s3}|{s3}
qstr_{reg61}_{reg58?_{reg|{reg61}{reg58?({reg58}U):} 领 地 
qstr_{reg62}_Caravans|{reg62}商 队 
qstr_{reg60}_{reg59?_{reg|{reg60}{reg59?({reg59}P):} 领 主 
qstr_To_page_2|查 看 第 二 页
qstr_{reg1}|{reg1}
qstr_{reg6}^money_in_the_|{reg6}^{reg5?国 库 :箱 子 } 里 的 钱 
qstr_{reg4}^money_in_your|{reg4}^库 存 中 的 钱 
qstr_Withdraw|提 款 
qstr_Deposit|存 款 
qstr_Sell_items_automatic|离 开 时 自 动 出 售 物 品：
qstr_Price_limit_for_auto|自 动 出 售 价 格 上 限：
qstr_Item_types_for_auto_|自 动 出 售 的 物 品 类 型：
qstr_Select_all|全 选 
qstr_Select_invert|反 选 
qstr_{s1}|{s1}
qstr_Buy_food_automatical|离 开 时 自 动 购 买 食 物：
qstr_*|*
qstr_Upgrade|升 级
qstr_Upgrade_All|全 部 升 级
qstr_Name:_{s1}^Level:_{r|名 称：{s1}^等 级：{reg2}^生 命 值：{reg1}/{reg0}
qstr_Weapon_upgrade_setti|武 器 升 级 设 置：
qstr_Cut|切 割
qstr_Pierce|穿 刺
qstr_Blunt|钝 击
qstr_Damage__preference_|伤 害（偏 好）
qstr_Sub_type__restrictio|子 类 型（限 制）
qstr_Apply_to_everyone|应 用 于 所 有 人
qstr_Upgrade_armor|升 级 盔 甲 
qstr_Upgrade_horse|升 级 马 匹 
qstr_Price_limit_for_auto_|自 动 拾 取 的 价 格 限 制：
qstr_{s31}_stopped_using_|{s31} 停 止 使 用 {s10}{s20}。
qstr_Select_your_domestic|选 择 你 的 国 家 政 策 
qstr_Centralization:|集 权 制：
qstr_Aristocracy:|贵 族 制：
qstr_Serfdom:|农 奴 制：
qstr_Troop_quality:|部 队 素 质：
qstr_Mercantilism:|重 商 主 义：
qstr_High_centralization_|高 度 集 权 会 降 低 国 王 的 税 收 损 耗，却 提 高 封 臣 的 税 收 损 耗，并 影 响 君 臣 关 系。
qstr_High_aristocracy_wil|贵 族 地 位 的 提 高 将 改 善 国 王 和 他 的 封 臣 之 间 的 关 系，他 们 将 能 够 组 建 更 强 大 的 军 队，但 这 将 减 少 贸 易。
qstr_High_serfdom_reduces|高 度 农 奴 制 降 低 了 国 王 和 他 的 封 臣 的 税 收 效 率，封 臣 可 以 维 持 更 强 大 的 军 队，但 军 队 士 气 下 降。
qstr_High_troop_quality_i|高 素 质 的 部 队 增 加 了 部 队 的 战 斗 力，但 减 少 了 部 队 规 模。
qstr_High_mercantilistic_|高 度 重 商 主 义 政 策 使 出 口 最 大 化，进 口 最 小 化，并 加 强 政 府 对 工 业 的 管 制。
qstr_Cancel|取 消 
qstr_Dictate_the_peace_te|决 定 和 平 条 款 
qstr_Select_the_castle_an|选 择 城 堡 和 货 币 数 量，并 勾 选 复 选 框 以 激 活 需 求。如 果 选 中 这 两 个 框，则 合 并 需 求。
qstr_1000_gold|1000金 币
qstr__|
qstr_HTML_code:_{s0}|颜 色 代 码：{s0}
qstr_Default|默 认 值 
qstr_Randomize|随 机 
qstr_DEBUG:_Additional_ou|调 试：其 他 不 法 阵 营 已 重 新 着 色。
qstr_{s1}_{reg3}/{reg2}_|{s1}({reg3}/{reg2})
qstr_{s1}_{reg2}_|{s1}({reg2})
qstr_Move_to_Top|置 顶 
qstr_Move_Up|上 移 
qstr_Move_Down|下 移 
qstr_Move_to_Bottom|置 底 
qstr__Recruiter_Report_|招 募 报 告 
qstr__Update_Order_|更 新 订 单 
qstr__Quit_|离 开 
qstr_Diplomacy|外 交 
qstr_Available|可 用 
qstr_Distance|距 离 
qstr_Ordered|订 单 
qstr_In_Progress|进 展 
qstr_trade^Town|贸 易 ^城 镇 
qstr_avail_{reg59}|可 用：{reg59}
qstr_dist_{reg59}|距 离 {reg59}
qstr_days_{reg60}|所 需 天 数：{reg60}
qstr_ready_|准 备 
qstr_none|无 
qstr_cost_{reg60}|花 费 {reg60}
qstr_order_{reg59}|订 单 {reg59}
qstr__Courtships_in_progr|求 爱 进 展 
qstr__Known_Lords_by_Rela|已 认 识 的 领 主 
qstr__Character_&_Compani|角 色 和 同 伴 
qstr__Done_|完 成 
qstr_Your_supporters|你 的 支 持 者 
qstr_{s10}|{s10}
qstr_All_Factions|所 有 派 系 
qstr_Export/Import|导 出 /导 入 
qstr_Reselect_Banner|重 选 旗 帜 
qstr__Renown:_{reg1}^_Hon|声 望：{reg1}^荣 誉：{reg2}^统 治 权：{reg3}
qstr_{s2}^{s8}^_{s5}_|{s2}^{s8}^({s5})
qstr__Renown:_{reg2}^{s2}|声 望：{reg2}^{s2}^{s0} 的 {s1}
qstr_Name:_{s4}^Level:_{r|名 字：{s4}^等 级：{reg3}^血 量：{reg2}/{reg0}^^{s0}
qstr_Arms|武 器 
qstr_Outfit|装 备 
qstr_Horse|马 匹 
qstr_{s5}^^{s6}^^{s7}|{s5}^^{s6}^^{s7}
qstr_Attributes:|属 性：
qstr_{s3}^STR:_{reg1}^AGI|{s3}^力：{reg1}^敏：{reg2}^智：{reg3}^魅：{reg4}
qstr_{s3}^^Proficiencies:|{s3}^^武 器 熟 练 度：^单 手 武 器：{reg1}^双 手 武 器：{reg2}^{s13}：{reg3}^{s14}：{reg4}^{s15}：{reg5}^投 掷：{reg6}
qstr_Skills:|技 能：
qstr_{s4}^{s1}_:_{reg1}|{s4}^{s1}：{reg1}
qstr__Place_Request_|提 出 请 求 
qstr_order_{reg57}|订 购 {reg57}
qstr_cost_{reg61}|花 费 {reg61}
qstr_How_will_your_male_v|你 的 男 性 封 臣 将 如 何 为 人 所 知？
qstr_How_will_your_female|你 的 女 性 封 臣 将 如 何 为 人 所 知？
qstr_1|1
qstr_2|2
qstr_3|3
qstr_{s31}|{s31}
qstr_Clear|清 空
qstr_{s32}|{s32}
qstr_{s33}|{s33}
qstr_Click_troop_portrait|点 击 部 队 头 像，为 其 选 择 同 伴 栏 位。
qstr_Khorne_is_angered_by|恐 虐 因 你 缺 乏 祭 品 而 愤 怒！
qstr_{s11}|{s11}
qstr_Your_Casualties|我 方 伤 亡
qstr_Enemy_Casualties|敌 军 伤 亡
qstr_{s13}|{s13}
qstr_{s14}|{s14}
qstr__Kill_Count_| 击 杀 统 计
qstr__Continue_|继 续
qstr_Troops|部 队
qstr_K|死 
qstr_W|伤 
qstr_R|逃
qstr_Kills|击 杀 
qstr_Ff|降
qstr_Allies:|盟 友：
qstr_{s15}|{s15}
qstr_{s12}|{s12}
qstr___CONTROLS__^^B_to_s|—— 操 作——^^B键：向 上 滚 动 法 术 列 表^V键：向 下 滚 动 法 术 列 表^N键：显 示 法 术 信 息^M键：集 中 意 志 力^U键：下 一 次 施 法 无 视 负 重 修 正，但 消 耗 更 多 法 力^^^—— 魔 法 基 础——^^施 法 受 魔 法 之 风、技 能、法 术 熟 练 度 和 随 机 判 定 影 响。你 必 须 装 备 所 属 法 系 的 魔 法 物 品，并 留 出 一 个 空 物 品 栏；法 术 卷 轴 须 从 物 品 栏 左 上 角 依 次 放 置。法 杖 不 能 替 代 法 系 物 品，也 不 能 占 用 预 留 空 栏。火 器 不 能 与 魔 法 同 时 使 用。^^^—— 魔 法 技 能——^^法 力 控 制、魔 力 和 魔 法 控 制 均 受 智 力 限 制，最 高 15级。^法 力 控 制 决 定 法 力 上 限 和 魔 法 之 风 判 定 后 的 恢 复 量。达 到 4级 可 按 U键 无 视 下 一 次 施 法 的 负 重 修 正，但 会 按 负 重 提 高 法 力 消 耗；达 到 8级 后 额 外 消 耗 降 低。^魔 力 提 高 法 术 伤 害 及 增 益、减 益 强 度。^魔 法 控 制 决 定 可 学 习、使 用 和 掌 握 的 法 术。法 术 的 准 入 等 级 高 于 魔 法 控 制 时 无 法 使 用；熟 练 等 级 高 于 魔 法 控 制 时 可 能 施 法 失 败。学 习 任 何 法 系 至 少 需 要 1级 魔 法 控 制。^意 志 力 虽 非 魔 法 技 能，但 按 M键 可 强 化 下 一 次 施 法 并 抵 消 1点 负 重 影 响，每 场 战 斗 可 用 次 数 有 限。^^^—— 法 力 与 魔 法 之 风——^^法 力 上 限 由 法 力 控 制 决 定，施 法 或 施 法 失 败 都 会 消 耗 法 力，法 力 药 剂 可 在 战 斗 中 补 充。当 前 法 力 显 示 在 屏 幕 左 上 角。^战 斗 中 每 10秒 进 行 一 次 魔 法 之 风 判 定，结 果 为 1至 10，并 结 合 技 能、护 甲、法 杖、法 术 和 法 系 特 性 计 算 法 力 恢 复。护 甲 过 重 会 降 低 恢 复，甚 至 导 致 法 力 流 失；掷 出 1时 还 会 造 成 负 重 影 响，持 续 到 下 一 次 判 定。^^^—— 施 法 失 败 与 负 重——^^未 完 全 掌 握 法 术 或 受 到 负 重 影 响 时，施 法 可 能 失 败，只 消 耗 法 力 而 不 产 生 效 果。负 重 来 源 如 下：^护 甲 总 重 超 过 23、27、32、45时 分 别 累 计 增 加 1点 负 重；^魔 法 之 风 掷 出 1时 增 加 2点；^手 持 盾 牌 时 增 加 2点，法 杖 除 外；^醉 酒 或 中 毒 会 增 加 不 定 量 负 重；^骑 乘 时，若 骑 术 未 达 到 坐 骑 需 求 加 2，则 会 受 到 骑 乘 施 法 惩 罚，但 不 增 加 负 重 点 数。^负 重 可 以 叠 加。施 法 结 果 按“1D12＋魔 法 控 制 /2＋施 法 加 成－负 重 惩 罚”计 算，并 与 法 术 施 法 难 度 比 较。意 志 力 和 法 杖 可 提 供 施 法 加 成。^^^—— 亚 空 间 恶 魔——^^破 坏 性 魔 法 可 能 撕 开 亚 空 间。范 围 法 术 造 成 的 击 杀 越 多，越 可 能 在 施 法 者 和 敌 军 附 近 召 出 恶 魔；本 场 魔 法 总 击 杀 数 影 响 恶 魔 数 量，意 志 力 和 魔 法 控 制 会 提 高 触 发 门 槛。恶 魔 最 初 会 追 杀 施 法 者 及 其 军 队，之 后 才 会 攻 击 敌 军。^^^—— 法 杖 与 同 伴——^^法 杖 是 无 法 格 挡 的 副 手 武 器，可 增 强 施 法 能 力。部 分 同 伴 会 通 过 世 界 地 图 随 机 事 件 获 得 魔 法，请 勿 提 前 提 升 其 魔 法 技 能，以 免 事 件 覆 盖。魔 法 同 伴 同 样 受 技 能、法 杖 和 负 重 规 则 影 响，但 无 需 装 备 法 系 图 标 或 预 留 空 栏；其 法 杖 可 向 旅 行 酒 馆 中 的 特 殊 法 师 商 人 购 买。
qstr_Back|返 回
qstr_{reg3}|{reg3}
qstr_{reg5}/{reg3}|{reg5}/{reg3}
qstr_{reg6}%|{reg6}%
qstr_{s4}^{s6}__{s5}_|{s4}^{s6} ({s5})
qstr_{reg9}/{reg1}|{reg9}/{reg1}
qstr_{s1}__{s10}_^_{s2}_|{s1} ({s10})^({s2})
qstr_{s1}__{s10}_+_{reg2}|{s1} ({s10} + {reg2})^({s2})
qstr_{reg7}|{reg7}
qstr_{reg8}%|{reg8}%
qstr_{s7}^{s9}__{s8}_|{s7}^{s9} ({s8})
qstr_Troops:^^^^^^^^^^^^^|部 队：^^^^^^^^^^^^^^^^囚 犯：
qstr_Switch_battle_oppone|切 换 战 斗 对 手
qstr_{reg21}_sec|{reg21}秒 
qstr_{s21}|{s21}
qstr_Plan_Deployment|部 署 计 划 
qstr_You_will_have_{reg1}|你 有 {reg1}部 队 可 参 战 
qstr_Troop|部 队 
qstr_#_at_start__/_#_in_p|#上 场 数 量 /#在 队 伍 中 
qstr_/_{reg0}|/ {reg0}
qstr_{reg0}|{reg0}
qstr_of_{reg0}_troops|/{reg0}部 队 
qstr_Ready_Troops|准 备 部 队 
qstr_Reassess|重 新 配 置 
qstr_Scrap_All|全 部 重 置 
qstr_0|0
qstr_Too_many_troops^Chec|部 队 数 量 太 多 ^检 查 可 上 场 数 目。
qstr_Initial|开 场 行 动 指 令 
qstr_Movement_1|行 动 指 令 1 
qstr_Movement_2|行 动 指 令 2 
qstr_Formation|阵 型 
qstr_Attack|武 器 使 用 指 令 
qstr_Weapon_Type|武 器 类 型 
qstr_Shield|盾 牌 
qstr_Skirmish|远 程 指 令 
qstr_Hold_Position|坚 守 阵 地 
qstr_Back_10|退 后 10步 
qstr_Forward_10|前 进 10步 
qstr_Repeat_x|重 复 
qstr_Square|方 形 阵 
qstr_Wedge|楔 形 阵 
qstr_Shieldwall|盾 墙 阵 
qstr_Ranks|列 阵 
qstr_Ranged|远 程 武 器 
qstr_Polearms|长 柄 武 器 
qstr_Two_Handed|双 手 武 器 
qstr_One_Handed|单 手 武 器 
qstr_No_Shields|卸 盾 
qstr_Use_Shields|举 盾 
qstr_Avoid_Melee|回 避 近 战 
qstr_Turn_to_weapon_order|转 到 武 器 命 令 
qstr_Prepare_Orders|准 备 指 令（预 览）
qstr_Dispatch_Orders|下 达 命 令（保 存）
qstr_...Turn_to_positioni|转 到 阵 型 命 令 
qstr_Record_Battle_Size_a|在 此 输 入 战 场 人 数 大 小 
qstr_Record_Battle_Size_as|在 此 输 入 战 场 人 数 大 小：
qstr_The__Weapon_Use_Fixe|“武 器 使 用 修 正”会 改 变 NPC的 武 器 选 择 -^详 情 如 下 表 ^^关 闭 你 不 想 启 用 的 
qstr_Use_NPC_Lancer_Fix:|使 用 NPC骑 枪 修 正：
qstr_Use_NPC_Horse_Archer|使 用 NPC骑 射 修 正：
qstr_Use_NPC_Spear_Fix__d|启 用 NPC长 矛 修 复（已 禁 用）：
qstr_Use_Pike/Horse_Damag|使 用 长 枪 /马 匹 伤 害 修 正：
qstr_Reassign_De_horsed_C|骑 兵 失 去 马 匹 后 归 属 于：
qstr_Reassign_No_Ammo_Arc|射 手 弹 药 用 完 后 归 属 于：
qstr_Enable_Battle_Contin|启 用 击 倒 后 战 场 延 续：
qstr_Formations_Battle_Pl|阵 型 系 统（玩 家 与 AI）：
qstr_Enable_AI_to_use_Spe|AI启 用 特 殊 战 斗 指 令（如 架 矛）：
qstr_Enable_Bodyguards_in|在 村 庄 /城 镇 中 使 用 NPC跟 随：
qstr_Enable_ranged_penalt|使 用 远 程 武 器 天 气 惩 罚：
qstr_Disable_Companions__|关 闭 NPC争 吵：
qstr_Formations_AI|使 用 阵 型 AI 
qstr_Native_AI_w/Formatio|使 用 原 版 AI 
qstr_PBOD_Mod^Options|外 交 策 略 选 项 
qstr_Mouse_over_options_f|鼠 标 指 向 选 项 获 得 更 多 信 息 
qstr_Restore_Defaults|恢 复 默 认 值 
qstr_Key_Settings|按 键 设 置 
qstr_Weapon_Use_Fix_for_L|骑 枪 使 用 修 正 将 强 制 所 有 装 备 有 骑 枪 的 骑 兵 单 位 除 了 被 敌 人 包 围 时 都 使 用 骑 枪 
qstr_Weapon_Use_Fix_for_H|骑 射 单 位 修 正 将 强 制 骑 射 单 位 在 箭 支 用 完 前 强 制 使 用 远 程 武 器 
qstr_Weapon_Use_Fix_for_S|长 杆 武 器 使 用 修 正 会 强 制 步 兵 AI优 先 使 用 长 杆 武 器，除 非 他 们 已 被 敌 人 包 围。^^（因 性 能 原 因 已 禁 用，此 功 能 很 少 生 效。）
qstr_Damage_tweaks_will_g|伤 害 调 整 会 提 高 长 矛 对 马 匹 的 伤 害，以 及 骑 兵 冲 撞 对 步 兵 的 伤 害，用 来 弥 补 AI不 善 使 用 长 杆 武 器 和 冲 锋 的 问 题。
qstr_Mounted_bots_once_th|按 照 设 置，骑 兵 的 马 死 了，可 以 重 新 分 配 到 设 置 好 的 归 属。如 果 激 活，AI将 被 重 新 分 配 到 步 兵。
qstr_Foot_archer_bots_onc|按 照 设 置，射 手 弹 药 耗 尽，可 以 重 新 分 配 到 设 置 好 的 归 属。如 果 激 活，AI将 被 重 新 分 配 到 步 兵。
qstr_Battle_Continuation_|战 场 延 续 允 许 你 的 士 兵 在 你 被 击 倒 后 继 续 战 斗。
qstr_Select_your_prefered|选 择 偏 好 的 战 斗 AI：^“禁 用”使 用 原 版 AI；“阵 型 AI”会 让 AI使 用 阵 型，并 改 变 战 场 决 策；“原 版 AI＋阵 型”保 留 原 版 决 策，但 让 部 队 以 阵 型 执 行 命 令。
qstr_Enabling_AI_Special_|允 许 AI士 兵 会 自 动 使 用 特 殊 指 令，如 齐 射，回 避 近 战，架 矛 
qstr_Bodyguards_allows_yo|允 许 你 的 同 伴 作 为 在 城 镇 和 村 庄 的 场 景 中 你 的 角 色 的 保 镖。保 镖 的 数 量 取 决 于 你 的 魅 力、领 导 能 力 和 声 望。
qstr_The_Weather_Proficie|在 恶 劣 天 气 下（下 雨 /下 雪），所 有 弓 弩 手 的 远 程 熟 练 度 下 降。（弓，弩，投 掷，火 器）
qstr_Disabling_NPC_Compla|禁 用 NPC投 诉 将 会 屏 蔽 你 的 同 伴 的 抱 怨 以 及 彼 此 的 决 策。不 过 不 会 去 除 他 们 的 提 出 的 意 见 所 造 成 的 后 果。
qstr_Keys_Configuration__|按 键 配 置（部 分 功 能 暂 未 实 现）
qstr_Press_Esc_to^^Disabl|按 Esc键^^取 消 按 键 绑 定
qstr_DeathCam_Mouse_Sensi|死 亡 视 角 鼠 标 灵 敏 度 
qstr_OK|确 定 
qstr_Reset|重 置 
qstr_Mod_Options|模 组 选 项
qstr_Press_a_key|按 一 个 键 
qstr_{s10}___Formation_ty|{s10} 阵 型 指 令 
qstr_{s10}___Formations__|{s10} - 阵 型（在 营 地 菜 单 中 启 用）
qstr_{s11}___Weapon_order|{s11} 武 器 指 令 
qstr_{s12}___Shield_order|{s12} 盾 牌 指 令 
qstr_{s13}___Attack_order|{s13} 攻 击 指 令 
qstr_{s10}___Ranks|{s10} 列 阵 
qstr_{s11}___Shieldwall|{s11} 盾 墙 阵 
qstr_{s12}___Wedge|{s12} 楔 形 阵 
qstr_{s13}___Square|{s13} 方 形 阵 
qstr_{s14}___No_Formation|{s14} 解 散 阵 型 
qstr_{s15}___Escape_Menu|{s15} 退 出 菜 单 
qstr_{s11}___One_Handers|{s11} 单 手 武 器 
qstr_{s12}___Two_Handers|{s12} 双 手 武 器 
qstr_{s13}___Polearms|{s13} 长 柄 武 器 
qstr_{s14}___Ranged|{s14} 远 程 武 器 
qstr_{s11}___Use_Shields|{s11} 举 盾 
qstr_{s12}___No_Shields|{s12} 卸 盾 
qstr_{s13}___Free|{s13} 自 由 使 用 盾 牌 
qstr_{s10}___End_Order|{s10} 自 由 行 动 
qstr_{s11}___Skirmish|{s11} 回 避 近 战 
qstr_{s12}___Volley_Fire|{s12} 射 手 齐 射 
qstr_{s13}___Brace_Polear|{s13} 架 矛 
qstr_DeathCam|死 亡 视 角 
qstr_Camera|摄 像 机 
qstr_Follow|跟 随 
qstr_Free|自 由 行 动 中 
qstr_Troop_Assignments|部 队 配 置 
qstr_Split_Troops_into_Se|将 部 队 分 到 第 二 梯 队 
qstr_Troops_by^_Primary_D|主 要 部 队 ^的 兵 种 
qstr_#_in^Main_Division|#在 ^主 梯 队 
qstr_Show/^Hide|显 示 /^隐 藏 
qstr_#_in^Secondary_Divis|#在 ^第 二 梯 队 
qstr_Secondary^Division|第 二 ^梯 队 
qstr_Disabled|禁 用 
qstr_Split_Active|启 用 分 配 
qstr_Clear_All|重 置 
qstr_Discard_Changes|恢 复 默 认 
qstr_Save|保 存 
qstr_Infantry_Unit|步 兵 单 位 
qstr_Ranged_Unit|远 程 单 位 
qstr_Cavalry_Unit|骑 兵 单 位 
qstr_Undefined_Class_#{re|未 定 义 分 队 #{reg31}
qstr_Dodge_Effects:|闪 避 效 果：
qstr_Melee_dodge_percenta|近 战 闪 避 百 分 比：{reg1}
qstr_Throwing_axe_dodge_p|投 掷 斧 躲 闪 率：{reg1}
qstr_Long_bow_dodge_perce|长 弓 躲 闪 率：{reg1}
qstr_Heavy_crossbow_dodge|重 弩 躲 闪 率：{reg1}
qstr_Flintlock_pistol_dod|燧 发 枪 躲 闪 率：{reg1}
qstr_Long_rifle_dodge_per|长 步 枪 躲 闪 率：{reg1}
qstr_These_dodge_values_a|当 骑 乘 或 使 用 武 器 攻 击 时，这 些 闪 避 值 会 降 低。
qstr_Abilities:|特 殊 战 斗 能 力：
qstr_General_Information:|一 般 信 息：
qstr_Weight:|重 量：
qstr_{reg21}|{reg21}
qstr_Armor_Rating:|护 甲 值：
qstr_Level:|等 级：
qstr_Melee_Rating:|近 战 值：
qstr_Health:|生 命：
qstr_Ranged_Rating:|远 程 值：
qstr_Ranged:|远 程：
qstr_Yes|是 
qstr_No|否 
qstr_Mounted:|骑 马：
qstr_Strength:|力 量：
qstr_Intelligence:|智 力：
qstr_Agility:|敏 捷：
qstr_Charisma:|魅 力：
qstr_Power_Strike:|强 击：
qstr_Ironflesh:|铁 骨：
qstr_Power_Draw:|强 弓：
qstr_Shield:|盾 防：
qstr_Power_Throw:|强 掷：
qstr_Athletics:|跑 动：
qstr_Horse_Archery:|骑 射：
qstr_Riding:|骑 术：
qstr_Tactics:|战 术：
qstr_Weapon_Master:|武 器 掌 握：
qstr_Magic_Control:|魔 法 控 制：
qstr_Willpower:|意 志：
qstr_Weapon_Proficiencies|武 器 熟 练 度：
qstr_One_Handed:|单 手 武 器：
qstr_Archery:|弓 箭：
qstr_Two_Handed:|双 手 武 器：
qstr_Crossbows:|弩：
qstr_Polearms:|长 柄 武 器：
qstr_Throwing:|投 掷：
qstr_Firearms:|火 器：
qstr_Equipment:|装 备：
qstr_Faction_models^by_Ge|派 系 模 型 ^由 格 科 库 乔 制 作
qstr_Faction_models^by_di|派 系 模 型 ^由 戴 西 琼 制 作
qstr_Faction_models^by_Fu|派 系 模 型 ^由 富 罗 克 制 作
qstr_Faction_models^by_kr|派 系 模 型 ^由 克 拉 格 瑞 姆 制 作
qstr_Faction_Design^by_va|派 系 设 计 ^由 多 位 艺 术 家 制 作
qstr_TIER_{reg21}|等 级 {reg21}
qstr_Faction_Models^by_Ge|派 系 模 型 ^由 格 科 库 乔 制 作
qstr_Faction_Models^by_Fu|派 系 模 型 ^由 富 罗 克 制 作
qstr_Faction_Models^by_va|派 系 模 型 ^由 多 位 艺 术 家 制 作
qstr_Mercs_1|雇 佣 兵 1
qstr_Mercs_2|雇 佣 兵 2
qstr_Mercs_3|雇 佣 兵 3
qstr_Bandits_1|强 盗 1
qstr_Bandits_2|强 盗 2
qstr_Misc_1|杂 项 1
qstr_Misc_2|杂 项 2
qstr_Companions_1|同 伴 1
qstr_Companions_2|同 伴 2
qstr_Warsword_Conquest_Op|战 剑 征 服 选 项 
qstr_Cheat_enable|启 用 作 弊 
qstr_Auto_Loot_disable|禁 用 自 动 抢 劫 
qstr_Battle_Options|战 斗 选 项 
qstr_Charge_On_Death__now|死 亡 时 部 队 开 始 冲 锋：
qstr_Extra_reinforcement_|增 加 支 援 次 数：
qstr_Over_world_Options|世 界 选 项 
qstr_Wait_Time_Multiplier|等 待 时 间 乘 数：
qstr_Diplomacy_Options|外 交 选 项 
qstr_Horse_speed_limitati|马 匹 速 度 限 制：
qstr_Terrain_advantage_in|自 动 计 算 战 斗 的 地 形 优 势：
qstr_Diplomacy_AI_changes|外 交 AI变 化：
qstr___Disabled__|禁 用 
qstr_Low|低 
qstr_Medium|中 
qstr_High/Experimental|高 
qstr_Diplomacy_economic_c|外 交 经 济 变 化：
qstr_Anti_woman_prejudice|反 女 性 偏 见 程 度：
qstr_High|高 
qstr_Formations_Options|编 队 选 项 
qstr_Disable_Mod_Formatio|禁 用 模 组 阵 型：
qstr_Allow_Formation_Rota|允 许 编 队 旋 转：
qstr_Scale_AI_vs._Battle_|AI等 级 与 战 斗 规 模：
qstr_AI_Defense_Stance_Bl|禁 用 AI防 御 姿 态：
qstr_Put_Player_in_Divisi|设 置 玩 家 分 区：
qstr_Warsword^Options|战 剑 ^选 项 
qstr_Faction_Colors|势 力 颜 色 
qstr_If_Enabled_Cheat_men|如 果 勾 选，则 启 用 作 弊 菜 单 显 示 和 反 馈 开 启。^^默 认 =不 勾 选 
qstr_If_DISABLED_Auto_Loo|如 果 不 勾 选，则 自 动 拾 取 启 用。^^默 认 值 =不 勾 选 
qstr_If_Enabled_your_unit|如 果 勾 选，你 的 单 位 将 在 你 死 亡 时 解 散 队 形 并 冲 锋。^^同 步 外 交 和 PBOD冲 锋 选 项 ^^默 认 =勾 选 
qstr_In_field_battles_and|在 野 战 与 围 城 战 中 增 加 双 方 的 增 援 波 次。^^这 可 能 影 响 稳 定 性 与 平 衡，请 自 行 承 担 风 险。^^默 认 值=0
qstr_This_sets_the_time_m|设 置 休 息 和 等 待 的 时 间 乘 数。^^默 认 值 =3 
qstr_When_enabled_this_ca|勾 选 时，马 在 受 到 伤 害 时 移 动 速 度 变 慢。
qstr_Ticked_autocalculate|勾 选，自 动 战 斗 也 对 魔 法 和 牧 师 施 法 者 生 效。不 勾 选，就 像 在 原 版 和 自 动 战 斗 中 一 样，只 是 根 据 队 伍 的 大 小 和 军 队 的 等 级。
qstr_Low:^^___Center_poin|低：^^-计 算 封 地 分 配 的 点 数 是（村 庄 1/城 堡 2/城 镇 3），而 不 是（村 庄 1/城 堡 1/城 镇 2）。对 于 营 救 囚 犯 和 提 供 礼 物 的 任 务 对 象 已 扩 大 到 包 括 叔 叔，阿 姨 和 姻 亲。^^-修 改 脚 本 计 算 部 队 分 数 为 中 心（这 些 变 化 目 前 只 在 索 赔 任 务 中 相 关）。^^-选 择 新 派 系 时，如 果 满 足 重 新 加 入 的 条 件，则 领 主 们 更 有 可 能 返 回 其 原 始 派 系（除 非 那 是 他 们 被 逐 出 的 派 系）。领 主 的 决 定 也 可 能 会 受 到 他 与 各 派 系 中 其 他 领 主 的 关 系 的 影 响，而 不 仅 仅 是 与 派 系 领 导 人 之 间 的 关 系。^^中：^-在 分 配 封 地 时，领 主 关 系 会 发 生 一 些 变 化。^-国 王 在 派 系 问 题 上 很 少 否 决 领 主。^-在 决 定 谁 拥 有 封 地 时，某 些 人 物 的 参 数 会 发 生 细 微 变 化。如 果 某 些 领 主 与 领 主 之 间 的 关 系 稍 有 负 面（通 常 对 于 所 有 性 格 的 临 界 值 为 0），仍 然 会 优 先 考 虑 那 些 无 领 地 的 领 主 或 占 领 该 领 地 的 领 主。^^-当 领 主 在 正 常 规 则 下 找 不 到 任 何 适 合 封 地 的 人 选 时，他 会 使 用 加 权 计 分 法，而 不 是 支 持 他 自 己。^^-在 出 现“平 均 数 *3/2”的 各 个 地 方，有 时 会 使 用 迭 代 计 算。^^高：^^-当 NPC领 主 或 玩 家 向 该 NPC女 士 求 婚 时，该 女 士 的 监 护 人 的 声 望 会 变 化。^^-当 一 个 派 系 拥 有 无 领 地 领 主 而 又 没 有 无 主 领 地 时，在 某 些 情 况 下，国 王 会 重 新 分 配 他 所 拥 有 的 村 庄。^^
qstr_Low:^^___Caravan_tra|低：^^ - 商 队 贸 易 使 来 源 地 和 目 的 地 都 受 益 ^^ - 当 玩 家 投 降 时，根 据 接 受 投 降 者 和 难 度 设 置，有 机 会 个 人 装 备 不 会 被 掠 夺。（这 是 为 了 解 决 游 戏 性 问 题。在 大 约 前 700天，投 降 相 比 战 斗 到 最 后 一 人 没 有 任 何 好 处。）此 外，修 正 了 书 籍 等 物 品 可 能 被 掠 夺 的 错 误。^^ - 电 脑 控 制 商 队 选 择 下 一 目 的 地 时 会 考 虑 距 离，并 略 更 倾 向 于 访 问 自 己 派 系。此 策 略 与 原 版 混 合，因 此 贸 易 模 式 会 有 所 不 同 但 不 会 剧 烈。^^ - 根 据 繁 荣 度 调 整 城 镇 商 人 金 币（最 多 40%变 化）。^^ - 被 围 困 至 少 48小 时 的 城 镇 中 食 物 价 格 上 涨。^^ - 城 镇 中 贸 易 惩 罚 脚 本 调 整，使 向 专 业 商 人 出 售 货 物 更 高 效。^^普 通：^^ - 城 镇 食 物 消 耗 随 繁 荣 度 增 加 而 增 加。^^ 消 耗 也 随 驻 军 规 模 增 加。^^ - 领 主 的 掠 夺 技 能 影 响 击 败 玩 家 时 夺 取 的 金 币 数 量。^^ - 领 主 的 领 导 技 能 修 改 其 部 队 工 资 成 本，方 式 与 玩 家 相 同。^^ - 玩 家 在 采 邑 被 掠 夺 时 会 损 失 金 币，如 同 领 主。^^ - 随 着 玩 家 进 展，领 主 队 伍 规 模 增 加 的 方 式 同 样 适 用 于 雇 佣 兵 队 伍 规 模，以 保 持 其 相 关 性。（比 率 与 领 主 相 同：每 级 1.25%增 加。）^^ - 如 果 玩 家 拥 有 自 己 的 王 国，其 配 偶 将 获 得 部 分 原 本 应 归 于 君 主 的 奖 金。奖 金 多 少 取 决 于 玩 家 持 有 的 采 邑 数 量。此 奖 金 与 元 帅 奖 金 不 累 积。^^ - 如 果 电 脑 控 制 角 色 拥 有 的 中 心 无 法 支 付 工 资，则 遭 受 损 耗，但 仅 超 过 一 定 阈 值。^^ - 陌 生 人 不 能 获 得 企 业（强 制 为 1而 非 0，所 以 你 必 须 做 点 什 么）。^^高：- 授 予 卡 尔 拉 多 亚 国 王 的 每 周 奖 金 金 币 总 额 保 持 不 变：当 国 王 流 亡 时，其 奖 金 分 配 给 剩 余 国 王。^^ - 如 果 领 主 在 支 付 队 伍 工 资 后 有 人 金 币 盈 余，额 外 部 分 根 据 领 主 是 否 缺 金 或 其 要 塞 是 否 缺 金，分 配 给 领 主 和 其 驻 军 预 算（每 个 城 堡 和 城 镇 有 自 己 的 资 金 池 支 付 士 兵）。（如 果 都 不 缺 金，领 主 拿 走 所 有，如 同 以 前。）^^ - 冒 犯 导 致 的 荣 誉 损 失 部 分 取 决 于 玩 家 当 时 的 荣 誉。声 誉 越 纯 洁，一 次 耻 辱 的 影 响 越 大。^^ - 掠 夺 更 改：村 庄 损 失 的 金 币 从 未 征 收 税 款 中 扣 除，余 额（如 有）再 从 领 主 处 扣 除。^^ - 用 俘 虏 换 现 金
qstr_Disabled_levels_the_|禁 用 会 为 女 性 玩 家 角 色 分 配 公 平 的 竞 争 环 境。默 认 同 原 版 一 样。高 会 增 加 女 性 玩 家 角 色 的 性 别 歧 视 /反 女 性 偏 见。
qstr_If_checked_this_disa|如 果 选 中，将 禁 用 编 队 模 式。^^默 认 =不 勾 选 
qstr_If_enabled_this_allo|如 果 勾 选，则 可 使 您 的 编 队 面 向 敌 方 的 中 心 进 行 旋 转。^^默 认 =勾 选 
qstr_If_enabled_reduces_t|如 果 勾 选，将 在 大 型 战 役 中 降 低 AI的 智 能 以 帮 助 提 高 性 能。^^默 认 =勾 选 
qstr_If_enabled_prevents_|如 果 勾 选，则 防 止 AI采 取 防 御 姿 态，导 致 等 待 时 间 延 长。^^默 认 =勾 选 
qstr_This_sets_which_divi|这 将 设 置 玩 家 属 于 哪 个 分 区。^^默 认 值 =9 
qstr_CURRENT_COMMANDER_S_|现 任 指 挥 官 报 告 
qstr_Your_Commander:_{s19|你 的 指 挥 官：{s19}
qstr_Commander_Relation:_|指 挥 官 关 系：{reg0}
qstr_Enlisted_Faction:_{s|入 伍 派 系：{s20}
qstr_Current_Rank:_{s21}|当 前 军 衔：{s21}
qstr_N/A|无 效 
qstr_Experience_to_next_p|晋 升 所 需 经 验：{reg0}
qstr_Experience_to_next_pr|下 一 次 晋 升 的 经 验：{s1} 
qstr_Days_in_service:_{re|服 役 天 数：{reg20}
qstr_Current_Wage:_{reg23|当 前 日 薪：{reg23}金 币
qstr_Next_pay_day:_Tomorr|下 次 发 薪 日：明 天
qstr_Army_size:_{reg26}|部 队 规 模：{reg26}
qstr_Commander_s_Army|指 挥 官 队 伍 
qstr_Crew|全 体 船 员 
qstr__near_{s10}|接 近 {s10}
qstr_Your_recruiter_who_w|负 责 招 募 {reg10}名 新 兵 并 将 他 们 带 往 {s13} 的 征 兵 员 {s10} 已 被 击 败！
qstr_Your_caravan_sending|你 派 {s12} 去 {s13} 的 车 队 被 抢 劫 了 {s10}！
qstr_Your_messenger_on_th|你 的 信 使 在 去 {s13} 的 路 上 被 伏 击 了 {s10}！
qstr_Reinforcements_from_|打 算 从 {s12} 向 {s13} 增 援 的 部 队 被 拦 截 了 {s10}！
qstr_{s1}_of_{s3}_was_def|{s3} 的 {s1} 被 击 败 了，但 设 法 逃 脱 了 
qstr_{reg34}_rescued_pris|{reg34}名 被 救 俘 虏 已 加 入 驻 军。
qstr_{s1}_is_now_a_prison|{s1} 现 在 是 {s2} 的 囚 犯。
qstr_{s54}_is_a_claimant_|{s54} 声 称 自 己 才 是 {s56} 王 位 的 合 法 继 承 人。
qstr_nowhere|无 
qstr_{s57}_and_{s58}|{s57} 和 {s58}
qstr_Reputation:_Roguish^|荣 誉：痞 气 ^
qstr_Reputation:_Benefact|荣 誉：善 行 ^
qstr_Reputation:_Custodia|荣 誉：守 护 ^
qstr_{reg3?She:He}|{reg3?她 :他 }
qstr_^Home_is_{s62}|^家 乡：{s62}
qstr_^Wealth_is_{reg17}|^财 富：{reg17}
qstr_The_town_of_{s50}|{s50} 镇 
qstr_The_village_of_{s50}|{s52} 附 近 的 {s50} 村 
qstr_{s51}_belongs_to_{s1|{s51} 隶 属 于 {s2} 的 {s1}，{reg1?且 为 你 的 首 都 所 在 地 :且 为 你 设 立 宫 廷 的 地 方 }。^
qstr_{s51}_belongs_to_{s1}|{s51}属 于{s2}的{s1}，也 是{reg0?且 为 她 设 立 宫 廷 的 地 方 :且 为 他 设 立 宫 廷 的 地 方 }设 立 宫 廷 之 地。^
qstr_{s51}_belongs_to_{s1}_|{s51}属 于{s2}的{s1}，也 是{reg0?且 为 她 的 安 家 之 地 :且 为 他 的 安 家 之 地 }的 居 所。^
qstr_{s51}_belongs_to_{s1}_o|{s51} 归 {s2} 的 {s1} 所 有。^
qstr_{s51}_belongs_to_{s2|{s51} 属 于 {s2}，但 尚 未 被 封 赐 给 任 何 人。^
qstr_{s51}_belongs_to_{s2}|{s51} 归 属 于 {s2}。^
qstr_{s2}Its_market_town_|{s2} 的 市 镇 是 {s8}。^
qstr_{s7}_and_{s8}|{s7} 和 {s8}
qstr_{s2}It_has_no_villag|{s2} 它 没 有 下 属 的 村 庄。^
qstr_{s2}{reg0?Its_villag|{s2} 它 {reg0?的 下 属 的 村 庄 是 :的 下 属 的 村 庄 是 }{s8}。^
qstr_{s2}Its_prosperity_i|{s2} 它 的 繁 荣 度 为：{s50}
qstr_no_one|没 有 人 
qstr_{s9}_^{s10}|{s9} ^{s10}
qstr_noone|无 
qstr_Domestic_policy:_^^|国 家 政 策：^^
qstr_{s5}_has_been_defeat|{s5} 被 击 败 了！
qstr_{s0}|{s0}
qstr_{s44}__{s45}|{s44}
qstr_+{reg1}_to_party_mor|部 队 士 气 增 加 {reg1}
qstr_{reg1}_to_party_mora|{reg1}到 部 队 士 气 
qstr_Requires_{reg1}_inte|需 要 {reg1}点 智 慧 才 能 读 
qstr_Reading_Progress:_{r|阅 读 进 度：{reg1}%
qstr_wound_treatment|创 伤 治 疗 
qstr_trainer|教 练 
qstr_surgery|手 术 
qstr_+1_to_{s1}_while_in_|置 于 物 品 栏 中 时，{s1} +1。
qstr_Leave_a_weapon_slot_|留 空 一 个 武 器 栏 位 以 在 战 斗 中 使 用 魔 法。^当 前 护 甲 重 量：{reg1}。
qstr_Thick_Skinned:_Gives|厚 实 猪 皮：使 骑 手 的 无 视 疼 痛 阈 值 提 高 20% 
qstr_Bounces_on_impact_an|撞 击 时 弹 跳，并 在 落 到 敌 方 步 兵 身 上 时 可 能 造 成 额 外 伤 害。
qstr__for_NPCs_use_regula|（NPC只 能 使 用 常 规 次 元 石 弹 药）
qstr_Hit_an_enemy_to_acti|击 中 敌 人 以 激 活 左 手 武 器（真 双 持）。^速 度 与 武 器 掌 握 技 能 成 正 比。^ 只 需 要 此 物 品
qstr_Luxury_goods_only_fo|奢 侈 品，仅 用 于 出 售 
qstr_{reg1}/{reg2}_spaces|{reg1}/{reg2}空 格 ^在 营 地 菜 单 中 访 问 ^药 水 腰 带 共 享 同 一 库 存
qstr_+5_to_power_strike_f|效 果 持 续 期 间 +5强 击 
qstr_Heal_yourself_to_ful|完 全 治 愈 自 己 
qstr_+5_to_ironflesh_for_|效 果 持 续 期 间 +5铁 骨 
qstr_Become_ethereal_and_|化 为 虚 体，并 有 几 率 完 全 抵 消 非 魔 法 武 器 造 成 的 伤 害。
qstr_Set_athletics_to_10_|效 果 持 续 期 间 将 跑 动 提 高 到 10 
qstr_+1000_experience_poi|+1000经 验 
qstr_Upgrades_your_ignore|效 果 持 续 期 间 提 升 你 的 无 视 痛 苦 等 级。如 果 你 没 有 该 技 能，则 会 在 持 续 期 间 获 得 无 视 痛 苦 
qstr_Cures_plague_and_poi|治 愈 瘟 疫 和 毒 素 
qstr_Regain_your_mana_to_|在 战 斗 中 完 全 恢 复 法 力 
qstr_Auto_sneak_success_f|效 果 持 续 期 间 必 定 潜 入 成 功 
qstr_Can_be_drunk_in_batt|可 在 战 斗 中 饮 用
qstr_Must_be_drunk_in_the|必 须 在 营 地 菜 单 中 饮 用
qstr_Master_rune_of_Snorr|斯 诺 里 · 闪 盔 大 师 符 文：+5武 器 挥 动 速 度
qstr_Master_rune_of_Skalf|斯 卡 尔 夫 黑 锤 大 师 符 文：+20%伤 害（战 斗 中 生 效）
qstr_Master_rune_of_Alari|疯 狂 阿 拉 里 克 大 师 符 文：+5伤 害；装 备 时，敌 人 的 守 护 豁 免 与 无 视 痛 苦 均 无 效
qstr_Master_rune_of_Alaric|疯 狂 阿 拉 里 克 大 师 符 文：+5伤 害；装 备 时，敌 人 的 守 护 豁 免 与 无 视 痛 苦 均 无 效
qstr_Master_rune_of_break|破 甲 大 师 符 文：装 备 时 有 几 率 摧 毁 护 甲 
qstr_Master_rune_of_swift|迅 捷 大 师 符 文：+10武 器 挥 动 速 度 
qstr_Rune_of_fury:_+2_to_|狂 暴 符 文：+2武 器 挥 动 速 度 
qstr_2_Runes_of_fury:_+4_|2狂 暴 符 文：+4武 器 挥 动 速 度 
qstr_3_Runes_of_fury:_+6_|3狂 暴 符 文：+6武 器 挥 动 速 度 
qstr_Rune_of_cleaving:_+2|劈 裂 符 文：+2伤 害 
qstr_2_Runes_of_cleaving:|2劈 裂 符 文：+4伤 害 
qstr_3_Runes_of_cleaving:|3劈 裂 符 文：+6伤 害 
qstr_Rune_of_dragon_slayi|屠 龙 符 文：对 大 型 敌 人 造 成 双 倍 伤 害 
qstr_2_Runes_of_dragon_sl|2屠 龙 符 文：对 大 型 敌 人 造 成 三 倍 伤 害 
qstr_Rune_of_smiting:_50%|猛 击 符 文：50%几 率 造 成 双 倍 伤 害
qstr_Rune_of_might:_+8%_d|力 量 符 文：+8%伤 害（战 斗 中 生 效）
qstr_2_Runes_of_might:_+1|2力 量 符 文：+16%伤 害（战 斗 中 生 效）
qstr_Rune_of_striking:_+1|武 技 符 文：装 备 时 武 器 掌 握 +2
qstr_2_Runes_of_striking:|2枚 武 技 符 文：装 备 时 武 器 掌 握 +4
qstr_3_Runes_of_striking:|3枚 武 技 符 文：装 备 时 武 器 掌 握 提 升 至 10
qstr_Rune_of_fire:_+1_dam|火 焰 符 文：+1伤 害 并 造 成 火 焰 伤 害 
qstr_{s1}^{s2}|{s1}^{s2}
qstr_{s1}^{s2}^{s3}|{s1}^{s2}^{s3}
qstr_Master_rune_of_Valay|瓦 拉 娅 大 师 符 文：魔 法 抗 性 提 高 2级
qstr_Rune_of_dismay:_Near|惊 骇 符 文：附 近 的 盟 友 会 引 起 恐 惧 
qstr_Rune_of_courage:_Nea|勇 气 符 文：附 近 的 盟 友 变 得 牢 不 可 破 
qstr_Rune_of_santuary:_+1|庇 护 符 文：魔 法 抗 性 提 高 1级
qstr_2_Runes_of_sanctuary|2枚 庇 护 符 文：魔 法 抗 性 提 高 2级
qstr_Rune_of_spellbreakin|破 法 符 文：每 4秒 有 20%几 率 驱 散 战 场 上 的 所 有 魔 法 效 果
qstr_Rune_of_penetration:|穿 透 符 文：+12伤 害 
qstr_2_Runes_of_penetrati|2穿 透 符 文：+25伤 害 
qstr_Rune_of_accuracy:_ac|精 准 符 文：精 度 提 高 10%（战 斗 中 生 效）
qstr_2_Runes_of_accuracy:|2精 准 符 文：精 度 提 高 20%（战 斗 中 生 效）
qstr_3_Runes_of_accuracy:|3精 准 符 文：精 度 提 高 30%（战 斗 中 生 效）
qstr_Rune_of_burning:_+5_|燃 烧 符 文：+5伤 害 并 造 成 火 焰 伤 害 
qstr_Rune_of_Skewering:_a|贯 穿 符 文：精 度 提 高 20%（战 斗 中 生 效）
qstr_Rune_of_reloading:_+|装 填 符 文：装 填 速 度 提 高 75%
qstr_2_Runes_of_reloading|2枚 装 填 符 文：装 填 速 度 提 高 150%
qstr_Master_rune_of_Steel|钢 铁 大 师 符 文：+8护 甲 
qstr_Master_rune_of_adama|坚 定 大 师 符 文：获 得 高 级 无 视 痛 苦 
qstr_Master_rune_of_Gromi|格 罗 米 尔 大 师 符 文：+15护 甲 
qstr_Rune_of_fortitude:_H|坚 韧 符 文：在 战 斗 开 始 及 后 续 战 斗 阶 段 治 愈 伤 口
qstr_Rune_of_shielding:_I|护 佑 符 文：对 远 程 攻 击 与 魔 法 飞 弹 获 得 4+守 护 豁 免
qstr_Rune_of_shielding:_In|护 佑 符 文：对 远 程 攻 击 与 魔 法 飞 弹 获 得 4+守 护 豁 免
qstr_Rune_of_preservation|保 护 符 文：佩 戴 者 不 会 中 毒 
qstr_Rune_of_Iron:_6+_war|铁 之 符 文：6+守 护 豁 免
qstr_2_Runes_of_Iron:_5+_|2枚 铁 之 符 文：5+守 护 豁 免
qstr_Master_rune_of_Spite|怨 恨 大 师 符 文：4+守 护 豁 免
qstr_The_damage_of_each_h|每 次 命 中 的 伤 害 随 机 增 加（最 高 6倍）。使 用 者 会 在 战 斗 中 慢 慢 流 失 生 命 
qstr_Damage_chance_agains|对 所 有 敌 人 造 成 伤 害：33%普 通 伤 害，33%双 倍 伤 害，33%三 倍 伤 害 
qstr_Increased_chance_of_|增 加 击 晕 敌 人 的 几 率。^攻 击 头 部 会 提 高 20% 伤 害 并 且 必 会 击 晕 敌 人。
qstr_Increased_chance_of_k|增 加 击 晕 敌 人 的 几 率。^攻 击 头 部 会 提 高 20% 伤 害 并 且 必 会 击 晕 敌 人。^可 以 忽 视 无 视 痛 苦。
qstr_Damage_chance_against|对 所 有 敌 人 的 伤 害 几 率：33%正 常 伤 害，33%双 倍 伤 害，33%三 倍 伤 害。^有 毒。
qstr_Venomous.|剧 毒 
qstr_Every_kill_will_rege|每 次 击 杀 都 会 根 据 敌 方 等 级 恢 复 使 用 者 的 生 命 值。^只 会 对 吸 血 鬼 生 效 
qstr_Grants_maximum_dodge|如 果 持 有 者 拥 有 闪 避 技 能，则 给 予 最 大 闪 避  几 率。
qstr_Wielder_gains_killin|持 有 者 获 得 致 命 一 击。每 次 命 中 16%几 率 立 即 击 杀
qstr_Wielder_gains_killing|持 有 者 获 得 致 命 一 击。每 次 命 中 12.5%几 率 立 即 击 杀
qstr_+20%_base_damage|+20% 基 础 伤 害 
qstr_+20%_base_damage._50|+20% 基 础 伤 害。50% 几 率 抵 消 一 些 敌 人 的 护 甲 削 弱 
qstr_Ethereal:_33%_chance|灵 体：有 33%几 率 免 疫 非 魔 法 武 器 造 成 的 伤 害。
qstr_Only_good_aligned_ma|只 有 优 秀 的 魔 法 玩 家 才 能 使 用 剑 的 力 量（仅 限 玩 家）^ 按 T键 在 剑 上 注 入 10点 法 力，下 一 次 命 中 将 获 得 伤 害 翻 倍 ^ 奖 励 可 以 提 高 你 的 魔 法 技 能 ^ 你 可 以 在 一 次 攻 击 中 注 入 30点 法 力 
qstr_Thrust_attacks_ignor|刺 击 无 视 护 甲 
qstr_When_this_axe_kills_|当 用 这 把 斧 头 杀 死 一 个 人 类、精 灵 或 者 矮 人 时，有 几 率 召 唤 一 个 骷 髅。^杀 死 更 高 级 的 兵 种 会 使 召 唤 概 率 更 小，但 成 功 时 能 召 唤 出 高 等 级 的 兵 种。^魔 法 之 风 会 增 加 成 功 的 几 率。^仅 限 吸 血 鬼 和 骷 髅 使 用。
qstr_The_higher_the_wield|持 用 者 的 统 御 越 高，战 锤 无 视 敌 人 护 甲 的 几 率 越 高 ^ 统 御 达 到 10将 使 每 一 次 攻 击 都 无 视 护 甲。
qstr_If_this_warhammer_is|如 果 该 战 锤 由 邪 恶 阵 营 角 色 装 备，战 锤 中 的 伴 生 恶 魔 将 在 战 斗 开 始 时 给 予 他 们 额 外 效 果 
qstr_+30%_base_damage|+30%基 础 伤 害 
qstr_+20%_base_damage._Ga|+20%基 础 伤 害。每 次 用 此 剑 在 战 斗 中 击 败 敌 方 领 主，获 得 2点 单 手 熟 练 度。^达 到 400后 熟 练 度 增 加 变 为 1点。
qstr_Damage_chance_against_|对 敌 方 领 主 和 大 型 敌 人 造 成 伤 害：33%普 通 伤 害，33%双 倍 伤 害，33%三 倍 伤 害 
qstr_This_sword_will_alwa|这 把 剑 至 少 会 造 成 10点 伤 害 
qstr_Double_damage_vs_und|对 不 死 生 物 造 成 双 倍 伤 害 
qstr_50%_chance_to_ignore|50%几 率 无 视 护 甲 
qstr_Regain_health_with_e|每 次 杀 戮 都 能 恢 复 生 命。效 果 只 对 骷 髅 人 有 效。
qstr_Fire_damage|火 焰 伤 害 
qstr_No_ward_saves_allowe|不 允 许 任 何 守 护 豁 免 或 伤 害 抗 性；对 恶 魔 造 成 双 倍 伤 害。
qstr_+10_mana_per_phase._|每 阶 段 +10法 力。近 战 伤 害 随 持 有 者 法 力 值 提 高 而 增 加。最 少 50法 力 效 果 启 动。^需 要 魔 力 5或 更 高。仅 玩 家。
qstr_Activate_in_the_camp|在 营 地 菜 单 中 激 活，可 获 得 2+守 护 豁 免，抵 挡 任 何 伤 害。^一 旦 豁 免 失 败，护 身 符 的 力 量 就 会 消 失，直 到 伊 兹 尔 护 符 重 新 激 活。
qstr_Can_only_be_wielded_|只 能 由 阿 里 斯 蒂 德 爵 士 使 用。
qstr_Wielder_gains_killing_|持 用 者 获 得 致 命 一 击。16%的 几 率 瞬 间 杀 死 对 手。秒 杀 任 何 坐 骑。
qstr_When_you_first_resis|当 你 第 一 次 在 战 斗 中 抵 抗 魔 法 时，将 你 的 最 大 生 命 值 提 高 三 倍，并 完 全 恢 复 ^任 何 被 抵 抗 的 法 术 都 将 使 你 恢 复 到 完 全 状 态。^战 斗 结 束 后，当 前 生 命 值 将 保 持 在 超 过 百 分 比 的 状 态，但 默 认 最 大 生 命 值 将 恢 复 正 常。
qstr_+20%_damage._Chance_|+20%基 础 伤 害。每 次 命 中 造 成 伤 害：33%正 常 伤 害，33%双 倍 伤 害，33%三 倍 伤 害 ^（敌 人 铁 骨 越 低，几 率 越 高）
qstr_Damage_chance_against_e|对 铁 骨 8或 更 多 的 敌 人 造 成 伤 害：33%普 通 伤 害，33%双 倍 伤 害，33%三 倍 伤 害 
qstr_+50%_base_damage._Ev|+50%基 础 伤 害。每 次 你 杀 死 一 个 敌 人，有 16%的 几 率 你 会 失 去 少 量 的 生 命 值 
qstr_Wielder_gains_magic_|持 用 者 获 得 魔 法 抗 性 +4。每 当 敌 人 的 魔 法 使 用 者 被 变 化 之 斧 杀 死 时，召 唤 一 个 奸 奇 恶 魔 王 子。^只 有 当 持 用 者 是 混 沌 或 野 兽 人 时，效 果 才 有 效。
qstr_Heals_all_wounded_pa|完 全 治 愈 队 伍 中 所 有 受 伤 成 员。
qstr_Causes_additional_10|穿 透 对 手 护 甲 的 每 一 击 造 成 额 外 10-20点 伤 害 
qstr_While_in_inventory_w|放 在 物 品 栏 中 时，若 魔 法 之 风 掷 出 1，可 重 掷 一 次。
qstr_Causes_bonus_damage_|每 次 命 中 造 成 额 外 伤 害。对 手 护 甲 越 多，加 成 越 大。
qstr_Double_the_wearers_m|在 战 斗 开 始 时，使 穿 戴 者 的 最 大 生 命 值 翻 倍。并 使 当 前 生 命 值 翻 倍。
qstr_+2_to_magic_resistan|+2魔 法 抗 性 骰。
qstr_Beastman_wearer_gain|野 兽 人 穿 戴 者 获 得 再 生。
qstr_Causes_bonus_damage_e|每 次 命 中 造 成 额 外 伤 害 
qstr_+4_mana_every_magic_|每 次 魔 法 之 风 判 定 恢 复+4法 力，施 法 检 定+1。^持 杖 时 不 受 施 法 惩 罚。
qstr_+6_to_mana_every_mag|每 次 魔 法 之 风 判 定 恢 复+6法 力，施 法 检 定+2。^持 杖 时 不 受 施 法 惩 罚。
qstr_+8_to_mana_every_pha|每 次 魔 法 之 风 判 定 恢 复+8法 力，施 法 检 定+3。^持 杖 时 不 受 施 法 惩 罚。
qstr_+4_to_mana_every_mag|每 次 魔 法 之 风 判 定 恢 复+4法 力，施 法 检 定+2，并 提 高 所 有 大 型 魔 法 飞 弹 的 条 件 检 定。^持 杖 时 不 受 施 法 惩 罚。
qstr_+6_to_mana_every_pha|每 次 魔 法 之 风 判 定 恢 复+6法 力，施 法 检 定+2，并 提 高 所 有 大 型 魔 法 飞 弹 的 条 件 检 定。^生 命 汲 取 带 来 的 法 力 奖 励 翻 倍。^持 杖 时 不 受 施 法 惩 罚。
qstr_+4_to_mana_every_magi|每 次 魔 法 之 风 判 定 恢 复+4法 力，施 法 检 定+2，所 有 法 术 的 作 用 半 径 扩 大 10%。^持 杖 时 不 受 施 法 惩 罚。
qstr_+6_to_mana_every_phas|每 次 魔 法 之 风 判 定 恢 复+6法 力，施 法 检 定+2，所 有 法 术 的 作 用 半 径 扩 大 20%。^学 派 特 性 触 发 时，有 几 率 召 唤 一 名 色 孽 寻 觅 者。^持 杖 时 不 受 施 法 惩 罚。
qstr_+4_to_mana_every_magic|每 次 魔 法 之 风 判 定 恢 复+4法 力，施 法 检 定+2，并 提 高 学 派 特 性 的 触 发 几 率。^持 杖 时 不 受 施 法 惩 罚。
qstr_+6_to_mana_every_phase|每 次 魔 法 之 风 判 定 恢 复+6法 力，施 法 检 定+2，并 提 高 学 派 特 性 的 触 发 几 率。^麻 风 病 的 诅 咒 范 围 内 的 敌 人 会 受 到 额 外 伤 害。^持 杖 时 不 受 施 法 惩 罚。
qstr_+6_to_mana_every_magi|每 次 魔 法 之 风 判 定 恢 复+6法 力，施 法 检 定+2。^魔 法 之 风 掷 出 8时，额 外 获 得 10点 法 力。^持 杖 时 不 受 施 法 惩 罚。
qstr_+8_to_mana_every_phas|每 次 魔 法 之 风 判 定 恢 复+8法 力，施 法 检 定+3。^魔 法 之 风 掷 出 7或 8时，额 外 获 得 10点 法 力。^持 杖 时 不 受 施 法 惩 罚。
qstr_+4_to_mana_every_magic_|每 次 魔 法 之 风 判 定 恢 复+4法 力，施 法 检 定+2，所 有 法 术 的 作 用 半 径 扩 大 10%。^持 杖 时 不 受 施 法 惩 罚。
qstr_+6_to_mana_every_phase_|每 次 魔 法 之 风 判 定 恢 复+6法 力，施 法 检 定+2，所 有 法 术 的 作 用 半 径 扩 大 20%。^铁 骨 达 到 8级 的 非 英 雄 部 队 也 可 被 大 角 鼠 的 诅 咒 转 化，并 获 得 铁 骨 检 定 加 成。^持 杖 时 不 受 施 法 惩 罚。
qstr_+4_to_mana_every_magic_p|每 次 魔 法 之 风 判 定 恢 复+4法 力，施 法 检 定+2，并 提 高 召 唤 出 高 品 质 单 位 的 几 率。^持 杖 时 不 受 施 法 惩 罚。
qstr_+6_to_mana_every_phase_+|每 次 魔 法 之 风 判 定 恢 复+6法 力，施 法 检 定+3，并 提 高 召 唤 出 高 品 质 单 位 的 几 率。^尘 埃 之 手 的 效 果 大 幅 增 强。^持 杖 时 不 受 施 法 惩 罚。
qstr_+4_to_mana_every_magic_ph|每 次 魔 法 之 风 判 定 恢 复+4法 力，施 法 检 定+2。^天 风 庇 护：若 施 法 者 拥 有 闪 避 能 力，受 到 飞 弹 攻 击 时 闪 避 几 率 不 降 反 升。^持 杖 时 不 受 施 法 惩 罚。
qstr_+6_to_mana_every_phase_+2|每 次 魔 法 之 风 判 定 恢 复+6法 力，施 法 检 定+2，并 缩 短 夜 间 的 法 术 冷 却 时 间。^天 风 庇 护：若 施 法 者 拥 有 闪 避 能 力，受 到 飞 弹 攻 击 时 闪 避 几 率 不 降 反 升。^持 杖 时 不 受 施 法 惩 罚。
qstr_+6_to_mana_every_magic|每 次 魔 法 之 风 判 定 恢 复+6法 力，施 法 检 定+2。^火 球 术 会 射 出 威 力 更 强 的 火 球。^持 杖 时 不 受 施 法 惩 罚。
qstr_+6_to_mana_every_phase_+2_|每 次 魔 法 之 风 判 定 恢 复+6法 力，施 法 检 定+2。^火 球 术 会 射 出 威 力 更 强 的 火 球。^燃 烧 穿 透 弩 矢 还 会 点 燃 弹 药。^持 杖 时 不 受 施 法 惩 罚。
qstr_+4_to_mana_every_magic_pha|每 次 魔 法 之 风 判 定 恢 复+4法 力，施 法 检 定+2，所 有 法 术 的 作 用 半 径 扩 大 10%。^持 杖 时 不 受 施 法 惩 罚。
qstr_+6_to_mana_every_phase_+2_t|每 次 魔 法 之 风 判 定 恢 复+6法 力，施 法 检 定+2，所 有 法 术 的 作 用 半 径 扩 大 20%。^学 派 特 性 触 发 时 也 会 治 疗 施 法 者。^持 杖 时 不 受 施 法 惩 罚。
qstr_+4_to_mana_every_magic_phas|每 次 魔 法 之 风 判 定 恢 复+4法 力，施 法 检 定+2。^潘 恩 的 坚 韧 毛 皮 会 使 施 法 者 获 得 3+守 护 豁 免。^持 杖 时 不 受 施 法 惩 罚。
qstr_+6_to_mana_every_phase_+2_to|每 次 魔 法 之 风 判 定 恢 复+6法 力，施 法 检 定+2。^潘 恩 的 坚 韧 毛 皮 会 使 施 法 者 获 得 3+守 护 豁 免。^召 唤 野 熊 会 召 唤 2只 野 熊。^持 杖 时 不 受 施 法 惩 罚。
qstr_+4_to_mana_every_magic_phase|每 次 魔 法 之 风 判 定 恢 复+4法 力，施 法 检 定+2。^石 化 之 躯 还 会 赋 予 高 级 无 视 痛 苦。^持 杖 时 不 受 施 法 惩 罚。
qstr_+6_to_mana_every_phase_+2_to_|每 次 魔 法 之 风 判 定 恢 复+6法 力，施 法 检 定+2。^石 化 之 躯 还 会 赋 予 高 级 无 视 痛 苦。^森 林 复 苏 在 森 林 地 形 中 造 成 的 伤 害 提 高 50%。^持 杖 时 不 受 施 法 惩 罚。
qstr_+4_to_mana_every_magic_phase_|每 次 魔 法 之 风 判 定 恢 复+4法 力，施 法 检 定+2。^增 益 与 减 益 法 术 也 会 影 响 坐 骑。^持 杖 时 不 受 施 法 惩 罚。
qstr_+6_to_mana_every_phase_+2_to_c|每 次 魔 法 之 风 判 定 恢 复+6法 力，施 法 检 定+2。^增 益 与 减 益 法 术 也 会 影 响 坐 骑。^所 有 法 术 在 雪 地 中 的 威 力 都 会 提 高。^持 杖 时 不 受 施 法 惩 罚。
qstr_+6_to_mana_every_phase_+2_to_ca|每 次 魔 法 之 风 判 定 恢 复+6法 力，施 法 检 定+2，所 有 法 术 的 作 用 半 径 扩 大 20%。^身 处 沙 漠 地 形 时，所 有 法 术 均 会 无 视 其 他 因 素 自 动 施 放 成 功。^持 杖 时 不 受 施 法 惩 罚。
qstr_+4_to_mana_every_magic_phase_+|每 次 魔 法 之 风 判 定 恢 复+4法 力，施 法 检 定+2。^灵 体 还 会 提 高 移 动 速 度。^持 杖 时 不 受 施 法 惩 罚。
qstr_+6_to_mana_every_phase_+2_to_cas|每 次 魔 法 之 风 判 定 恢 复+6法 力，施 法 检 定+2。^灵 体 还 会 提 高 移 动 速 度。^驱 役 亡 灵 会 召 唤 出 品 质 更 高 的 亡 灵。^持 杖 时 不 受 施 法 惩 罚。
qstr_+4_to_mana_every_magic_phase_+2|每 次 魔 法 之 风 判 定 恢 复+4法 力，施 法 检 定+2。^魔 法 之 风 掷 出 7或 8时，灵 魂 湮 灭 造 成 双 倍 伤 害。^持 杖 时 不 受 施 法 惩 罚。
qstr_+6_to_mana_every_phase_+2_to_cast|每 次 魔 法 之 风 判 定 恢 复+6法 力，施 法 检 定+2。^魔 法 之 风 掷 出 7或 8时，灵 魂 湮 灭 造 成 双 倍 伤 害。^魔 法 抗 性 提 高 2级，最 高 提 升 至 2+。^持 杖 时 不 受 施 法 惩 罚。
qstr_+4_to_mana_every_magic_phase_+2_|每 次 魔 法 之 风 判 定 恢 复+4法 力，施 法 检 定+2。^计 算 施 法 负 重 时，护 甲 总 重 量 视 为 减 少 5点。^持 杖 时 不 受 施 法 惩 罚。
qstr_+6_to_mana_every_phase_+2_to_casti|每 次 魔 法 之 风 判 定 恢 复+6法 力，施 法 检 定+2。^计 算 施 法 负 重 时，护 甲 总 重 量 视 为 减 少 10点。^终 极 炼 金 术 的 伤 害 检 定+1。^持 杖 时 不 受 施 法 惩 罚。
qstr_+4_to_mana_every_magic_phase_+2_t|每 次 魔 法 之 风 判 定 恢 复+4法 力，施 法 检 定+2。^奥 卡 姆 的 心 灵 剃 刀 提 供 的 伤 害 加 成 翻 倍。^持 杖 时 不 受 施 法 惩 罚。
qstr_+6_to_mana_every_phase_+2_to_castin|每 次 魔 法 之 风 判 定 恢 复+6法 力，施 法 检 定+2。^奥 卡 姆 的 心 灵 剃 刀 提 供 的 伤 害 加 成 提 高 至 三 倍。^暗 影 骏 马 拥 有 双 倍 生 命 值。^持 杖 时 不 受 施 法 惩 罚。
qstr_+4_to_mana_every_magic_phase_+2_to|每 次 魔 法 之 风 判 定 恢 复+4法 力，施 法 检 定+2。^光 速 还 会 使 受 影 响 的 部 队 获 得 最 高 等 级 的 闪 避。^持 杖 时 不 受 施 法 惩 罚。
qstr_+6_to_mana_every_phase_+2_to_casting|每 次 魔 法 之 风 判 定 恢 复+6法 力，施 法 检 定+2。^光 速 还 会 使 受 影 响 的 部 队 获 得 最 高 等 级 的 闪 避。^闪 耀 斗 篷 使 魔 法 抗 性 提 高 3级，最 高 提 升 至 2+。^持 杖 时 不 受 施 法 惩 罚。
qstr_+4_to_mana_every_magic_phase_+2_to_|每 次 魔 法 之 风 判 定 恢 复+4法 力，施 法 检 定+2。^魔 法 之 风 掷 出 7或 更 高 点 数 时，额 外 获 得 5点 法 力。^持 杖 时 不 受 施 法 惩 罚。
qstr_+6_to_mana_every_phase_+2_to_casting_|每 次 魔 法 之 风 判 定 恢 复+6法 力，施 法 检 定+2。^魔 法 之 风 掷 出 7或 更 高 点 数 时，额 外 获 得 5点 法 力。^学 派 特 性 的 触 发 频 率 与 效 果 均 会 提 高。
qstr_+4_to_mana_every_magic_phase_+2_to_c|每 次 魔 法 之 风 判 定 恢 复+4法 力，施 法 检 定+2。^用 头 槌 冲 击 波 杀 死 敌 方 法 师，会 立 即 补 满 法 力。^持 杖 时 不 受 施 法 惩 罚。
qstr_+6_to_mana_every_phase_+2_to_casting_r|每 次 魔 法 之 风 判 定 恢 复+6法 力，施 法 检 定+2。^用 头 槌 冲 击 波 杀 死 敌 方 法 师，会 立 即 补 满 法 力。^学 派 特 性 也 会 额 外 恢 复 法 力。^持 杖 时 不 受 施 法 惩 罚。
qstr_+4_to_mana_every_magic_phase_+2_to_ca|每 次 魔 法 之 风 判 定 恢 复+4法 力，施 法 检 定+2。^鬼 祟 痛 击 也 会 强 化 挥 砍 伤 害。^持 杖 时 不 受 施 法 惩 罚。
qstr_+6_to_mana_every_phase_+2_to_casting_ro|每 次 魔 法 之 风 判 定 恢 复+6法 力，施 法 检 定+2。^鬼 祟 痛 击 也 会 强 化 挥 砍 伤 害。^搞 哥 会 收 拾 它 会 使 友 方 地 精 获 得 最 高 等 级 的 闪 避。^持 杖 时 不 受 施 法 惩 罚。
qstr_+4_to_mana_every_magic_phase_+2_to_cas|每 次 魔 法 之 风 判 定 恢 复+4法 力，施 法 检 定+2。^兽 性 涌 动 会 赋 予 所 有 友 方 野 兽 人 高 级 无 视 痛 苦。^持 杖 时 不 受 施 法 惩 罚。
qstr_+6_to_mana_every_phase_+2_to_casting_rol|每 次 魔 法 之 风 判 定 恢 复+6法 力，施 法 检 定+2。^兽 性 涌 动 会 赋 予 所 有 友 方 野 兽 人 高 级 无 视 痛 苦；召 唤 出 的 末 日 公 牛 不 会 随 施 法 者 死 亡 而 消 失。^学 派 特 性 也 会 额 外 恢 复 法 力。^持 杖 时 不 受 施 法 惩 罚。
qstr_Damage_chance:__50%_|50%几 率 对 所 有 敌 人 造 成 双 倍 伤 害 ^50%几 率 对 除 了 不 死 族、恶 魔 和 蜥 蜴 的 所 有 敌 人 造 成 三 倍 伤 害 
qstr_+50%_accuracy_in_bat|在 战 斗 中 +50%精 准 度 
qstr_The_damage_of_each_hi|每 次 命 中 的 伤 害 随 机 增 加（最 高 6倍）。
qstr_Recommended_to_use_h|为 获 得 正 确 的 视 觉 效 果，建 议 搭 配 手 弩 箭 矢 使 用。
qstr_If_wearer_has_at_lea|若 穿 戴 者 至 少 拥 有 5级 魔 法 控 制，对 手 每 1级 强 击 会 使 这 件 法 袍 额 外 减 免 8%近 战 伤 害。
qstr_2+_magic_resistance.|2+ 魔 法 抗 性。获 得 基 于 魔 法 之 风 的 伤 害 抵 抗 
qstr_Damage_to_head_reduc|夜 间 及 地 牢 中 头 部 所 受 伤 害 降 低 50%^若 为 施 法 者，每 个 阶 段 获 得 10点 法 力^魔 法 抗 性 检 定+2。
qstr_Damage_to_head_reduce|在 夜 晚 和 地 下 城 中，头 部 伤 害 减 少 50%。
qstr_+4_to_all_casting_ro|所 有 施 法 检 定+4，每 次 魔 法 之 风 判 定 额 外 恢 复 10点 法 力。
qstr_This_cloak_provides_|这 件 斗 篷 在 雪 地 中 提 供 5+守 护 豁 免
qstr_This_armour_has_been|这 件 盔 甲 由 帝 国 五 位 最 强 大 的 黄 金 法 师 共 同 附 魔。^魔 力 令 它 轻 若 无 物，并 赋 予 其 远 胜 原 本 设 计 的 防 护 力。
qstr_33%_chance_to_ignore|33%几 率 无 视 护 甲 
qstr_Wearer_gains_1___3_h|穿 戴 者 每 次 魔 法 之 风 都 会 获 得 1-3点 生 命（施 法 者 需 要 处 于 战 斗 中）。
qstr_Bypasses_ignore_pain|可 绕 过“无 视 痛 苦”^剧 毒^首 项 效 果 仅 对 斯 卡 文 手 枪 与 火 枪 生 效。
qstr_Venomous^Poisonous^U|剧 毒^附 带 毒 素^使 用 此 枪 时，除 非 免 疫，非 斯 卡 文 使 用 者 也 可 能 中 毒。
qstr_Shots_which_hit_the_|命 中 心 脏 的 射 击 造 成 双 倍 伤 害。
qstr_Elven_craftsmanship:|精 灵 工 艺：近 距 离 +25%额 外 伤 害 
qstr_Poisonous^Using_this|附 带 毒 素^使 用 此 武 器 时，除 非 免 疫，非 斯 卡 文 使 用 者 也 可 能 中 毒。
qstr_Elven_craftsmanship:_|精 灵 工 艺：近 距 离 +50%额 外 伤 害 
qstr_Absorbs_extra_damage|吸 收 额 外 的 伤 害 
qstr_Gives_twice_the_mora|给 予 普 通 麦 芽 酒 的 两 倍 士 气 
qstr_All_deaths_caused_by|塔 兰 克 斯 拉 敬 畏 之 矛 造 成 的 所 有 死 亡 将 对 附 近 的 敌 人 士 气 产 生 严 重 的 负 面 影 响。
qstr_Venomous|剧 毒。
qstr_Mana_cost:_50^Castin|法 力 消 耗：50^施 法 成 本：6^类 型：减 益 效 果 -施 法 者 半 径 范 围 (160m)^效 果：每 一 级 魔 力 造 成 敌 人 4%的 远 程 精 准 度 降 低 的 减 益 效 果 ^魔 法 访 问 级 别：1^魔 法 能 力 等 级：4^冷 却 时 间：120秒 
qstr_Mana_cost:_50^Casting|法 力 消 耗：50^施 法 成 本：7^类 型：增 益 效 果 -施 法 者 半 径 范 围 (12-40m)^效 果：友 方 武 器 挥 舞 速 度 加 快^魔 法 访 问 级 别：2^魔 法 能 力 等 级：5^冷 却 时 间：120秒
qstr_Mana_cost:_50^Casting_|法 力 消 耗：50^施 法 成 本：7^类 型：瞬 发 -施 法 者 半 径 范 围 (10-80m)^效 果：友 方 根 据 施 法 者 魔 法 等 级 获 得 勇 气，可 以 治 愈 毒 液 和 毒 素^魔 法 访 问 级 别：3^魔 法 能 力 等 级：7^冷 却 时 间：100秒^可 以 在 战 斗 中 使 用 N键 查 看 信 息
qstr_Mana_cost:_50^Casting_c|法 力 消 耗：50^施 法 成 本：7^类 型：减 益 效 果 -目 标 半 径 范 围 (12-40m)^效 果：敌 军 的 移 动 速 度 降 低 50%，远 程 精 度 降 低 20%^魔 法 访 问 级 别：3^魔 法 能 力 等 级：4^冷 却 时 间：90秒 
qstr_Mana_cost:_80^Castin|法 力 消 耗：80^施 法 成 本：8^类 型：范 围 伤 害 光 环 (5-10m)^效 果：敌 人 受 到 轻 微 伤 害（对 亡 灵 和 恶 魔 加 倍）^魔 法 访 问 级 别：5^魔 法 能 力 等 级：8^冷 却 时 间：120秒 
qstr_Mana_cost:_60^Castin|法 力 消 耗：60^施 法 成 本：9^类 型：增 益 效 果 -施 法 者 半 径 范 围 (10-40m)^效 果：友 军 移 动 速 度 提 高 100%且 武 器 攻 击 速 度 提 高 ^魔 法 访 问 级 别：4^魔 法 能 力 等 级：6^冷 却 时 间：120秒 
qstr_Mana_cost:_10^Castin|法 力 消 耗：10^施 法 成 本：6^类 型：小 型 魔 法 飞 弹 ^效 果：30-100穿 刺 伤 害（对 亡 灵 和 恶 魔 造 成 双 倍 伤 害）^魔 法 访 问 级 别：1^魔 法 能 力 等 级：3^冷 却 时 间：3秒 
qstr_Mana_cost:_60^Casting|法 力 消 耗：60^施 法 难 度：8^类 型：增 益 — 仅 限 施 法 者^效 果：斗 篷 有 83%几 率 吸 收 所 有 远 程 伤 害^魔 法 准 入 等 级：3^魔 法 熟 练 等 级：7^冷 却 时 间：120秒
qstr_Mana_cost:_75^Castin|法 力 消 耗：75^施 法 成 本：7^类 型：召 唤 -武 器 ^生 效 条 件：召 唤 武 器 将 替 换 装 备 栏 第 3格 中 的 武 器。^效 果：伤 害 随 魔 力 等 级 增 加（对 亡 灵 造 成 双 倍 伤 害）^魔 法 访 问 级 别：2^魔 法 能 力 等 级：4^冷 却 时 间：10秒 
qstr_Mana_cost:_60^Casting_|法 力 消 耗：60^施 法 成 本：9^类 型：减 益 效 果 -目 标 半 径 范 围（3-19m）^生 效 条 件：有 些 部 队 是 免 疫 的，比 如 某 些 不 死 生 物、恶 魔 和 大 型 怪 物^效 果：摧 毁 敌 人 的 护 甲（可 以 在 更 高 的 魔 法 等 级 下 摧 毁 更 多 的 护 甲）^魔 法 访 问 级 别：3^魔 法 能 力 等 级：6^冷 却 时 间：100秒
qstr_Mana_cost:_60^Casting_c|法 力 消 耗：60^施 法 成 本：9^类 型：瞬 发 ^生 效 条 件：必 须 击 中 地 面 ^效 果：传 送 施 法 者 到 指 定 位 置 ^魔 法 访 问 级 别：5^魔 法 能 力 等 级：10^冷 却 时 间：180秒 
qstr_Mana_cost:_20^Castin|法 力 消 耗：20^施 法 成 本：8^类 型：大 型 魔 法 飞 弹 ^效 果：66%机 会 造 成 更 高 伤 害 ^魔 法 访 问 级 别：2^魔 法 能 力 等 级：4^冷 却 时 间：45秒 
qstr_Mana_cost:_50^Casting_co|法 力 消 耗：50^施 法 成 本：7^类 型：增 益 效 果 -目 标 半 径 范 围 (12-40m)^效 果：友 军 获 得 了 更 高 的 武 器 速 度。所 有 远 程 武 器 都 能 获 得 精 度 和 伤 害 提 升。所 有 的 攻 击 都 被 视 为 魔 攻。^魔 法 访 问 级 别：1^魔 法 能 力 等 级：5^冷 却 时 间 120秒 
qstr_Mana_cost:_50^Casting_cos|法 力 消 耗：50^施 法 成 本：7^类 型：增 益 效 果 -目 标 半 径 范 围 (12-40m)^效 果：友 方 获 得 伤 害 保 护（10%-70%）^魔 法 访 问 级 别：1^魔 法 能 力 等 级：6^冷 却 时 间 120秒 
qstr_Mana_cost:_50^Casting_cost|法 力 消 耗：50^施 法 成 本：8^类 型：减 益 效 果 -目 标 半 径 范 围 (12-40m)^生 效 条 件：一 些 亡 灵、恶 魔 和 大 型 怪 物 免 疫 此 效 果^效 果：敌 军 会 根 据 所 穿 护 甲 减 速，且 护 甲 值 降 低^魔 法 访 问 级 别：2^魔 法 能 力 等 级：4^冷 却 时 间：70秒
qstr_Mana_cost:_100^Casti|法 力 消 耗：100^施 法 成 本：10^类 型：光 环 范 围 伤 害 -目 标 半 径 范 围 (1-12m)^生 效 条 件：无 论 盔 甲 如 何，永 恒 英 雄 如 领 主、同 伴 和 玩 家 的 生 效 几 率 都 较 低^效 果：敌 人 有 几 率 瞬 间 死 亡，护 甲 越 高，几 率 越 高^魔 法 访 问 级 别：6^魔 法 能 力 等 级：9^冷 却 时 间：180秒
qstr_Mana_cost:_10^Casting|法 力 消 耗：10^施 法 成 本：6^类 型：小 型 魔 法 飞 弹（同 一 魔 法 阶 段 内 可 重 复 施 放）^效 果：40-110穿 刺 伤 害（火 焰 伤 害 且 对 重 甲 造 成 额 外 伤 害）^魔 法 访 问 级 别：1^魔 法 能 力 等 级：3^冷 却 时 间：3秒
qstr_Mana_cost:_50^Casting_cost:|法 力 消 耗：50^施 法 难 度：6^类 型：瞬 发 — 施 法 者 半 径 12-40m^效 果：为 友 军 恢 复 10-100点 生 命^魔 法 准 入 等 级：1^魔 法 熟 练 等 级：5^冷 却 时 间：120秒^战 斗 中 可 按 N键 查 看 此 法 术 信 息
qstr_Mana_cost:_80^Casting|法 力 消 耗：80^施 法 难 度：8^类 型：光 环 范 围 伤 害 — 半 径 3-15m^生 效 条 件：不 会 影 响 骑 乘 中 的 敌 人^效 果：造 成 轻 至 中 等 伤 害^魔 法 准 入 等 级：4^魔 法 熟 练 等 级：8^冷 却 时 间：120秒
qstr_Mana_cost:_50^Casting_cost:_|法 力 消 耗：50^施 法 成 本：7^类 型：增 益 效 果 -施 法 者 半 径 范 围 (12-40m)^效 果：友 方 获 得 魔 法 保 护（10%-70%）^魔 法 访 问 级 别：1^魔 法 能 力 等 级：4^冷 却 时 间：120秒 
qstr_Mana_cost:_40^Castin|法 力 消 耗：40^施 法 难 度：6^类 型：瞬 发 — 施 法 者 半 径 10-100m^效 果：友 军 获 得 与 施 法 者 魔 法 等 级 相 关 的 勇 气 加 成^魔 法 准 入 等 级：1^魔 法 熟 练 等 级：3^冷 却 时 间：60秒
qstr_Mana_cost:_60^Casting_co|法 力 消 耗：60^施 法 难 度：8^类 型：增 益 — 仅 限 施 法 者^效 果：法 术 持 续 期 间，斗 篷 可 吸 收 1D3次 攻 击^魔 法 准 入 等 级：3^魔 法 熟 练 等 级：6^冷 却 时 间：120秒
qstr_Mana_cost:_60^Casting_cos|法 力 消 耗：60^施 法 成 本：7^类 型：增 益 效 果 -施 法 者 半 径 范 围 (12-40m)^效 果：敌 人 击 中 被 荆 棘 护 盾 保 护 的 友 军 时，将 在 下 一 个 魔 法 阶 段 受 到 伤 害。^魔 法 访 问 级 别：3^魔 法 能 力 等 级：5^冷 却 时 间：100秒
qstr_Mana_cost:_80^Casting_|法 力 消 耗：80^施 法 成 本：10^类 型：瞬 发 -施 法 者 半 径 范 围 (2-20m)^效 果：治 疗 友 军（10-100点）并 使 被 击 倒 的 友 军 重 新 加 入 战 场 ^魔 法 访 问 级 别：4^魔 法 能 力 等 级：8^冷 却 时 间：150秒 ^魔 法 信 息 按 钮 在 战 斗 中 可 用 于 此 法 术 N键 
qstr_Mana_cost:_60^Casting_cost|法 力 消 耗：60^施 法 成 本：9^类 型：瞬 发^生 效 条 件：必 须 击 中 地 面^效 果：将 施 法 者 传 送 至 指 定 位 置^魔 法 访 问 级 别：5^魔 法 能 力 等 级：10^冷 却 时 间：120秒
qstr_Mana_cost:_100^Castin|法 力 消 耗：100^施 法 难 度：9^类 型：光 环 范 围 伤 害 — 施 法 者 半 径 2-13m^生 效 条 件：强 击 检 定；不 会 影 响 骑 乘 中 的 敌 人^效 果：立 即 死 亡^魔 法 准 入 等 级：6^魔 法 熟 练 等 级：9^冷 却 时 间：180秒
qstr_Mana_cost:_8^Casting|法 力 消 耗：8^施 法 成 本：6^类 型：小 型 魔 法 飞 弹 ^效 果：10-80穿 刺 伤 害（火 焰 伤 害）^魔 法 访 问 级 别：1^魔 法 能 力 等 级：3^冷 却 时 间：1秒 
qstr_Mana_cost:_50^Casting_cost:_7|法 力 消 耗：50^施 法 成 本：7^类 型：减 益 效 果 -目 标 半 径 范 围 (12-40m)^效 果：敌 军 移 动 速 度 降 低 70%^魔 法 访 问 级 别：1^魔 法 能 力 等 级：4^冷 却 时 间：100秒
qstr_Mana_cost:_60^Casting_cost:|法 力 消 耗：60^施 法 难 度：7^类 型：增 益 — 施 法 者 半 径 12-40m^效 果：友 军 每 次 命 中 至 少 造 成 5-10点 伤 害。^友 军 尝 试 触 发 特 殊 战 斗 能 力、守 护 豁 免、魔 法 抗 性 等 随 机 效 果 时，成 功 率 提 高。^魔 法 准 入 等 级：3^魔 法 熟 练 等 级：5^冷 却 时 间：120秒
qstr_Mana_cost:_60^Casting_cost:_|法 力 消 耗：60^施 法 难 度：7^类 型：减 益 — 施 法 者 半 径 21-50m^效 果：使 敌 军 的 特 殊 技 能 失 效^魔 法 准 入 等 级：2^魔 法 熟 练 等 级：5^冷 却 时 间：120秒^战 斗 中 可 按 N键 查 看 此 法 术 信 息
qstr_Mana_cost:_90^Castin|法 力 消 耗：90^施 法 成 本：8^类 型：范 围 伤 害 光 环 (3-15m)^效 果：造 成 轻 到 中 级 伤 害 ^魔 法 访 问 级 别：5^魔 法 能 力 等 级：8^冷 却 时 间：100秒 
qstr_Mana_cost:_100^Casting|法 力 消 耗：100^施 法 成 本：10^类 型：爆 炸 性 范 围 伤 害 (3-15m)^效 果：中 到 高 级 伤 害 ^魔 法 访 问 级 别：6^魔 法 能 力 等 级：9^冷 却 时 间：180秒 
qstr_Mana_cost:_30^Castin|法 力 消 耗：30^施 法 成 本：9^类 型：大 型 魔 法 飞 弹 ^效 果：超 高 伤 害 ^魔 法 访 问 级 别：3^魔 法 能 力 等 级：6^冷 却 时 间：120秒 
qstr_Mana_cost:_60^Casting_cost:_7|法 力 消 耗：60^施 法 难 度：7^类 型：召 唤 — 仅 限 施 法 者^生 效 条 件：必 须 留 有 空 武 器 栏 位；若 手 持 法 杖 或 盾 牌，则 会 暂 时 替 换 该 物 品^效 果：召 唤 天 青 之 盾，使 基 础 魔 法 抗 性 +2（不 影 响 施 法 能 力）^魔 法 准 入 等 级：2^魔 法 熟 练 等 级：4^冷 却 时 间：10秒
qstr_Mana_cost:_50^Casting_cost:_7^|法 力 消 耗：50^施 法 成 本：7^类 型：减 益 效 果 -施 法 者 半 径 范 围 (12-40m)^效 果：敌 军 速 度、伤 害 和 远 程 能 力 降 低（各 降 低 10-50%）^魔 法 访 问 级 别：1^魔 法 能 力 等 级：4^冷 却 时 间：90秒  
qstr_Mana_cost:_80^Casting_c|法 力 消 耗：80^施 法 成 本：7^类 型：召 唤 ^效 果：召 唤 一 匹 暗 影 战 马（随 着 魔 法 技 能 的 增 加，质 量 会 提 高）^魔 法 访 问 级 别：3^魔 法 能 力 等 级：5^冷 却 时 间：180秒 
qstr_Mana_cost:_50^Casting_cost:_7^T|法 力 消 耗：50^施 法 成 本：7^类 型：减 益 效 果 -施 法 者 半 径 范 围 (12-40m)^效 果：敌 军 近 战 伤 害 降 低（10-90%）^魔 法 访 问 级 别：2^魔 法 能 力 等 级：4^冷 却 时 间：90秒 
qstr_Mana_cost:_65^Castin|法 力 消 耗：65^施 法 成 本：9^类 型：减 益 效 果 -施 法 者 半 径 范 围 (12-40m)^效 果：敌 人 受 到 的 伤 害 增 加（每 次 击 中 可 额 外 增 加 1-35点）^魔 法 访 问 级 别：3^魔 法 能 力 等 级：6^冷 却 时 间：120秒 
qstr_Mana_cost:_20^Casting|法 力 消 耗：20^施 法 成 本：8^类 型：大 型 魔 法 飞 弹 ^效 果：中 高 程 度 伤 害 ^魔 法 访 问 级 别：3^魔 法 能 力 等 级：5^冷 却 时 间：45秒 
qstr_Mana_cost:_70^Castin|法 力 消 耗：70^施 法 成 本：9^类 型：大 型 魔 法 飞 弹 ^效 果：把 敌 人 变 成 友 军 30秒 ^魔 法 访 问 级 别：4^魔 法 能 力 等 级：8^冷 却 时 间：180秒 
qstr_Mana_cost:_60^Casting_cost:_7^|法 力 消 耗：60^施 法 成 本：7^类 型：增 益 效 果 -自 身 有 效 ^效 果：吸 收 所 有 非 魔 法 远 程 伤 害 ^魔 法 访 问 级 别：3^魔 法 能 力 等 级：5^冷 却 时 间：120秒 
qstr_Mana_cost:_100^Casting_|法 力 消 耗：100^施 法 成 本：9^类 型：光 环 范 围 伤 害 ^生 效 条 件：敏 捷 检 定 ^效 果：死 亡 ^魔 法 访 问 级 别：5^魔 法 能 力 等 级：9^冷 却 时 间：180秒 
qstr_Mana_cost:_60^Casting_cost:_9|法 力 消 耗：60^施 法 成 本：9^类 型：增 益 效 果 -施 法 者 半 径 范 围 (12-50m)^效 果：友 方 每 次 命 中 造 成 的 额 外 伤 害 等 同 于 施 法 者 的 统 御 ^魔 法 访 问 级 别：4^魔 法 能 力 等 级：6^冷 却 时 间：120秒 
qstr_Mana_cost:_20^Casting_|法 力 消 耗：20^施 法 难 度：7^类 型：大 型 魔 法 飞 弹^生 效 条 件：进 行 统 御 对 抗；若 杀 死 敌 人，施 法 者 恢 复 生 命^效 果：检 定 获 胜 后，每 超 出 对 手 1点，伤 害 都 会 进 一 步 提 高^魔 法 准 入 等 级：1^魔 法 熟 练 等 级：5^冷 却 时 间：45秒
qstr_Mana_cost:_30^Casting|法 力 消 耗：30^施 法 难 度：7^类 型：大 型 魔 法 飞 弹^生 效 条 件：强 击 检 定；若 杀 死 敌 人，附 近 敌 军 会 丧 失 勇 气^效 果：检 定 每 失 败 1点，目 标 就 会 额 外 受 到 1次 轻 伤 害^魔 法 准 入 等 级：3^魔 法 熟 练 等 级：6^冷 却 时 间：60秒
qstr_Mana_cost:_50^Casting_cost:_7^Ty|法 力 消 耗：50^施 法 难 度：7^类 型：召 唤 武 器^生 效 条 件：召 唤 武 器 会 替 换 第 3武 器 栏 中 的 物 品^效 果：伤 害 随 魔 法 等 级 提 高，且 只 会 杀 死、不 会 击 昏 敌 人^每 次 击 杀 都 会 触 发 学 派 特 性：下 次 魔 法 之 风 判 定 时 有 33%几 率 额 外 获 得 5点 法 力^魔 法 准 入 等 级：2^魔 法 熟 练 等 级：4^冷 却 时 间：10秒
qstr_Mana_cost:_50^Casting_cost:_7^Typ|法 力 消 耗：50^施 法 难 度：7^类 型：增 益 — 施 法 者 半 径 12-40m^效 果：友 军 获 得 勇 气、牢 不 可 破 并 引 发 恐 惧；敌 军 丧 失 勇 气^魔 法 准 入 等 级：2^魔 法 熟 练 等 级：4^冷 却 时 间：90秒^战 斗 中 可 按 N键 查 看 此 法 术 信 息
qstr_Mana_cost:_50^Casting_cost:_7^Type|法 力 消 耗：50^施 法 成 本：7^类 型：增 益 效 果 -仅 限 施 法 者 ^效 果：防 止 将 施 法 者 生 命 降 至 0的 攻 击，次 数 由 魔 力 决 定。^魔 法 访 问 级 别：4^魔 法 能 力 等 级：8^冷 却 时 间：120秒 
qstr_Mana_cost:_55^Castin|法 力 消 耗：55^施 法 难 度：7^类 型：减 益 — 施 法 者 半 径 12-50m^效 果：敌 军 的 近 战 与 远 程 伤 害 降 低 10-40%^魔 法 准 入 等 级：3^魔 法 熟 练 等 级：5^冷 却 时 间：90秒
qstr_Mana_cost:_30^Casting_|法 力 消 耗：30^施 法 难 度：8^类 型：大 型 魔 法 飞 弹（每 次 魔 法 之 风 判 定 仅 可 施 放 1次）^生 效 条 件：铁 骨 检 定；若 杀 死 敌 人，施 法 者 获 得 速 度 加 成^效 果：检 定 每 失 败 1点，目 标 就 会 额 外 受 到 1次 轻 伤 害^魔 法 准 入 等 级：3^魔 法 熟 练 等 级：6^冷 却 时 间：60秒
qstr_Mana_cost:_100^Casting_c|法 力 消 耗：100^施 法 成 本：10^类 型：范 围 伤 害 光 环（6-12m）^生 效 条 件：跑 动 检 定^效 果：死 亡，守 护 豁 免 无 效^魔 法 访 问 级 别：6^魔 法 能 力 等 级：9^冷 却 时 间：180秒
qstr_Mana_cost:_12^Castin|法 力 消 耗：12^施 法 难 度：6^类 型：小 型 魔 法 飞 弹^效 果：造 成 50-120点 穿 刺 伤 害^魔 法 准 入 等 级：1^魔 法 熟 练 等 级：3^冷 却 时 间：5秒
qstr_Mana_cost:_50^Casting_cost:_7^Type:|法 力 消 耗：50^施 法 难 度：7^类 型：增 益 — 目 标 半 径 12-40m^效 果：友 军 的 近 战 伤 害 提 高 2-35%，伤 害 减 免 提 高 10-50%^魔 法 准 入 等 级：2^魔 法 熟 练 等 级：5^冷 却 时 间：90秒
qstr_Mana_cost:_100^Casting_co|法 力 消 耗：100^施 法 成 本：10^类 型：瞬 发 ^效 果：召 唤 野 熊 ^魔 法 访 问 级 别：5^魔 法 能 力 等 级：9^冷 却 时 间：180秒 
qstr_Mana_cost:_50^Casting_cost:_7^Type:_|法 力 消 耗：50 ^施 法 成 本：7^类 型：增 益 效 果 - 仅 限 施 法 者 ^效 果：施 法 者 获 得 双 倍 移 动 速 度 ^魔 法 访 问 等 级：2^魔 法 能 力 等 级：4^冷 却 时 间：120秒 
qstr_Mana_cost:_50^Casting_cost:_8|法 力 消 耗：50^施 法 成 本：8^类 型：增 益— 目 标 半 径（12-40m）^效 果：获 得 6+至 4+守 护 豁 免^魔 法 访 问 级 别：3^魔 法 能 力 等 级：4^冷 却 时 间：90秒
qstr_Mana_cost:_60^Casting_cost:_9^|法 力 消 耗：60^施 法 成 本：9^类 型：增 益 效 果 -目 标 半 径 范 围 (12-40m)^效 果：友 方 近 战 伤 害 提 高（10-60%）和 速 度 提 高（10-60%）^魔 法 访 问 级 别：4^魔 法 能 力 等 级：5^冷 却 时 间：110秒
qstr_Mana_cost:_70^Casting|法 力 消 耗：70^施 法 难 度：7^类 型：光 环 范 围 伤 害 与 减 益 — 以 施 法 者 为 中 心，半 径 4-20m^效 果：敌 军 勇 气 降 低，并 受 到 轻 微 伤 害^魔 法 准 入 等 级：3^魔 法 熟 练 等 级：6^冷 却 时 间：80秒^战 斗 中 可 按 N键 查 看 此 法 术 信 息
qstr_Mana_cost:_50^Casting_cost:_6|法 力 消 耗：50^施 法 难 度：6^类 型：减 益 — 目 标 区 域，半 径 12-30m^效 果：敌 军 移 动 速 度 降 低 50%，远 程 精 准 度 降 低 30%^魔 法 准 入 等 级：2^魔 法 熟 练 等 级：4^冷 却 时 间：90秒
qstr_Mana_cost:_90^Casting|法 力 消 耗：90^施 法 难 度：10^类 型：瞬 发^效 果：变 身 为 克 罗 西 格 幼 体^魔 法 准 入 等 级：4^魔 法 熟 练 等 级：9^冷 却 时 间：180秒
qstr_Mana_cost:_90^Casting_|法 力 消 耗：90^施 法 难 度：10^类 型：瞬 发^效 果：变 身 为 卡 顿 野 熊^魔 法 准 入 等 级：4^魔 法 熟 练 等 级：9^冷 却 时 间：180秒
qstr_Mana_cost:_50^Casting_cost:_7^Type:_B|法 力 消 耗：50^施 法 难 度：7^类 型：增 益 — 目 标 区 域，半 径 12-40m^效 果：敌 军 若 击 中 受 流 火 披 风 保 护 的 友 军，将 在 下 一 次 魔 法 之 风 判 定 时 受 到 伤 害^魔 法 准 入 等 级：2^魔 法 熟 练 等 级：4^冷 却 时 间：50秒
qstr_Mana_cost:_60^Casting_cost:_7^T|法 力 消 耗：60^施 法 难 度：7^类 型：增 益 — 目 标 区 域，半 径 12-40m^效 果：友 军 近 战 伤 害 提 高 5-40%^魔 法 准 入 等 级：2^魔 法 熟 练 等 级：6^冷 却 时 间：120秒
qstr_Mana_cost:_50^Casting_cost:_7^Type:_S|法 力 消 耗：50^施 法 难 度：7^类 型：召 唤 武 器^生 效 条 件：召 唤 武 器 会 替 换 第 3武 器 栏 中 的 物 品^效 果：伤 害 随 魔 力 等 级 提 高^魔 法 准 入 等 级：2^魔 法 熟 练 等 级：4^冷 却 时 间：10秒
qstr_Mana_cost:_50^Casting_cost:_8^|法 力 消 耗：50^施 法 难 度：8^类 型：增 益 — 以 施 法 者 为 中 心，半 径 12-40m^效 果：友 方 弓 手 与 弩 手 获 得 火 焰 弹 药，持 续 1分 钟^魔 法 准 入 等 级：3^魔 法 熟 练 等 级：5^冷 却 时 间：100秒^战 斗 中 可 按 N键 查 看 此 法 术 信 息
qstr_Mana_cost:_50^Casting_cost:_9|法 力 消 耗：50^施 法 难 度：9^类 型：减 益 — 目 标 区 域，半 径 12-40m^效 果：敌 军 移 动 速 度 降 低 50%，远 程 精 准 度 降 低 20%^魔 法 准 入 等 级：3^魔 法 熟 练 等 级：4^冷 却 时 间：90秒
qstr_Mana_cost:_25^Castin|法 力 消 耗：25^施 法 难 度：9^类 型：大 型 魔 法 飞 弹^效 果：敌 人 受 到 高 至 极 高 伤 害^魔 法 准 入 等 级：3^魔 法 熟 练 等 级：5^冷 却 时 间：45秒
qstr_Mana_cost:_80^Casting_co|法 力 消 耗：80^施 法 难 度：8^类 型：爆 炸 范 围 伤 害 — 半 径 5-10m^效 果：造 成 轻 微 至 高 额 伤 害^魔 法 准 入 等 级：3^魔 法 熟 练 等 级：6^冷 却 时 间：100秒
qstr_Mana_cost:_90^Casting_c|法 力 消 耗：90^施 法 难 度：9^类 型：爆 炸 范 围 伤 害 — 半 径 2-12m^效 果：敌 军 受 到 中 等 至 高 额 伤 害^魔 法 准 入 等 级：5^魔 法 熟 练 等 级：8^冷 却 时 间：150秒
qstr_Mana_cost:_10^Casting_|法 力 消 耗：10^施 法 难 度：6^类 型：小 型 魔 法 飞 弹^效 果：造 成 40-110点 穿 刺 伤 害^魔 法 准 入 等 级：1^魔 法 熟 练 等 级：3^冷 却 时 间：3秒
qstr_Mana_cost:_80^Casting_cos|法 力 消 耗：80^施 法 难 度：9^类 型：瞬 发 — 整 个 战 场^效 果：驱 散 所 有 魔 法 效 果；敌 方 施 法 者 在 下 一 次 魔 法 之 风 判 定 时 损 失 法 力^魔 法 准 入 等 级：4^魔 法 熟 练 等 级：7^冷 却 时 间：120秒
qstr_Mana_cost:_50^Casting_cost:_6^|法 力 消 耗：50^施 法 难 度：6^类 型：瞬 发 — 以 施 法 者 为 中 心，半 径 17-45m^效 果：为 友 军 恢 复 10-100点 生 命^魔 法 准 入 等 级：1^魔 法 熟 练 等 级：4^冷 却 时 间：120秒^战 斗 中 可 按 N键 查 看 此 法 术 信 息
qstr_Mana_cost:_60^Casting_cost:_8|法 力 消 耗：60^施 法 难 度：8^类 型：增 益 — 目 标 区 域，半 径 12-40m^效 果：友 军 的 移 动 速 度、近 战 伤 害、远 程 精 准 度 与 装 填 速 度 各 提 高 10-50%^魔 法 准 入 等 级：3^魔 法 熟 练 等 级：6^冷 却 时 间：120秒
qstr_Mana_cost:_40^Casting|法 力 消 耗：40^施 法 难 度：7^类 型：增 益 — 目 标 区 域，半 径 12-40m^效 果：友 军 移 动 速 度 提 高 5-70%，并 获 得 闪 避^魔 法 准 入 等 级：2^魔 法 熟 练 等 级：4^冷 却 时 间：90秒
qstr_Mana_cost:_25^Casting|法 力 消 耗：25^施 法 难 度：8^类 型：大 型 魔 法 飞 弹^效 果：造 成 高 额 伤 害，并 有 几 率 摧 毁 目 标 的 一 件 物 品^魔 法 准 入 等 级：3^魔 法 熟 练 等 级：5^冷 却 时 间：45秒
qstr_Mana_cost:_90^Casting_co|法 力 消 耗：90^施 法 难 度：9^类 型：爆 炸 范 围 伤 害 — 半 径 3-15m^效 果：敌 军 受 到 中 等 至 高 额 伤 害^魔 法 准 入 等 级：6^魔 法 熟 练 等 级：9^冷 却 时 间：120秒
qstr_Mana_cost:_90^Casting_cos|法 力 消 耗：90^施 法 难 度：9^类 型：光 环 范 围 伤 害 — 以 施 法 者 为 中 心，半 径 5-12m^生 效 条 件：仅 影 响 亡 灵 与 恶 魔^效 果：敌 军 受 到 高 至 极 高 伤 害^魔 法 准 入 等 级：4^魔 法 熟 练 等 级：7^冷 却 时 间：120秒
qstr_Mana_cost:_12^Casting|法 力 消 耗：12^施 法 难 度：7^类 型：小 型 魔 法 飞 弹^效 果：造 成 60-130点 穿 刺 伤 害^魔 法 准 入 等 级：1^魔 法 熟 练 等 级：3^冷 却 时 间：4秒
qstr_Mana_cost:_70^Casting_|法 力 消 耗：70^施 法 难 度：9^类 型：增 益 — 目 标 区 域，半 径 12-40m^效 果：友 军 近 战 伤 害 提 高 5-70%；下 一 次 魔 法 之 风 判 定 时 有 33%几 率 获 得 额 外 法 力^魔 法 准 入 等 级：3^魔 法 熟 练 等 级：6^冷 却 时 间：125秒
qstr_Mana_cost:_50^Casting_cost:_6^T|法 力 消 耗：50^施 法 难 度：6^类 型：减 益 — 目 标 区 域，半 径 12-40m^效 果：敌 军 近 战 伤 害 降 低 10-50%，远 程 精 准 度 降 低 10-70%^魔 法 准 入 等 级：2^魔 法 熟 练 等 级：4^冷 却 时 间：90秒
qstr_Mana_cost:_95^Castin|法 力 消 耗：95^施 法 难 度：9^类 型：光 环 范 围 伤 害 — 半 径 3-12m^生 效 条 件：敏 捷 检 定^效 果：敌 军 受 到 高 至 极 高 伤 害^魔 法 准 入 等 级：4^魔 法 熟 练 等 级：7^冷 却 时 间：130秒
qstr_Mana_cost:_50^Casting_cost:_6^Ty|法 力 消 耗：50^施 法 难 度：6^类 型：瞬 发 — 以 施 法 者 为 中 心，半 径 12-30m^效 果：敌 军 勇 气 降 低^魔 法 准 入 等 级：2^魔 法 熟 练 等 级：4^冷 却 时 间：60秒^战 斗 中 可 按 N键 查 看 此 法 术 信 息
qstr_Mana_cost:_20^Casting_c|法 力 消 耗：20^施 法 难 度：8^类 型：大 型 魔 法 飞 弹^生 效 条 件：掷 D20，结 果 须 高 于 敌 人 的 铁 骨 等 级^效 果：目 标 立 即 死 亡^魔 法 准 入 等 级：3^魔 法 熟 练 等 级：5^冷 却 时 间：45秒
qstr_Mana_cost:_80^Casting_cost|法 力 消 耗：80^施 法 难 度：8^类 型：光 环 范 围 伤 害 — 半 径 3-12m^效 果：敌 军 受 到 轻 微 至 中 等 伤 害；每 造 成 一 次 击 杀，施 法 者 都 会 恢 复 生 命^魔 法 准 入 等 级：5^魔 法 熟 练 等 级：8^冷 却 时 间：100秒
qstr_Mana_cost:_100^Casting_cos|法 力 消 耗：100^施 法 难 度：10^类 型：光 环 范 围 伤 害 — 半 径 3-12m^生 效 条 件：强 击 检 定^效 果：目 标 立 即 死 亡^魔 法 准 入 等 级：7^魔 法 熟 练 等 级：10^冷 却 时 间：180秒
qstr_Mana_cost:_40^Casting_|法 力 消 耗：40^施 法 难 度：6^类 型：以 施 法 者 为 中 心 — 超 大 范 围^效 果：敌 军 远 程 精 准 度 降 低 3-45%^魔 法 准 入 等 级：1^魔 法 熟 练 等 级：4^冷 却 时 间：60秒
qstr_Mana_cost:_70^Casting_c|法 力 消 耗：70^施 法 难 度：9^类 型：召 唤^生 效 条 件：附 近 的 尸 体 可 增 强 法 术 威 力^效 果：召 唤 1-7名 低 至 中 阶 单 位^魔 法 准 入 等 级：1^魔 法 熟 练 等 级：5^冷 却 时 间：90秒
qstr_Mana_cost:_60^Casting_cost:_7^t|法 力 消 耗：60^施 法 难 度：7^类 型：减 益 — 以 施 法 者 为 中 心，半 径 12-40m^效 果：敌 方 坐 骑 受 到 伤 害；幸 存 坐 骑 的 速 度 降 低^魔 法 准 入 等 级：2^魔 法 熟 练 等 级：5^冷 却 时 间：90秒
qstr_Mana_cost:_50^Casting_cost:_6^Typ|法 力 消 耗：50^施 法 难 度：6^类 型：瞬 发 — 以 施 法 者 为 中 心，半 径 12-40m^效 果：为 友 方 亡 灵 恢 复 10-100点 生 命^魔 法 准 入 等 级：1^魔 法 熟 练 等 级：4^冷 却 时 间：120秒^战 斗 中 可 按 N键 查 看 此 法 术 信 息
qstr_Mana_cost:_45^Castin|法 力 消 耗：45^施 法 难 度：6^类 型：增 益 — 目 标 区 域，半 径 12-40m^效 果：友 军 移 动 速 度 提 高 30-70%^魔 法 准 入 等 级：2^魔 法 熟 练 等 级：4^冷 却 时 间：70秒
qstr_Mana_cost:_75^Casting|法 力 消 耗：75^施 法 难 度：8^类 型：增 益 — 仅 限 施 法 者^效 果：施 法 者 近 战 伤 害 提 高 10-70%，效 果 可 能 持 续 多 个 魔 法 阶 段^魔 法 准 入 等 级：4^魔 法 熟 练 等 级：7^冷 却 时 间：120秒
qstr_Mana_cost:_30^Casting_c|法 力 消 耗：30^施 法 难 度：9^类 型：大 型 魔 法 飞 弹^效 果：造 成 极 高 伤 害^魔 法 准 入 等 级：3^魔 法 熟 练 等 级：5^冷 却 时 间：60秒
qstr_Mana_cost:_20^Casting_co|法 力 消 耗：20^施 法 难 度：7^类 型：大 型 魔 法 飞 弹^生 效 条 件：统 御 检 定^效 果：根 据 统 御 检 定 失 败 的 差 值，造 成 极 轻 至 极 高 伤 害^魔 法 准 入 等 级：3^魔 法 熟 练 等 级：5^冷 却 时 间：45秒
qstr_Mana_cost:_85^Castin|法 力 消 耗：85^施 法 难 度：8^类 型：光 环 范 围 伤 害 — 距 施 法 者 2-20m^生 效 条 件：会 波 及 友 军；亡 灵、恶 魔 与 蜥 人 免 疫^效 果：造 成 轻 微 至 中 等 伤 害^魔 法 准 入 等 级：4^魔 法 熟 练 等 级：7^冷 却 时 间：110秒
qstr_Mana_cost:_90^Casting_cost|法 力 消 耗：90^施 法 难 度：10^类 型：召 唤^效 果：召 唤 1名 中 高 阶 至 高 阶 步 兵^魔 法 准 入 等 级：3^魔 法 熟 练 等 级：8^冷 却 时 间：120秒
qstr_Mana_cost:_100^Casting_cost|法 力 消 耗：100^施 法 难 度：13^类 型：召 唤^效 果：召 唤 1-3名 中 至 高 阶 骑 兵^魔 法 准 入 等 级：6^魔 法 熟 练 等 级：9^冷 却 时 间：180秒
qstr_Mana_cost:_100^Casting_cost:|法 力 消 耗：100^施 法 难 度：10^类 型：瞬 发 — 以 施 法 者 为 中 心，半 径 2-20m^效 果：为 友 方 亡 灵 恢 复 10-100点 生 命；魔 力 等 级 较 高 时，已 倒 下 的 友 方 亡 灵 有 几 率 复 生^魔 法 准 入 等 级：4^魔 法 熟 练 等 级：8^冷 却 时 间：180秒^战 斗 中 可 按 N键 查 看 此 法 术 信 息
qstr_Mana_cost:_60^Casting_cost:_7^Ty|法 力 消 耗：60^施 法 难 度：7^类 型：增 益 — 以 施 法 者 为 中 心，半 径 12-40m^效 果：友 方 亡 灵 每 次 命 中 至 少 造 成 5-10点 伤 害^魔 法 准 入 等 级：3^魔 法 熟 练 等 级：5^冷 却 时 间：120秒
qstr_Mana_cost:_70^Casting_co|法 力 消 耗：70^施 法 难 度：8^类 型：召 唤 — 半 径 5-15m^生 效 条 件：只 能 复 生 人 类、矮 人（不 包 括 混 沌 矮 人）、精 灵 与 混 沌 单 位；提 高 魔 法 控 制 和 魔 力 可 增 加 复 生 几 率 与 召 唤 物 强 度^效 果：将 死 亡 的 敌 人 以 骷 髅 形 态 复 生^魔 法 准 入 等 级：1^魔 法 熟 练 等 级：5^冷 却 时 间：90秒
qstr_Mana_cost:_75^Casting_|法 力 消 耗：75^施 法 难 度：8^类 型：增 益 — 仅 限 施 法 者^效 果：施 法 者 化 为 灵 体，近 战 攻 击 额 外 造 成 寒 霜 伤 害^魔 法 准 入 等 级：4^魔 法 熟 练 等 级：7^冷 却 时 间：120秒
qstr_Mana_cost:_60^Casting_cost:_7^Typ|法 力 消 耗：60^施 法 难 度：7^类 型：减 益 — 以 施 法 者 为 中 心，半 径 2-17m^效 果：敌 军 无 法 移 动，但 仍 可 战 斗^魔 法 准 入 等 级：3^魔 法 熟 练 等 级：5^冷 却 时 间：90秒
qstr_Mana_cost:_45^Casting|法 力 消 耗：45^施 法 难 度：6^类 型：增 益 — 目 标 区 域，半 径 3-40m^效 果：友 军 移 动 速 度 提 高 30-70%^魔 法 准 入 等 级：2^魔 法 熟 练 等 级：4^冷 却 时 间：70秒
qstr_Mana_cost:_80^Casting_cost:|法 力 消 耗：80^施 法 难 度：8^类 型：爆 炸 范 围 伤 害 — 半 径 3-12m^生 效 条 件：不 影 响 亡 灵 或 恶 魔^效 果：造 成 低 至 中 等 伤 害^魔 法 准 入 等 级：5^魔 法 熟 练 等 级：8^冷 却 时 间：95秒
qstr_Mana_cost:_80^Casting_cost:_|法 力 消 耗：80^施 法 难 度：8^类 型：爆 炸 范 围 伤 害 — 半 径 5-10m^生 效 条 件：不 影 响 亡 灵 或 恶 魔^^效 果：受 影 响 的 敌 军 每 次 魔 法 之 风 判 定 时 都 有 几 率 受 到 伤 害，且 几 率 会 逐 次 提 高^魔 法 准 入 等 级：5^魔 法 熟 练 等 级：8^冷 却 时 间：100秒
qstr_Mana_cost:_100^Casting_cost:_|法 力 消 耗：100^施 法 难 度：10^类 型：瞬 发 — 以 施 法 者 为 中 心，半 径 5-2m^效 果：尝 试 控 制 敌 人 的 心 智，使 其 倒 戈 成 为 友 军^亡 灵 与 恶 魔 无 法 被 控 制^魔 法 准 入 等 级：6^魔 法 熟 练 等 级：10^冷 却 时 间：180秒
qstr_Mana_cost:_60^Casting_cost:_8^|法 力 消 耗：60^施 法 难 度：8^类 型：增 益 — 仅 限 施 法 者^效 果：护 盾 有 83%几 率 吸 收 任 意 近 战 攻 击^维 持 护 盾 会 造 成 身 心 负 担，因 此 闪 避 几 率 降 低^魔 法 准 入 等 级：4^魔 法 熟 练 等 级：6^冷 却 时 间：180秒
qstr_Mana_cost:_50^Casting_cost:_7^Type:_I|法 力 消 耗：50^施 法 难 度：7^类 型：瞬 发 — 整 个 战 场^效 果：奸 奇 掠 夺 者 获 得 4+魔 法 抗 性，其 他 奸 奇 部 队 获 得 2+魔 法 抗 性，持 续 1分 钟^魔 法 准 入 等 级：3^魔 法 熟 练 等 级：6^冷 却 时 间：180秒
qstr_Mana_cost:_30^Casting_co|法 力 消 耗：30^施 法 难 度：8^类 型：大 型 魔 法 飞 弹^效 果：造 成 高 至 极 高 伤 害^魔 法 准 入 等 级：3^魔 法 熟 练 等 级：5^冷 却 时 间：60秒
qstr_Mana_cost:_20^Casting_cos|法 力 消 耗：20^施 法 难 度：7^类 型：大 型 魔 法 飞 弹^生 效 条 件：进 行 魔 法 等 级 对 抗（仅 影 响 敌 方 施 法 者）^效 果：造 成 轻 微 至 中 等 伤 害；若 意 志 对 抗 获 胜，敌 人 下 一 阶 段 无 法 施 法^魔 法 准 入 等 级：4^魔 法 熟 练 等 级：5^冷 却 时 间：45秒
qstr_Mana_cost:_90^Casting_cost:|法 力 消 耗：90^施 法 难 度：9^类 型：爆 炸 范 围 伤 害 — 半 径 3-12m^效 果：造 成 中 等 至 高 额 伤 害^魔 法 准 入 等 级：5^魔 法 熟 练 等 级：8^冷 却 时 间：120秒
qstr_Mana_cost:_100^Casting_cost:_1|法 力 消 耗：100^施 法 难 度：13^类 型：光 环 范 围 伤 害 — 半 径 3-12m^效 果：造 成 毁 灭 性 伤 害^魔 法 准 入 等 级：5^魔 法 熟 练 等 级：10^冷 却 时 间：180秒
qstr_Mana_cost:_8^Casting_|法 力 消 耗：8^施 法 难 度：6^类 型：小 型 魔 法 飞 弹^效 果：造 成 20-90点 穿 刺 伤 害^魔 法 准 入 等 级：1^魔 法 熟 练 等 级：3^冷 却 时 间：2秒
qstr_Mana_cost:_90^Casting_cost:_|法 力 消 耗：90^施 法 难 度：9^类 型：召 唤^效 果：召 唤 1名 或 多 名 色 孽 妖 女^魔 法 准 入 等 级：3^魔 法 熟 练 等 级：7^冷 却 时 间：90秒
qstr_Mana_cost:_60^Casting_cost:_7^ty|法 力 消 耗：60^施 法 难 度：7^类 型：减 益 — 目 标 区 域，半 径 3-40m^生 效 条 件：意 志 力 检 定^效 果：敌 军 移 动 速 度 与 近 战 伤 害 减 半^魔 法 准 入 等 级：3^魔 法 熟 练 等 级：5^冷 却 时 间：100秒
qstr_Mana_cost:_50^Casting_cost:_6^t|法 力 消 耗：50^施 法 难 度：6^类 型：减 益 — 目 标 区 域，半 径 3-40m^效 果：敌 军 移 动 速 度 降 低 40-90%，武 器 挥 动 速 度 降 低^魔 法 准 入 等 级：2^魔 法 熟 练 等 级：4^冷 却 时 间：90秒
qstr_Mana_cost:_20^Casting_cost|法 力 消 耗：20^施 法 难 度：8^类 型：大 型 魔 法 飞 弹^生 效 条 件：统 御 检 定^效 果：造 成 中 等 至 高 额 伤 害^魔 法 准 入 等 级：3^魔 法 熟 练 等 级：5^冷 却 时 间：45秒
qstr_Mana_cost:_50^Casting_cost:_7^t|法 力 消 耗：50^施 法 难 度：7^类 型：目 标 区 域，半 径 12-40m^效 果：友 军 移 动 速 度 提 高 5-40%，武 器 挥 动 速 度 提 高，并 获 得 牢 不 可 破^魔 法 准 入 等 级：3^魔 法 熟 练 等 级：4^冷 却 时 间：90秒
qstr_Mana_cost:_60^Casting_cost:_7^typ|法 力 消 耗：60^施 法 难 度：7^类 型：以 施 法 者 为 中 心，半 径 23-50m^效 果：敌 军 无 法 使 用 特 殊 战 斗 能 力^魔 法 准 入 等 级：2^魔 法 熟 练 等 级：5^冷 却 时 间：60秒^战 斗 中 可 按 N键 查 看 此 法 术 信 息
qstr_Mana_cost:_90^Casting_cost:_8|法 力 消 耗：90^施 法 难 度：8^类 型：光 环 范 围 伤 害 — 半 径 1-10m^生 效 条 件：统 御 检 定（仅 决 定 是 否 触 发 第 二 次 伤 害）^效 果：造 成 轻 微 至 中 等 伤 害；若 统 御 检 定 失 败，则 再 次 受 到 伤 害^魔 法 准 入 等 级：5^魔 法 熟 练 等 级：8^冷 却 时 间：120秒
qstr_Mana_cost:_100^Casting_cost:_10|法 力 消 耗：100^施 法 难 度：10^类 型：光 环 范 围 伤 害 — 半 径 6-15m^效 果：有 50%几 率 受 到 高 额 伤 害^魔 法 准 入 等 级：5^魔 法 熟 练 等 级：8^冷 却 时 间：120秒
qstr_Mana_cost:_10^Casting_c|法 力 消 耗：10^施 法 难 度：6^类 型：小 型 魔 法 飞 弹^生 效 条 件：体 质 检 定（仅 影 响 额 外 伤 害）^效 果：造 成 20-90点 穿 刺 伤 害；若 体 质 检 定 失 败，额 外 受 到 伤 害^魔 法 准 入 等 级：1^魔 法 熟 练 等 级：3^冷 却 时 间：3秒
qstr_Mana_cost:_50^Casting_cost:_6^ty|法 力 消 耗：50^施 法 难 度：6^类 型：减 益 — 目 标 区 域，半 径 12-40m^效 果：敌 军 移 动 速 度 降 低 40-90%，武 器 挥 动 速 度 降 低^魔 法 准 入 等 级：2^魔 法 熟 练 等 级：4^冷 却 时 间：90秒
qstr_Mana_cost:_55^Casting|法 力 消 耗：55^施 法 难 度：7^类 型：增 益 — 目 标 区 域，半 径 10-30m^效 果：友 军 攻 击 永 久 附 带 毒 素；魔 力 达 到 10时 还 会 获 得 剧 毒 攻 击^魔 法 准 入 等 级：2^魔 法 熟 练 等 级：5^冷 却 时 间：110秒^战 斗 中 可 按 N键 查 看 此 法 术 信 息
qstr_Mana_cost:_45^Casting_|法 力 消 耗：45^施 法 难 度：7^类 型：增 益 — 目 标 区 域，半 径 12-40m^效 果：友 军 获 得 无 视 痛 苦^（魔 力 达 到 7时 获 得 高 级 无 视 痛 苦，达 到 12时 获 得 大 师 级 无 视 痛 苦）^魔 法 准 入 等 级：1^魔 法 熟 练 等 级：4^冷 却 时 间：90秒
qstr_Mana_cost:_85^Casting|法 力 消 耗：85^施 法 难 度：8^类 型：光 环 范 围 伤 害 — 半 径 1-10m^生 效 条 件：铁 骨 检 定（仅 决 定 是 否 触 发 第 二 次 伤 害）^效 果：造 成 轻 微 至 中 等 伤 害；若 铁 骨 检 定 失 败，则 再 次 受 到 伤 害^魔 法 准 入 等 级：4^魔 法 熟 练 等 级：6^冷 却 时 间：100秒
qstr_Mana_cost:_80^Casting_cost:_7|法 力 消 耗：80^施 法 难 度：7^类 型：光 环 范 围 伤 害 — 半 径 5m^生 效 条 件：不 影 响 亡 灵、恶 魔 或 瘟 疫 氏 族 单 位^效 果：每 5秒，邻 近 敌 军 必 定 受 到 轻 微 伤 害^魔 法 准 入 等 级：4^魔 法 熟 练 等 级：6^冷 却 时 间：100秒
qstr_Mana_cost:_50^Casting_cost:_6^typ|法 力 消 耗：50^施 法 难 度：6^类 型：瞬 发 — 以 施 法 者 为 中 心，半 径 12-30m^生 效 条 件：魔 力 1级 时 需 掷 出 5+，4级 时 需 4+，7级 时 需 3+^效 果：检 定 成 功 的 友 军 恢 复 全 部 生 命^魔 法 准 入 等 级：2^魔 法 熟 练 等 级：4^冷 却 时 间：100秒^战 斗 中 可 按 N键 查 看 此 法 术 信 息
qstr_Mana_cost:_95^Casting|法 力 消 耗：95^施 法 难 度：9^类 型：爆 炸 范 围 伤 害 — 半 径 3-12m^生 效 条 件：体 质 检 定^效 果：造 成 中 等 至 高 额 毒 素 伤 害^魔 法 准 入 等 级：5^魔 法 熟 练 等 级：8^冷 却 时 间：150秒
qstr_Mana_cost:_10^Casting_co|法 力 消 耗：10^施 法 难 度：6^类 型：小 型 魔 法 飞 弹^效 果：造 成 40-110点 穿 刺 伤 害^魔 法 准 入 等 级：1^魔 法 熟 练 等 级：3^冷 却 时 间：3秒
qstr_Mana_cost:_20^Casting_cost:|法 力 消 耗：20^施 法 难 度：8^类 型：大 型 魔 法 飞 弹^效 果：造 成 中 等 至 高 额 伤 害^魔 法 准 入 等 级：3^魔 法 熟 练 等 级：5^冷 却 时 间：45秒
qstr_Mana_cost:_75^Casting_c|法 力 消 耗：75^施 法 难 度：8^类 型：增 益 — 仅 限 施 法 者^效 果：施 法 者 伤 害 与 武 器 速 度 提 高，并 获 得 6+守 护 豁 免^魔 法 准 入 等 级：4^魔 法 熟 练 等 级：7^冷 却 时 间：120秒
qstr_Mana_cost:_60^Casting_cost:_7^Type|法 力 消 耗：60^施 法 难 度：7^类 型：瞬 发 — 整 个 战 场^生 效 条 件：只 有 友 方 兽 人 与 地 精 获 得 勇 气 加 成^效 果：友 军 获 得 随 施 法 者 魔 力 等 级 提 高 的 勇 气 加 成；范 围 内 的 敌 方 施 法 者 若 意 志 力 检 定 失 败，则 受 到 伤 害^魔 法 准 入 等 级：3^魔 法 熟 练 等 级：5^冷 却 时 间：90秒
qstr_Mana_cost:_50^Casting_cost:_6^type|法 力 消 耗：50^施 法 难 度：6^类 型：增 益 — 目 标 区 域，半 径 12-40m^效 果：友 军 移 动 速 度 提 高 30-90%^魔 法 准 入 等 级：1^魔 法 熟 练 等 级：4^冷 却 时 间：90秒
qstr_Mana_cost:_15^Castin|法 力 消 耗：15^施 法 难 度：7^类 型：小 型 魔 法 飞 弹^生 效 条 件：仅 影 响 魔 法 使 用 者^效 果：造 成 高 至 极 高 伤 害^魔 法 准 入 等 级：2^魔 法 熟 练 等 级：5^冷 却 时 间：30秒
qstr_Mana_cost:_90^Casting_cost:_8^|法 力 消 耗：90^施 法 难 度：8^类 型：光 环 范 围 伤 害 — 半 径 1-10m^效 果：造 成 中 等 至 高 额 伤 害^魔 法 准 入 等 级：5^魔 法 熟 练 等 级：8^冷 却 时 间：120秒
qstr_Mana_cost:_55^Casting_|法 力 消 耗：55^施 法 难 度：7^类 型：增 益 — 目 标 区 域，半 径 12-40m^效 果：友 方 兽 人 的 无 视 痛 苦 触 发 阈 值 提 高，武 器 速 度 也 随 之 提 高^魔 法 准 入 等 级：3^魔 法 熟 练 等 级：5^冷 却 时 间：105秒
qstr_Mana_cost:_8^Casting_c|法 力 消 耗：8^施 法 难 度：6^类 型：小 型 魔 法 飞 弹^效 果：造 成 10-80点 穿 刺 伤 害^魔 法 准 入 等 级：1^魔 法 熟 练 等 级：3^冷 却 时 间：2秒
qstr_Mana_cost:_50^Casting_cost:_6^type:|法 力 消 耗：50^施 法 难 度：6^类 型：增 益 — 目 标 区 域，半 径 12-40m^效 果：友 军 穿 刺 伤 害 提 高^魔 法 准 入 等 级：1^魔 法 熟 练 等 级：4^冷 却 时 间：80秒
qstr_Mana_cost:_55^Casting_c|法 力 消 耗：55^施 法 难 度：7^类 型：增 益 — 目 标 区 域，半 径 10-30m^效 果：友 军 永 久 获 得 剧 毒 攻 击^魔 法 准 入 等 级：2^魔 法 熟 练 等 级：5^冷 却 时 间：100秒^战 斗 中 可 按 N键 查 看 此 法 术 信 息
qstr_Mana_cost:_40^Casting_c|法 力 消 耗：40^施 法 难 度：6^类 型：减 益 — 目 标 区 域，半 径 12-40m^效 果：敌 军 速 度 降 至 原 来 的 30%^魔 法 准 入 等 级：2^魔 法 熟 练 等 级：5^冷 却 时 间：60秒
qstr_Mana_cost:_60^Casting_cost:_7^type|法 力 消 耗：60^施 法 难 度：7^类 型：减 益 — 以 施 法 者 为 中 心，半 径 11-40m^效 果：敌 军 的 特 殊 战 斗 能 力 失 效^魔 法 准 入 等 级：2^魔 法 熟 练 等 级：5^冷 却 时 间：90秒^战 斗 中 可 按 N键 查 看 此 法 术 信 息
qstr_Mana_cost:_60^Casting_cost:_6|法 力 消 耗：60^施 法 难 度：6^类 型：瞬 发 — 整 个 战 场^生 效 条 件：只 有 友 方 兽 人 与 地 精 获 得 勇 气 加 成^效 果：友 军 获 得 随 施 法 者 魔 力 等 级 提 高 的 勇 气 加 成；范 围 内 的 敌 方 施 法 者 若 意 志 力 检 定 失 败，则 受 到 伤 害^魔 法 准 入 等 级：3^魔 法 熟 练 等 级：5^冷 却 时 间：90秒
qstr_Mana_cost:_60^Casting_cost:_6^|法 力 消 耗：60^施 法 难 度：6^类 型：减 益 — 以 施 法 者 为 中 心，超 大 范 围^效 果：敌 军 远 程 精 准 度 降 低 7-70%^魔 法 准 入 等 级：1^魔 法 熟 练 等 级：4^冷 却 时 间：90秒
qstr_Mana_cost:_80^Casting_cost:_8|法 力 消 耗：80^施 法 难 度：8^类 型：爆 炸 范 围 伤 害 — 半 径 3-12m^效 果：造 成 低 至 中 等 伤 害^魔 法 准 入 等 级：4^魔 法 熟 练 等 级：6^冷 却 时 间：95秒
qstr_Mana_cost:_12^Casting_|法 力 消 耗：12^施 法 难 度：7^类 型：小 型 魔 法 飞 弹^效 果：造 成 60-130点 穿 刺 伤 害^魔 法 准 入 等 级：1^魔 法 熟 练 等 级：3^冷 却 时 间：4秒
qstr_Mana_cost:_45^Casting_c|法 力 消 耗：45^施 法 难 度：6^类 型：增 益 — 目 标 区 域，半 径 3-40m^效 果：友 军 移 动 速 度 提 高 30-90%^魔 法 准 入 等 级：2^魔 法 熟 练 等 级：4^冷 却 时 间：70秒
qstr_Mana_cost:_60^Casting_cost:_8^t|法 力 消 耗：60^施 法 难 度：8^类 型：减 益 — 以 施 法 者 为 中 心，超 大 范 围^效 果：敌 军 移 动 速 度 降 低 5-40%，远 程 精 准 度 降 低 2-20%^魔 法 准 入 等 级：4^魔 法 熟 练 等 级：5^冷 却 时 间：105秒
qstr_Mana_cost:_65^Casting|法 力 消 耗：65^施 法 难 度：8^类 型：增 益 — 目 标 区 域，半 径 3-12m^效 果：友 军 近 战 伤 害 提 高 25-60%，并 获 得 武 器 速 度 加 成^魔 法 准 入 等 级：3^魔 法 熟 练 等 级：7^冷 却 时 间：110秒
qstr_Mana_cost:_80^Casting_cost:_8^|法 力 消 耗：80^施 法 难 度：8^类 型：爆 炸 范 围 伤 害 — 半 径 5-10m^效 果：造 成 低 至 中 等 伤 害^魔 法 准 入 等 级：5^魔 法 熟 练 等 级：8^冷 却 时 间：100秒
qstr_Mana_cost:_100^Casting_cost:_13|法 力 消 耗：100^施 法 难 度：13^类 型：光 环 范 围 伤 害 — 半 径 7-10m^生 效 条 件：铁 骨 检 定（英 雄 单 位 及 铁 骨 达 到 8级 的 单 位 免 疫）^效 果：杀 死 敌 人，并 在 其 位 置 召 唤 1名 友 方 斯 卡 文 单 位^魔 法 准 入 等 级：7^魔 法 熟 练 等 级：12^冷 却 时 间：180秒
qstr_Mana_cost:_95^Casting_|法 力 消 耗：95^施 法 难 度：9^类 型：光 环 范 围 伤 害 — 半 径 7-12m^效 果：有 50%几 率 立 即 死 亡^魔 法 准 入 等 级：5^魔 法 熟 练 等 级：8^冷 却 时 间：160秒
qstr_Mana_cost:_70^Casting_cos|法 力 消 耗：70^施 法 难 度：7^类 型：光 环 范 围 伤 害 — 以 施 法 者 为 中 心，半 径 5m^生 效 条 件：会 波 及 包 括 友 军 在 内 的 所 有 目 标；亡 灵、恶 魔 与 蜥 人 除 外^效 果：受 到 1-3次 轻 微 伤 害^魔 法 准 入 等 级：1^魔 法 熟 练 等 级：6^冷 却 时 间：80秒
qstr_Mana_cost:_80^Casting_cost:_9|法 力 消 耗：80^施 法 难 度：9^类 型：召 唤^效 果：召 唤 多 名 氏 族 鼠^魔 法 准 入 等 级：4^魔 法 熟 练 等 级：6^冷 却 时 间：120秒
qstr_Mana_cost:_100^Casting_cost:_13^|法 力 消 耗：100^施 法 难 度：13^类 型：光 环 范 围 伤 害 — 半 径 7-10m^生 效 条 件：铁 骨 检 定（英 雄 单 位 及 铁 骨 达 到 8级 的 单 位 免 疫）^效 果：杀 死 敌 人，并 在 其 位 置 召 唤 1名 友 方 斯 卡 文 单 位^魔 法 准 入 等 级：5^魔 法 熟 练 等 级：12^冷 却 时 间：180秒
qstr_Mana_cost:_90^Casting_cost:_9|法 力 消 耗：90^施 法 难 度：9^类 型：爆 炸 范 围 伤 害 — 半 径 3-12m^生 效 条 件：会 波 及 包 括 友 军 在 内 的 所 有 目 标；亡 灵、恶 魔、蜥 人 与 斯 卡 文 除 外^效 果：有 83%几 率 受 到 中 等 至 高 额 伤 害^魔 法 准 入 等 级：4^魔 法 熟 练 等 级：7^冷 却 时 间：120秒
qstr_Mana_cost:_100^Casting_cost:_10^|法 力 消 耗：100^施 法 难 度：10^类 型：爆 炸 范 围 伤 害 — 半 径 3-12m^生 效 条 件：体 质 检 定；会 波 及 包 括 友 军 在 内 的 所 有 目 标，亡 灵、恶 魔、蜥 人 与 斯 卡 文 除 外^效 果：造 成 中 等 至 高 额 伤 害；目 标 死 亡 时 有 33%几 率 引 发 瘟 疫 爆 炸^魔 法 准 入 等 级：5^魔 法 熟 练 等 级：8^冷 却 时 间：180秒
qstr_Mana_cost:_55^Casting_co|法 力 消 耗：55^施 法 难 度：6^类 型：增 益 — 目 标 区 域，半 径 10-30m^效 果：友 军 获 得 毒 素 攻 击^魔 法 准 入 等 级：2^魔 法 熟 练 等 级：5^冷 却 时 间：100秒^战 斗 中 可 按 N键 查 看 此 法 术 信 息
qstr_Mana_cost:_65^Casting_|法 力 消 耗：65^施 法 难 度：9^类 型：减 益 — 目 标 区 域，半 径 12-40m^效 果：敌 军 被 命 中 时 受 到 额 外 伤 害^魔 法 准 入 等 级：3^魔 法 熟 练 等 级：6^冷 却 时 间：120秒
qstr_Mana_cost:_50^Casting_cost:_6^type:_|法 力 消 耗：50^施 法 难 度：6^类 型：增 益 — 以 施 法 者 为 中 心，半 径 2-30m^效 果：古 墓 王 友 军 移 动 速 度 提 高 20-90%^魔 法 准 入 等 级：1^魔 法 熟 练 等 级：4^冷 却 时 间：60秒
qstr_Mana_cost:_50^Casting_cost:_8^t|法 力 消 耗：50^施 法 难 度：8^类 型：增 益 — 以 施 法 者 为 中 心，半 径 5-40m^效 果：古 墓 王 友 军 获 得 必 定 触 发 的 强 力 一 击，并 获 得 6+致 命 一 击^魔 法 准 入 等 级：2^魔 法 熟 练 等 级：5^冷 却 时 间：90秒
qstr_Mana_cost:_50^Casting_cost:_7^ty|法 力 消 耗：50^施 法 难 度：7^类 型：增 益 — 以 施 法 者 为 中 心，半 径 5-40m^效 果：古 墓 王 友 军 获 得 随 施 法 者 魔 力 提 高 的 守 护 豁 免^魔 法 准 入 等 级：3^魔 法 熟 练 等 级：4^冷 却 时 间：90秒
qstr_Mana_cost:_50^Casting_cost:_7^typ|法 力 消 耗：50^施 法 难 度：7^类 型：增 益 — 以 施 法 者 为 中 心，超 大 范 围^效 果：友 军 装 填 速 度 提 高 40-140%，远 程 精 准 度 提 高 20-80%^魔 法 准 入 等 级：2^魔 法 熟 练 等 级：4^冷 却 时 间：90秒
qstr_Mana_cost:_40^Casting_co|法 力 消 耗：40^施 法 难 度：6^类 型：减 益 — 目 标 区 域，半 径 12-40m^效 果：敌 军 速 度 降 低 60%^魔 法 准 入 等 级：1^魔 法 熟 练 等 级：4^冷 却 时 间：60秒
qstr_Mana_cost:_100^Casting_cost:_10^t|法 力 消 耗：100^施 法 难 度：10^类 型：减 益 — 以 施 法 者 为 中 心，半 径 10-30m^效 果：敌 军 被 命 中 时 受 到 额 外 伤 害，近 战 伤 害 降 低 15-80%^魔 法 准 入 等 级：5^魔 法 熟 练 等 级：10^冷 却 时 间：120秒
qstr_Mana_cost:_90^Casting_cost:_1|法 力 消 耗：90^施 法 难 度：10^类 型：召 唤 — 以 施 法 者 为 中 心，半 径 5m^效 果：有 几 率 复 活 已 倒 下 的 古 墓 王 友 军^魔 法 准 入 等 级：3^魔 法 熟 练 等 级：8^冷 却 时 间：120秒
qstr_Mana_cost:_90^Casting_cost:_9^|法 力 消 耗：90^施 法 难 度：9^类 型：爆 炸 范 围 伤 害 — 半 径 1-10m^效 果：敌 人 受 到 中 等 至 高 额 伤 害^魔 法 准 入 等 级：5^魔 法 熟 练 等 级：8^冷 却 时 间：120秒
qstr_Mana_cost:_12^Casting_c|法 力 消 耗：12^施 法 难 度：7^类 型：小 型 魔 法 飞 弹^大 师 法 杖 效 果：被 寒 冰 冲 击 命 中 的 部 队 速 度 降 低 80%，持 续 至 下 一 次 魔 法 之 风 判 定^效 果：造 成 70-140点 穿 刺 伤 害^魔 法 准 入 等 级：1^魔 法 熟 练 等 级：3^冷 却 时 间：4秒
qstr_Mana_cost:_70^Casting_cost|法 力 消 耗：70^施 法 难 度：7^类 型：光 环 范 围 伤 害 — 目 标 区 域，半 径 12-30m^大 师 法 杖 效 果：受 冰 封 术 影 响 的 部 队 无 法 移 动^效 果：敌 军 速 度 降 低 40-80%，并 受 到 极 轻 至 轻 微 伤 害^魔 法 准 入 等 级：4^魔 法 熟 练 等 级：7^冷 却 时 间：95秒
qstr_Mana_cost:_100^Casting_cost:_11|法 力 消 耗：100^施 法 难 度：11^类 型：召 唤^大 师 法 杖 效 果：冰 霜 熊 获 得 高 级 无 视 痛 苦^效 果：召 唤 1头 友 方 冰 霜 熊^魔 法 准 入 等 级：6^魔 法 熟 练 等 级：10^冷 却 时 间：180秒
qstr_Mana_cost:_50^Casting_cost:_6^Type|法 力 消 耗：50^施 法 难 度：6^类 型：瞬 发 — 以 施 法 者 为 中 心，半 径 12-40m^大 师 法 杖 效 果：效 果 提 高 50%^效 果：敌 军 勇 气 降 低^魔 法 准 入 等 级：2^魔 法 熟 练 等 级：4^冷 却 时 间：60秒
qstr_Mana_cost:_25^Casting_|法 力 消 耗：25^施 法 难 度：8^类 型：大 型 魔 法 飞 弹^大 师 法 杖 效 果：无 视 痛 苦 失 效^效 果：造 成 中 等 至 极 高 伤 害^魔 法 准 入 等 级：3^魔 法 熟 练 等 级：5^冷 却 时 间：45秒
qstr_Mana_cost:_50^Casting_cost:_7^type|法 力 消 耗：50^施 法 难 度：7^类 型：增 益 — 仅 限 施 法 者^大 师 法 杖 效 果：效 果 持 续 整 场 战 斗^效 果：施 法 者 获 得 魔 法 抗 性 与 无 视 痛 苦；魔 力 达 到 5时 升 级 为 高 级 无 视 痛 苦，达 到 11时 升 级 为 至 高 无 视 痛 苦^魔 法 准 入 等 级：1^魔 法 熟 练 等 级：4^冷 却 时 间：60秒
qstr_Mana_cost:_50^Casting_cost:_7^type:|法 力 消 耗：50^施 法 难 度：7^类 型：减 益 — 以 施 法 者 为 中 心，超 大 范 围^大 师 法 杖 效 果：远 程 精 准 度 减 益 额 外 提 高 20%^效 果：敌 军 远 程 精 准 度 降 低 10-45%，装 填 速 度 降 低 30-90%^魔 法 准 入 等 级：2^魔 法 熟 练 等 级：4^冷 却 时 间：90秒
qstr_Mana_cost:_50^Casting_cost:_8^ty|法 力 消 耗：50^施 法 难 度：8^类 型：增 益 — 以 施 法 者 为 中 心，半 径 12-40m^大 师 法 杖 效 果：还 会 为 部 队 恢 复 少 量 生 命^效 果：友 军 获 得 守 护 豁 免，魔 力 较 高 时 最 高 可 达 4+^魔 法 准 入 等 级：3^魔 法 熟 练 等 级：4^冷 却 时 间：90秒
qstr_Mana_cost:_8^Casting_co|法 力 消 耗：8^施 法 难 度：6^类 型：小 型 魔 法 飞 弹^效 果：造 成 10-80点 穿 刺 伤 害^魔 法 准 入 等 级：1^魔 法 熟 练 等 级：3^冷 却 时 间：1秒
qstr_Mana_cost:_70^Casting_cost:|法 力 消 耗：70^施 法 难 度：8^类 型：减 益 — 目 标 区 域，半 径 10-40m^效 果：敌 军 有 50%几 率 受 到 额 外 伤 害^魔 法 准 入 等 级：4^魔 法 熟 练 等 级：7^冷 却 时 间：150秒
qstr_Mana_cost:_80^Casting_cost:_8^T|法 力 消 耗：80^施 法 难 度：8^类 型：爆 炸 范 围 伤 害 — 半 径 3-15m^生 效 条 件：敏 捷 检 定；法 术 仅 在 地 面 高 度 触 发^效 果：立 即 死 亡^魔 法 准 入 等 级：5^魔 法 熟 练 等 级：8^冷 却 时 间：150秒
qstr_Mana_cost:_50^Casting_cost:_7^type:_|法 力 消 耗：50^施 法 难 度：7^类 型：增 益 — 以 施 法 者 为 中 心，半 径 12-40m^效 果：友 军 获 得 武 器 速 度 加 成，闪 避 能 力 提 高^魔 法 准 入 等 级：2^魔 法 熟 练 等 级：4^冷 却 时 间：90秒
qstr_Mana_cost:_20^Casting_cost:_|法 力 消 耗：20^施 法 难 度：8^类 型：大 型 魔 法 飞 弹^效 果：敌 人 受 到 中 等 至 高 额 伤 害^魔 法 准 入 等 级：3^魔 法 熟 练 等 级：5^冷 却 时 间：45秒
qstr_Mana_cost:_60^Casting_cost:_7^type:|法 力 消 耗：60^施 法 难 度：7^类 型：增 益 — 目 标 区 域，半 径 12-40m^生 效 条 件：仅 限 阿 拉 比 部 队^效 果：友 军 近 战 伤 害 提 高 25-60%^魔 法 准 入 等 级：3^魔 法 熟 练 等 级：6^冷 却 时 间：120秒
qstr_Mana_cost:_50^Casting_cost:_7^type:_B|法 力 消 耗：50^施 法 难 度：7^类 型：增 益 — 目 标 区 域，半 径 12-30m^生 效 条 件：仅 限 阿 拉 比 部 队^效 果：友 军 伤 害 减 免 提 高 10-70%^魔 法 准 入 等 级：2^魔 法 熟 练 等 级：4^冷 却 时 间：90秒
qstr_Mana_cost:_70^Casting_cost:_|法 力 消 耗：70^施 法 难 度：7^类 型：召 唤 — 仅 限 施 法 者^生 效 条 件：必 须 留 有 空 武 器 栏 位；若 持 有 法 杖 或 盾 牌，则 会 暂 时 替 换 该 物 品^效 果：召 唤 圣 盾（不 影 响 施 法），并 恢 复 全 部 生 命^魔 法 准 入 等 级：2^魔 法 熟 练 等 级：4^冷 却 时 间：120秒
qstr_Mana_cost:_50^Casting_cost:_6^type:_I|法 力 消 耗：50^施 法 难 度：6^类 型：瞬 发 — 目 标 区 域，半 径 12-30m^生 效 条 件：仅 限 阿 拉 比 部 队^效 果：为 友 军 恢 复 5-95点 生 命^魔 法 准 入 等 级：1^魔 法 熟 练 等 级：4^冷 却 时 间：120秒
qstr_Mana_cost:_8^Casting_cos|法 力 消 耗：8^施 法 难 度：6^类 型：小 型 魔 法 飞 弹^效 果：造 成 10-80点 穿 刺 伤 害^魔 法 准 入 等 级：1^魔 法 熟 练 等 级：3^冷 却 时 间：1秒
qstr_Mana_cost:_40^Casting_cos|法 力 消 耗：40^施 法 难 度：6^类 型：目 标 区 域，半 径 12-40m^效 果：友 军 移 动 速 度 提 高 30-90%^魔 法 准 入 等 级：2^魔 法 熟 练 等 级：4^冷 却 时 间：90秒
qstr_Mana_cost:_90^Casting_cost:_9^t|法 力 消 耗：90^施 法 难 度：9^类 型：光 环 范 围 伤 害 — 以 施 法 者 为 中 心，半 径 2-25m^生 效 条 件：统 御 检 定^效 果：敌 军 受 到 轻 微 至 中 等 伤 害^魔 法 准 入 等 级：5^魔 法 熟 练 等 级：8^冷 却 时 间：135秒
qstr_Mana_cost:_50^Casting_cost:_7^Type:_Bu|法 力 消 耗：50^施 法 难 度：7^类 型：增 益 — 以 施 法 者 为 中 心，半 径 12-40m^生 效 条 件：仅 影 响 野 兽 人^效 果：友 军 勇 气 提 高；法 术 持 续 期 间，可 抵 消 一 次 原 本 会 将 野 兽 人 生 命 降 至 0的 攻 击^魔 法 准 入 等 级：3^魔 法 熟 练 等 级：7^冷 却 时 间：60秒
qstr_Mana_cost:_20^Casting_cost:_8|法 力 消 耗：20^施 法 难 度：8^类 型：大 型 魔 法 飞 弹^效 果：敌 人 受 到 中 等 至 高 额 伤 害^魔 法 准 入 等 级：3^魔 法 熟 练 等 级：5^冷 却 时 间：45秒
qstr_Mana_cost:_60^Casting_cost:_7^type:_|法 力 消 耗：60^施 法 难 度：7^类 型：减 益 — 以 施 法 者 为 中 心，半 径 12-40m^生 效 条 件：骑 术 检 定^效 果：使 敌 军 落 马^魔 法 准 入 等 级：2^魔 法 熟 练 等 级：5^冷 却 时 间：90秒
qstr_Mana_cost:_75^Casting_co|法 力 消 耗：75^施 法 难 度：8^类 型：增 益 — 仅 限 施 法 者^^效 果：施 法 者 近 战 伤 害 提 高 5-60%，武 器 速 度 提 高 20-120%^魔 法 准 入 等 级：4^魔 法 熟 练 等 级：7^冷 却 时 间：120秒
qstr_Mana_cost:_50^Casting_cost:_7^type:_D|法 力 消 耗：50^施 法 难 度：7^类 型：减 益 — 半 径 12-40m^^效 果：敌 军 失 去 强 击，友 方 野 兽 人 获 得 其 强 击 等 级^魔 法 准 入 等 级：3^魔 法 熟 练 等 级：6^冷 却 时 间：100秒
qstr_Mana_cost:_100^Casting_cost:_11^|法 力 消 耗：100^施 法 难 度：11^类 型：召 唤^生 效 条 件：施 法 者 死 亡 时，末 日 公 牛 也 会 死 亡^效 果：召 唤 1名 友 方 末 日 公 牛^魔 法 准 入 等 级：6^魔 法 熟 练 等 级：10^冷 却 时 间：180秒
qstr_Mana_cost:_50^Casting_cost:_7^Type:_Buf|法 力 消 耗：50^施 法 难 度：7^类 型：增 益 — 仅 限 施 法 者^效 果：施 法 者 移 动 速 度 提 高^魔 法 准 入 等 级：2^魔 法 熟 练 等 级：4^冷 却 时 间：120秒
qstr_Mana_cost:_50^Casting_cost:_6^Type:|法 力 消 耗：50^施 法 难 度：6^类 型：瞬 发 — 以 施 法 者 为 中 心，半 径 12-40m^效 果：为 友 军 恢 复 5-80点 生 命^魔 法 准 入 等 级：1^魔 法 熟 练 等 级：3^冷 却 时 间：120秒^战 斗 中 可 按 N键 查 看 此 法 术 信 息
qstr_Mana_cost:_25^Casting_c|法 力 消 耗：25^施 法 难 度：9^类 型：大 型 魔 法 飞 弹^效 果：造 成 中 等 至 高 额 伤 害^魔 法 准 入 等 级：3^魔 法 熟 练 等 级：6^冷 却 时 间：120秒
qstr_Mana_cost:_10^Casting_cos|法 力 消 耗：10^施 法 难 度：6^类 型：小 型 魔 法 飞 弹^效 果：造 成 30-100点 穿 刺 伤 害^魔 法 准 入 等 级：1^魔 法 熟 练 等 级：3^冷 却 时 间：3秒
qstr_Mana_cost:_80^Casting_cost:_7^|法 力 消 耗：80^施 法 难 度：7^类 型：光 环 范 围 伤 害 — 目 标 区 域，半 径 12-30m^效 果：敌 军 速 度 降 低 40-80%，并 受 到 轻 微 伤 害^魔 法 准 入 等 级：4^魔 法 熟 练 等 级：5^冷 却 时 间：95秒
qstr_Mana_cost:_40^Casting_cost|法 力 消 耗：40^施 法 难 度：6^类 型：增 益 — 仅 限 施 法 者^效 果：施 法 者 获 得 伤 害 减 免^魔 法 准 入 等 级：1^魔 法 熟 练 等 级：4^冷 却 时 间：60秒
qstr_Mana_cost:_60^Casting_cost:_7^Type:|法 力 消 耗：60^施 法 难 度：7^类 型：增 益 — 目 标 区 域，半 径 12-40m^效 果：友 军 近 战 伤 害 提 高 5-20%^魔 法 准 入 等 级：2^魔 法 熟 练 等 级：6^冷 却 时 间：120秒
qstr_Mana_cost:_90^Casting_cost:_9^ty|法 力 消 耗：90^施 法 难 度：9^类 型：爆 炸 范 围 伤 害 — 半 径 1-10m^效 果：敌 人 受 到 中 等 至 高 额 伤 害^魔 法 准 入 等 级：4^魔 法 熟 练 等 级：7^冷 却 时 间：120秒
qstr_Mana_cost:_40^Casting_cost:|法 力 消 耗：40^施 法 难 度：7^类 型：增 益 — 以 施 法 者 为 中 心，半 径 12-40m^效 果：友 军 武 器 速 度 提 高^魔 法 准 入 等 级：2^魔 法 熟 练 等 级：3^冷 却 时 间：60秒
qstr_Mana_cost:_100^Casting_cost:_10^T|法 力 消 耗：100^施 法 难 度：10^类 型：光 环 范 围 伤 害 — 半 径 3-12m^生 效 条 件：50%几 率^效 果：所 有 混 沌 生 物 与 混 沌 追 随 者 立 即 死 亡^魔 法 准 入 等 级：6^魔 法 熟 练 等 级：8^冷 却 时 间：180秒
qstr_{s11}^^YOUR_MAGIC_CO|{s11}^^你 的 魔 法 控 制 等 级 太 低 了 
qstr_{s11}^^{s21}_cannot_|{s11}^^{s21} 无 法 使 用 这 个！
qstr_Move_here|移 动 到 这 里 
qstr_View_notes|查 看 记 录 
qstr_Accompany|随 行
qstr_Full_members_list__s|完 整 成 员 列 表（可 滚 动）
qstr_ERROR|错 误！
qstr_ungor|乌 戈 尔
qstr_Some_rescued_prisone|一 些 获 救 俘 虏 因 不 信 任 你 的 种 族 而 拒 绝 加 入。提 高 统 御 技 能 可 增 加 招 募 成 功 几 率。
qstr_killed|死 亡 
qstr_wounded|受 伤 
qstr_{s0}^TOTAL:_{reg3}__|{s0}^总 计：{reg3}({s2})
qstr_^None|^无 
qstr_nothing|无 
qstr_{reg0}_village{reg1?|{reg0}座 村 庄 {reg1?:}
qstr_{reg0}_castle{reg1?s|{reg0}座 城 堡 {reg1?:}
qstr_{reg0}_castle{reg1?s:|{reg0}城 堡 {reg1?:} 以 及 {s0}
qstr_{reg0}_town{reg1?s:}|{reg0}座 城 镇 {reg1?:}
qstr_{reg0}_town{reg1?s:}_|{reg0}城 镇 {reg1?:} 以 及 {s0}
qstr_{reg0}_town{reg1?s:}_{|{reg0}座 城 镇 {reg1?:}，{s0}
qstr_Your_opponents_are_r|对 手 已 准 备 就 绪。
qstr_Try_to_destroy_as_ma|在 两 分 半 钟 内 尽 可 能 摧 毁 更 多 目 标，并 清 完 整 条 赛 道。
qstr_Stay_behind_the_line|站 在 线 后 射 击 目 标。尽 量 不 要 浪 费 任 何 一 发 弹 药。
qstr_Battle_Advantage_=_{|战 场 优 势 为 {reg0}。
qstr_{s9}_wants_you_to_re|{s9} 要 求 你 在 另 行 通 知 前 继 续 跟 随 其 军 队。
qstr_Tribune|护 民 官 
qstr_{s5}_of_the_{s7}_has|{s7} 的 {s5} 已 获 得 {s4} 的 所 有 权。
qstr_{s4}_has_been_awarde|{s4} 被 授 予 了 {s7} 的 {s5}。
qstr__Being_Raided_|（被 掠 夺 中）
qstr__Deserted_|（荒 芜）
qstr__Looted_|（已 被 洗 劫）
qstr__Under_Siege_|（正 遭 围 攻）
qstr_Captured_{reg1}_vill|俘 获 了 {reg1}名 村 民。
qstr_The_village_of_{s1}_|{s1} 村 遭 受 了 {s2} 的 掠 夺。
qstr_The_village_of_{s1}_h|{s1} 村 遭 受 了 {s2} 的 掠 夺。
qstr_{s2}_now_has_{reg2}_|{s2} 通 过 劫 掠 获 得 了 {reg2}金 币。
qstr_{s2}_now_has_{reg2}_g|{s2} 因 遭 劫 掠 而 获 得 了 {reg2}金 币。
qstr_{s3}_is_no_longer_un|{s3} 不 再 陷 入 包 围 了。
qstr_Small_bands_of_enemi|{s1} 附 近 发 现 小 股 敌 军。
qstr_Enemy_patrols_spotte|{s1} 附 近 发 现 敌 军 巡 逻。
qstr_Medium_sized_group_o|{s1} 附 近 发 现 敌 军 中 等 规 模 部 队。
qstr_Significant_group_of|{s1} 附 近 发 现 敌 军 大 部 队。
qstr_Army_of_enemies_spot|{s1} 附 近 发 现 敌 军 集 团。
qstr_Large_army_of_enemie|在 {s1} 附 近 发 现 一 支 敌 军 大 部 队。
qstr_Great_host_of_enemie|在 {s1} 附 近 发 现 一 支 庞 大 敌 军。
qstr_{s10}_constructs_a_{|{s10} 在 {s4} 建 造 了 一 个 {s0}
qstr_{s0}_collects_{reg0}|{s0} 从 {s4} 收 集 {reg0}金 币，当 前 财 富：{reg1}金 币 
qstr_{s1}_has_been_besieg|{s1} 已 被 来 自 {s3} 的 {s2} 围 攻。
qstr__{s1}__{s11}:_{s14}|（{s1}）{s11}：{s14}
qstr_{s14}__{s21}_|{s14}（{s21}）
qstr_{s5}_has_the_greates|{s5} 在 {s4} 诸 领 主 中 获 得 最 多 支 持，将 成 为 下 任 元 帅。{s0} 无 法 理 事，因 此 不 能 否 决 他 们 的 选 择。
qstr_{s5}_has_the_greatest|{s5} 在 {s4} 诸 领 主 中 获 得 最 多 支 持，将 获 封 {s1}。{s0} 无 法 理 事，因 此 不 能 否 决 他 们 的 选 择。
qstr_{s5}_has_the_greatest_|{s5} 在 {s4} 诸 领 主 中 获 得 最 多 支 持，本 应 成 为 下 任 元 帅，但 {s0} 否 决 了 他 们 的 选 择。
qstr_{s5}_has_the_greatest_s|{s5} 在 {s4} 诸 领 主 中 获 得 最 多 支 持，本 应 获 封 {s1}，但 {s0} 否 决 了 他 们 的 选 择。
qstr_{s1}_is_the_new_mars|{s1} 是 {s2} 的 新 元 帅。
qstr_You_gained_{reg12}_r|你 获 得 了 {reg12}点 声 望。
qstr_You_lose_{reg12}_ren|你 失 去 了 {reg12}点 声 望。
qstr_Your_relation_with_{|你 与 {s1} 的 关 系 提 升 了。
qstr_Your_relation_with_{s|你 与 {s1} 的 关 系 恶 化 了。
qstr_Out_of_desperation_{|出 于 绝 望，{s1} 试 图 加 入 {s11}，但 被 拒 绝。
qstr_You_gain_reputation.|你 获 得 荣 誉。
qstr_You_lose_reputation.|你 失 去 荣 誉。
qstr_{s1}_has_declared_wa|{s1} 已 经 向 {s2} 宣 战。
qstr_{s0}_is_laying_siege|{s0} 正 在 围 攻 {s1}。
qstr_{s0}_is_patrolling_a|{s0} 正 在 {s1} 周 围 巡 逻。
qstr_{s0}_is_raiding_arou|{s0} 正 在 {s1} 附 近 劫 掠。
qstr_{s0}_is_engaging_{s1|{s0} 正 在 与 {s1} 交 战。
qstr_{s0}_is_accompanying|{s0} 正 在 伴 随 {s1}。
qstr_{s0}_is_screening_th|{s0} 正 在 掩 护 {s1} 推 进。
qstr_{s0}_is_trading_with|{s0} 正 在 与 {s1} 进 行 交 易。
qstr_{s0}_is_retreating_t|{s0} 正 在 撤 退 到 {s1}。
qstr_{s0}_is_visiting_{s1|{s0} 正 在 访 问 {s1}。
qstr_{s1}_and_{s2}_have_c|{s1} 与 {s2} 暂 时 停 止 了 敌 对 行 动。
qstr_{s2}_{reg3?was:is_cu|{s2}{reg3?曾 :正 } 在 {s3}。
qstr_{s2}_{reg3?was:is}_t|{s2}{reg3?已 经 :正 在 } 赶 去 {s3}，而 {reg4?她 :他 }{reg3?之 前 :也 许 } 在 {s4}{reg3?:附 近 }。
qstr_{s2}_{reg3?was:is}_tr|{s2}{reg3?已 经 :正 在 } 赶 去 {s3}，而 {reg4?她 :他 }{reg3?之 前 :也 许 } 在 {s4} 和 {s1}{reg3?:附 近 }。
qstr_{s2}_{reg3?was:is}_i|{s2}{reg3?:正 } 在 野 外 某 地，而 {reg4?她 :他 }{reg3?之 前 :也 许 } 在 {s3}{reg3?:附 近 }。
qstr_{s2}_{reg3?was:is}_in|{s2}{reg3?:正 } 在 野 外 某 地，而 {reg4?她 :他 }{reg3?之 前 :也 许 } 在 {s3} 和 {s1}{reg3?:附 近 }。
qstr_{s2}_{reg3?was:is}_b|{s2}{reg3?曾 :正 } 被 囚 禁 在 {s3}。
qstr_{s2}_{reg3?was:has_b|{s2}{reg3?已 :已 经 } 被 {reg4?她 的 :他 的 } 敌 人 俘 虏。
qstr_{reg3?{s2}_s_locatio|{reg3?{s2} 的 位 置 不 明 确 :我 不 知 道 {s2} 在 哪 里 }。
qstr_{s6}_has_joined_your|{s6} 加 入 了 你 的 部 队。
qstr_{s4}_is_present_at_t|{s4} 作 为 囚 犯 被 关 押 在 此 地。
qstr_You_now_owe_{reg2}_g|你 现 在 欠 {s1}{reg2}金 币。
qstr_You_have_deserted_yo|你 已 经 背 弃 了 你 的 指 挥 官！
qstr_Khorne_is_displeased|恐 虐 很 不 高 兴 
qstr_Renown_value_for_thi|这 场 战 斗 的 声 望 评 估 为 {reg8}点。
qstr_You_have_run_into_a_|你 落 入 了 陷 阱 {reg33?:}！
qstr_You_are_attacked_by_|你 遭 到 一 群 {reg59}名 {s31} 的 攻 击，他 们 已 渗 透 进 定 居 点！
qstr_Holding|坚 守 中 
qstr_Following|随 行 中 
qstr_Charging|冲 锋 中 
qstr_Advancing|前 进 中 
qstr_Falling_Back|后 退 中 
qstr_Standing_Closer|聚 拢 中 
qstr_Spreading_Out|散 开 中 
qstr_Standing|站 立 中 
qstr_Any_Weapon|任 意 武 器 
qstr_Blunt_Weapons|钝 击 武 器 
qstr_Your_soldiers_patrol|你 巡 逻 {s51} 的 士 兵 {reg6?已 返 回 :已 解 散 }，因 为 你 离 开 了 阵 营！
qstr_{s1}_Rebels|{s1} 叛 军 
qstr_Given_by:_{s62}|委 托 人：{s62}
qstr_Given_on:_{s60}|开 始 于：{s60}
qstr_You_have_{reg0}_days|你 还 有 {reg0}天 来 完 成 这 个 任 务。
qstr_This_quest_has_been_|任 务 已 告 一 段 落。与 {s59} 交 谈 以 正 式 完 成 任 务。
qstr_This_quest_has_been_s|任 务 成 功 完 成。找 {s59} 谈 话 来 索 取 你 的 报 酬。
qstr_This_quest_has_faile|任 务 失 败。找 {s59} 谈 话 来 解 释 情 况。
qstr_At_the_time_quest_wa|接 受 任 务 时：^{s1}
qstr_{s5}_has_a_strength_|{s5} 的 军 队 共 有 {reg1}人。
qstr_The_last_time_you_sa|上 一 次 你 见 到 {reg1?她 :他 }，{s1}
qstr_The_last_time_you_he|上 一 次 你 听 说 到 {reg1?她 :他 }，{s1}
qstr_Current_garrison_con|当 前 的 守 城 部 队 有 {reg5}人。^共 有 {reg6}天 的 存 粮。
qstr_Very_Poor|非 常 贫 穷 
qstr_Poor|贫 穷 
qstr_Average|一 般 
qstr_Rich|富 有 
qstr_Very_Rich|非 常 富 有 
qstr_Manor|庄 园 
qstr_A_manor_lets_you_res|庄 园 使 你 能 在 村 庄 中 歇 息。
qstr_Mill|磨 坊 
qstr_A_mill_increases_vil|有 了 一 个 磨 坊，就 可 以 使 村 子 的 繁 荣 度 提 升 5%。
qstr_Watch_Tower|了 望 塔 
qstr_A_watch_tower_lets_t|有 了 一 个 了 望 塔，就 可 以 使 村 民 更 早 的 发 出 警 报，并 延 长 敌 人 掠 夺 这 村 子 的 时 间 50%。
qstr_School|学 校 
qstr_A_school_increases_t|有 一 个 学 校，将 增 加 村 民 对 你 的 忠 诚 每 月 +1。
qstr_Messenger_Post|驿 站 
qstr_A_messenger_post_let|有 了 一 个 驿 站，就 可 以 使 村 民 在 村 子 旁 发 现 敌 军 时 向 你 汇 报，不 论 你 离 村 子 有 多 远。
qstr_Prison_Tower|监 狱 
qstr_A_prison_tower_reduc|有 了 一 个 监 狱，就 可 以 使 被 俘 获 的 领 主 成 功 逃 跑 的 几 率 降 低。
qstr_War_Academy|战 争 学 院 
qstr_A_war_academy_will_t|有 了 一 个 战 争 学 院，就 可 以 在 你 的 城 镇 培 养 你 所 属 的 阵 营 的 特 殊 兵 种。
qstr_Blood_Bowl_Stadium|怒 火 橄 榄 球 场 
qstr_Gain_the_support_of_|通 过 为 你 的 城 镇 建 立 一 个 新 球 队，以 获 取 他 们 支 持。
qstr_Temple|神 庙 
qstr_Build_an_enormous_te|在 你 的 城 镇 盖 好 一 座 雄 伟 的 神 庙，以 取 悦 人 民。
qstr_Market|市 场 
qstr_A_market_will_increa|有 了 一 个 市 场，会 增 加 你 的 城 市 的 收 入 和 繁 荣。
qstr_Healers_Guild|治 疗 师 协 会 
qstr_Open_a_healers_guild|建 造 一 个 治 疗 师 协 会 来 帮 助 于 生 病 和 有 需 要 的 人 们。
qstr_Improved_Roads|改 善 道 路 
qstr_Help_the_local_econo|通 过 改 善 当 地 道 路，从 而 提 升 你 领 地 的 经 济 效 益。
qstr_Shrine|神 社 
qstr_A_shrine_is_a_small_|建 设 一 个 小 神 社 给 当 地 人 有 个 祭 祀 祈 祷 的 地 方。
qstr_Barracks|军 营 
qstr_Build_a_barracks_to_|建 设 一 个 军 营 来 为 你 的 城 堡 招 募 新 兵。
qstr_Apothecary|药 剂 师 
qstr_Hire_an_apothecary_t|聘 请 一 位 药 剂 师 帮 助 于 病 患 和 贫 困 者。
qstr_Mine|矿 井 
qstr_Boost_your_economy_t|通 过 注 资 当 地 矿 业 提 升 你 的 经 济。
qstr_The_Watch|治 安 队 
qstr_Hire_a_watch_to_prot|聘 请 治 安 队，保 护 你 的 公 民，维 护 领 土 的 安 全。
qstr_{reg6}_spent_hiring_|招 募 新 兵 花 费 {reg6}。
qstr_Prosperity_of_{s2}_h|{s2} 的 繁 荣 度 从 {s3} 变 到 {s4}。
qstr_{s4}_looks_upset.|{s4} 看 起 来 很 失 落。
qstr_{s26}_will_not_appea|{s26} 将 暂 时 不 会 出 现 在 酒 馆 中。
qstr_your_party|你 的 部 队 
qstr_{reg0?One_of_your_pr|{reg0?你 的 一 个 俘 虏， :}{s1} 来 自 {s3} 已 从 囚 禁 中 逃 脱！
qstr_Player_estimated_rat|玩 家 估 计 评 分 是 {reg51}，头 号 对 手 {s50} 的 是 {reg50}。
qstr_You_brought_{reg3}_h|你 带 了 {reg3}头 牛 去 {s1}。
qstr_I_heard_that_there_w|我 听 说 在 {s62} 将 会 举 办 一 场 竞 技 大 会。
qstr_I_heard_some_people_|我 听 到 一 些 人 说 他 们 不 相 信 {s6} 真 的 死 了。
qstr_I_heard_a_traveller_|我 听 到 一 个 旅 行 者 说，他 在 这 些 土 地 之 外 旅 行 时 遇 到 了 {s6}。
qstr_I_heard_that_{s6}_in|我 听 说 {s6} 打 算 组 建 一 支 军 队，从 {s61} 手 中 夺 取 王 位。
qstr_I_heard_that_one_can|我 听 说 {s62} 在 {s63} 卖 得 很 便 宜。
qstr_I_heard_that_they_pa|我 听 说 {s62} 在 {s63} 卖 的 很 贵。
qstr_two_days_ago|两 天 之 前 
qstr__{reg19}_owned|，已 拥 有 {reg19}间 同 类 工 坊
qstr_Best_threat_of_{s4}_|最 有 威 胁 的 {s4} 价 值 等 级 为 {reg1}
qstr_No_center_found_to_d|没 发 现 防 守 地 点 
qstr_You_gain_right_to_ru|你 获 得 统 治 权。
qstr_You_lose_right_to_ru|你 失 去 统 治 权。
qstr_{s0}^{s1}|{s0}^{s1}
qstr_Empty_slot|空 槽 位
qstr_{s31}_replaced_{s10}|{s31} 用 {s11}{s21} 替 换 了 {s10}{s20}。
qstr_{reg0}_gold_added_to|{reg0}金 币 添 加 到 国 库。
qstr_{reg0}_gold_removed_|{reg0}金 币 从 国 库 移 除。
qstr_{s1}_and_{s2}_have_e|{s1} 和 {s2} 彼 此 结 成 同 盟。
qstr_{s1}_and_{s2}_have_co|{s1} 和 {s2} 彼 此 缔 结 了 贸 易 条 约。
qstr_{s1}_and_{s2}_have_con|{s1} 和 {s2} 彼 此 缔 结 了 互 不 侵 犯 条 约。
qstr_{s1}_and_{s2}_have_conc|{s1} 和 {s2} 已 彼 此 达 成 互 不 侵 犯 协 定。
qstr_warboss|战 争 首 领
qstr_big_boss|大 头 目
qstr_boss|头 目
qstr_Given_the_way_things|鉴 于 目 前 我 们 之 间 的 立 场，{playername}，我 认 为 这 样 的 安 排 是 不 慎 重 的。
qstr_{playername}_I_am_gr|{playername}，我 很 感 谢 你，但 是 在 人 民 眼 里，你 作 为 一 个 可 能 的 共 同 统 治 者 没 有 足 够 的 合 法 性。嫁 给 你 会 破 坏 我 的 王 位 的 所 有 权。
qstr_{playername}_I_know_|{playername}，我 知 道 若 没 有 你，我 不 可 能 坐 上 王 位 {reg33?:}。但 你 的 名 字 在 旧 世 界 还 不 够 响 亮，与 你 成 婚 会 被 视 为 门 不 当 户 不 对，也 会 让 人 质 疑 我 对 王 位 的 宣 称。
qstr_{playername}_I_am_gra|{playername}，感 谢 你 帮 助 我 夺 回 合 法 王 位 {reg33?:}，但 你 的 个 人 领 地 尚 不 足 以 支 撑 一 场 对 等 的 联 姻。
qstr_{playername}_I_am_grat|{playername}，我 非 常 感 激 你 {reg33?:}，但 若 现 在 接 受，我 可 能 会 冒 犯 {s15} 等 强 大 领 主；他 们 认 为 自 己 的 荣 誉 不 低 于 你。
qstr_{playername}_I_am_grate|{playername}，我 很 感 激 你，但 是 如 果 我 现 在 接 受 的 话，我 会 冒 着 冒 犯 强 大 的 领 主，比 如 {s15}，他 们 可 能 认 为 自 己 比 你 更 有 荣 誉 这 么 做。
qstr_{playername}_while_I|{playername}，虽 然 我 很 感 激 你，但 我 必 须 承 认 我 喜 欢 {s15}。
qstr_Our_realm_has_too_fe|我 们 的 王 国 封 臣 太 少。在 当 前 局 势 不 稳 之 时，我 必 须 以 潜 在 政 治 联 姻 吸 引 新 的 封 臣，因 此 还 不 能 向 任 何 人 作 出 承 诺。
qstr_Because_I_have_insuf|因 为 与 {s15} 相 比，我 的 个 人 财 产 不 足，如 果 我 做 出 这 样 的 安 排，我 将 冒 着 被 视 为 傀 儡 的 风 险，将 王 国 的 稳 定 置 于 危 险 之 中。
qstr_Because_my_personal_|因 为 我 的 个 人 财 产 与 {s14} 的 其 他 领 主 相 比 还 不 够 大，如 果 我 做 出 这 样 的 安 排，我 将 冒 着 被 视 为 傀 儡 的 风 险，将 王 国 的 稳 定 置 于 危 险 之 中。
qstr_I_am_grateful_to_you|我 很 感 激 你 {reg33?:}，{playername}，但 你 在 {s14} 诸 领 主 中 树 敌 过 多。若 我 接 受 这 桩 婚 事，恐 怕 会 引 发 叛 乱。
qstr_You_have_engendered_|你 最 近 引 起 了 太 多 的 争 议，{playername}。如 果 我 在 这 个 时 候 接 受，在 {s14} 的 贵 族 中 可 能 会 引 起 叛 乱。让 我 们 在 愤 怒 平 息 后 再 谈 这 件 事。
qstr_If_you_desire_to_lea|如 果 你 想 领 导 {s14} 与 我 并 肩 作 战，请 在 我 的 臣 民 中 争 取 支 持，成 为 元 帅，并 向 他 们 展 示 你 作 为 战 争 领 袖 的 能 力。
qstr_Our_realm_has_lost_t|我 们 的 王 国 失 去 了 太 多 领 土。我 们 曾 拥 有 {s1}，如 今 却 只 剩 {s0}。当 前 局 势 不 稳，我 必 须 保 留 政 治 联 姻 的 可 能，将 其 作 为 与 其 他 统 治 者 谈 判 的 筹 码，因 此 暂 不 考 虑 作 出 承 诺。让 {s14} 恢 复 昔 日 荣 光，我 便 会 {reg33?欣 然:欣 然} 让 你 以 我 的 {reg33?妻 子:丈 夫} 身 份 与 我 共 同 统 治。
qstr_{s0}_{reg0?have:has}|{s0} 已 落 入 外 人 之 手。让 {s14} 恢 复 其 合 法 疆 界，我 便 会 {reg33?欣 然:欣 然} 让 你 以 我 的 {reg33?妻 子:丈 夫} 身 份 与 我 共 同 统 治。
qstr_You_have_only_been_m|你 只 担 任 了 {reg0}{reg1?天 :天 } 的 元 帅。让 我 们 在 你 担 任 这 个 职 位 至 少 两 周 后 再 谈。
qstr_If_not_for_you_I_wou|若 不 是 你，我 不 可 能 坐 上 这 个 王 位，{playername}。当 我 们 踏 上 漫 漫 征 途 时，鲜 有 人 敢 支 持 我，更 少 有 人 愿 为 我 的 事 业 冒 生 命 危 险。但 你 从 未 迟 疑，毅 然 迎 战 我 的 敌 人。我 们 共 同 经 历 了 无 数 磨 难，并 在 神 明 庇 佑 下 幸 存 至 今。我 愿 接 纳 你 成 为 我 的 {reg33?妻 子:丈 夫}，与 你 共 同 统 治 {s14}。
qstr_You_sold_{reg1}_{reg|你 卖 了 {reg1}{reg3?件 物 品 :件 物 品 } 给 {s0}，获 得 了 {reg0}{reg3?金 币 :金 币 }。
qstr_You_sold_{reg1}_{reg3|你 卖 了 {reg1}{reg3?件 物 品 :件 物 品 } 给 {s0}，获 得 了 {reg0}{reg3?金 币 :金 币 }。
qstr_You_have_bought_{reg|你 购 买 了 {reg2}{reg4?种 食 物 :种 食 物 }，花 费 {reg1}{reg3?金 币 :金 币 }。
qstr_You_sold_{reg2}_{reg|你 卖 了 {reg2}{reg4?种 腐 烂 食 物 :种 腐 烂 食 物 }，获 得 了 {reg1}{reg3?金 币 :金 币 }。
qstr_axe|斧 
qstr_spear|矛 
qstr_bow|弓 
qstr_choppa|砍 刀
qstr_sword|剑 
qstr_axes|斧 
qstr_spears|矛 
qstr_bows|弓 
qstr_choppas|砍 刀
qstr_swords|剑 
qstr_swing_my_axe|挥 动 我 的 斧 头 
qstr_lift_my_spear|举 起 我 的 长 矛 
qstr_loose_my_arrows|射 出 我 的 箭 
qstr_chop_ma_choppa|砍 我 的 砍 刀
qstr_swing_my_sword|挥 动 我 的 剑 
qstr_sultan|苏 丹 
qstr_khans|可 汗 
qstr_sultans|苏 丹 
qstr_warbosses|战 争 首 领 们
qstr_kings|国 王 
qstr_lord|领 主 
qstr_big_bosses|大 首 领 们
qstr_lords|领 主 
qstr_goatherd|羊 倌 
qstr_swineherd|猪 倌 
qstr_stable_{boy/girl}|{reg33?马 厩 女 工:马 倌}
qstr_shepherd_{boy/girl}|{reg33?牧 羊 女:牧 羊 人}
qstr_kvass|克 瓦 斯
qstr_kumis|马 奶 酒 
qstr_mead|蜂 蜜 酒 
qstr_fungus_beer|真 菌 啤 酒
qstr_wine|葡 萄 酒 
qstr_{reg6?M:m}y_poppet|{reg6?我 :我 } 的 宝 贝
qstr_{reg0?Y:y}ou|{reg0?你 :你 }
qstr_{reg0?M:m}yself|{reg0?自 己 :自 己 }
qstr_{reg0?O:o}ur_{s1}_{s|{reg0?你:你} 的 {s1} {s0}
qstr_{reg0?M:m}y_{s1}_{s0|{reg0?我 :我 } 的 {s1}{s0}
qstr_{reg0?Y:y}our_{s1}_{|{reg0?你:你} 的 {s1}{s0}
qstr_{s2}:_{reg3}_{reg4}_|{s2}：{reg3}，{reg4}天 
qstr_{s4}:_{reg4}|{s4}：{reg4}
qstr_{s1}_gathering_suppo|{s1}（募 集 支 持）
qstr_{s1}__intelligence_|{s1}（情 报）
qstr_{s1}__ambassy_|{s1}（出 使 中）
qstr_{s1}__minister|{s1}（大 臣）
qstr_{s1}__under_arms_|{s1}（处 于 战 备 状 态）
qstr_{s1}__attempting_to_|{s1}（试 图 重 新 加 入）
qstr_{s1}__separated_afte|{s1}（战 斗 后 分 离）
qstr__knows_of_you.|听 说 过 你。
qstr__has_no_opinion_abou|对 你 没 有 看 法。
qstr_{s57}_and_{s50}|{s57} 和 {s50}
qstr_the_Old_World.|旧 世 界 
qstr_sworn_{man/woman}|{reg33?宣 誓 效 忠 的 女 子:宣 誓 效 忠 的 男 子}
qstr_ruler|{reg33?女 统 治 者:统 治 者}
qstr_free_{man/woman}|{reg33?自 由 女 子:自 由 男 子}
qstr_{s1}_Renown:_{reg40}|{s1} 声 望：{reg40}，争 议：{reg41}^荣 誉：{reg42}，权 利：{reg43}^你 是 {s44} 的 {s45}^{reg45?{reg46?你 的 陛 下，{s46}，{s47}:你 是 {s45} 的 统 治 者 }:}^^朋 友：^敌 人：^^封 地：^{reg50?{s50}:没 有 封 地 }
qstr_{s1}{s2}_{reg46?Repu|{s1}{s2} {reg46?^以 {s42} 著 称。:}^声 望：{reg40}，争 议：{reg41} {reg46?不 耐 烦: {reg43}:}^{reg44?{s44} 位:} 来 自 {s45} 的 贵 族^{reg46?领 主: {s46}，关 系: {reg47}:统 治 {s45} 的 君 主}^^{reg48?目 前 被 {s48} 囚 禁:}^距 上 次 会 面：{reg49}天^^封 地 {reg51?（已 获 封 地 许 诺）:}：^ {reg50?{s50}:无 封 地}
qstr_conventional|传 统 的 
qstr_adventurous|大 胆 的 
qstr_otherwordly|空 想 的 
qstr_ambitious|有 野 心 的 
qstr_moralist|道 德 的 
qstr_just_met|刚 认 识 
qstr_admirer|仰 慕 者 
qstr_promised|承 诺 的 
qstr_breakup|破 裂 的 
qstr_unknown|未 知 的 
qstr_Heroic_{s50}|英 勇 的 {s50}
qstr_Allegoric_{s50}|寓 意 的 {s50}
qstr_Comic_{s50}|滑 稽 的 {s50}
qstr_Mystic_{s50}|神 秘 的 {s50}
qstr_Tragic_{s50}|悲 惨 的 {s50}
qstr_{s1}{s2}_Controversy|{s1}{s2} 争 议：{reg41}^荣 誉：{s42}，求 爱 状 态：{s43}^属 于 {s45}^{reg46?她 的 父 亲，{s46}:她 的 监 护 人，{s46}}{s47}^允 许 访 问：{reg45?是 :否 }{reg48?与 {s48} 订 婚 :}^^自 从 上 次 会 面 以 来 的 天 数：{reg49}^^诗 歌：^{reg50?{s50}:未 听 过 诗 歌 }
qstr_Gathering_support|募 集 支 持 
qstr_Gathering_intelligen|在 {s66} 收 集 情 报 
qstr_Ambassy_to_{s66}|驻 {s66} 大 使 
qstr_Minister|部 长 
qstr_{s1}_{s2}^Reputation|{s1}，{s2}^荣 誉：{s42}^出 生 于 {s43}^联 系 地 点 在 {s44} 的 {s45}。^^{reg48?目 前 是 {s48} 的 囚 犯 :}^自 从 上 次 交 谈 以 来 的 天 数：{reg49}^^当 前 任 务：^{s50}{reg50?，在 {reg50}天 后 返 回。:}
qstr_{s1}^|{s1}^
qstr_A_{s0}_is_being_buil|正 在 建 造 一 个 {s0}。它 将 在 {reg6}天 内 完 成 
qstr_{s20}{reg2?Our_gover|{s20}{reg2?我 们 的 政 府 :{s5} 的 政 府 } 是 {s0}.{reg3?^:}
qstr_{s20}The_upper_class|{s20} 上 层 社 会 是 {s0}.{reg3?^:}
qstr_{s20}{reg2?Our:The}_|{s20}{reg2?我 们 的 :} 人 民 是 {s0}.{reg3?^:}
qstr_{s20}{reg2?Our:The}_t|{s20}{reg2?我 们 的 :} 军 队 是 {s0}.{reg3?^:}
qstr_{s20}{reg2?Our:The_g|{s20}{reg2?我 们 的 :政 府 的 } 贸 易 策 略 {s0}.{reg3?^:}
qstr_You_can_find_{s10}s_|你 可 以 在 {s11} 找 到 {s10}。
qstr_You_have_raised_{reg|你 筹 集 了 {reg0}/{reg1}金 币 作 为 赎 金 
qstr_You_have_been_knocke|你 被 敌 人 击 倒 了 {reg33?:}。你 可 以 观 看 部 下 继 续 战 斗，也 可 以 按 Tab键 撤 退。
qstr_Selected_Troop:_{s1}|选 中 的 部 队：{s1}
qstr_No_Troops_Left.|无 剩 余 部 队 
qstr_{s1}_troops|{s1} 部 队 
qstr_Acquired_{s0}_s_clot|获 得 {s0} 的 衣 服 
qstr_adding_{s1}_to_entry|将 {s1} 添 加 到 条 目 
qstr_{s0}_will_be_under_y|{s0} 将 在 您 的 命 令 下 
qstr_The_plague_spreads.|瘟 疫 蔓 延 
qstr_{s6}_has_learnt_the_|{s6} 学 会 了 闪 避 技 能
qstr_{s6}_has_learnt_the_i|{s6} 学 会 了 忽 略 痛 苦 技 能
qstr_{s6}_has_learnt_the_m|{s6} 学 会 了 重 击 技 能
qstr_{s6}_has_bought_a_6+|{s6} 购 买 了 6+守 护 豁 免
qstr_{s6}_has_bought_a_5+|{s6} 购 买 了 5+守 护 豁 免
qstr_{s6}_has_bought_a_4+|{s6} 购 买 了 4+守 护 豁 免
qstr_{s6}_has_bought_Magi|{s6} 购 买 了 魔 法 抗 性 6+
qstr_{s6}_has_bought_Magic|{s6} 购 买 了 魔 法 抗 性 5+
qstr_{s6}_has_bought_Magic_|{s6} 购 买 了 魔 法 抗 性 4+
qstr_{s6}_has_bought_Magic_R|{s6} 购 买 了 魔 法 抗 性 3+
qstr_{s6}_has_bought_Magic_Re|{s6} 购 买 了 魔 法 抗 性 2+
qstr_{reg5}_mana_used_to_|消 耗 {reg5}点 法 力 强 化 本 次 施 法
qstr_You_do_not_have_enou|你 没 有 足 够 的 法 力 强 化 本 次 施 法
qstr_Your_attempt_to_cast_{|你 尝 试 施 放 {s2} 失 败 
qstr_Your_next_hit_with_t|你 的 施 灵 之 刃 下 一 次 命 中 将 造 成 双 倍 伤 害，敌 人 的 守 护 豁 免 与 无 视 痛 苦 均 无 效。
qstr_Your_next_with_the_E|你 的 施 灵 之 刃 的 下 一 次 命 中 将 造 成 双 倍 伤 害 
qstr_Your_next_with_the_En|你 的 施 灵 之 刃 的 下 一 次 命 中 将 造 成 额 外 50%伤 害 
qstr_Your_next_hit_with_th|你 的 施 灵 之 刃 下 一 次 命 中 将 造 成 三 倍 伤 害，敌 人 的 守 护 豁 免 与 无 视 痛 苦 均 无 效。
qstr_Your_next_with_the_Ens|你 的 施 灵 之 刃 的 下 一 次 命 中 将 造 成 三 倍 伤 害 
qstr_Your_next_hit_with_the|你 的 施 灵 之 刃 下 一 次 命 中 将 造 成 四 倍 伤 害，敌 人 的 守 护 豁 免 与 无 视 痛 苦 均 无 效。
qstr_Your_next_with_the_Enso|你 的 施 灵 之 刃 的 下 一 次 命 中 将 造 成 四 倍 伤 害 
qstr_The_demon_bound_to_t|战 锤 的 伴 生 恶 魔 赋 予 你 额 外 的 速 度 
qstr_The_demon_bound_to_th|战 锤 的 伴 生 恶 魔 赋 予 你 精 准 度 提 高 
qstr_The_demon_bound_to_the|战 锤 的 伴 生 恶 魔 赋 予 你 强 力 打 击 
qstr_The_demon_bound_to_the_|战 锤 的 伴 生 恶 魔 赋 予 你 高 级 无 视 痛 苦 
qstr_The_demon_bound_to_the_w|战 锤 的 伴 生 恶 魔 赋 予 你 5+魔 法 抵 抗 
qstr_The_demon_bound_to_the_wa|战 锤 中 封 印 的 恶 魔 赋 予 你 6+守 护 豁 免（不 会 覆 盖 已 有 的 更 高 等 级）
qstr_The_demon_bound_to_the_war|战 锤 中 封 印 的 恶 魔 赋 予 你 5+守 护 豁 免（不 会 覆 盖 已 有 的 更 高 等 级）
qstr_The_demon_bound_to_the_warh|战 锤 的 伴 生 恶 魔 赋 予 你 25%近 战 伤 害 提 高 
qstr_{s2}_has_resisted_yo|{s2} 抵 抗 了 你 的 魔 法 
qstr_You_have_resisted_{s|你 抵 抗 了 {s1} 的 魔 法 
qstr_{reg6}_nearby_allies|{reg6}附 近 的 友 军 士 气 低 落 
qstr_{reg7}_nearby_allies|{reg7}附 近 的 友 军 士 气 非 常 低 落 
qstr_{reg6}_nearby_enemie|{reg6}附 近 的 敌 人 士 气 低 落 
qstr_{reg7}_nearby_enemie|{reg7}附 近 的 敌 人 士 气 非 常 低 落 
qstr_{reg6}_nearby_allies_|{reg6}附 近 的 友 军 受 到 轻 微 伤 害 
qstr_{reg7}_nearby_allies_|{reg7}附 近 的 友 军 受 到 伤 害 
qstr_{reg8}_nearby_allies|{reg8}附 近 的 友 军 受 到 大 量 伤 害 
qstr_{reg9}_nearby_allies|{reg9}附 近 的 友 军 受 到 严 重 伤 害 
qstr_{reg6}_nearby_allied|{reg6}附 近 的 亡 灵 友 军 受 到 轻 微 伤 害 
qstr_{reg7}_nearby_allied|{reg7}附 近 的 亡 灵 友 军 受 到 伤 害 
qstr_{reg8}_nearby_allied|{reg8}附 近 的 亡 灵 友 军 受 到 大 量 伤 害 
qstr_{reg9}_nearby_allied|{reg9}附 近 的 亡 灵 友 军 受 到 严 重 伤 害 
qstr_{reg5}_nearby_enemie|{reg5}附 近 的 敌 人 获 得 特 殊 能 力 
qstr_{reg6}_nearby_allied_|附 近 有 {reg6}名 友 方 步 兵 获 得 剧 毒 攻 击。
qstr_{reg7}_nearby_allied_|附 近 有 {reg7}名 友 方 弓 箭 手 获 得 剧 毒 攻 击。
qstr_{reg8}_nearby_allied_|附 近 有 {reg8}名 友 方 骑 兵 获 得 剧 毒 攻 击。
qstr_{reg9}_nearby_other_|附 近 另 有 {reg9}名 友 军 部 队 获 得 剧 毒 攻 击。
qstr_{reg6}_ranged_allies|{reg6}远 程 友 军 获 得 普 通 弹 药 
qstr_You_have_recovered_f|你 已 经 从 瘟 疫 中 恢 复 过 来 了 
qstr_You_are_cured_of_you|你 的 病 好 了 
qstr_You_already_are_ethe|你 已 经 处 于 灵 体 状 态，药 水 无 效。
qstr_You_gain_dodge|你 获 得 闪 避 
qstr_You_gain_master_igno|你 获 得 大 师 级 忽 略 痛 苦
qstr_You_gain_advanced_ign|你 获 得 高 级 无 视 痛 苦 
qstr_You_gain_ignore_pain|你 获 得 无 视 痛 苦 
qstr_Potion_removed_from_|药 水 从 库 存 中 移 除
qstr_Potion_removed_from_p|药 水 从 药 水 腰 带 中 移 除
qstr_{s18}_removed_potion|{s18} 已 移 除，仅 限 药 水
qstr_{s18}_removed_belt_c|{s18} 已 移 除，腰 带 容 量 为 9瓶 药 水
qstr_Poison_effects_for_b|战 斗 毒 药 效 果：
qstr_Movement_speed_modif|移 速 -{reg10}%
qstr_Melee_damage_modifie|近 战 伤 害 -{reg11}%
qstr_Ranged_accuracy_and_|远 程 精 度 和 装 填 速 度 -{reg12}%
qstr_Casting_roll_penalty|施 法 检 定 惩 罚：{reg13}
qstr_Mana_cost_penalty_+_|法 力 消 耗 惩 罚 +{reg13}%
qstr_{s3}_has_cast_spirit|{s3} 施 放 了 灵 魂 汲 取。如 果 统 御 检 定 失 败，敌 人 将 受 到 严 重 伤 害。
qstr_{s3}_has_cast_Traito|{s3} 施 放 了 塔 恩 的 叛 徒。{s2} 成 为 他 们 的 盟 友 
qstr_{s3}_has_cast_Madnes|{s3} 施 放 了 精 神 错 乱。{s2} 成 为 他 们 的 盟 友 
qstr_Ironflesh_test_passe|铁 骨 检 定 通 过。
qstr_{s3}_has_cast_death_|{s3} 施 放 了 死 亡 痉 挛。如 果 铁 骨 检 定 失 败，{s2} 死 亡 
qstr_{s3}_has_cast_arcane|{s3} 施 放 了 秘 法 裂 解。{s2}受 到 伤 害，且 装 备 有 几 率 被 摧 毁。
qstr_{s3}_has_cast_Khizaa|{s3} 施 放 了 基 扎 尔 的 窃 魂 术。如 果 统 御 检 定 失 败，{s2} 受 到 轻 微 到 严 重 伤 害。{s1} 获 得 额 外 召 唤 力。
qstr_You_win_the_battle_o|你 赢 得 了 意 志 之 战。
qstr_You_lose_the_battle_|你 输 了 意 志 之 战。
qstr_{s3}_has_cast_glean_|{s3} 施 放 了 窃 取 魔 法。{s2} 受 到 严 重 伤 害；若 在 意 志 对 决 中 失 败，下 一 个 魔 法 阶 段 将 无 法 施 法。
qstr_{s3}_has_cast_bolt_o|{s3} 施 放 了 变 幻 之 箭。{s2} 受 到 严 重 伤 害。
qstr_Leadership_test_fail|统 御 检 定 失 败。
qstr_{s3}_has_cast_pavane|{s3} 施 放 了 色 孽 舞 曲。如 果 统 御 检 定 失 败，{s2} 受 到 严 重 伤 害。
qstr_{s3}_has_cast_Sekhub|{s3} 施 放 了 塞 库 比 的 愤 怒 咒。{s2} 将 受 到 严 重 伤 害。
qstr_Power_of_da_Waaagh_b|daWaaagh之 力 奖 励：致 死 伤 
qstr_Power_of_da_Waaagh_bo|daWaaagh之 力 奖 励：致 命 伤 
qstr_Power_of_da_Waaagh_bon|daWaaagh之 力 奖 励：大 伤 
qstr_Power_of_da_Waaagh_bonu|daWaaagh之 力 奖 励：小 伤 
qstr_Power_of_da_Waaagh_bonus|daWaaagh之 力 奖 励：无 伤 
qstr_{s3}_has_cast_brain_|{s3} 施 放 了 爆 脑 术。{s2} 受 到 严 重 伤 害。
qstr_Power_of_da_Waaagh_bonus:|daWaaagh之 力 奖 励：致 死 伤 
qstr_{s3}_has_cast_eadbut|{s3} 施 放 了 头 槌 冲 击 波。{s2} 受 到 非 常 高 伤 害。
qstr_{s3}_has_cast_midwin|{s3} 施 放 了 隆 冬 之 吻。{s2} 将 受 到 伤 害。
qstr_{s3}_has_cast_sun_st|{s3} 施 放 了 烈 日 打 击。{s2} 将 受 到 伤 害。
qstr_{s3}_has_cast_bray_s|{s3} 施 放 了 兽 吼。{s2} 将 受 到 伤 害。
qstr_{s37}_has_knocked_ou|{s37} 用 {reg39}点 魔 法 伤 害 击 晕 了 {s38}。
qstr_{s37}_has_killed_{s3|{s37} 以  {reg39}的 魔 法 伤 害 杀 死 了 {s38}。
qstr_{s38}_knocked_uncons|{s38} 被 {s37} 打 晕。
qstr_{s38}_killed_by_{s37|{s38} 被 {s37} 杀 死。
qstr_Your_willpower_recov|你 的 意 志 力 再 一 次 使 你 恢 复 了 领 导 军 队 的 能 力。
qstr_Your_willpower_gains|你 的 意 志 力 使 你 的 下 一 次 施 法 检 定 获 得 +{reg4}加 成。
qstr_Your_willpower_gains_|你 的 意 志 力 使 你 的 下 一 次 施 法 检 定 获 得 +2加 成。
qstr_You_can_focus_your_w|你 可 以 在 这 场 战 斗 中 更 多 地 集 中 你 的 意 志 力 {reg5}
qstr_You_have_gained_{reg|你 获 得 {reg4}点 统 治 权 
qstr_You_have_gained_magi|你 获 得 魔 抗 4+
qstr_You_have_gained_magic|你 获 得 魔 抗 5+
qstr_You_have_gained_magic_|你 获 得 魔 抗 6+
qstr_You_have_gained_magic_r|你 获 得 魔 抗 2+
qstr_You_have_gained_magic_re|你 获 得 魔 抗 3+
qstr_Your_attempt_to_cast_P|你 尝 试 施 放 菲 的 庇 护 之 光 失 败。
qstr_{s1}s_attempt_to_cast_P|{s1}尝 试 施 放 菲 的 庇 护 之 光 失 败。
qstr_Enemy|敌 人 
qstr_Allied|友 方 
qstr_{s1}_has_cast_Phas_P|{s1}施 放 了 菲 的 庇 护 之 光。敌 人 远 程 精 度 下 降
qstr_{s1}_has_cast_Phas_Pr|{s1}施 放 了 菲 的 庇 护 之 光。{s3}远 程 精 度 下 降
qstr_Your_attempt_to_cast_Sp|你 尝 试 施 放 光 速 失 败。
qstr_{s1}s_attempt_to_cast_S|{s1}尝 试 施 放 光 速 失 败。
qstr_allied|友 方 
qstr_enemy|敌 人 
qstr_{s1}_has_cast_Speed_|{s1}施 放 了 光 速。附 近{s2}部 队 的 战 斗 能 力 增 强 了。
qstr_Your_attempt_to_cast_G|你 尝 试 施 放 光 速 失 败。
qstr_{s1}s_attempt_to_cast_G|{s1}尝 试 施 放 光 速 失 败。
qstr_{s1}_has_cast_Glory.|{s1}施 放 了 光 速。附 近{s2}部 队 的 战 斗 能 力 增 强 了。
qstr_Your_attempt_to_cast_R|你 尝 试 施 放 征 战 之 光 失 败。
qstr_{s1}s_attempt_to_cast_R|{s1}尝 试 施 放 征 战 之 光 失 败。
qstr_Your_venom_has_been_|你 的 毒 素 已 被 治 愈。
qstr_You_are_no_longer_su|你 不 再 遭 受 中 毒 效 果。
qstr_{s1}_has_cast_Radian|{s1}施 放 了 征 战 之 光。所 有 {s2}部 队 的 勇 气 提 高，溃 逃 部 队 重 整，并 清 除 所 有 中 毒 和 毒 素 效 果。
qstr_Your_attempt_to_cast_Sh|你 尝 试 施 放 闪 耀 斗 篷 失 败。
qstr_{s1}s_attempt_to_cast_Sh|{s1}尝 试 施 放 闪 耀 斗 篷 失 败。
qstr_{s1}s_attempt_to_cast_Shi|{s1}尝 试 施 放 闪 耀 斗 篷 失 败。
qstr_{s1}_has_cast_Shimme|{s1}施 放 了 闪 耀 斗 篷。斗 篷 有 83%几 率 吸 收 所 有 远 程 伤 害。
qstr_Your_attempt_to_cast_N|你 尝 试 施 放 阿 明 托 克 之 网 失 败。
qstr_{s1}s_attempt_to_cast_N|{s1}尝 试 施 放 阿 明 托 克 之 网 失 败。
qstr_Your_attempt_to_cast_Ne|你 尝 试 施 放 阿 明 托 克 之 网 失 败。
qstr_{s1}_has_cast_Net_of|{s1}施 放 了 阿 明 托 克 之 网。受 影 响 的{s2}部 队 移 速 和 射 击 精 度 减 弱。
qstr_{s1}_has_cast_Net_of_|{s1}施 放 了 阿 明 托 克 之 网。受 影 响 的 敌 军 部 队 若 强 击 检 定 失 败，移 动 速 度 和 远 程 精 度 将 降 低。
qstr_Your_attempt_to_cast_b|你 尝 试 施 放 放 逐 之 光 失 败。
qstr_{s1}s_attempt_to_cast_b|{s1}尝 试 施 放 放 逐 之 光 失 败。
qstr_{s1}_has_cast_Banish|{s1}施 放 了 放 逐 之 光。{s2}部 队 在 范 围 内 的 受 到 伤 害。
qstr_{s1}_has_cast_Banishm|{s1}施 放 了 放 逐 之 光。敌 人 部 队 在 范 围 内 的 受 到 伤 害。
qstr_Your_attempt_to_cast_B|你 尝 试 施 放 拜 若 纳 的 时 间 扭 曲 失 败。
qstr_{s1}s_attempt_to_cast_B|{s1}尝 试 施 放 拜 若 纳 的 时 间 扭 曲 失 败。
qstr_{s1}_has_cast_Birona|{s1}施 放 了 拜 若 纳 的 时 间 扭 曲。{s2}部 队 速 度 和 战 斗 能 力 增 强
qstr_Your_attempt_to_cast_t|你 尝 试 施 放 抛 光 金 护 手 失 败。
qstr_{s1}s_attempt_to_cast_t|{s1}尝 试 施 放 抛 光 金 护 手 失 败。
qstr_{s1}_has_cast_the_Bu|{s1}施 放 了 抛 光 金 护 手。66%几 率 受 影 响{s2}部 队 受 到 伤 害。
qstr_Your_attempt_to_cast_p|你 尝 试 施 放 锈 蚀 瘟 疫 失 败。
qstr_{s1}s_attempt_to_cast_p|{s1}尝 试 施 放 锈 蚀 瘟 疫 失 败。
qstr_{s1}_has_cast_Plague_|{s1}施 放 了 锈 蚀 瘟 疫。{s2}护 甲 被 瓦 解
qstr_Your_attempt_to_cast_T|你 尝 试 施 放 坩 埚 失 败。
qstr_{s1}s_attempt_to_cast_T|{s1}尝 试 施 放 坩 埚 失 败。
qstr_{s1}_has_cast_the_Cr|{s1} 施 放 了 坩 埚，并 传 送 至 战 场 的 另 一 处。
qstr_Your_attempt_to_cast_e|你 尝 试 施 放 艾 班 之 刃 附 魔 失 败。
qstr_{s1}s_attempt_to_cast_e|{s1}尝 试 施 放 艾 班 之 刃 附 魔 失 败。
qstr_{s1}_has_cast_enchant|{s1}施 放 了 艾 班 之 刃 附 魔。附 近{s3}部 队 的 战 斗 能 力 增 强 了。
qstr_Your_attempt_to_cast_g|你 尝 试 施 放 闪 耀 长 袍 失 败。
qstr_{s1}s_attempt_to_cast_g|{s1}尝 试 施 放 闪 耀 长 袍 失 败。
qstr_{s1}_has_cast_glitter|{s1}施 放 了 闪 耀 长 袍。附 近{s3}部 队 伤 害 抗 性 增 加
qstr_Your_attempt_to_cast_tr|你 尝 试 施 放 铅 之 炼 金 术 失 败。
qstr_{s1}s_attempt_to_cast_tr|{s1}尝 试 施 放 铅 之 炼 金 术 失 败。
qstr_{s1}_has_cast_transmu|{s1}施 放 了 铅 之 炼 金 术。受 影 响 的{s2}部 队 移 动 和 战 斗 能 力 减 弱
qstr_Your_attempt_to_cast_f|你 尝 试 施 放 终 极 炼 金 术 失 败。
qstr_{s1}s_attempt_to_cast_f|{s1}尝 试 施 放 终 极 炼 金 术 失 败。
qstr_{s1}_has_cast_final_t|{s1}施 放 了 终 极 炼 金 术。所 有 未 能 抵 抗 的 {s2}部 队 都 将 死 亡。
qstr_Your_attempt_to_cast_Pe|你 尝 试 施 放 和 平 失 败。
qstr_{s1}s_attempt_to_cast_Pe|{s1}尝 试 施 放 和 平 失 败。
qstr_{s1}_has_cast_Peace.|{s1}施 放 了 和 平。所 有{s2}部 队 士 气 提 升 且 溃 散 部 队 集 结。
qstr_Your_attempt_to_cast_C|你 尝 试 施 放 纪 伦 斗 篷 失 败。
qstr_{s1}s_attempt_to_cast_C|{s1}尝 试 施 放 纪 伦 斗 篷 失 败。
qstr_{s1}_has_cast_Cloak_|{s1}施 放 了 纪 伦 斗 篷。该 斗 篷 会 在 魔 法 阶 段 吸 收 {reg3}次 攻 击。
qstr_Your_attempt_to_cast_th|你 尝 试 施 放 翡 翠 之 门 失 败。
qstr_{s1}s_attempt_to_cast_th|{s1}尝 试 施 放 翡 翠 之 门 失 败。
qstr_{s1}_has_cast_the_Em|{s1}施 放 了 翡 翠 之 门。他 们 传 送 到 战 场 的 另 一 个 地 方
qstr_Your_attempt_to_cast_ea|你 尝 试 施 放 大 地 之 血 失 败。
qstr_{s1}s_attempt_to_cast_ea|{s1}尝 试 施 放 大 地 之 血 失 败。
qstr_{s1}_has_cast_earth_|{s1}施 放 了 大 地 之 血。附 近{s3}部 队 恢 复 健 康
qstr_Your_attempt_to_cast_Cu|你 尝 试 施 放 治 愈 重 伤 失 败。
qstr_{s1}s_attempt_to_cast_Cu|{s1}尝 试 施 放 治 愈 重 伤 失 败。
qstr_{s1}_has_cast_Cure_W|{s1}施 放 了 治 愈 重 伤。附 近{s3}部 队 恢 复 健 康
qstr_Your_attempt_to_cast_fl|你 尝 试 施 放 石 化 之 躯 失 败。
qstr_{s1}s_attempt_to_cast_fl|{s1}尝 试 施 放 石 化 之 躯 失 败。
qstr_{s1}_has_cast_flesh_|{s1}施 放 了 石 化 之 躯。附 近{s3}部 队 伤 害 抗 性 增 加
qstr_Your_attempt_to_cast_a|你 尝 试 施 放 森 林 复 苏 失 败。
qstr_{s1}s_attempt_to_cast_a|{s1}尝 试 施 放 森 林 复 苏 失 败。
qstr_{s1}_has_cast_awakeni|{s1}施 放 了 森 林 复 苏。{s2}部 队 在 范 围 内 的 受 到 伤 害。
qstr_Your_attempt_to_cast_s|你 尝 试 施 放 荆 棘 护 盾 失 败。
qstr_{s1}s_attempt_to_cast_s|{s1}尝 试 施 放 荆 棘 护 盾 失 败。
qstr_{s1}_has_cast_shield_|{s1}施 放 了 荆 棘 护 盾。附 近{s3}部 队 被 攻 击 时 返 还 伤 害
qstr_Your_attempt_to_cast_r|你 尝 试 施 放 再 生 术 失 败。
qstr_{s1}s_attempt_to_cast_r|{s1}尝 试 施 放 再 生 术 失 败。
qstr_{s1}_has_cast_regrow|{s1}施 放 了 再 生 术。附 近{s3}部 队 恢 复 健 康 且 昏 迷 部 队 恢 复
qstr_Your_attempt_to_cast_the|你 尝 试 施 放 地 灵 觉 醒 失 败。
qstr_{s1}s_attempt_to_cast_the|{s1}尝 试 施 放 地 灵 觉 醒 失 败。
qstr_{s1}_has_cast_the_dw|{s1}施 放 了 地 灵 觉 醒。所 有 未 能 抵 抗 的 敌 军 部 队 都 将 死 亡。
qstr_{s1}_has_cast_the_dwe|{s1}施 放 了 地 灵 觉 醒。所 有 未 能 抵 抗 的 {s2}部 队 都 将 死 亡。
qstr_Your_attempt_to_cast_i|你 尝 试 施 放 冰 片 暴 风 雪 失 败。
qstr_{s1}s_attempt_to_cast_i|{s1}尝 试 施 放 冰 片 暴 风 雪 失 败。
qstr_{s1}_has_cast_iceshar|{s1}施 放 了 冰 片 暴 风 雪。受 影 响 的{s2}部 队 移 速 减 弱
qstr_Your_attempt_to_cast_Sw|你 尝 试 施 放 快 速 飞 行 失 败。
qstr_{s1}s_attempt_to_cast_Sw|{s1}尝 试 施 放 快 速 飞 行 失 败。
qstr_{s1}_has_cast_Swiftw|{s1}施 放 了 快 速 飞 行。他 们 传 送 到 战 场 的 另 一 个 地 方
qstr_Your_attempt_to_cast_h|你 尝 试 施 放 和 音 汇 集 失 败。
qstr_{s1}s_attempt_to_cast_h|{s1}尝 试 施 放 和 音 汇 集 失 败。
qstr_{s1}_has_cast_harmon|{s1}施 放 了 和 音 汇 集。附 近 的 {s3}部 队 命 中 时 必 定 造 成 伤 害；进 行 随 机 能 力 判 定（战 斗 能 力、守 护 豁 免 等）时，成 功 率 也 会 提 高。
qstr_Your_attempt_to_cast_c|你 尝 试 施 放 夜 风 诅 咒 失 败。
qstr_{s1}s_attempt_to_cast_c|{s1}尝 试 施 放 夜 风 诅 咒 失 败。
qstr_{s1}_has_cast_curse_of_th|{s1}施 放 了 夜 风 诅 咒。附 近{s3}部 队 特 殊 能 力 减 弱
qstr_Your_attempt_to_cast_the_|你 尝 试 施 放 天 青 之 盾 失 败。
qstr_{s1}s_attempt_to_cast_the_|{s1}尝 试 施 放 天 青 之 盾 失 败。
qstr_{s1}_has_summoned_a_|{s1} 召 唤 了 一 面 天 青 之 盾
qstr_Your_attempt_to_cast_l|你 尝 试 施 放 闪 电 风 暴 失 败。
qstr_{s1}s_attempt_to_cast_l|{s1}尝 试 施 放 闪 电 风 暴 失 败。
qstr_{s1}_has_cast_lightni|{s1}施 放 了 闪 电 风 暴。受 影 响 的{s2}部 队 受 到 伤 害
qstr_Your_attempt_to_cast_co|你 尝 试 施 放 卡 莎 朵 拉 彗 星 失 败。
qstr_{s1}s_attempt_to_cast_co|{s1}尝 试 施 放 卡 莎 朵 拉 彗 星 失 败。
qstr_Your_attempt_to_cast_Co|你 尝 试 施 放 卡 莎 朵 拉 彗 星 失 败。
qstr_{s1}s_attempt_to_cast_Co|{s1}尝 试 施 放 卡 莎 朵 拉 彗 星 失 败。
qstr_{s1}_has_cast_comet_o|{s1}施 放 了 卡 莎 朵 拉 彗 星。受 影 响 的{s2}部 队 受 到 伤 害
qstr_Your_attempt_to_cast_U|你 尝 试 施 放 尤 瑞 诺 闪 电 箭 失 败。
qstr_{s1}s_attempt_to_cast_U|{s1}尝 试 施 放 尤 瑞 诺 闪 电 箭 失 败。
qstr_{s1}_has_cast_Uranno|{s1}施 放 了 尤 瑞 诺 闪 电 箭。受 影 响 的{s2}部 队 受 到 伤 害
qstr_Your_attempt_to_cast_M|你 尝 试 施 放 梅 尔 克 斯 的 迷 魂 毒 瘴 失 败。
qstr_{s1}_has_cast_Melkoth|{s1}施 放 了 梅 尔 克 斯 的 迷 魂 毒 瘴。附 近 的{s2}部 队 多 个 属 性 下 降
qstr_Your_attempt_to_cast_the_e|你 尝 试 施 放 虚 弱 术 失 败。
qstr_{s1}s_attempt_to_cast_the_e|{s1}尝 试 施 放 虚 弱 术 失 败。
qstr_{s1}_has_cast_the_en|{s1}施 放 了 虚 弱 术。附 近{s3}部 队 伤 害 减 弱
qstr_Your_attempt_to_cast_the_w|你 尝 试 施 放 凋 零 术 失 败。
qstr_{s1}s_attempt_to_cast_the_w|{s1}尝 试 施 放 凋 零 术 失 败。
qstr_{s1}_has_cast_the_wi|{s1}施 放 了 凋 零 术。附 近{s3}部 队 被 虚 弱 了。
qstr_Your_attempt_to_cast_sh|你 尝 试 施 放 暗 影 箭 失 败。
qstr_{s1}s_attempt_to_cast_sh|{s1}尝 试 施 放 暗 影 箭 失 败。
qstr_ally|友 军 
qstr_{s1}_has_cast_shadow|{s1}施 放 了 暗 影 箭。受 影 响 的{s3}部 队 受 到 严 重 伤 害
qstr_Your_attempt_to_cast_Tr|你 尝 试 施 放 塔 恩 的 叛 徒 失 败。
qstr_{s1}s_attempt_to_cast_Tr|{s1}尝 试 施 放 塔 恩 的 叛 徒 失 败。
qstr_{s1}_has_cast_Traito|{s1}施 放 了 塔 恩 的 叛 徒。{s3}成 为 他 们 的 盟 友
qstr_Your_attempt_to_cast_St|你 尝 试 施 放 阴 影 骏 马 失 败。
qstr_{s1}s_attempt_to_cast_St|{s1}尝 试 施 放 阴 影 骏 马 失 败。
qstr_Your_attempt_to_cast_Ra|你 尝 试 施 放 普 特 罗 斯 之 辉 失 败。
qstr_{s1}s_attempt_to_cast_Ra|{s1}尝 试 施 放 普 特 罗 斯 之 辉 失 败。
qstr_{s1}_has_cast_Radianc|{s1} 施 放 了 普 特 罗 斯 之 辉，获 得 远 程 伤 害 防 护。
qstr_Your_attempt_to_cast_pi|你 尝 试 施 放 幽 暗 深 渊 失 败。
qstr_{s1}s_attempt_to_cast_pi|{s1}尝 试 施 放 幽 暗 深 渊 失 败。
qstr_{s1}_has_cast_pit_of_|{s1} 施 放 了 幽 暗 深 渊。受 影 响 的 {s2} 部 队 若 敏 捷 检 定 失 败 则 死 亡。
qstr_Your_attempt_to_cast_O|你 尝 试 施 放 奥 卡 姆 的 心 灵 剃 刀 失 败。
qstr_{s1}s_attempt_to_cast_O|{s1}尝 试 施 放 奥 卡 姆 的 心 灵 剃 刀 失 败。
qstr_{s1}_has_cast_Okkams|{s1}施 放 了 奥 卡 姆 的 心 灵 剃 刀。附 近{s3}部 队 基 于 施 法 者 的 领 导 技 能 获 得 伤 害 提 升。
qstr_Your_attempt_to_cast_Spe|你 尝 试 施 放 莱 科 斯 的 速 度 失 败。
qstr_{s1}s_attempt_to_cast_Sp|{s1}尝 试 施 放 莱 科 斯 的 速 度 失 败。
qstr_{s1}_has_cast_Speed_o|{s1}施 放 了 莱 科 斯 的 速 度。他 们 传 送 到 战 场 的 另 一 个 地 方
qstr_Your_attempt_to_cast_sp|你 尝 试 施 放 灵 魂 汲 取 失 败。
qstr_{s1}s_attempt_to_cast_sp|{s1}尝 试 施 放 灵 魂 汲 取 失 败。
qstr_{s1}_has_cast_spirit|{s1} 施 放 了 灵 魂 汲 取。受 影 响 的 {s3}部 队 若 未 通 过 统 御 检 定，将 受 到 轻 度 至 重 度 伤 害。
qstr_Your_attempt_to_cast_as|你 尝 试 施 放 恐 惧 骑 士 化 身 失 败。
qstr_{s1}s_attempt_to_cast_as|{s1}尝 试 施 放 恐 惧 骑 士 化 身 失 败。
qstr_{s1}_has_cast_aspect|{s1}施 放 了 恐 惧 骑 士 化 身。附 近 的{s3}部 队 获 得 勇 气，引 发 恐 惧 并 变 得 不 可 击 溃。溃 退 部 队 可 能 重 整。附 近 的{s4}部 队 失 去 勇 气。
qstr_Your_attempt_to_cast_ca|你 尝 试 施 放 拉 尼 菲 的 爱 抚 失 败。
qstr_{s1}s_attempt_to_cast_ca|{s1}尝 试 施 放 拉 尼 菲 的 爱 抚 失 败。
qstr_{s1}_has_cast_caress|{s1} 施 放 了 拉 尼 菲 的 爱 抚。受 影 响 的 {s3} 部 队 若 强 击 检 定 失 败，则 承 受 多 次 伤 害。
qstr_Your_attempt_to_cast_so|你 尝 试 施 放 灵 魂 枯 萎 失 败。
qstr_{s1}s_attempt_to_cast_so|{s1}尝 试 施 放 灵 魂 枯 萎 失 败。
qstr_{s1}_has_cast_soulbl|{s1}施 放 了 灵 魂 枯 萎。附 近{s3}部 队 被 虚 弱 了。
qstr_Your_attempt_to_cast_De|你 尝 试 施 放 死 亡 之 门 失 败。
qstr_{s1}s_attempt_to_cast_De|{s1}尝 试 施 放 死 亡 之 门 失 败。
qstr_{s1}_has_cast_Death_|{s1} 施 放 了 死 亡 之 门。施 法 者 将 免 受 会 使 其 生 命 降 至 0的 攻 击。
qstr_Your_attempt_to_cast_fa|你 尝 试 施 放 贝 加 纳 的 命 运 失 败。
qstr_{s1}s_attempt_to_cast_fa|{s1}尝 试 施 放 贝 加 纳 的 命 运 失 败。
qstr_{s1}_has_cast_the_fa|{s1}施 放 了 贝 加 纳 的 命 运。受 影 响 的 {s3}部 队 若 铁 骨 检 定 失 败，将 受 到 多 次 伤 害。
qstr_Your_attempt_to_cast_pu|你 尝 试 施 放 泽 雷 尔 斯 的 紫 晶 邪 阳 失 败。
qstr_{s1}s_attempt_to_cast_pu|{s1}尝 试 施 放 泽 雷 尔 斯 的 紫 晶 邪 阳 失 败。
qstr_{s1}_has_cast_purple_|{s1} 施 放 了 泽 雷 尔 斯 的 紫 晶 邪 阳。受 影 响 的 {s2} 部 队 若 跑 动 检 定 失 败 则 死 亡，且 不 能 进 行 守 护 豁 免。
qstr_Your_attempt_to_cast_cas|你 尝 试 施 放 流 火 披 风 失 败。
qstr_{s1}s_attempt_to_cast_cas|{s1}尝 试 施 放 流 火 披 风 失 败。
qstr_{s1}_has_cast_cascadi|{s1} 施 放 了 流 火 披 风。受 保 护 的 {s2} 部 队 遭 到 近 战 攻 击 时，斗 篷 会 自 动 命 中 攻 击 者。
qstr_Your_attempt_to_cast_F|你 尝 试 施 放 火 焰 牢 笼 失 败。
qstr_{s1}s_attempt_to_cast_F|{s1}尝 试 施 放 火 焰 牢 笼 失 败。
qstr_{s1}_has_cast_Fulmin|{s1} 施 放 了 火 焰 牢 笼。受 影 响 的 {s2} 部 队 移 动 速 度 和 远 程 精 度 降 低。
qstr_{s1}_has_cast_Fulmina|{s1}施 放 了 火 焰 牢 笼。受 影 响 的 敌 军 部 队 若 强 击 检 定 失 败，移 动 速 度 和 远 程 精 度 将 降 低。
qstr_Your_attempt_to_cast_fla|你 尝 试 施 放 鲁 因 火 焰 剑 失 败。
qstr_{s1}s_attempt_to_cast_fla|{s1}尝 试 施 放 鲁 因 火 焰 剑 失 败。
qstr_{s1}_has_cast_flaming|{s1}施 放 了 鲁 因 火 焰 剑。附 近{s2}部 队 近 战 伤 害 增 加
qstr_Your_attempt_to_cast_the_b|你 尝 试 施 放 烈 焰 之 颅 失 败。
qstr_{s1}s_attempt_to_cast_the_b|{s1}尝 试 施 放 烈 焰 之 颅 失 败。
qstr_{s1}_has_cast_the_bu|{s1}施 放 了 烈 焰 之 颅。受 影 响 的{s2}部 队 受 到 伤 害
qstr_Your_attempt_to_cast_pie|你 尝 试 施 放 燃 烧 穿 透 弩 矢 失 败。
qstr_{s1}s_attempt_to_cast_pie|{s1}尝 试 施 放 燃 烧 穿 透 弩 矢 失 败。
qstr_{s1}_has_cast_pierci|{s1}施 放 了 燃 烧 穿 透 弩 矢。附 近{s3}部 队 弹 药 被 点 燃
qstr_Your_attempt_to_cast_flam|你 尝 试 施 放 火 焰 风 暴 失 败。
qstr_{s1}s_attempt_to_cast_flam|{s1}尝 试 施 放 火 焰 风 暴 失 败。
qstr_{s1}_has_cast_flame_|{s1}施 放 了 火 焰 风 暴。受 影 响 的{s2}部 队 受 到 火 焰 伤 害
qstr_Your_attempt_to_cast_Con|你 尝 试 施 放 末 日 之 火 失 败。
qstr_{s1}s_attempt_to_cast_Con|{s1}尝 试 施 放 末 日 之 火 失 败。
qstr_{s1}s_attempt_to_cast_Conf|{s1}尝 试 施 放 末 日 之 火 失 败。
qstr_{s1}_has_cast_Conflag|{s1}施 放 了 末 日 之 火。受 影 响 的{s2}部 队 受 到 火 焰 伤 害
qstr_Your_attempt_to_cast_Su|你 尝 试 施 放 召 唤 野 熊 失 败。
qstr_{s1}s_attempt_to_cast_Su|{s1}尝 试 施 放 召 唤 野 熊 失 败。
qstr_Your_attempt_to_cast_Sum|你 尝 试 施 放 召 唤 野 熊 失 败。
qstr_{s1}s_attempt_to_cast_Sum|{s1}尝 试 施 放 召 唤 野 熊 失 败。
qstr_allies|友 军 
qstr_enemies|敌 军 
qstr_{s1}_has_cast_Summon|{s1}施 放 了 召 唤 野 熊，为 你 的{s3}召 来 一 只 野 熊。
qstr_Your_attempt_to_cast_W|你 尝 试 施 放 维 杉 的 狂 野 形 态 失 败。
qstr_{s1}s_attempt_to_cast_W|{s1}尝 试 施 放 维 杉 的 狂 野 形 态 失 败。
qstr_{s1}_has_cast_Wyssans|{s1}施 放 了 维 杉 的 狂 野 形 态。受 影 响 的{s2}部 队 获 得 伤 害 提 高 和 伤 害 抗 性
qstr_Your_attempt_to_cast_flo|你 尝 试 施 放 厄 运 之 群 失 败。
qstr_{s1}s_attempt_to_cast_flo|{s1}尝 试 施 放 厄 运 之 群 失 败。
qstr_{s1}_has_cast_flock_|{s1}施 放 了 厄 运 之 群。附 近{s3}部 队 失 去 士 气 并 受 到 轻 微 伤 害
qstr_Your_attempt_to_cast_Pa|你 尝 试 施 放 潘 恩 的 坚 韧 毛 皮 失 败。
qstr_{s1}s_attempt_to_cast_Pa|{s1}尝 试 施 放 潘 恩 的 坚 韧 毛 皮 失 败。
qstr_{s1}_has_cast_Panns_i|{s1}施 放 了 潘 恩 的 坚 韧 毛 皮。受 影 响 的{s2}部 队 获 得 速 度 提 升 和 守 护 豁 免。
qstr_Your_attempt_to_cast_cu|你 尝 试 施 放 安 拉 海 尔 的 诅 咒 失 败。
qstr_{s1}s_attempt_to_cast_cu|{s1}尝 试 施 放 安 拉 海 尔 的 诅 咒 失 败。
qstr_Your_attempt_to_cast_sa|你 尝 试 施 放 赫 罗 斯 狂 兽 失 败。
qstr_{s1}s_attempt_to_cast_sa|{s1}尝 试 施 放 赫 罗 斯 狂 兽 失 败。
qstr_{s1}_has_cast_savage_|{s1}施 放 了 赫 罗 斯 狂 兽。受 影 响 的{s2}部 队 获 得 伤 害 和 速 度 提 升
qstr_Your_attempt_to_cast_Tra|你 尝 试 施 放 卡 顿 变 形 术 失 败。
qstr_{s1}s_attempt_to_cast_Tra|{s1}尝 试 施 放 卡 顿 变 形 术 失 败。
qstr_Your_attempt_to_cast_Tran|你 尝 试 施 放 卡 顿 变 形 术 失 败。
qstr_{s1}s_attempt_to_cast_Tran|{s1}尝 试 施 放 卡 顿 变 形 术 失 败。
qstr_{s1}_has_cast_Transf|{s1}施 放 了 卡 顿 变 形 术。{playername}变 成 了 远 古 巨 蜥。
qstr_{s1}_has_cast_Transfo|{s1}施 放 了 卡 顿 变 形 术。{playername}变 成 了 卡 顿 野 熊。
qstr_Your_attempt_to_cast_A|你 尝 试 施 放 奥 术 放 逐 失 败。
qstr_{s1}s_attempt_to_cast_A|{s1}尝 试 施 放 奥 术 放 逐 失 败。
qstr_Your_attempt_to_cast_Ar|你 尝 试 施 放 奥 术 放 逐 失 败。
qstr_{s1}_has_cast_arcane|{s1}施 放 了 奥 术 放 逐。所 有 受 影 响 的 敌 人 部 队 受 到 伤 害
qstr_{s1}_has_cast_arcane_|{s1}施 放 了 奥 术 放 逐。所 有 受 影 响 的{s2}部 队 受 到 伤 害
qstr_Your_attempt_to_cast_d|你 尝 试 施 放 汲 魔 术 失 败。
qstr_{s1}s_attempt_to_cast_d|{s1}尝 试 施 放 汲 魔 术 失 败。
qstr_{s1}_has_cast_drain_|{s1}施 放 了 汲 魔 术。所 有 当 前 的 魔 法 效 果 都 将 被 取 消，并 且{s3}魔 法 使 用 者 将 在 下 一 魔 法 阶 段 降 低 法 力 值。
qstr_Your_attempt_to_cast_ap|你 尝 试 施 放 神 化 术 失 败。
qstr_{s1}s_attempt_to_cast_ap|{s1}尝 试 施 放 神 化 术 失 败。
qstr_{s1}_has_cast_apothe|{s1}施 放 了 神 化 术。附 近{s3}部 队 生 命 回 复 并 造 成 恐 惧
qstr_Your_attempt_to_cast_ha|你 尝 试 施 放 荣 耀 之 手 失 败。
qstr_{s1}s_attempt_to_cast_ha|{s1}尝 试 施 放 荣 耀 之 手 失 败。
qstr_{s1}_has_cast_hand_of_|{s1}施 放 了 荣 耀 之 手。附 近{s3}部 队 多 种 属 性 提 高
qstr_Your_attempt_to_cast_w|你 尝 试 施 放 界 间 行 走 失 败。
qstr_{s1}s_attempt_to_cast_w|{s1}尝 试 施 放 界 间 行 走 失 败。
qstr_{s1}_has_cast_walk_be|{s1}施 放 了 界 间 行 走。附 近{s3}部 队 速 度 和 闪 避 率 提 高
qstr_Your_attempt_to_cast_te|你 尝 试 施 放 法 力 风 暴 失 败。
qstr_{s1}s_attempt_to_cast_te|{s1}尝 试 施 放 法 力 风 暴 失 败。
qstr_{s1}_has_cast_Tempes|{s1}施 放 了 法 力 风 暴。敌 人 远 程 精 度 下 降
qstr_{s1}_has_cast_Tempest|{s1}施 放 了 法 力 风 暴。{s3}远 程 精 度 下 降
qstr_Your_attempt_to_cast_the_a|你 尝 试 施 放 秘 法 裂 解 失 败。
qstr_{s1}s_attempt_to_cast_the_a|{s1}尝 试 施 放 秘 法 裂 解 失 败。
qstr_{s1}_has_cast_arcane_u|{s1}施 放 了 秘 法 裂 解。受 影 响 的{s2}部 队 受 到 伤 害。
qstr_Your_attempt_to_cast_fi|你 尝 试 施 放 万 焰 燃 集 失 败。
qstr_{s1}s_attempt_to_cast_fi|{s1}尝 试 施 放 万 焰 燃 集 失 败。
qstr_{s1}_has_cast_fiery_c|{s1}施 放 了 万 焰 燃 集。受 影 响 的{s2}部 队 受 到 伤 害
qstr_Your_attempt_to_cast_wi|你 尝 试 施 放 女 巫 飞 行 术 失 败。
qstr_{s1}s_attempt_to_cast_wi|{s1}尝 试 施 放 女 巫 飞 行 术 失 败。
qstr_{s1}_has_cast_witch_|{s1}施 放 了 女 巫 飞 行 术。他 们 传 送 到 战 场 的 另 一 个 地 方
qstr_Your_attempt_to_cast_the_d|你 尝 试 施 放 死 亡 痉 挛 失 败。
qstr_{s1}s_attempt_to_cast_the_d|{s1}尝 试 施 放 死 亡 痉 挛 失 败。
qstr_{s1}_has_cast_death_s|{s1}施 放 了 死 亡 痉 挛。受 影 响 的 {s2}部 队 若 铁 骨 检 定 失 败，将 死 亡。
qstr_Your_attempt_to_cast_po|你 尝 试 施 放 黑 暗 之 力 失 败。
qstr_{s1}s_attempt_to_cast_po|{s1}尝 试 施 放 黑 暗 之 力 失 败。
qstr_{s1}_has_cast_power_o|{s1} 施 放 了 黑 暗 之 力。附 近 的 {s3} 部 队 近 战 伤 害 提 高，下 一 次 魔 法 之 风 判 定 时 有 33%几 率 获 得 额 外 法 力。
qstr_Your_attempt_to_cast_ch|你 尝 试 施 放 彻 骨 寒 风 失 败。
qstr_{s1}s_attempt_to_cast_ch|{s1}尝 试 施 放 彻 骨 寒 风 失 败。
qstr_{s1}_has_cast_chillw|{s1}施 放 了 彻 骨 寒 风。{s3}远 程 精 度 减 弱
qstr_Your_attempt_to_cast_wo|你 尝 试 施 放 痛 苦 之 言 失 败。
qstr_{s1}s_attempt_to_cast_wo|{s1}尝 试 施 放 痛 苦 之 言 失 败。
qstr_{s1}_has_cast_word_of|{s1}施 放 了 痛 苦 之 言。受 影 响 的 敌 人{s3}部 队 近 战 伤 害、远 程 精 度 和 武 器 挥 舞 速 度 减 弱。
qstr_Your_attempt_to_cast_bl|你 尝 试 施 放 利 刃 狂 风 失 败。
qstr_{s1}s_attempt_to_cast_bl|{s1}尝 试 施 放 利 刃 狂 风 失 败。
qstr_{s1}_has_cast_bladewi|{s1} 施 放 了 利 刃 狂 风。受 影 响 的 {s2}部 队 若 未 通 过 敏 捷 检 定，将 受 到 重 伤；若 通 过，所 受 伤 害 会 降 低。
qstr_Dhar_magic_damage_bo|达 尔 魔 法 伤 害 提 升 
qstr_Your_attempt_to_cast_shr|你 尝 试 施 放 绝 望 帷 幕 失 败。
qstr_{s1}s_attempt_to_cast_shr|{s1}尝 试 施 放 绝 望 帷 幕 失 败。
qstr_{s1}_has_cast_shroud|{s1}施 放 了 绝 望 帷 幕。附 近{s3}部 队 失 去 士 气
qstr_Your_attempt_to_cast_sou|你 尝 试 施 放 窃 魂 术 失 败。
qstr_{s1}s_attempt_to_cast_sou|{s1}尝 试 施 放 窃 魂 术 失 败。
qstr_{s1}_has_cast_soulste|{s1} 施 放 了 窃 魂 术。受 影 响 的 {s2} 部 队 受 到 伤 害；每 造 成 一 次 击 杀，施 法 者 都 会 恢 复 生 命。
qstr_Your_attempt_to_cast_Arn|你 尝 试 施 放 阿 恩 齐 帕 尔 的 黑 色 恐 怖 失 败。
qstr_{s1}s_attempt_to_cast_Ar|{s1}尝 试 施 放 阿 恩 齐 帕 尔 的 黑 色 恐 怖 失 败。
qstr_{s1}_has_cast_Arnzipa|{s1} 施 放 了 阿 恩 齐 帕 尔 的 黑 色 恐 怖。受 影 响 的 {s2} 部 队 若 力 量 检 定 失 败 则 死 亡。
qstr_Your_attempt_to_cast_the_V|你 尝 试 施 放 范 赫 死 亡 之 舞 失 败。
qstr_{s1}s_attempt_to_cast_the_V|{s1}尝 试 施 放 范 赫 死 亡 之 舞 失 败。
qstr_Your_attempt_to_cast_V|你 尝 试 施 放 范 赫 死 亡 之 舞 失 败。
qstr_{s1}s_attempt_to_cast_V|{s1}尝 试 施 放 范 赫 死 亡 之 舞 失 败。
qstr_{s1}_has_cast_Vansel|{s1}施 放 了 范 赫 死 亡 之 舞。附 近{s3}亡 灵 速 度 提 升
qstr_Your_attempt_to_cast_Bl|你 尝 试 施 放 枯 萎 病 失 败。
qstr_{s1}s_attempt_to_cast_Bl|{s1}尝 试 施 放 枯 萎 病 失 败。
qstr_{s1}_has_cast_Blight|{s1}施 放 了 枯 萎 病。附 近 的{s3}坐 骑 受 到 伤 害。任 何 幸 存 下 来 的 都 会 减 速。
qstr_Your_attempt_to_cast_the_g|你 尝 试 施 放 纳 加 什 凝 视 失 败。
qstr_{s1}s_attempt_to_cast_the_g|{s1}尝 试 施 放 纳 加 什 凝 视 失 败。
qstr_{s1}_has_cast_the_ga|{s1}施 放 了 纳 加 什 凝 视。受 影 响 的{s2}部 队 受 到 伤 害
qstr_Your_attempt_to_cast_Ry|你 尝 试 施 放 掘 墓 还 魂 术 失 败。
qstr_{s1}s_attempt_to_cast_Ry|{s1}尝 试 施 放 掘 墓 还 魂 术 失 败。
qstr_{s1}_has_cast_Ryze_t|{s1} 施 放 了 掘 墓 还 魂 术。召 唤 {reg4}名 {s5} 加 入 你 的 {s3}，附 近 亡 者 的 力 量 还 会 额 外 复 生 {reg7}名 {s6}。
qstr_{s1}_has_cast_Ryze_th|{s1}施 放 了 掘 墓 还 魂 术。{reg4}个{s5}被 召 唤 到 你 的{s3}
qstr_{playername}_receive|{playername} 从 先 前 战 斗 中 召 唤 的 部 队 获 得 {reg9}经 验 值
qstr_Your_attempt_to_cast_Mo|你 尝 试 施 放 莫 尔 卡 恩 的 黑 暗 吐 息 失 败。
qstr_{s1}s_attempt_to_cast_M|{s1}尝 试 施 放 莫 尔 卡 恩 的 黑 暗 吐 息 失 败。
qstr_{s1}s_attempt_to_cast_Mo|{s1}尝 试 施 放 莫 尔 卡 恩 的 黑 暗 吐 息 失 败。
qstr_{s1}_has_cast_Morkha|{s1}施 放 了 莫 尔 卡 恩 的 黑 暗 吐 息。附 近{s3}亡 灵 部 队 恢 复 生 命
qstr_Your_attempt_to_cast_Sul|你 尝 试 施 放 尘 埃 之 手 失 败。
qstr_{s1}s_attempt_to_cast_Sul|{s1}尝 试 施 放 尘 埃 之 手 失 败。
qstr_{s1}_has_cast_Sulekh|{s1}施 放 了 尘 埃 之 手。{s1}获 得 限 时 伤 害 提 高。
qstr_Your_attempt_to_cast_K|你 尝 试 施 放 基 扎 尔 的 窃 魂 术 失 败。
qstr_{s1}s_attempt_to_cast_K|{s1}尝 试 施 放 基 扎 尔 的 窃 魂 术 失 败。
qstr_{s1}_has_cast_Khizaa|{s1} 施 放 了 基 扎 尔 的 窃 魂 术。受 影 响 的 {s3} 部 队 若 统 御 检 定 失 败，则 承 受 轻 微 至 高 额 伤 害；{s1} 获 得 额 外 召 唤 力 量。
qstr_Your_attempt_to_cast_cor|你 尝 试 施 放 腐 败 失 败。
qstr_{s1}s_attempt_to_cast_cor|{s1}尝 试 施 放 腐 败 失 败。
qstr_{s1}_has_cast_corrupt|{s1}施 放 了 腐 败。所 有 受 影 响 的 敌 人 部 队 受 到 伤 害
qstr_{s1}_has_cast_corrupti|{s1}施 放 了 腐 败。所 有 受 影 响 的{s2}部 队 受 到 伤 害
qstr_Your_attempt_to_cast_Ka|你 尝 试 施 放 坎 多 拉 克 先 驱 失 败。
qstr_{s1}s_attempt_to_cast_Ka|{s1}尝 试 施 放 坎 多 拉 克 先 驱 失 败。
qstr_{s1}_has_cast_Kandor|{s1}施 放 了 坎 多 拉 克 先 驱。{reg7}个{s5}被 召 唤 到 你 的{s3}。
qstr_Your_attempt_to_cast_Ak|你 尝 试 施 放 阿 卡 尔 · 阿 兰 的 黑 暗 骑 手 失 败。
qstr_{s1}s_attempt_to_cast_Ak|{s1}尝 试 施 放 阿 卡 尔 · 阿 兰 的 黑 暗 骑 手 失 败。
qstr_{s1}_has_cast_Akar_a|{s1}施 放 了 阿 卡 尔 · 阿 兰 的 黑 暗 骑 手。{reg4}个{s5}被 召 唤 到 你 的{s3}。
qstr_Your_attempt_to_cast_I|你 尝 试 施 放 尼 赫 喀 拉 的 召 唤 失 败。
qstr_{s1}s_attempt_to_cast_I|{s1}尝 试 施 放 尼 赫 喀 拉 的 召 唤 失 败。
qstr_{s1}_has_cast_Invoca|{s1}施 放 了 尼 赫 喀 拉 的 召 唤。附 近 的{s3}亡 灵 部 队 恢 复 生 命，被 击 败 的 部 队 复 活。
qstr_Your_attempt_to_cast_H|你 尝 试 施 放 地 狱 活 力 失 败。
qstr_{s1}s_attempt_to_cast_H|{s1}尝 试 施 放 地 狱 活 力 失 败。
qstr_Your_attempt_to_cast_He|你 尝 试 施 放 地 狱 活 力 失 败。
qstr_{s1}_has_cast_Hellis|{s1}施 放 了 地 狱 活 力。附 近 的 亡 灵{s3}部 队 击 中 时 一 定 会 造 成 伤 害。
qstr_empty_mesh|空 网 格
qstr_Your_attempt_to_cast_Rai|你 尝 试 施 放 驱 役 亡 灵 失 败 
qstr_{s1}s_attempt_to_cast_Rai|{s1}尝 试 施 放 驱 役 亡 灵 失 败。
qstr_Your_attempt_to_cast_Rais|你 尝 试 施 放 驱 役 亡 灵 失 败。
qstr_{s1}_has_raised_a_{s|{s1} 从 坟 墓 里 召 唤 了 一 个 {s4}。
qstr_{s1}_has_cast_Raise_|{s1}施 放 了 驱 役 亡 灵
qstr_Your_attempt_to_cast_Tu|你 尝 试 施 放 化 为 烟 雾 失 败。
qstr_{s1}s_attempt_to_cast_Tu|{s1}尝 试 施 放 化 为 烟 雾 失 败。
qstr_{s1}_has_cast_Turn_t|{s1} 已 经 施 放 了 化 为 烟 雾。他 们 传 送 至 战 场 的 另 一 部 分。
qstr_Your_attempt_to_cast_E|你 尝 试 施 放 灵 体 失 败。
qstr_{s1}s_attempt_to_cast_E|{s1}尝 试 施 放 灵 体 失 败。
qstr_{s1}_has_cast_Ethere|{s1} 施 放 了 灵 体。{s1} 化 为 灵 体，近 战 攻 击 额 外 造 成 寒 霜 伤 害。
qstr_Your_attempt_to_cast_Trans|你 尝 试 施 放 定 身 术 失 败。
qstr_{s1}s_attempt_to_cast_Trans|{s1}尝 试 施 放 定 身 术 失 败。
qstr_{s1}_has_cast_transf|{s1} 已 经 施 放 了 定 身 术。附 近 的 {s4} 部 队 无 法 移 动。
qstr_Your_attempt_to_cast_the_G|你 尝 试 施 放 纳 加 什 凝 视 失 败。
qstr_{s1}s_attempt_to_cast_the_G|{s1}尝 试 施 放 纳 加 什 凝 视 失 败。
qstr_{s1}_has_cast_the_Ga|{s1} 已 经 施 放 了 纳 加 什 凝 视。受 影 响 的 {s2} 部 队 受 到 伤 害。
qstr_Your_attempt_to_cast_Vo|你 尝 试 施 放 死 亡 虚 空 失 败。
qstr_{s1}s_attempt_to_cast_Vo|{s1}尝 试 施 放 死 亡 虚 空 失 败。
qstr_Your_attempt_to_cast_Cur|你 尝 试 施 放 岁 月 诅 咒 失 败。
qstr_{s1}s_attempt_to_cast_Cur|{s1}尝 试 施 放 岁 月 诅 咒 失 败。
qstr_Your_attempt_to_cast_Bo|你 尝 试 施 放 法 力 风 暴 失 败。
qstr_{s1}s_attempt_to_cast_Bo|{s1}尝 试 施 放 法 力 风 暴 失 败。
qstr_{s1}_has_cast_Boon_o|{s1}施 放 了 法 力 风 暴。{s3}奸 奇 掠 夺 者 获 得 魔 法 抗 性 4+，其 他 所 有 奸 奇 部 队 获 得 2+魔 法 抗 性 持 续 一 分 钟
qstr_Your_attempt_to_cast_Shi|你 尝 试 施 放 火 之 盾 失 败。
qstr_{s1}s_attempt_to_cast_Shie|{s1}尝 试 施 放 火 之 盾 失 败。
qstr_{s1}_has_cast_Shield|{s1}施 放 了 火 之 盾。护 盾 有 83%几 率 吸 收 所 有 近 战 伤 害
qstr_Your_attempt_to_cast_tre|你 尝 试 施 放 奸 奇 的 背 叛 失 败。
qstr_{s1}s_attempt_to_cast_tre|{s1}尝 试 施 放 奸 奇 的 背 叛 失 败。
qstr_{s1}_has_cast_treaso|{s1} 已 经 施 放 了 奸 奇 的 背 叛。受 影 响 的 {s3} 部 队 可 能 成 为 {s1} 的 盟 友。
qstr_Your_attempt_to_cast_pin|你 尝 试 施 放 奸 奇 粉 焰 失 败。
qstr_{s1}s_attempt_to_cast_pin|{s1}尝 试 施 放 奸 奇 粉 焰 失 败。
qstr_{s1}_has_cast_pink_fi|{s1}施 放 了 奸 奇 粉 焰。受 影 响 的{s2}部 队 受 到 伤 害
qstr_Your_attempt_to_cast_bo|你 尝 试 施 放 变 幻 之 箭 失 败。
qstr_{s1}s_attempt_to_cast_bo|{s1}尝 试 施 放 变 幻 之 箭 失 败。
qstr_{s1}_has_cast_bolt_o|{s1}施 放 了 变 幻 之 箭。受 影 响 的{s2}部 队 受 到 严 重 伤 害
qstr_Your_attempt_to_cast_gl|你 尝 试 施 放 窃 取 魔 法 失 败。
qstr_{s1}s_attempt_to_cast_gl|{s1}尝 试 施 放 窃 取 魔 法 失 败。
qstr_{s1}_has_cast_glean_|{s1}施 放 了 窃 取 魔 法。受 影 响 的{s2}施 法 者 受 到 严 重 伤 害；若 在 意 志 对 决 中 失 败，下 一 个 魔 法 阶 段 将 无 法 施 法。
qstr_Your_attempt_to_cast_Tz|你 尝 试 施 放 奸 奇 火 焰 风 暴 失 败。
qstr_{s1}s_attempt_to_cast_Tz|{s1}尝 试 施 放 奸 奇 火 焰 风 暴 失 败。
qstr_{s1}_has_cast_Tzeentc|{s1}施 放 了 奸 奇 火 焰 风 暴。受 影 响 的{s2}部 队 受 到 伤 害
qstr_Your_attempt_to_cast_in|你 尝 试 施 放 地 狱 之 门 失 败。
qstr_{s1}s_attempt_to_cast_in|{s1}尝 试 施 放 地 狱 之 门 失 败。
qstr_{s1}_has_cast_inferna|{s1}施 放 了 地 狱 之 门。受 影 响 的{s2}部 队 受 到 巨 大 伤 害
qstr_Your_attempt_to_cast_Summ|你 尝 试 施 放 召 唤 欲 魔 失 败。
qstr_{s1}s_attempt_to_cast_Summ|{s1}尝 试 施 放 召 唤 欲 魔 失 败。
qstr_{s1}_has_cast_Summon_|{s1}施 放 了 召 唤 欲 魔。{reg5}个 色 孽 欲 魔 被 召 唤 到 你 的{s3}
qstr_Your_attempt_to_cast_bon|你 尝 试 施 放 色 孽 的 束 缚 失 败。
qstr_{s1}s_attempt_to_cast_bon|{s1}尝 试 施 放 色 孽 的 束 缚 失 败。
qstr_{s1}_has_cast_bondage|{s1}施 放 了 色 孽 的 束 缚。受 影 响 的{s2}部 队 移 动 和 近 战 伤 害 减 半
qstr_Your_attempt_to_cast_ac|你 尝 试 施 放 顺 从 术 失 败。
qstr_{s1}s_attempt_to_cast_ac|{s1}尝 试 施 放 顺 从 术 失 败。
qstr_{s1}_has_cast_acquies|{s1}施 放 了 顺 从 术。受 影 响 的{s2}部 队 移 动 和 战 斗 能 力 减 弱
qstr_Your_attempt_to_cast_pa|你 尝 试 施 放 色 孽 舞 曲 失 败。
qstr_{s1}s_attempt_to_cast_pa|{s1}尝 试 施 放 色 孽 舞 曲 失 败。
qstr_Your_attempt_to_cast_pav|你 尝 试 施 放 色 孽 舞 曲 失 败。
qstr_{s1}_has_cast_pavane|{s1}施 放 了 色 孽 舞 曲。受 影 响 的 {s3}部 队 若 统 御 检 定 失 败，将 受 到 严 重 伤 害。
qstr_Your_attempt_to_cast_hy|你 尝 试 施 放 癫 狂 狂 热 失 败。
qstr_{s1}s_attempt_to_cast_hy|{s1}尝 试 施 放 癫 狂 狂 热 失 败。
qstr_{s1}_has_cast_hysteri|{s1}施 放 了 癫 狂 狂 热。受 影 响 的{s2}部 队 移 动 和 战 斗 能 力 提 升 且 获 得 牢 不 可 破
qstr_Your_attempt_to_cast_sl|你 尝 试 施 放 切 割 裂 片 失 败。
qstr_{s1}s_attempt_to_cast_sl|{s1}尝 试 施 放 切 割 裂 片 失 败。
qstr_{s1}_has_cast_slicing|{s1}施 放 了 切 割 裂 片。受 影 响 的 {s2}部 队 将 受 到 伤 害；若 统 御 检 定 失 败，还 会 再 次 受 击。
qstr_Your_attempt_to_cast_ph|你 尝 试 施 放 幻 象 狂 景 失 败。
qstr_{s1}s_attempt_to_cast_ph|{s1}尝 试 施 放 幻 象 狂 景 失 败。
qstr_{s1}_has_cast_phanta|{s1}施 放 了 幻 象 狂 景。附 近{s4}部 队 特 殊 能 力 减 弱
qstr_Your_attempt_to_cast_cac|你 尝 试 施 放 刺 耳 合 唱 失 败。
qstr_{s1}s_attempt_to_cast_cac|{s1}尝 试 施 放 刺 耳 合 唱 失 败。
qstr_{s1}_has_cast_Cacopho|{s1}施 放 了 刺 耳 合 唱。受 影 响 的 {s2}部 队 有 50%几 率 受 到 严 重 伤 害。
qstr_Your_attempt_to_cast_m|你 尝 试 施 放 瘟 疫 瘴 气 失 败。
qstr_{s1}s_attempt_to_cast_m|{s1}尝 试 施 放 瘟 疫 瘴 气 失 败。
qstr_{s1}_has_cast_miasma_|{s1}施 放 了 瘟 疫 瘴 气。受 影 响 的{s2}部 队 移 动 和 战 斗 能 力 减 弱
qstr_Your_attempt_to_cast_bla|你 尝 试 施 放 腐 化 之 刃 失 败。
qstr_{s1}s_attempt_to_cast_bla|{s1}尝 试 施 放 腐 化 之 刃 失 败。
qstr_{s1}_has_cast_blades_|{s1}施 放 了 腐 化 之 刃。受 影 响 的 {s2}部 队 获 得 剧 毒 攻 击。
qstr_Your_attempt_to_cast_cur|你 尝 试 施 放 麻 风 病 的 诅 咒 失 败。
qstr_{s1}s_attempt_to_cast_cur|{s1}尝 试 施 放 麻 风 病 的 诅 咒 失 败。
qstr_{s1}s_attempt_to_cast_curs|{s1}尝 试 施 放 麻 风 病 的 诅 咒 失 败。
qstr_{s1}_has_cast_curse_of_the|{s1}施 放 了 麻 风 病 的 诅 咒。受 影 响 的{s2}部 队 获 得 无 视 痛 苦
qstr_Your_attempt_to_cast_ra|你 尝 试 施 放 腐 臭 侵 袭 失 败。
qstr_{s1}s_attempt_to_cast_ra|{s1}尝 试 施 放 腐 臭 侵 袭 失 败。
qstr_Your_attempt_to_cast_ran|你 尝 试 施 放 腐 臭 侵 袭 失 败。
qstr_{s1}_has_cast_rancid_|{s1}施 放 了 腐 臭 侵 袭。受 影 响 的 {s2}部 队 将 受 到 伤 害；若 铁 骨 检 定 失 败，还 会 再 次 受 击。
qstr_Your_attempt_to_cast_fle|你 尝 试 施 放 肉 体 丰 饶 失 败。
qstr_{s1}s_attempt_to_cast_fle|{s1}尝 试 施 放 肉 体 丰 饶 失 败。
qstr_Your_attempt_to_cast_fles|你 尝 试 施 放 肉 体 丰 饶 失 败。
qstr_{s1}_has_cast_fleshy|{s1}施 放 了 肉 体 丰 饶。附 近 受 伤 的{s4}部 队 有 机 会 完 全 痊 愈。
qstr_Your_attempt_to_cast_pl|你 尝 试 施 放 瘟 疫 之 风 失 败。
qstr_{s1}s_attempt_to_cast_pl|{s1}尝 试 施 放 瘟 疫 之 风 失 败。
qstr_{s1}_has_cast_plague_|{s1} 施 放 了 瘟 疫 之 风。受 影 响 的 {s2} 部 队 进 行 体 质 检 定，失 败 者 受 到 毒 素 伤 害。
qstr_Your_attempt_to_cast_st|你 尝 试 施 放 纳 垢 恶 臭 失 败。
qstr_{s1}s_attempt_to_cast_st|{s1}尝 试 施 放 纳 垢 恶 臭 失 败。
qstr_{s1}s_attempt_to_cast_ste|{s1}尝 试 施 放 纳 垢 恶 臭 失 败。
qstr_{s1}_has_cast_stench|{s1}施 放 了 纳 垢 恶 臭。{s1}会 间 歇 性 释 放 有 毒 气 体。
qstr_Your_attempt_to_cast_Wa|你 尝 试 施 放 大 Waaaaaagh！失 败。
qstr_{s1}s_attempt_to_cast_Wa|{s1}尝 试 施 放 大 Waaaaaagh！失 败。
qstr_{s1}_has_cast_Waaaaa|{s1} 已 施 放 大 Waaaaaagh！所 有 {s3} 部 队 勇 气 提 高，溃 逃 部 队 重 整。敌 方 施 法 者 若 意 志 力 检 定 失 败，将 受 到 伤 害。
qstr_Your_attempt_to_cast_Mor|你 尝 试 施 放 毛 哥 救 俺 们 失 败。
qstr_{s1}s_attempt_to_cast_Mor|{s1}尝 试 施 放 毛 哥 救 俺 们 失 败。
qstr_{s1}_has_cast_Mork_S|{s1}施 放 了 毛 哥 救 俺 们。所 有 当 前 魔 法 效 果 被 取 消，{s3}魔 法 使 用 者 将 在 下 一 个 魔 法 阶 段 减 少 魔 法 值。
qstr_Your_attempt_to_cast_br|你 尝 试 施 放 爆 脑 术 失 败。
qstr_{s1}s_attempt_to_cast_br|{s1}尝 试 施 放 爆 脑 术 失 败。
qstr_{s1}_has_cast_brain_|{s1}施 放 了 爆 脑 术。{s2}受 到 严 重 伤 害。
qstr_Your_attempt_to_cast_fis|你 尝 试 施 放 搞 哥 老 拳 失 败。
qstr_{s1}s_attempt_to_cast_fis|{s1}尝 试 施 放 搞 哥 老 拳 失 败。
qstr_Your_attempt_to_cast_fist|你 尝 试 施 放 搞 哥 老 拳 失 败。
qstr_{s1}_has_cast_fists_|{s1}施 放 了 搞 哥 老 拳。{s1}在 一 段 时 间 内 获 得 伤 害、武 器 挥 舞 速 度 与 守 护 豁 免 提 升。
qstr_Your_attempt_to_cast_han|你 尝 试 施 放 搞 哥 大 手 失 败。
qstr_{s1}s_attempt_to_cast_han|{s1}尝 试 施 放 搞 哥 大 手 失 败。
qstr_{s1}_has_cast_hand_of_G|{s1}施 放 了 搞 哥 大 手。受 影 响 的{s2}部 队 速 度 提 升
qstr_Your_attempt_to_cast_ead|你 尝 试 施 放 头 槌 冲 击 波 失 败。
qstr_{s1}s_attempt_to_cast_ead|{s1}尝 试 施 放 头 槌 冲 击 波 失 败。
qstr_{s1}_has_cast_eadbut|{s1}施 放 了 头 槌 冲 击 波。{s3}受 到 非 常 高 伤 害
qstr_Your_attempt_to_cast_fo|你 尝 试 施 放 搞 哥 大 脚 失 败。
qstr_{s7}s_attempt_to_cas|{s7} 尝 试 施 放 搞 哥 大 脚 失 败 
qstr_{s7}_has_cast_foot_o|{s7} 施 放 了 搞 哥 大 脚。受 影 响 的 {s2} 部 队 受 到 严 重 伤 害 
qstr_Your_attempt_to_cast_er|你 尝 试 施 放 跟 我 上！失 败。
qstr_{s1}s_attempt_to_cast_er|{s1}尝 试 施 放 跟 我 上！失 败。
qstr_{s1}_has_cast_ere_we_|{s1}施 放 了 跟 我 上！受 影 响 的 {s2}部 队 战 斗 能 力 提 高，并 获 得 高 级 无 视 痛 苦。
qstr_An_enemy_goblin_sham|敌 方 地 精 萨 满 在 下 一 次 魔 法 之 风 掷 骰 中 偷 走 了 你 的 法 力
qstr_Your_attempt_to_cast_Sn|你 尝 试 施 放 鬼 祟 痛 击 失 败。
qstr_{s1}s_attempt_to_cast_Sn|{s1}尝 试 施 放 鬼 祟 痛 击 失 败。
qstr_{s1}_has_cast_sneaky_|{s1}施 放 了 鬼 祟 痛 击。受 影 响 的{s2}部 队 增 加 近 战 武 器 穿 刺 伤 害。
qstr_Your_attempt_to_cast_gi|你 尝 试 施 放 蜘 蛛 之 神 的 赠 礼 失 败。
qstr_{s1}s_attempt_to_cast_gi|{s1}尝 试 施 放 蜘 蛛 之 神 的 赠 礼 失 败。
qstr_{s1}_has_cast_gift_of|{s1}施 放 了 蜘 蛛 之 神 的 赠 礼。受 影 响 的 {s2}部 队 获 得 剧 毒 攻 击。
qstr_Your_attempt_to_cast_it|你 尝 试 施 放 瘙 痒 侵 袭 失 败。
qstr_{s1}s_attempt_to_cast_it|{s1}尝 试 施 放 瘙 痒 侵 袭 失 败。
qstr_{s1}_has_cast_itchy_n|{s1}施 放 了 瘙 痒 侵 袭。受 影 响 的{s2}部 队 移 速 减 弱
qstr_Your_attempt_to_cast_Go|你 尝 试 施 放 搞 哥 会 收 拾 它 失 败。
qstr_{s1}s_attempt_to_cast_Go|{s1}尝 试 施 放 搞 哥 会 收 拾 它 失 败。
qstr_{s1}_has_cast_Gork_w|{s1} 已 施 放 搞 哥 会 收 拾 它。附 近 的 {s4} 部 队 特 殊 能 力 被 削 弱，附 近 的 {s5} 地 精 获 得 闪 避。
qstr_{s1}_has_cast_Gork_wi|{s1} 已 施 放 搞 哥 会 收 拾 它。附 近 的 {s4} 部 队 特 殊 能 力 被 削 弱。
qstr_Your_attempt_to_cast_Shr|你 尝 试 施 放 夜 幕 笼 罩 失 败。
qstr_{s1}s_attempt_to_cast_Shr|{s1}尝 试 施 放 夜 幕 笼 罩 失 败。
qstr_{s1}_has_cast_Shroud|{s1} 已 施 放 夜 幕 笼 罩。{s3}的 远 程 精 度 降 低。
qstr_Your_attempt_to_cast_curs|你 尝 试 施 放 恶 月 诅 咒 失 败。
qstr_{s1}s_attempt_to_cast_curse|{s1}尝 试 施 放 恶 月 诅 咒 失 败。
qstr_{s1}s_attempt_to_cast_curse_|{s1}尝 试 施 放 恶 月 诅 咒 失 败。
qstr_{s1}_has_cast_curse_of_d|{s1}施 放 了 恶 月 诅 咒。受 影 响 的{s2}部 队 受 到 伤 害
qstr_Your_attempt_to_cast_wa|你 尝 试 施 放 次 元 跳 跃 失 败。
qstr_{s1}s_attempt_to_cast_wa|{s1}尝 试 施 放 次 元 跳 跃 失 败。
qstr_{s1}_has_cast_warp_j|{s1}施 放 了 次 元 跳 跃。他 们 传 送 到 战 场 的 另 一 个 地 方
qstr_Your_attempt_to_cast_curse|你 尝 试 施 放 大 角 鼠 的 诅 咒 失 败。
qstr_{s1}s_attempt_to_cast_curse_o|{s1}尝 试 施 放 大 角 鼠 的 诅 咒 失 败。
qstr_{s1}_has_cast_curse_of_the_|{s1}施 放 了 大 角 鼠 的 诅 咒。受 影 响 的 {s2}部 队 若 铁 骨 检 定 失 败，将 变 成 斯 卡 文 友 军。
qstr_Your_attempt_to_cast_sk|你 尝 试 施 放 瞬 间 转 移 失 败。
qstr_{s1}s_attempt_to_cast_sk|{s1}尝 试 施 放 瞬 间 转 移 失 败。
qstr_{s1}_has_cast_skitter|{s1}施 放 了 瞬 间 转 移。受 影 响 的{s2}部 队 速 度 提 升
qstr_Your_attempt_to_cast_ho|你 尝 试 施 放 呼 啸 次 元 狂 风 失 败。
qstr_{s1}s_attempt_to_cast_ho|{s1}尝 试 施 放 呼 啸 次 元 狂 风 失 败。
qstr_Your_attempt_to_cast_how|你 尝 试 施 放 呼 啸 次 元 狂 风 失 败。
qstr_{s1}s_attempt_to_cast_how|{s1}尝 试 施 放 呼 啸 次 元 狂 风 失 败。
qstr_{s1}_has_cast_howlin|{s1}施 放 了 呼 啸 次 元 狂 风。{s3}射 击 精 度 和 移 速 减 弱
qstr_Your_attempt_to_cast_de|你 尝 试 施 放 死 亡 狂 暴 失 败。
qstr_{s1}s_attempt_to_cast_de|{s1}尝 试 施 放 死 亡 狂 暴 失 败。
qstr_{s1}_has_cast_death_f|{s1}施 放 了 死 亡 狂 暴。受 影 响 的 {s2}部 队 战 斗 速 度 和 伤 害 提 高。
qstr_Your_attempt_to_cast_sc|你 尝 试 施 放 焦 炎 术 失 败。
qstr_{s1}s_attempt_to_cast_sc|{s1}尝 试 施 放 焦 炎 术 失 败。
qstr_{s1}_has_cast_scorch.|{s1}施 放 了 焦 炎 术。受 影 响 的{s2}部 队 受 到 伤 害
qstr_Your_attempt_to_cast_cr|你 尝 试 施 放 地 裂 术 失 败。
qstr_{s1}s_attempt_to_cast_cr|{s1}尝 试 施 放 地 裂 术 失 败。
qstr_Your_attempt_to_cast_pe|你 尝 试 施 放 瘟 疫 吐 息 失 败。
qstr_{s1}s_attempt_to_cast_pe|{s1}尝 试 施 放 瘟 疫 吐 息 失 败。
qstr_{s1}_has_cast_pestil|{s1}施 放 了 瘟 疫 吐 息。受 影 响 的 {s3}将 受 到 多 次 伤 害。
qstr_Your_attempt_to_cast_Ma|你 尝 试 施 放 精 神 错 乱 失 败。
qstr_{s1}s_attempt_to_cast_Ma|{s1}尝 试 施 放 精 神 错 乱 失 败。
qstr_{s1}_has_cast_Madnes|{s1}施 放 了 精 神 错 乱。{s3}成 为 他 们 的 盟 友
qstr_Your_attempt_to_cast_ble|你 尝 试 施 放 污 秽 赐 福 失 败。
qstr_{s1}s_attempt_to_cast_ble|{s1}尝 试 施 放 污 秽 赐 福 失 败。
qstr_{s1}_has_cast_bless_|{s1}施 放 了 污 秽 赐 福。受 影 响 的 {s2}部 队 获 得 剧 毒 攻 击。
qstr_Your_attempt_to_cast_wit|你 尝 试 施 放 枯 萎 术 失 败。
qstr_{s1}s_attempt_to_cast_wit|{s1}尝 试 施 放 枯 萎 术 失 败。
qstr_{s1}_has_cast_wither|{s1} 已 施 放 枯 萎 术。附 近 的 {s2} 部 队 被 削 弱。
qstr_Your_attempt_to_cast_Ve|你 尝 试 施 放 万 鼠 狂 潮 失 败。
qstr_{s1}s_attempt_to_cast_Ve|{s1}尝 试 施 放 万 鼠 狂 潮 失 败。
qstr_{s1}_has_cast_vermin|{s1}施 放 了 万 鼠 狂 潮。{reg4}氏 族 鼠 被 召 唤 到 你 的{s3}
qstr_Your_attempt_to_cast_cl|你 尝 试 施 放 腐 化 云 雾 失 败。
qstr_{s1}s_attempt_to_cast_cl|{s1}尝 试 施 放 腐 化 云 雾 失 败。
qstr_{s1}_has_cast_cloud_|{s1} 已 经 施 放 了 腐 化 云 雾。受 影 响 的 {s6} 部 队 若 检 定 失 败 则 受 到 伤 害
qstr_Your_attempt_to_cast_pla|你 尝 试 施 放 瘟 疫 失 败。
qstr_{s1}s_attempt_to_cast_pla|{s1}尝 试 施 放 瘟 疫 失 败。
qstr_{s1}_has_cast_plague._|{s1}施 放 了 瘟 疫。受 影 响 的 {s2}部 队 若 体 质 检 定 失 败，将 受 到 伤 害；其 死 亡 时 可 能 再 次 引 发 瘟 疫。
qstr_Your_attempt_to_cast_Se|你 尝 试 施 放 塞 库 比 的 愤 怒 咒 失 败。
qstr_{s1}s_attempt_to_cast_Se|{s1}尝 试 施 放 塞 库 比 的 愤 怒 咒 失 败。
qstr_{s1}_has_cast_Sekhub|{s1}施 放 了 塞 库 比 的 愤 怒 咒。受 影 响 的 {s3}部 队 若 统 御 检 定 失 败，将 受 到 严 重 伤 害。
qstr_Your_attempt_to_cast_Dj|你 尝 试 施 放 迦 德 拉 的 召 唤 咒 失 败。
qstr_{s1}s_attempt_to_cast_Dj|{s1}尝 试 施 放 迦 德 拉 的 召 唤 咒 失 败。
qstr_{s1}_has_resummoned_|{s1} 复 生 了 一 个 {s4}
qstr_{s1}_has_cast_Djedra|{s1}施 放 了 迦 德 拉 的 召 唤 咒
qstr_Your_attempt_to_cast_Kh|你 尝 试 施 放 哈 萨 的 沙 暴 咒 失 败。
qstr_{s1}s_attempt_to_cast_Kh|{s1}尝 试 施 放 哈 萨 的 沙 暴 咒 失 败。
qstr_{s1}_has_cast_Khsars|{s1}施 放 了 哈 萨 的 沙 暴 咒。{s2}部 队 速 度 提 升
qstr_Your_attempt_to_cast_Dja|你 尝 试 施 放 狄 迦 夫 的 妖 刀 咒 失 败。
qstr_{s1}s_attempt_to_cast_Dja|{s1}尝 试 施 放 狄 迦 夫 的 妖 刀 咒 失 败。
qstr_{s1}_has_cast_Djafs_|{s1}施 放 了 狄 迦 夫 的 妖 刀 咒。{s2}部 队 获 得 必 定 强 力 一 击 和 6+致 命 一 击。
qstr_Your_attempt_to_cast_Ner|你 尝 试 施 放 奈 鲁 的 保 护 咒 失 败。
qstr_{s1}s_attempt_to_cast_Ne|{s1}尝 试 施 放 奈 鲁 的 保 护 咒 失 败。
qstr_{s1}_has_cast_Nerus_|{s1}施 放 了 奈 鲁 的 保 护 咒。{s2}部 队 获 得 守 护 豁 免。
qstr_Your_attempt_to_cast_Pt|你 尝 试 施 放 佩 特 拉 的 惩 击 咒 失 败。
qstr_{s1}s_attempt_to_cast_Pt|{s1}尝 试 施 放 佩 特 拉 的 惩 击 咒 失 败。
qstr_{s1}_has_cast_Ptras_|{s1}施 放 了 佩 特 拉 的 惩 击 咒。{s2}弓 箭 手 的 装 填 速 度 和 精 度 提 高。
qstr_Your_attempt_to_cast_Us|你 尝 试 施 放 乌 西 里 安 的 复 仇 咒 失 败。
qstr_{s1}s_attempt_to_cast_Us|{s1}尝 试 施 放 乌 西 里 安 的 复 仇 咒 失 败。
qstr_{s1}_has_cast_Usirian|{s1}施 放 了 乌 西 里 安 的 复 仇 咒。受 影 响 的{s2}部 队 移 速 减 弱
qstr_Your_attempt_to_cast_Use|你 尝 试 施 放 乌 瑟 霍 普 的 干 枯 咒 失 败。
qstr_{s1}s_attempt_to_cast_Use|{s1}尝 试 施 放 乌 瑟 霍 普 的 干 枯 咒 失 败。
qstr_{s1}_has_cast_the_Us|{s1}施 放 了 乌 瑟 霍 普 的 干 枯 咒。附 近{s3}部 队 伤 害 和 韧 性 减 弱
qstr_Your_attempt_to_cast_Sa|你 尝 试 施 放 塞 霍 姆 特 的 骸 骨 风 暴 咒 失 败。
qstr_{s1}s_attempt_to_cast_Sa|{s1}尝 试 施 放 塞 霍 姆 特 的 骸 骨 风 暴 咒 失 败。
qstr_{s1}_has_cast_Sakhmet|{s1}施 放 了 塞 霍 姆 特 的 骸 骨 风 暴 咒。受 影 响 的{s2}部 队 受 到 中 等 到 严 重 伤 害
qstr_Your_attempt_to_cast_haw|你 尝 试 施 放 米 莎 神 鹰 失 败。
qstr_{s1}s_attempt_to_cast_haw|{s1}尝 试 施 放 米 莎 神 鹰 失 败。
qstr_{s1}_has_cast_hawks_|{s1}施 放 了 米 莎 神 鹰。附 近{s3}部 队 失 去 士 气
qstr_Your_attempt_to_cast_fr|你 尝 试 施 放 冰 封 术 失 败。
qstr_{s1}s_attempt_to_cast_fr|{s1}尝 试 施 放 冰 封 术 失 败。
qstr_{s1}_has_cast_freezin|{s1}施 放 了 冰 封 术。受 影 响 的{s2}部 队 移 速 降 低 且 受 到 轻 微 伤 害。
qstr_Your_attempt_to_cast_su|你 尝 试 施 放 召 唤 冰 霜 熊 失 败。
qstr_{s1}s_attempt_to_cast_su|{s1}尝 试 施 放 召 唤 冰 霜 熊 失 败。
qstr_Your_attempt_to_cast_sum|你 尝 试 施 放 召 唤 冰 霜 熊 
qstr_{s1}s_attempt_to_cast_sum|{s1} 尝 试 施 放 召 唤 冰 霜 熊 
qstr_{s1}_has_cast_summon|{s1}施 放 了 召 唤 冰 霜 熊。一 只 冰 霜 熊 被 召 唤 到 你 的{s3}
qstr_Your_attempt_to_cast_inv|你 尝 试 施 放 暴 风 雪 的 召 唤 失 败。
qstr_{s1}s_attempt_to_cast_inv|{s1}尝 试 施 放 暴 风 雪 的 召 唤 失 败。
qstr_{s1}_has_cast_invoca|{s1}施 放 了 暴 风 雪 的 召 唤。{s3}远 程 精 度 和 装 填 速 度 减 弱
qstr_Your_attempt_to_cast_mi|你 尝 试 施 放 隆 冬 之 吻 失 败。
qstr_{s1}s_attempt_to_cast_mi|{s1}尝 试 施 放 隆 冬 之 吻 失 败。
qstr_{s1}_has_cast_midwin|{s1}施 放 了 隆 冬 之 吻。受 影 响 的{s2}部 队 受 到 伤 害。
qstr_Your_attempt_to_cast_fro|你 尝 试 施 放 冰 冻 皮 肤 失 败。
qstr_{s1}s_attempt_to_cast_fro|{s1}尝 试 施 放 冰 冻 皮 肤 失 败。
qstr_{s1}_has_cast_frozen|{s1}施 放 了 冰 冻 皮 肤。{s1}获 得 大 师 级 无 视 痛 苦 和 5+魔 法 抗 性。
qstr_{s1}_has_cast_frozen_|{s1} 已 经 施 放 了 冰 冻 皮 肤。{s1} 获 得 高 级 忽 略 痛 苦 和 6+魔 法 抗 性
qstr_{s1}_has_cast_frozen_s|{s1} 已 经 施 放 了 冰 冻 皮 肤。{s1} 获 得 忽 略 痛 苦 和 6+魔 法 抗 性
qstr_Your_attempt_to_cast_ir|你 尝 试 施 放 钢 铁 皮 肤 失 败。
qstr_{s1}s_attempt_to_cast_ir|{s1}尝 试 施 放 钢 铁 皮 肤 失 败。
qstr_{s1}_has_cast_iron_s|{s1}施 放 了 钢 铁 皮 肤。{s1}获 得 伤 害 抗 性
qstr_Your_attempt_to_cast_shi|你 尝 试 施 放 寒 霜 之 盾 失 败。
qstr_{s1}s_attempt_to_cast_shi|{s1}尝 试 施 放 寒 霜 之 盾 失 败。
qstr_{s1}_has_cast_shield_o|{s1}施 放 了 寒 霜 之 盾。{s2}部 队 获 得 守 护 豁 免。
qstr_Your_attempt_to_cast_Q|你 尝 试 施 放 流 沙 池 失 败。
qstr_{s1}s_attempt_to_cast_Q|{s1}尝 试 施 放 流 沙 池 失 败。
qstr_{s1}_has_cast_Quicks|{s1}施 放 了 流 沙 池。如 果 敏 捷 检 定 失 败，{s2}部 队 死 亡
qstr_Your_attempt_to_cast_the_H|你 尝 试 施 放 圣 盾 失 败。
qstr_{s1}s_attempt_to_cast_the_H|{s1}尝 试 施 放 圣 盾 失 败。
qstr_{s1}_has_summoned_a_H|{s1} 召 唤 了 一 面 圣 盾，并 且 完 全 恢 复 生 命。
qstr_Your_attempt_to_cast_curse_|你 尝 试 施 放 灯 神 的 诅 咒 失 败。
qstr_{s1}s_attempt_to_cast_curse_of|{s1}尝 试 施 放 灯 神 的 诅 咒 失 败。
qstr_{s1}_has_cast_curse_of_the_g|{s1}施 放 了 灯 神 的 诅 咒。受 影 响 的 {s2}部 队 有 50%几 率 受 到 额 外 伤 害。
qstr_Your_attempt_to_cast_da|你 尝 试 施 放 舞 动 弯 刀 失 败。
qstr_{s1}s_attempt_to_cast_da|{s1}尝 试 施 放 舞 动 弯 刀 失 败。
qstr_{s1}_has_cast_dancin|{s1}施 放 了 舞 动 弯 刀。附 近{s2}部 队 的 战 斗 能 力 增 强 且 获 得 强 化 闪 避。
qstr_Your_attempt_to_cast_sun|你 尝 试 施 放 烈 日 打 击 失 败。
qstr_{s1}s_attempt_to_cast_sun|{s1}尝 试 施 放 烈 日 打 击 失 败。
qstr_{s1}_has_cast_sun_st|{s1}施 放 了 烈 日 打 击。受 影 响 的{s2}部 队 受 到 伤 害
qstr_Your_attempt_to_cast_hol|你 尝 试 施 放 神 圣 之 怒 失 败。
qstr_{s1}s_attempt_to_cast_hol|{s1}尝 试 施 放 神 圣 之 怒 失 败。
qstr_{s1}_has_cast_holy_wr|{s1}施 放 了 神 圣 之 怒。受 影 响 的{s2}部 队 伤 害 提 高
qstr_Your_attempt_to_cast_shie|你 尝 试 施 放 信 仰 之 盾 失 败。
qstr_{s1}s_attempt_to_cast_shie|{s1}尝 试 施 放 信 仰 之 盾 失 败。
qstr_{s1}_has_cast_shield_of|{s1}施 放 了 信 仰 之 盾。受 影 响 的{s2}部 队 获 得 魔 法 保 护
qstr_Your_attempt_to_cast_di|你 尝 试 施 放 神 圣 疗 愈 失 败。
qstr_{s1}s_attempt_to_cast_di|{s1}尝 试 施 放 神 圣 疗 愈 失 败。
qstr_{s1}_has_cast_divine_|{s1}施 放 了 神 圣 疗 愈。受 影 响 的{s2}部 队 获 得 生 命 回 复
qstr_Your_attempt_to_cast_Fe|你 尝 试 施 放 狂 热 征 服 失 败。
qstr_{s1}s_attempt_to_cast_Fe|{s1}尝 试 施 放 狂 热 征 服 失 败。
qstr_{s1}_has_cast_Fervid|{s1} 已 经 施 放 了 狂 热 征 服。所 有 {s2} 野 兽 人 部 队 窃 取 附 近 敌 人 的 强 力 打 击
qstr_Your_attempt_to_cast_the_o|你 尝 试 施 放 公 牛 屹 立 失 败。
qstr_{s1}s_attempt_to_cast_the_o|{s1}尝 试 施 放 公 牛 屹 立 失 败。
qstr_{s1}_has_cast_The_Ox|{s1}施 放 了 公 牛 屹 立。所 有{s2}的 勇 气 增 强，逃 跑 的 部 队 重 新 集 结。法 术 持 续 期 间，将 抵 消 一 次 原 本 会 使 野 兽 人 生 命 降 至 0的 攻 击。
qstr_Your_attempt_to_cast_be|你 尝 试 施 放 兽 性 涌 动 失 败。
qstr_{s1}s_attempt_to_cast_be|{s1}尝 试 施 放 兽 性 涌 动 失 败。
qstr_{s1}_has_cast_bestial|{s1} 施 放 了 兽 性 涌 动。受 影 响 的 {s2} 部 队 速 度 提 升 
qstr_Your_attempt_to_cast_dev|你 尝 试 施 放 退 化 术 失 败。
qstr_{s1}s_attempt_to_cast_dev|{s1}尝 试 施 放 退 化 术 失 败。
qstr_{s1}_has_cast_devolv|{s1}施 放 了 退 化 术。附 近 的 {s3}部 队 若 统 御 检 定 失 败，将 受 到 伤 害。
qstr_Your_attempt_to_cast_bra|你 尝 试 施 放 兽 吼 失 败。
qstr_{s1}s_attempt_to_cast_bra|{s1}尝 试 施 放 兽 吼 失 败。
qstr_{s1}_has_cast_bray_s|{s1}施 放 了 兽 吼。受 影 响 的{s3}部 队 受 到 伤 害。
qstr_Your_attempt_to_cast_tra|你 尝 试 施 放 叛 族 咒 失 败。
qstr_{s1}s_attempt_to_cast_tra|{s1}尝 试 施 放 叛 族 咒 失 败。
qstr_{s1}_has_cast_traito|{s1}施 放 了 叛 族 咒。附 近 的 {s3}部 队 若 骑 术 检 定 失 败，将 被 迫 下 马。
qstr_Your_attempt_to_cast_ma|你 尝 试 施 放 戈 洛 克 披 风 失 败。
qstr_{s1}s_attempt_to_cast_ma|{s1}尝 试 施 放 戈 洛 克 披 风 失 败。
qstr_{s1}_has_cast_mantle|{s1}施 放 了 戈 洛 克 披 风。{s1}限 时 伤 害 提 高
qstr_Your_attempt_to_cast_Sav|你 尝 试 施 放 野 性 支 配 失 败。
qstr_{s1}s_attempt_to_cast_Sav|{s1}尝 试 施 放 野 性 支 配 失 败。
qstr_{s1}_has_cast_Savage|{s1}施 放 了 野 性 支 配。一 只 毁 灭 公 牛 被 召 唤 到{s3}。
qstr_{s1}_has_blessed_his|{s1} 用 战 吼 祝 福 了 他 的 盟 友。附 近 {s3} 部 队 速 度 提 高 
qstr_{s1}_has_uttered_the|{s1} 发 出 毁 灭 诅 咒。附 近 {s3} 部 队 受 到 轻 微 伤 害。
qstr_{s1}_has_blessed_his_|{s1} 用 冬 天 的 寒 冷 诅 咒 了 他 的 敌 人。附 近 {s3} 部 队 战 斗 能 力 下 降 
qstr_Piercing_bolts_of_bu|燃 烧 穿 透 弩 矢 效 果 已 经 结 束。
qstr_Transformation_of_Ka|卡 顿 变 形 术 效 果 已 经 结 束。
qstr_Shimmering_Cloak_eff|闪 耀 斗 篷 效 果 已 经 结 束。
qstr_Shield_of_Fire_effec|火 之 盾 效 果 已 经 结 束。
qstr_Cloak_of_Dain_effect|纪 伦 斗 篷 效 果 已 经 结 束。
qstr_The_Vengeful_Hood_ef|召 唤 野 熊 效 果 已 经 结 束。
qstr_Traitor_of_Tarn_effe|塔 恩 的 叛 徒 效 果 已 经 结 束。
qstr_Madness_effect_ended|精 神 错 乱 效 果 已 经 结 束。
qstr_Radiance_of_Potolos_|普 特 罗 斯 之 辉 效 果 已 经 结 束。
qstr_Mace_of_Years_effect|时 光 之 锤 效 果 已 经 结 束。
qstr_The_Purple_Scythe_ef|紫 晶 镰 刀 效 果 已 经 结 束。
qstr_The_Scarlet_Scimitar|绯 红 弯 刀 效 果 已 经 结 束。
qstr_Frostblade_effect_en|霜 刃 效 果 已 经 结 束。
qstr_The_cerulean_Shield_|天 青 之 盾 效 果 已 经 结 束。
qstr_The_Holy_Shield_effe|圣 盾 效 果 已 经 结 束。
qstr_Phas_protection_effe|菲 的 庇 护 之 光 效 果 已 经 结 束。
qstr_Shroud_effect_ended.|夜 幕 笼 罩 效 果 已 经 结 束。
qstr_Tempest_effect_ended|法 力 风 暴 效 果 已 经 结 束。
qstr_Chillwind_effect_end|彻 骨 寒 风 效 果 已 经 结 束。
qstr_Invocation_of_the_ic|暴 风 雪 的 召 唤 效 果 已 经 结 束。
qstr_Howling_warpgale_eff|呼 啸 次 元 狂 风 效 果 已 经 结 束。
qstr_Djafs_Incantation_of|狄 迦 夫 的 妖 刀 咒 效 果 已 经 结 束。
qstr_Speed_of_light_effec|光 速 效 果 已 经 结 束。
qstr_Glory_effect_ended.|光 速 效 果 已 经 结 束。
qstr_Dancing_Scimitar_eff|舞 动 弯 刀 效 果 已 经 结 束。
qstr_Ere_we_go_effect_end|跟 我 上！效 果 已 经 结 束。
qstr_Fists_of_Gork_effect|搞 哥 老 拳 效 果 已 经 结 束。
qstr_Acquiescence_effect_|顺 从 术 效 果 已 经 结 束。
qstr_Miasma_of_Pestilence|瘟 疫 瘴 气 效 果 已 经 结 束。
qstr_Hysterical_frenzy_ef|癫 狂 狂 热 效 果 已 经 结 束。
qstr_Bondage_of_Slaanesh_|色 孽 的 束 缚 效 果 已 经 结 束。
qstr_Death_frenzy_effect_|死 亡 狂 暴 效 果 已 经 结 束。
qstr_Curse_of_the_genie_e|灯 神 的 诅 咒 效 果 已 经 结 束。
qstr_Sneaky_stabbin_effec|鬼 祟 痛 击 效 果 已 经 结 束。
qstr_Hand_of_Gork_effect_|搞 哥 大 手 效 果 已 经 结 束。
qstr_Skitterleap_effect_e|瞬 间 转 移 效 果 已 经 结 束。
qstr_Vansels_Danse_Macabr|范 赫 死 亡 之 舞 效 果 已 经 结 束。
qstr_Battle_Howl_effect_e|战 斗 嚎 叫 效 果 已 经 结 束。
qstr_Bestial_surge_ended.|兽 性 涌 动 效 果 结 束。
qstr_Usirians_Incantation|乌 西 里 安 的 复 仇 咒 效 果 已 经 结 束。
qstr_Freezing_blast_effec|冰 封 术 效 果 已 经 结 束。
qstr_Freeze_effect_ended.|冻 结 效 果 已 经 结 束。
qstr_Curse_of_the_leper_e|麻 风 病 的 诅 咒 效 果 已 经 结 束。
qstr_ice_staff_detected|发 现 冰 杖 
qstr_The_power_of_winter_|冬 天 的 力 量 能 让 你 在 整 个 战 斗 中 保 持 冰 冻 的 皮 肤 
qstr_Frozen_skin_effect_e|冰 冻 皮 肤 效 果 已 经 结 束。
qstr_Iron_skin_effect_end|钢 铁 皮 肤 效 果 已 经 结 束。
qstr_Ethereal_effect_ende|灵 体 效 果 已 经 结 束。
qstr_Stench_of_Nurgle_eff|纳 垢 恶 臭 效 果 已 经 结 束。
qstr_Boon_of_Tzeentch_eff|法 力 风 暴 效 果 已 经 结 束。
qstr_Treason_of_tzeentch_|奸 奇 的 背 叛 效 果 已 经 结 束。
qstr_Sulekhim_hand_of_dus|{s6}身 上 的 尘 埃 之 手 效 果 已 经 结 束。
qstr_Sulekhim_hand_of_dust|{s6}身 上 的 尘 埃 之 手 效 果 仍 在 持 续。
qstr_The_Ox_Stands_effect|公 牛 屹 立 效 果 已 经 结 束。
qstr_fervid_Subjugation_e|狂 热 征 服 效 果 已 经 结 束。
qstr_Mantle_of_Ghorok_eff|{s6}身 上 的 戈 洛 克 披 风 效 果 已 经 结 束。
qstr_Fulminating_Flame_Ca|火 焰 牢 笼 效 果 已 经 结 束。
qstr_Net_of_Amyntok_effec|阿 明 托 克 之 网 效 果 已 经 结 束。
qstr_Curse_of_Anraheir_ef|安 拉 海 尔 的 诅 咒 效 果 已 经 结 束。
qstr_Pann_s_impenetrable_|潘 恩 的 坚 韧 毛 皮 效 果 已 经 结 束。
qstr_Shield_of_cold_effec|寒 霜 之 盾 效 果 已 经 结 束。
qstr_Nerus_Incantation_of|奈 鲁 的 保 护 咒 效 果 已 经 结 束。
qstr_Wings_of_Falcon_effe|猎 鹰 之 翼 效 果 已 经 结 束。
qstr_Fleet_of_Foot_effect|疾 步 术 效 果 已 经 结 束。
qstr_Bironas_timewarp_eff|拜 若 纳 的 时 间 扭 曲 效 果 已 经 结 束。
qstr_Fate_of_Bjuna_effect|贝 加 纳 的 命 运 效 果 已 经 结 束。
qstr_Khsars_Incantion_of_|哈 萨 的 沙 暴 咒 效 果 已 经 结 束。
qstr_Winter_s_Chill_effec|冬 日 寒 意 效 果 已 经 结 束。
qstr_Transmutation_of_lea|铅 之 炼 金 术 效 果 已 经 结 束。
qstr_Glittering_robe_effe|闪 耀 长 袍 效 果 已 经 结 束。
qstr_Cascading_fire_cloak|流 火 披 风 效 果 已 经 结 束。
qstr_Shield_of_faith_effe|信 仰 之 盾 效 果 已 经 结 束。
qstr_Wyssans_wildform_eff|维 杉 的 狂 野 形 态 效 果 已 经 结 束。
qstr_Holy_wrath_effect_en|神 圣 之 怒 效 果 已 经 结 束。
qstr_Savage_beast_of_horr|赫 罗 斯 狂 兽 效 果 已 经 结 束。
qstr_Power_of_darkness_ef|黑 暗 之 力 效 果 已 经 结 束。
qstr_Blades_of_Aiban_effe|艾 班 之 刃 附 魔 效 果 已 经 结 束。
qstr_Word_of_pain_effect_|痛 苦 之 言 效 果 已 经 结 束。
qstr_Flesh_to_stone_effec|石 化 之 躯 效 果 已 经 结 束。
qstr_Shield_of_thorns_eff|荆 棘 护 盾 效 果 已 经 结 束。
qstr_Iceshard_blizzard_ef|冰 片 暴 风 雪 效 果 已 经 结 束。
qstr_Itchy_nuisance_effec|瘙 痒 侵 袭 效 果 已 经 结 束。
qstr_Harmonic_convergence|和 音 汇 集 效 果 已 经 结 束。
qstr_Hellish_Vigour_effec|地 狱 活 力 效 果 已 经 结 束。
qstr_Transfix_effect_ende|定 身 术 效 果 已 经 结 束。
qstr_Curse_of_the_midnigh|夜 风 诅 咒 效 果 已 经 结 束。
qstr_Gork_will_fix_it_eff|搞 哥 会 收 拾 它 效 果 已 经 结 束。
qstr_Phantasmogoria_effec|幻 象 狂 景 效 果 已 经 结 束。
qstr_Melkoths_mystifying_|梅 尔 克 斯 的 迷 魂 毒 瘴 效 果 已 经 结 束。
qstr_Hand_of_glory_effect|荣 耀 之 手 效 果 已 经 结 束。
qstr_Walk_between_worlds_|界 间 行 走 效 果 已 经 结 束。
qstr_The_enfeebling_foe_e|虚 弱 术 效 果 已 经 结 束。
qstr_Flaming_sword_of_Rhu|鲁 因 火 焰 剑 效 果 已 经 结 束。
qstr_Swords_of_Doom_effec|末 日 之 剑 效 果 已 经 结 束。
qstr_The_withering_effect|凋 零 术 效 果 已 经 结 束。
qstr_Wither_effect_ended.|枯 萎 术 效 果 已 经 结 束。
qstr_Usekhps_Incantation_|乌 瑟 霍 普 的 干 枯 咒 效 果 已 经 结 束。
qstr_Okkams_mindrazor_eff|奥 卡 姆 的 心 灵 剃 刀 效 果 已 经 结 束。
qstr_Ptras_Incantation_of|佩 特 拉 的 惩 击 咒 效 果 已 经 结 束。
qstr_Aspect_of_the_dreadk|恐 惧 骑 士 化 身 效 果 已 经 结 束。
qstr_Death_s_Door_effect_|死 亡 之 门 效 果 已 经 结 束。
qstr_Apotheosis_effect_en|神 化 术 效 果 已 经 结 束。
qstr_Soulblight_effect_en|灵 魂 枯 萎 效 果 已 经 结 束。
qstr_Positive_drunk_effec|正 面 醉 酒 效 果：强 击 +1。
qstr_Positive_drunk_effect|正 面 醉 酒 效 果：强 击 +1、铁 骨 +1。
qstr_Positive_drunk_effect:|正 面 醉 酒 效 果：强 击 +2、铁 骨 +1。
qstr_Positive_drunk_effect:_|正 面 醉 酒 效 果：强 击 +2、铁 骨 +2。
qstr_Positive_drunk_effect:_+|正 面 醉 酒 效 果：强 击 +2、铁 骨 +2、力 量 +2。
qstr_Positive_drunk_effect:_+2|正 面 醉 酒 效 果：强 击 +2、铁 骨 +2，并 激 活 无 视 痛 苦。
qstr_Negative_drunk_effec|负 面 醉 酒 效 果：-3敏 捷 {reg3}跑 动 {reg6}武 器 掌 握 
qstr_Negative_drunk_effect|负 面 醉 酒 效 果：-2敏 捷 {reg3}跑 动 {reg6}武 器 掌 握 
qstr_Negative_drunk_effect:|负 面 醉 酒 效 果：-2敏 捷 {reg3}跑 动 
qstr_Negative_drunk_effect:_|负 面 醉 酒 效 果：-1敏 捷 {reg3}跑 动 
qstr_Drunken_Master_Mode.|醉 酒 大 师 模 式 
qstr_Drunk_effect:_You_ar|醉 酒 效 果：你 失 去 自 理 能 力 
qstr_Drunk_effect:_You_are|醉 酒 效 果：你 摇 晃 得 很 厉 害。大 大 降 低 速 度 和 伤 害，生 命 损 失。
qstr_Drunk_effect:_You_are_|醉 酒 效 果：你 在 摇 晃。降 低 速 度、伤 害 和 生 命 损 失。
qstr_Drunk_effect:_You_are_s|醉 酒 效 果：你 有 点 摇 晃。轻 微 降 低 速 度 和 伤 害。
qstr_Drunk_Effect:_You_dr|醉 酒 效 果：你 扔 掉 了 你 的 武 器。
qstr_Drunk_Effect:_Your_d|醉 酒 效 果：你 醉 酒 的 状 态 让 你 周 围 的 战 友 怀 疑 你 的 能 力。他 们 失 去 了 勇 气。
qstr_Drunk_Effect:_Your_f|醉 酒 效 果：在 你 目 前 的 状 态 下，你 的 健 康 衰 弱。稍 微 降 低 了 速 度。
qstr_Drunk_Effect:_Your_dr|醉 酒 效 果：你 醉 酒 的 勇 气 和 决 心 激 励 着 你 的 部 队。他 们 获 得 了 勇 气。
qstr_Drunk_Effect:_You_fe|醉 酒 效 果：你 会 感 觉 到 一 股 能 量 的 迸 发，这 会 提 高 你 的 速 度。
qstr_Drunk_Effect:_Your_h|醉 酒 效 果：你 的 头 脑 瞬 间 清 醒，允 许 你 全 力 以 赴 使 用 远 程 武 器。
qstr_Drunk_Effect:_You_ge|醉 酒 效 果：你 获 得 了 新 的 力 量 和 决 心。你 把 你 的 一 些 伤 撇 开。
qstr_Drunk_Effect:_You_get|醉 酒 效 果：你 获 得 了 新 的 力 量 和 决 心。你 觉 得 自 己 恢 复 了 活 力。
qstr_Drunk_Effect:_You_fee|醉 酒 效 果：你 会 感 觉 到 一 股 能 量 和 力 量 的 爆 发，这 会 增 加 你 的 速 度 和 伤 害。
qstr_Drunken_Master_Mode:|醉 酒 大 师 模 式：提 高 速 度 和 伤 害，在 接 下 来 的 战 斗 中 充 分 使 用 远 程 武 器。
qstr_No_Drunk_Effect.|无 醉 酒 效 果 
qstr_Prisoner_Agrees_Chec|俘 虏 同 意 检 查：掷 出 {reg1}，可 能 值 为 {reg2} - {reg3}。
qstr_skybox_night_1|skybox night 1
qstr_black_solid|black solid
qstr_{s19}_Room_{reg27}|{s19} 空 间 {reg27}
qstr_rogue|盗 贼。
qstr_wild|野 生。
qstr_You_hear_the_sounds_|你 听 到 房 间 里 有 {s15}{s16} 的 声 音！
qstr_You_have_drawn_too_m|你 们 将 注 意 力 过 多 地 集 中 在 自 己 身 上 了，敌 人 的 增 援 部 队 到 了 
qstr_{s4}_swaps_{reg5}_of|{s4} 用 {s6} 的 {reg5}交 换 {s7}
qstr_Troops_sorted_by_lev|部 队 按 等 级 排 序 
qstr_str_manifest_daemons|力 量 显 现 恶 魔。
qstr_The_daemonic_manifes|恶 魔 显 现 吓 到 了 你 的 坐 骑！
qstr_{s0}^{s1}__$__{reg3}|{s0}^{s1}    {reg3}
qstr_{s0}^{s1}__E__{reg3}|{s0}^{s1}（敌）{reg3}
qstr_{s0}^{s1}_____{reg3}|{s0}^{s1}     {reg3}
qstr_{s0}^{s24}|{s0}^{s24}。
qstr_{s0}{reg3}__{s2}_|{s0}{reg3}({s2})。
qstr_{s5}__surplus_{reg15|{s5}(盈 余 {reg15})正 在 派 遣 {reg17}部 队 到 {s6}(赤 字 {reg16})。
qstr_^Your_kind_are_very_|^你 的 同 类 与 这 位 领 主 非 常 不 同。
qstr_^Your_kind_are_far_t|^你 的 同 类 与 这 位 领 主 过 于 不 同（无 法 克 服）。
qstr_^Not_enough_time_has|^自 从 你 上 次 询 问 这 位 领 主 以 来，时 间 还 不 够，请 等 待 更 久。
qstr_^You_do_not_have_a_g|^你 与 这 位 领 主 的 关 系 不 够 好。
qstr_^Your_repuation_is_i|^你 的 荣 誉 不 足 或 与 这 位 领 主 不 符。
qstr_^You_are_not_persuas|^你 的 说 服 力 还 不 够 {reg33?:}。
qstr_^You_are_not_renowne|^你 不 够 著 名。
qstr_^You_do_not_have_eno|^你 没 有 足 够 的 统 治 权。
qstr_^Your_upbringing_was|^你 的 成 长 背 景 过 于 不 同（无 法 克 服）。
qstr_^You_lack_an_extra_w|^你 缺 少 一 个 额 外 的 围 墙 中 心 来 给 予 他 们（无 法 克 服）。
qstr_{s11}{s12}{s13}{s14}|{s11}{s12}{s13}{s14}{s15}{s16}{s17}{s18}{s19}。
qstr_Lord_has_potential_f|领 主 有 招 募 潜 力。
qstr_{s35}_is_guarding_{s|{s35} 正 在 守 卫 {s36}。
qstr_Your_faction/culture|介 于 你 的 派 系 文 化 此 次 招 募 价 格 提 高 至：{reg5}金 币
qstr_Your_moral_choices_i|你 的 道 德 选 择 将 价 格 提 高 到 {reg5}。
qstr_Your_shared_species_|你 共 享 的 物 种 将 价 格 降 低 到 {reg5}。
qstr_{s55}_s_presence_in_|{s55} 在 你 队 伍 中 的 存 在 将 价 格 提 高 到 {reg5}。
qstr_{s55}_s_presence_in_y|{s55} 在 你 队 伍 中 的 存 在 将 价 格 降 低 到 {reg5}。
qstr_Changed_to_minimum_o|更 改 为 最 小 值 {reg5}。
qstr_Original_cost_was_{r|初 始 价 格 为 {reg4}，因 种 族 调 整 至 {reg3}
qstr_{reg36}_rating_added|从“对 玩 家 伤 害”选 项 添 加 了 {reg36}评 分。
qstr_{reg38}_rating_added|从“战 斗 AI”选 项 添 加 了 {reg38}评 分。
qstr_Skink|灵 蜥
qstr_Got_item:_{s18}.^It_|获 得 物 品：{s18}。^由 于 库 存 空 间 不 足，它 被 发 送 到 宫 廷 存 储。通 过 宫 廷 总 管 访 问 它。
qstr_Got_item:_{s18}.^It_w|获 得 物 品：{s18}。^由 于 物 品 栏 空 间 不 足，已 自 动 装 备 {reg33?:}。
qstr_Got_item:_{s18}.^It_r|获 得 物 品：{s18}。^由 于 库 存 空 间 不 足，它 替 换 了 {s19}。被 替 换 的 物 品 已 发 送 到 宫 廷 存 储，当 你 获 得 封 地 时 通 过 宫 廷 总 管 访 问 它。
qstr_Got_item:_{s18}.^It_wa|获 得 物 品：{s18}。^由 于 库 存 空 间 不 足，它 被 发 送 到 宫 廷 存 储。当 你 获 得 封 地 时 通 过 宫 廷 总 管 访 问 它。
qstr_The_troll_s_enraged_|巨 魔 的 愤 怒 咆 哮 吓 到 了 你 的 坐 骑！
qstr_Squig_bounce_damage_|史 奎 格 弹 跳 伤 害 是 {reg59}！
qstr_Your_looted_items_th|你 存 储 在 {s28} 的 战 利 品 已 被 {s30} 解 放。
qstr_Items_in_the_chest_a|在 {s28} 的 箱 子 中 的 物 品 已 被 {s30} 掠 夺 并 发 送 到 {s29}。
qstr_Items_in_the_enterpr|在 {s28} 的 企 业 中 的 物 品 已 被 {s30} 掠 夺 并 发 送 到 {s29}。
qstr_After_the_loss_of_yo|在 你 失 去 最 后 一 个 封 地 后，所 有 家 庭 物 品 已 被 {s30} 掠 夺 并 发 送 到 {s29}。
qstr_leftovers_{reg44}|剩 余 物 {reg44}。
qstr_{s44}_healed_with_po|{s44} 用 药 水 剩 余 物 治 愈。
qstr_{s44}_healed_with_pot|{s44} 用 药 水 剩 余 物 治 愈。
qstr_Duplicate_magic_symb|重 复 的 魔 法 符 号 已 移 除。
qstr_Duplicate_magic_scro|重 复 的 魔 法 卷 轴 已 移 除。
qstr_Combined_Armour_Weig|当 前 盔 甲 总 重 量 为：{reg1}
qstr_You_need_an_empty_we|你 必 须 将 武 器 栏 留 一 个 空 位 才 能 使 用 魔 法
qstr_Wizards|巫 师
qstr_Mages|法 师
qstr_Sorcerors|术 士
qstr_Liche_Priests|亡 灵 祭 司
qstr_Shamans|萨 满
qstr_Priests|祭 司
qstr_Viziers|维 齐 尔
qstr_Sorceresses|女 术 士
qstr_Warlocks|邪 术 师
qstr_Ice_Witches|冰 女 巫
qstr_Shugenjas|修 验 者
qstr_Necromancers|死 灵 法 师
qstr_Sorcerers|巫 师
qstr_{s18}_cannot_be_kept|{s18} 不 能 保 存 在 你 的 法 术 书 中。
qstr_{s11}_raises_{s10}_t|{s11}  将  {s10}  提 升 至  {reg10}
qstr_{s11}_s_{s10}_is_at_|{s11} 的 {s10} 已 达 属 性 上 限
qstr_{s11}_s_{s10}_skill_|{s11} 的 {s10} 已 达 技 能 上 限
qstr_Attribute_is_{s8}.^_|属 性 是 {s8}。^技 能 1是 {s9}。^技 能 2是 {s10}。^技 能 3是 {s11}。^技 能 4是 {s12}。^^当 有 可 用 点 数 时，我 会 升 级 这 些。
qstr_bark_c|bark c
qstr_bark_c_snowy|bark c snowy
qstr_planks_2|planks 2
qstr_planks_snowy|planks snowy
qstr_planks_3|planks 3
qstr_planks_3_snowy|planks 3 snowy
qstr_planks|planks
qstr_stone_wall_5|stone wall 5
qstr_stone_wall_5_snowy|stone wall 5 snowy
qstr_stone_wall_8|stone wall 8
qstr_stone_wall_8_snowy|stone wall 8 snowy
qstr_stone_wall_8b|stone wall 8b
qstr_stone_wall_9|stone wall 9
qstr_stone_wall_9_snowy|stone wall 9 snowy
qstr_stucco_6|stucco 6
qstr_stucco_snowy|stucco snowy
qstr_trunks|trunks
qstr_trunks_snowy|trunks snowy
qstr_wall3|wall3
qstr_wall_snowy|wall snowy
qstr_roof_2|roof 2
qstr_roof_2_snowy|roof 2 snowy
qstr_roof_a|roof a
qstr_roof_a_snowy|roof a snowy
qstr_ground_path|ground path
qstr_ground_path_snowy|ground path snowy
qstr_ground_steppe|ground steppe
qstr_grassy_ground|grassy ground
qstr_patch_rock|patch rock
qstr_patch_rock_snowy|patch rock snowy
qstr_cliff_tld|cliff tld
qstr_cliff_tld_snowy|cliff tld snowy
qstr_roof|roof
qstr_roof_1|roof 1
qstr_planks_1|planks 1
qstr_planks_4|planks 4
qstr_planks_4_snowy|planks 4 snowy
qstr_planks_5|planks 5
qstr_planks_5_snowy|planks 5 snowy
qstr_planks_6|planks 6
qstr_building_details_5|building details 5
qstr_building_details_5_s|building details 5 snowy
qstr_building_details_7|building details 7
qstr_building_details_7_s|building details 7 snowy
qstr_bark_c_backup|bark c backup
qstr_planks_2_backup|planks 2 backup
qstr_planks_3_backup|planks 3 backup
qstr_planks_backup|planks backup
qstr_stone_wall_5_backup|stone wall 5 backup
qstr_stone_wall_8_backup|stone wall 8 backup
qstr_stone_wall_9_backup|stone wall 9 backup
qstr_stucco_6_backup|stucco 6 backup
qstr_trunks_backup|trunks backup
qstr_wall3_backup|wall3 backup
qstr_roof_2_backup|roof 2 backup
qstr_roof_a_backup|roof a backup
qstr_ground_path_backup|ground path backup
qstr_ground_steppe_backup|ground steppe backup
qstr_grassy_ground_backup|grassy ground backup
qstr_patch_rock_backup|patch rock backup
qstr_cliff_tld_backup|cliff tld backup
qstr_roof_backup|roof backup
qstr_roof_1_backup|roof 1 backup
qstr_planks_4_backup|planks 4 backup
qstr_planks_5_backup|planks 5 backup
qstr_planks_6_backup|planks 6 backup
qstr_building_details_5_b|building details 5 backup
qstr_building_details_7_b|building details 7 backup
qstr_DEBUG__GPU_:_Label__|DEBUG(GPU):Label'{s31}'storedinslot{reg32},value{reg31}.
qstr___{reg1}_{reg2}__|({reg1},{reg2})。
qstr_Hold|稳 住 
qstr_{s1}_x{reg0}|{s1}x{reg0}。
qstr_Hold_Fire|停 火 
qstr_Fire_at_Will|自 由 射 击 
qstr_Use_Shield|举 盾 
qstr_Back_10_Paces|后 退 10步 
qstr_One_Handed_Weapons|单 手 武 器 
qstr_Two_Handed_Weapons|双 手 武 器 
qstr_{s2}^{s1}|{s2}^{s1}。
qstr_No_Position_Orders|无 移 动 指 令 
qstr_No_Weapons_Orders|无 武 器 命 令 
qstr_ready_bows_and_missi|射 手，准 备！
qstr_ready_side_arms|准 备 随 身 武 器 
qstr_ready_two_handers|准 备 双 手 武 器 
qstr_ready_polearms|准 备 长 柄 武 器 
qstr_brandish_shields|举 起 盾 牌 
qstr_doff_your_shields|丢 掉 盾 牌 
qstr_shields_at_will|自 由 使 用 盾 牌 
qstr_avoid_melee|回 避 近 战 
qstr_stand_and_fight|坚 守 阵 地 
qstr_prepare_to_volley|准 备 齐 射 
qstr_end_volley|结 束 齐 射 
qstr_brace_for_charge|冲 锋 准 备 
qstr_remove_brace_and_fig|停 止 冲 锋 
qstr_Everyone|所 有 人 
qstr_Undefined!|未 定 义 
qstr_DEBUG_:_Weather_pena|调 试:天 气 惩 罚 {reg2}%-{s0}:{reg0}到 {reg1}
qstr_DEBUG_:_{s0}_profici|调 试:{s0} 熟 练 度 恢 复:{reg1}
qstr_ranks|列 阵 
qstr_shield_wall|盾 墙 阵 
qstr_wedge|楔 形 阵 
qstr_square|方 阵 
qstr_up|冲 锋 阵 
qstr_Not_enough_troops_in|{s2} 没 有 足 够 的 士 兵 来 排 列 成 {s1}，将 原 地 待 命。
qstr_infantry|步 兵 
qstr_archer|射 手 
qstr_cavalry|骑 兵 
qstr_polearm|枪 矛 手 
qstr_skirmisher|散 兵 
qstr_mounted_archer|骑 射 手 
qstr_support|后 勤 人 员 
qstr_bodyguard|卫 兵 
qstr_undetermined_type_of|未 定 义 类 型 
qstr_{s1}:_infantry_forma|{s1}：步 兵 阵 型 解 散。
qstr_{s1}:_archer_formati|{s1}：射 手 阵 型 解 散。
qstr_{s1}:_skirmisher_for|{s1}：散 兵 阵 型 解 散。
qstr_{s1}:_cavalry_format|{s1}：骑 兵 阵 型 解 散。
qstr_{s1}:_formation_disa|{s1}：阵 型 解 散。
qstr_Cavalry_formation_di|骑 兵 阵 型 解 散。
qstr_#{reg21}:|#{reg21}：
qstr_{s21}___{s22}_|{s21} ({s22})
qstr_{s21}___Requires_Cha|{s21}(需 要 礼 堂 )
qstr_{s21}___Negative_Pla|{s21}(负 荣 誉 )
qstr_{s21}___{reg21}+_Cen|{s21}({reg21}+中 心 关 系 )
qstr_UNDEFINED|未 定 义 
qstr_companion|同 伴 
qstr_troop|军 队 
qstr_{reg1?her:his}|其
qstr_{reg1?she:he}|{reg1?她 :他 }
qstr_DODGE|闪 避 
qstr_This_{s2}_knows_how_|这 个 {s2} 知 道 如 何 避 免 受 到 近 战 武 器 和 远 程 弹 药 的 伤 害。
qstr_Type:_Personal_Comba|类 型：个 人 战 斗 能 力^^闪 避：有 几 率 完 全 避 开 攻 击，不 受 任 何 伤 害。闪 避 几 率 取 决 于 跑 动、敏 捷，以 及 力 量 与 负 重 的 比 例；敏 捷 越 高，能 闪 避 的 远 程 武 器 种 类 越 多。
qstr_WARD_4|守 护 豁 免 4+：50%几 率 完 全 免 疫 一 次 攻 击
qstr_This_{s2}_has_a_magi|这 个 {s2} 拥 有 4+守 护 豁 免。受 到 攻 击 时，有 50%几 率 完 全 免 疫 该 次 攻 击。
qstr_Type:_Personal_Combat|类 型：个 人 战 斗 技 能 
qstr_WARD_5|守 护 豁 免 5+：33%几 率 完 全 免 疫 一 次 攻 击
qstr_This_{s2}_has_a_magic|这 个 {s2} 拥 有 5+守 护 豁 免。受 到 攻 击 时，有 33%几 率 完 全 免 疫 该 次 攻 击。
qstr_WARD_6|守 护 豁 免 6+：16%几 率 完 全 免 疫 一 次 攻 击
qstr_This_{s2}_has_a_magica|这 个 {s2} 拥 有 6+守 护 豁 免。受 到 攻 击 时，有 16%几 率 完 全 免 疫 该 次 攻 击。
qstr_IGNORE_PAIN_{reg5}%|无 视 疼 痛：伤 害 减 免 {reg5}%
qstr_This_{s2}_has_amplif|这 个 {s2} 可 以 让 你 的 铁 骨 技 能 吸 收 掉 部 分 来 自 敌 方 的 伤 害。
qstr_ADVANCED_IGNORE_PAIN|高 级 无 视 疼 痛：伤 害 减 免 {reg5}% 
qstr_REGENERATE|再 生
qstr_This_{s2}_heals_over|这 个 {s2} 会 随 时 间 恢 复 生 命 值，但 会 受 到 额 外 的 火 焰 伤 害。
qstr_MIGHTY_BLOW|强 力 一 击
qstr_This_{s2}_s_melee_st|这 个 {s2} 拥 有 强 力 一 击。近 战 命 中 时，有 几 率 根 据 强 击 等 级 造 成 额 外 伤 害。
qstr_UNBREAKABLE|牢 不 可 破：永 不 溃 败 
qstr_This_{s2}_s_resistan|这 个 {s2} 能 抵 抗 恐 惧 在 战 斗 中 的 影 响，防 止 逃 跑。
qstr_VENOMOUS|淬 毒 
qstr_This_{s2}_s_attacks_|如 果 攻 击 造 成 的 伤 害 超 过 1点，则 {s2} 的 攻 击 将 在 5秒 内 造 成 持 续 伤 害。
qstr_POISONOUS|下 毒 
qstr_This_{s2}_s_attacks_w|{s2} 的 攻 击 将 造 成 中 毒 伤 害。这 将 减 少 受 害 者 的 自 身 属 性，并 且 可 以 持 续 很 多 天。
qstr_WOUNDS|伤 痕：35点 额 外 生 命 值 
qstr_This_{s2}_has_2_woun|{s2} 有 两 处 伤 口，每 次 战 斗 额 外 获 得 35点 生 命 值。
qstr_WOUNDS3|伤 痕 3：70点 额 外 生 命 值 
qstr_This_{s2}_has_3_woun|{s2} 有 三 处 伤 口，每 次 战 斗 额 外 获 得 70点 生 命 值。
qstr_WOUNDS4PLUS|伤 痕 4+：每 点 获 得 35额 外 生 命 值 
qstr_This_{s2}_has_4_or_m|{s2} 有 四 个 或 更 多 伤 口。每 一 个 都 会 在 战 斗 开 始 时 增 加 35点 生 命 值。
qstr_MAGIC_RESISTANCE_6|魔 法 抗 性 6+：16%几 率 完 全 免 疫 有 害 法 术 效 果
qstr_This_{s2}_has_a_magical|{s2} 拥 有 魔 法 抗 性。遭 受 有 害 法 术 影 响 时，有 16%几 率 完 全 免 疫 该 法 术 效 果。
qstr_MAGIC_RESISTANCE_5|魔 法 抗 性 5+：33%几 率 完 全 免 疫 有 害 法 术 效 果
qstr_This_{s2}_has_a_magical_|{s2} 拥 有 魔 法 抗 性。遭 受 有 害 法 术 影 响 时，有 33%几 率 完 全 免 疫 该 法 术 效 果。
qstr_MAGIC_RESISTANCE_4|魔 法 抗 性 4+：50%几 率 完 全 免 疫 有 害 法 术 效 果
qstr_This_{s2}_has_a_magical_p|{s2} 拥 有 魔 法 抗 性。遭 受 有 害 法 术 影 响 时，有 50%几 率 完 全 免 疫 该 法 术 效 果。
qstr_MAGIC_RESISTANCE_3|魔 法 抗 性 3+：66%几 率 完 全 免 疫 有 害 法 术 效 果
qstr_This_{s2}_has_a_magical_pr|{s2} 拥 有 魔 法 抗 性。遭 受 有 害 法 术 影 响 时，有 66%几 率 完 全 免 疫 该 法 术 效 果。
qstr_MASTER_IGNORE_PAIN_{|大 师 级 无 视 疼 痛：伤 害 减 免 {reg5}%
qstr_FOREST_SPIRIT|森 林 精 魂
qstr_This_{s2}_is_a_spiri|这 个 {s2} 是 自 然 精 魂，有 17%的 几 率 忽 略 非 魔 法 武 器 的 伤 害。
qstr_ETHEREAL|虚 体：6+物 理 豁 免
qstr_This_{s2}_is_etherea|这 个 {s2} 拥 有 虚 体 特 性，可 进 行 6+物 理 豁 免；检 定 成 功 时，完 全 忽 略 该 次 物 理 伤 害。
qstr_Killing_Blow|致 命 一 击
qstr_Attacks_by_{s2}_will|{s2} 的 攻 击 有 17%的 几 率 造 成 致 命 伤 害，无 论 实 际 伤 害 多 少。
qstr_Undescribed.|未 描 述 
qstr_Undefined|未 定 义 
qstr_DEBUG__Abilities_:_{|DEBUG(能 力 ):{s32} 发 现 拥 有 '{s31}'能 力。
qstr_While_equipped:_bonu|装 备：奖 金 
qstr_+_4_Power_Draw_+_4_H|+4强 弓，+4骑 射
qstr_While_equipped:_bonus|装 备：奖 金，奖 金 
qstr_+_1_Power_Draw|+1强 弓 
qstr_+_2_Power_Strike|+2强 击 
qstr_+_4_Horse_Archery|+4骑 射 
qstr_+_1_Weapon_Master|+1武 器 掌 握
qstr_+_1_Power_Strike|+1强 击 
qstr_+_3_Constitution|+3体 质
qstr_+_5_Constitution|+5体 质
qstr_+_3_Athletics|+ 3跑 动 
qstr_+_2_Athletics|+2跑 动 
qstr_You_have_been_enlist|你 已 被 征 召！
qstr_Current_rank:_{s5}|目 前 等 级：{s5}
qstr_Unsuitable_item_gold|不 合 适 的 物 品，已 添 加 金 币 代 替。
qstr_{s13}_is_pleased_wit|{s13} 对 你 过 去 {reg13}天 的 服 务 感 到 满 意。
qstr_You_have_left_your_c|你 离 开 了 你 的 指 挥 官 
qstr_You_have_been_grante|你 已 经 获 准 休 假 了 
qstr_You_have_rejoined_yo|你 重 新 加 入 了 你 的 指 挥 官 
qstr_The_Staff_of_Shapesh|变 形 法 杖 增 加 了 {reg4}点 伤 害
qstr_The_Cloak_of_Stars_r|星 辰 斗 篷 减 少 了 {reg5}点 伤 害
qstr_Shimmering_Cloak_abs|闪 耀 斗 篷 吸 收 了 伤 害
qstr_Radiance_of_Potolos_a|普 特 罗 斯 之 辉 吸 收 了 伤 害
qstr_The_cloak_of_Dain_ab|纪 伦 斗 篷 吸 收 了 攻 击
qstr_Shield_of_Fire_absor|火 之 盾 吸 收 了 伤 害
qstr_The_black_cloak_of_L|拉 米 亚 黑 斗 篷 抵 消 了 伤 害。
qstr_The_Von_Carstein_Rin|冯 · 卡 斯 坦 戒 指 保 护 弗 拉 德 · 冯 · 卡 斯 坦 不 被 击 败。
qstr_The_magical_Cloak_of|阴 影 魔 法 斗 篷 吸 收 了 投 射 物。
qstr_{reg2}_bonus_damage_|来 自 体 质 检 定 失 败 的 {reg2}额 外 伤 害 
qstr_{s3}_has_resisted_yo|{s3} 抵 挡 了 你 的 魔 法 
qstr_You_have_resisted_{s3|你 抵 挡 了 {s3} 的 魔 法 
qstr_{s3}_has_passed_the_|{s3} 通 过 了 体 质 检 定 
qstr_You_dodge_the_attack|你 闪 避 了 攻 击!
qstr_{reg4?She:He}_dodges|{reg4?她 :他 } 闪 避 了 攻 击!
qstr_The_Amulet_of_Itzl_p|伊 兹 尔 护 身 符 保 护 你 免 受 伤 害 
qstr_The_power_of_the_Amu|伊 兹 尔 护 身 符 的 力 量 逐 渐 消 失 
qstr_The_ethereal_nature_|敌 人 的 灵 体 形 态 闪 避 了 你 的 攻 击 
qstr_A_magical_shield_pro|魔 法 盾 从 攻 击 中 保 护 了 你 
qstr_A_magical_shield_prot|魔 法 盾 从 攻 击 中 保 护 了 {reg4?她 :他 }
qstr_Rune_of_smiting_caus|重 击 符 文 造 成 双 倍 伤 害 
qstr_Rune_of_dragon_slayin|屠 龙 符 文 造 成 双 倍 伤 害 
qstr_Rune_of_dragon_slaying|屠 龙 符 文 造 成 三 倍 伤 害 
qstr_Mighty_blow_increase|强 力 一 击 使 伤 害 提 高 {reg1}点。
qstr_Ignore_Pain_soaked_{|无 视 痛 苦 吸 收 了 {reg1}点 伤 害。
qstr_The_Crown_of_Night_s|夜 之 王 冠 吸 收 了 {reg1}伤 害 
qstr_Magical_protection_s|魔 法 保 护 吸 收 了 {reg1}伤 害 
qstr_Your_immune_system_ha|你 的 免 疫 系 统 抵 抗 了 剧 毒
qstr_You_have_been_inflic|你 受 到 毒 液 的 侵 袭 
qstr_Soulblight_caused_10|灵 魂 枯 萎 造 成 10点 额 外 伤 害 
qstr_Ethereal_has_caused_|灵 体 效 果 造 成 了 {reg1}点 额 外 伤 害。
qstr_Flaming_sword_of_Rhui|鲁 因 火 焰 剑 造 成 {reg1}额 外 伤 害
qstr_The_armour_of_Ashkel|阿 什 克 伦 盔 甲 吸 收 {reg7}伤 害 
qstr_Flaming_attacks_caus|火 焰 攻 击 造 成 {reg1}额 外 伤 害 
qstr_Flaming_weapons_caus|燃 烧 的 武 器 造 成 {reg1}额 外 伤 害 
qstr_Sneaky_stabbin_cause|鬼 祟 痛 击 造 成 {reg1}额 外 伤 害
qstr_The_withering_caused|凋 零 术 造 成 {reg1}额 外 伤 害
qstr_Wither_caused_{reg1}|枯 萎 术 造 成 {reg1}额 外 伤 害
qstr_Usekhps_Incantation_o|乌 瑟 霍 普 的 干 枯 咒 造 成 {reg1}额 外 伤 害
qstr_Okkams_mindrazor_cau|奥 卡 姆 的 心 灵 剃 刀 造 成 {reg1}额 外 伤 害
qstr_Curse_of_the_Leper_c|麻 风 病 的 诅 咒 造 成 12点 额 外 伤 害
qstr_Curse_of_the_Leper_ca|麻 风 病 的 诅 咒 造 成 10点 额 外 伤 害
qstr_Curse_of_the_Leper_cau|麻 风 病 的 诅 咒 造 成 8点 额 外 伤 害
qstr_Curse_of_the_Leper_caus|麻 风 病 的 诅 咒 造 成 6点 额 外 伤 害
qstr_Curse_of_the_Leper_cause|麻 风 病 的 诅 咒 造 成 4点 额 外 伤 害
qstr_Curse_of_the_Leper_caused|麻 风 病 的 诅 咒 造 成 2点 额 外 伤 害
qstr_Curse_of_the_genie_c|灯 神 的 诅 咒 造 成 40点 额 外 伤 害
qstr_Curse_of_the_genie_ca|灯 神 的 诅 咒 造 成 32点 额 外 伤 害。
qstr_Curse_of_the_genie_cau|灯 神 的 诅 咒 造 成 24点 额 外 伤 害
qstr_Curse_of_the_genie_caus|灯 神 的 诅 咒 造 成 16点 额 外 伤 害
qstr_Curse_of_the_genie_cause|灯 神 的 诅 咒 造 成 8点 额 外 伤 害
qstr_The_Axe_of_Slaughter|杀 戮 之 斧 造 成 {reg2}额 外 伤 害 
qstr_The_Axe_of_Slaying_c|杀 戮 之 斧 造 成 {reg2}额 外 伤 害 
qstr_The_Sword_of_Vengean|复 仇 之 剑 造 成 {reg2}额 外 伤 害 
qstr_You_succumb_to_the_p|你 屈 服 于 {s4} 的 力 量。
qstr_{s44}_succumbs_to_th|{s44} 屈 服 于 你 的 {s4} 的 力 量。
qstr_You_succumb_to_the_po|你 屈 服 于 亡 灵 之 刃 的 力 量。
qstr_{s44}_succumbs_to_the|{s44} 屈 服 于 你 的 亡 灵 之 刃 的 力 量。
qstr_You_succumb_to_the_pow|你 屈 服 于 贾 夫 斯 咒 语 的 力 量。
qstr_Death_s_Door_nullifi|死 亡 之 门 抵 消 了 这 次 攻 击。
qstr_The_Oxen_Stands_null|公 牛 站 立 无 效 了 这 次 攻 击。
qstr_The_heart_of_Averlor|阿 维 隆 之 心 使 泰 瑞 昂 王 子 再 生 
qstr_The_power_of_the_des|沙 漠 的 力 量 使 沙 灵 重 生 
qstr_Throgg_regenerates_h|索 隆 格 再 生 了 他 的 伤 口。
qstr_The_Troll_regenerate|巨 魔 治 愈 了 他 的 伤 口 
qstr_The_blessing_of_the_|湖 之 女 神 的 祝 福 治 愈 了 圣 骑 士 
qstr_Bugman_s_magical_tan|巴 格 曼 的 魔 法 酒 杯 再 生 了 他。
qstr_The_blessing_of_the_l|湖 之 女 神 的 祝 福 治 愈 了 圣 杯 骑 士 
qstr_The_blessing_of_Sigm|希 格 玛 的 祝 福 治 愈 了 战 斗 牧 师 
qstr_The_blessing_of_the_la|女 士 的 祝 福 治 愈 了 圣 杯 骑 士 
qstr_The_Mummy_King|木 乃 伊 之 王。
qstr_The_Mummy_regenerate|木 乃 伊 再 生 了 
qstr_The_talisman_of_ston|圣 符 之 石 使 布 洛 克 领 主 再 生 
qstr_The_Talisman_of_Ulri|乌 尔 里 克 的 护 身 符 使 鲍 里 斯 · 托 德 布 林 格 重 生 
qstr_The_blessing_of_the_lad|女 士 的 祝 福 治 愈 了 费 伊 女 巫 
qstr_The_blood_of_the_dra|龙 血 再 生 了 血 领 主 阿 博 拉 什。
qstr_The_chalice_of_blood|圣 杯 之 血 使 瓦 拉 齐 ·哈 孔 再 生 
qstr_Luthor_Harkon_regene|卢 瑟 ·哈 肯 完 全 靠 意 志 力 重 生 
qstr_The_blood_armour_reg|血 色 铠 甲 使 红 公 爵 再 生 了 
qstr_The_Goddess_of_the_A|阿 斯 普 的 祝 福 使 哈 丽 达 再 生 了 
qstr_The_power_of_the_Kra|克 拉 肯 之 力 使 洛 克 希 亚 ·堕 心 再 生 了 
qstr_The_golden_light_reg|金 色 之 光 使 里 昂 科 尔 国 王 再 生 了 
qstr_The_festering_blight|腐 败 疾 病 使 虫 舌 再 生 了 
qstr_Papa_Nurgle_regenera|纳 垢 使 收 割 者 瓦 尔 尼 尔 再 生 了 
qstr_The_Auric_armour_reg|奥 瑞 克 盔 甲 使 伟 大 的 西 格 瓦 尔 德 再 生 了 
qstr_The_Breath_of_Life_r|生 命 之 息 使 艾 考 德 ·赫 尔 布 雷 斯 再 生 了 
qstr_The_Jade_griffon_reg|翡 翠 狮 鹫 使 卢 瑟 · 胡 斯 再 生 了 
qstr_no_staff|没 有 法 杖。
qstr_The_winds_of_winter_|凛 冬 之 风 使 {s5} 获 得 治 愈 
qstr_The_Trollhide_armour|巨 魔 皮 甲 再 生 了 {s5}。
qstr_The_Blessing_of_Quet|奎 吉 的 祝 福 治 愈 了 {playername}。
qstr_A_golden_light_regen|金 色 之 光 治 愈 {s1}
qstr_horse_equipped|马 匹 已 装 备。
qstr_Cannot_have_bullets_|施 展 魔 法 时 不 能 携 带 子 弹。
qstr_Cannot_have_bullets_w|施 展 魔 法 时 不 能 携 带 子 弹。
qstr_You_got_keys_of_dung|你 得 到 了 地 牢 钥 匙。
qstr_Tomb_rot_emanates_fr|来 自 木 乃 伊 的 坟 墓 腐 烂，使 你 大 脑 感 到 剧 痛，你 受 到 了 {reg2}伤 害 
qstr_Tomb_rot_emanates_fro|来 自 木 乃 伊 的 坟 墓 腐 烂，使 你 大 脑 感 到 剧 痛。你 受 到 了 致 命 伤 害 
qstr_The_stench_of_Nurgle|纳 垢 的 恶 臭 对 {s3} 造 成 {reg2}伤 害。
qstr_Khorne_s_blessed_fre|恐 虐 赐 予 的 狂 暴 从 {s26} 身 上 消 退。
qstr_The_Chalice_of_Fate_|命 运 之 杯 把 魔 法 之 风 变 成 了 {reg2}。
qstr_Power_of_Darkness_ad|黑 暗 之 力 增 加 了 10点 法 力 值。
qstr_Lifeleech_added_{reg|生 命 汲 取 额 外 提 供 {reg2}点 法 力。
qstr_Power_of_da_Waaagh_bonus:_|daWaaagh之 力 奖 励：20法 力 
qstr_Power_of_da_Waaagh_bonus:_1|daWaaagh之 力 奖 励：15法 力 
qstr_Power_of_da_Waaagh_bonus:_10|daWaaagh之 力 奖 励：10法 力 
qstr_Power_of_da_Waaagh_bonus:_5|daWaaagh之 力 奖 励：5法 力 
qstr_A_goblin_shaman_redu|一 个 地 精 萨 满 减 少 了 你 的 法 力 积 累 10点。
qstr_Drain_magic_reduces_|汲 魔 术 减 少 了 你 积 累 的 10点 法 力。
qstr_Mork_save_uz_reduces|毛 哥 救 俺 们 减 少 了 你 积 累 的 10点 法 力。
qstr_You_gain_{reg23}_man|你 获 得 了 {reg23}点 法 力 值。
qstr_Winds_of_Magic:_{reg|魔 法 之 风：{reg22}。{s22}
qstr_Khorne_rewards_{s26}|恐 虐 嘉 奖 了 {s26} 的 凶 猛，使 其 陷 入 赐 福 狂 暴！
qstr_A_Daemon_Prince_of_T|一 个 奸 奇 恶 魔 王 子 被 {s4} 召 唤。
qstr_The_daemon_in_the_sw|剑 中 的 恶 魔 背 叛 了 你。
qstr_{s1}_has_reached_10_|{s1} 在 目 前 的 战 斗 中 已 经 使 10人 死 亡。
qstr_{s1}_has_reached_20_|{s1} 在 目 前 的 战 斗 中 已 经 使 20人 死 亡。
qstr_{s1}_has_reached_30_|{s1} 在 目 前 的 战 斗 中 已 经 使 30人 死 亡。
qstr_{s1}_has_reached_40_|{s1} 在 目 前 的 战 斗 中 已 经 使 40人 死 亡。
qstr_{s1}_has_reached_50_|{s1} 在 目 前 的 战 斗 中 已 经 使 50人 死 亡。
qstr_{s1}_has_reached_60_|{s1} 在 目 前 的 战 斗 中 已 经 使 60人 死 亡。
qstr_{s1}_has_reached_70_|{s1} 在 目 前 的 战 斗 中 已 经 使 70人 死 亡。
qstr_{s1}_has_reached_80_|{s1} 在 目 前 的 战 斗 中 已 经 使 80人 死 亡。
qstr_{s1}_has_reached_90_|{s1} 在 目 前 的 战 斗 中 已 经 使 90人 死 亡。
qstr_{s1}_has_reached_100|{s1} 在 目 前 的 战 斗 中 已 经 使 100人 死 亡。
qstr_{s1}_has_reached_110|{s1} 在 目 前 的 战 斗 中 已 经 使 110人 死 亡。真 是 个 小 伙 子。
qstr_{s1}_has_reached_120|{s1} 在 目 前 的 战 斗 中 已 经 使 120人 死 亡。真 正 的 传 说。
qstr_{s1}_has_reached_130|{s1} 在 目 前 的 战 斗 中 已 经 使 130人 死 亡。在 恐 惧 中 颤 抖。
qstr_{s1}_has_reached_140|{s1} 在 目 前 的 战 斗 中 已 经 使 140人 死 亡。在 他 面 前 臣 服 吧。
qstr_{s1}_has_reached_150|{s1} 在 目 前 的 战 斗 中 已 经 使 150人 死 亡。跪 下，农 夫！
qstr_{s1}_has_reached_160|{s1} 在 目 前 的 战 斗 中 已 经 使 160人 死 亡。还 有 更 好 的 吗？
qstr_{s1}_has_reached_170|{s1} 在 目 前 的 战 斗 中 已 经 使 170人 死 亡。没 有 什 么 能 阻 止 他。
qstr_{s1}_has_reached_180|{s1} 在 目 前 的 战 斗 中 已 经 使 180人 死 亡。人 们 讲 述 了 他 的 英 勇 事 迹。
qstr_{s1}_has_reached_190|{s1} 在 目 前 的 战 斗 中 已 经 使 190人 死 亡。敌 人 梦 想 着 他 的 垮 台。
qstr_{s1}_has_surpassed_t|{s1} 打 破 了 兽 王 月 爪 保 持 的 400次 击 杀 纪 录。你 可 以 截 图 炫 耀 了。
qstr_{s1}_has_reached_{re|{s1} 在 目 前 的 战 斗 中 已 经 使 {reg1}人 死 亡。他 现 在 是 主 角。
qstr_A_{s3}_has_been_summ|一 个 {s3} 被 {s4} 召 唤。
qstr_Mana_boost_activated|法 力 强 化 已 激 活，将 影 响 下 一 次 施 法
qstr_chariot_clear_1|战 车 清 理 1
qstr_Champion_mode_is_act|冠 军 模 式 已 激 活，你 正 在 扮 演 {s7}。经 验 将 在 你 之 间 分 配。与 {s7} 交 谈 以 禁 用 冠 军 模 式。
qstr_Fixed_Custom_Camera|固 定 自 定 义 镜 头 
qstr_Press_Left_/_Right_A|按 左 /右 箭 头 键 切 换 肩 部 
qstr_Free_Mode_Custom_Cam|自 由 模 式 自 定 义 镜 头 
qstr_Use_+/__to_zoom_in/o|使 用 +/-放 大 /缩 小 
qstr_Use_Up/Down_arrow_ke|使 用 上 /下 箭 头 键 向 上 /向 下 倾 斜 
qstr_Default_Camera|默 认 镜 头 
qstr_Fixed_Camera___Right|固 定 镜 头 -右 肩 
qstr_Fixed_Camera___Left_|固 定 镜 头 -左 肩 
qstr_Press_TAB_to_end_the|按 TAB键 退 出 战 场。
qstr_The_rune_of_spellbre|破 法 符 文 驱 散 了 战 场 上 的 所 有 魔 法 效 果。
qstr_ERROR:_floating_play|错 误：生 成 点 玩 家 {reg40}漂 浮 过 高，正 在 修 正。
qstr_Venom_damage|猛 毒 伤 害 
qstr_Venom_kill_gives_xp.|毒 素 击 杀 给 予 经 验 值。
qstr_The_venom_inflicts_m|毒 液 会 给 你 的 身 体 带 来 更 多 的 疼 痛。你 受 到 致 命 的 伤 害。
qstr_Your_frenzy_ends_due|你 的 狂 怒 因 耗 尽 而 结 束！
qstr_You_were_defeated.|你 被 击 败 了。{reg33?:}
qstr_Rotate_with_the_mous|用 鼠 标 旋 转 视 角。用 方 向 键 移 动 视 角。
qstr_Shift/Control_for_Up|按 Shift/Control键 上 下 移 动。空 格 键 增 加 速 度。
qstr_Numpad_Plus/Minus_to|按 小 键 盘+/-键 调 整 灵 敏 度；使 用 小 键 盘 方 向 键 旋 转。
qstr_Home_to_reset_positi|Home键 重 置 位 置。End键 翻 转。
qstr_Press_backspace_to_c|按 退 格 键 继 续 下 达 命 令。
qstr_Y_Rotation_Inverted|旋 转 翻 转 
qstr_Y_Rotation_Normal|正 常 翻 转 
qstr_Sensitivity___25%__{|灵 敏 度 -25%({reg8},{reg9})
qstr_Sensitivity_+_25%__{|灵 敏 度 +25%({reg8},{reg9})
qstr_dismounted_crew_foun|发 现 徒 步 船 员 
qstr_Dismounting|下 马 
qstr_Everyone_you_know_wh|所 有 人，你 们 知 道 该 怎 么 做。战 斗 配 置!
qstr_{reg2?You:Your_mount|{reg2?你 :你 的 坐 骑 } 受 到 {reg1}额 外 伤 害!
qstr_{reg2?You_strike:You|{reg2?你 的 攻 击 :你 的 马 冲 锋 } 对 {reg1}伤 害 加 成!
qstr_You_whistle_for_your|你 吹 口 哨 召 唤 你 的 坐 骑。
qstr_Your_horse_received_|你 的 马 受 到 {reg1}的 架 矛 伤 害!
qstr_Braced_{s1}_dealt_{r|架 矛 {s1} 施 予 {reg1}伤 害!
qstr_Bracing_{s1}_for_cha|{s1} 架 矛 冲 锋。
qstr_Releasing_from_brace|解 除 架 矛。
qstr_...and_attack_enemy_|...攻 击 敌 人 的 {s1} 分 队!
qstr_{s2}:_returning_afte|{s2}：摧 毁 敌 人 后 返 回 {s1} 分 队。
qstr_first|第 一。
qstr_second|第 二。
qstr_third|第 三。
qstr_fourth|第 四。
qstr_fifth|第 五。
qstr_current|当 前。
qstr_The_attackers_have_d|攻 击 者 损 坏 了 {s5} 门！
qstr_The_{s5}_gate_is_dow|{s5} 门 强 度 降 至 {reg5}%！
qstr_The_last_gate_has_be|最 后 一 道 门 已 被 摧 毁！
qstr_The_{s5}_gate_has_be|{s5} 门 已 被 摧 毁！
qstr_Your_battle_size__{r|你 的 部 队 规 模 ({reg0})超 过 了 150。在 围 攻 战 中，这 可 能 导 致 问 题，例 如 士 兵 生 成 在 墙 壁 里。与 其 提 高 部 队 规 模，不 如 考 虑 在 营 地 选 项 中 增 加 增 援 波 次。
qstr_The_enemy_ravages_yo|敌 人 蹂 躏 了 你 减 员 的 突 击 分 队。
qstr_waves_{reg11}_normal|波 次 {reg11}，标 准 化 队 伍 数 量 {reg12}
qstr___ERROR:_repositioni|--错 误：重 新 定 位 错 位 的 攻 城 塔 道 具 --
qstr_You_must_stay_behind|你 必 须 站 在 线 后！此 次 攻 击 无 效。
qstr_Greenskins_strike_at|绿 皮 猛 烈 地 攻 击 你，你 掉 进 了 一 滩 血 里。他 们 认 为 你 死 了……
qstr_The_greenskins_have_|绿 皮 已 经 被 处 理 好 了。离 开 去 营 救 囚 犯，检 查 你 的 战 利 品 ^^ 要 离 开 时，按 TAB键。
qstr_You_have_just_killed|你 刚 刚 杀 了 兽 人 首 领 的 主 要 保 镖。翻 找 他 们 的 东 西，你 发 现 了 一 些 宝 藏。你 仍 然 需 要 打 败 其 他 土 匪 才 能 获 得 奖 励。
qstr_You_have_killed_the_|你 杀 死 了 萨 满，一 个 丑 陋 的 生 物，又 大 又 弯，闻 起 来 像 硫 磺。翻 找 遗 骸，你 发 现 了 一 些 有 用 的 东 西。你 仍 然 需 要 打 败 其 他 土 匪 才 能 获 得 奖 励。
qstr_Rising_victorious_ov|你 战 胜 了 兽 人 首 领，你 的 兵 器 沾 满 了 鲜 血，结 束 了 漫 长 的 恐 怖 统 治 和 土 匪 统 治。
qstr_You_are_overwhelmed_|你 被 时 间 的 浩 瀚 所 压 倒。建 造 这 一 切 的 人 们 早 已 消 失。我 们 是 尘 埃，我 们 的 生 命 如 此 短 暂……谁 能 永 生？{reg33?:}
qstr_In_the_distance_you_|在 远 处，你 看 到 墙 上 有 一 个 雕 刻，上 面 写 着：“Karaz a Karaz Ankor”
qstr_It_s_cold_and_smells|它 很 冰 冷，闻 起 来 有 点 腐 朽，带 你 回 到 另 一 个 时 代……那 时，达 维 跨 越 了 旧 世 界，人 们 甚 至 不 用 石 头 建 造 房 屋 ^^ 棚 屋，塔 楼……一 切 都 被 尘 土 和 荆 棘 覆 盖，一 切 都 被 遗 弃 了。
qstr_Skeezle_is_devastate|斯 凯 兹 尔 被 他 糟 糕 的 表 现 弄 得 筋 疲 力 尽。他 没 有 得 到 奖 金 
qstr_A_challenger_approac|一 名 挑 战 者 接 近！
qstr_Another_challenger_a|又 一 名 挑 战 者 接 近！
qstr_{s7}_challenge_s_you|{s7} 挑 战 你！
qstr_Khorne_sets_player_d|恐 虐 将 玩 家 伤 害 从 {reg8}设 为 100%！
qstr_Khorne_sets_enemy_s_|恐 虐 将 敌 人 的 战 斗 人 工 智 能 设 为 良 好！
qstr_You_have_prevailed_i|你 在 恐 虐 的 领 域 中 获 胜，但 永 不 会 获 得 他 的 青 睐！
qstr_You_were_foolish_to_|你 来 到 恐 虐 的 领 域 是 愚 蠢 的！他 永 不 会 青 睐 你 的 种 族。
qstr_Return_when_you_are_|当 你 更 强 大 时 再 回 来……{reg33?:}
qstr_MEMORY_ERROR_RESTART|内 存 错 误，重 启 战 团 然 后 重 试。
qstr__Next_pay_day:_{s1}|下 一 个 付 薪 日：{s1}
qstr_:_prej_{s1}_&_{s2}_=|：预 判 断 {s1} 与 {s2}={reg1}
qstr_party_reaction_adjus|团 队 反 应 调 整 {s4}：{reg1}
qstr_Total_Parties:_{reg3|总 部 队：{reg3}无 活 动：{reg4}^叛 军：{reg5}活 跃：{reg6}^
qstr_Deserters:_{reg3}__c|逃 兵：{reg3}统 计：{reg4}^王 国 商 队：{reg5}不 活 跃：{reg6}^巡 逻 队：{reg7}统 计：{reg8}^
qstr_Centers_and_Lairs:_{|中 心 和 巢 穴：{reg16} ^村 民：{reg22} ^领 主：{reg23} ^杂 项 王 国 队 伍：{reg17} ^巢 穴 匪 徒：{reg18} ^不 法 之 徒：{reg20} ^采 集 者：{reg21} ^平 民：{reg19}
qstr_You_were_born_as_a_c|你 出 生 于 卡 尔 · 弗 兰 茨 统 治 下 的 帝 国。^帝 国 幅 员 辽 阔，诸 省 林 立，繁 华 富 庶 的 城 市 遍 布 其 中。技 术 革 新 与 军 事 进 步 是 帝 国 立 国 之 本。如 今，你 也 到 了 踏 上 旅 途 的 时 候。
qstr_You_were_born_in_the|你 出 生 于 伟 大 的 巴 托 尼 亚 王 国。^这 片 位 于 灰 色 山 脉 以 西 的 土 地，以 身 披 重 甲 的 英 勇 骑 士 和 效 忠 荣 恩 · 里 昂 柯 尔 国 王 的 封 建 领 主 闻 名。骑 士 道 与 荣 誉 在 此 熠 熠 生 辉，贫 困 与 不 公 却 也 如 影 随 形。
qstr_You_were_born_in_the_|你 出 生 于 富 饶 而 广 袤 的 阿 拉 比 沙 海。^阿 拉 比 是 世 界 上 最 重 要 的 学 术 与 文 化 中 心 之 一。你 在 古 墓 王 的 阴 影 与 对 亡 者 的 憎 恨 中 长 大，自 幼 便 明 白：有 时，唯 有 利 剑 才 能 换 来 和 平。
qstr_You_were_born_in_the_s|你 出 世 在 基 斯 里 夫 的 冻 土 上。这 里 是 对 抗 北 方 可 怕 威 胁 的 文 明 前 沿。生 活 是 艰 难 的，人 们 在 这 里 抵 抗 着 混 沌 军 团 和 北 方 巨 魔 的 入 侵。鼎 鼎 大 名 的 翼 骑 兵 和 训 练 有 素 的 弓 箭 手 组 成 的 军 队 将 坚 定 地 反 对 那 些 试 图 染 指 他 们 领 土 的 人。
qstr_You_were_born_in_the_l|你 出 生 于 遥 远 东 方 的 日 出 之 国。一 场 骇 人 的 天 灾 摧 毁 了 无 数 家 园，迫 使 将 军 为 流 离 失 所 的 臣 民 寻 找 一 片 可 以 安 身 的 新 土 地。你 随 将 军 的 大 军 一 同 踏 上 了 远 征。
qstr_You_were_born_in_the_B|你 出 生 于 海 盗 兄 弟 会。他 们 没 有 固 定 疆 界，凡 是 能 抢 到 手 的 土 地，都 可 算 作 他 们 的 地 盘。海 盗 彼 此 尚 且 遵 守 规 约，对 外 人 却 惯 于 撒 谎、欺 骗 与 劫 掠。由 于 举 世 憎 恨，他 们 每 次 行 动 都 必 须 精 明、冷 酷 而 周 密，也 因 此 涌 现 出 世 上 最 狡 猾、最 具 魅 力 的 首 领。现 在，轮 到 你 去 夺 取 自 己 的 那 一 份 了。
qstr_Your_father_was_a_br|你 的 父 亲 是 一 名 嘶 叫 萨 满，是 承 载 黑 暗 诸 神 魔 力 的 野 兽。他 神 圣、可 怖 而 不 可 触 犯；每 逢 大 远 征 前，他 都 会 为 兽 王 献 策，指 点 如 何 最 彻 底 地 毁 灭 人 类，又 该 在 前 夜 举 行 何 种 仪 式。偶 尔 随 军 出 战 时，敌 人 无 不 在 他 邪 恶 的 巫 术 前 战 栗 倒 下。
qstr_Men_believe_that_the|人 类 常 以 为 野 兽 人 的 战 术 还 不 如 兽 人 精 妙；在 狂 怒 的 混 战 中，这 话 或 许 不 假。但 在 开 战 前，兽 群 总 会 竭 尽 所 能 占 据 优 势。野 兽 人 最 爱 在 森 林 中 设 伏，而 你 的 父 亲 正 是 此 道 高 手，尤 其 擅 长 指 挥 不 足 50人 的 小 股 部 队。他 曾 是 帝 国 斥 候 队 与 巡 逻 队 的 噩 梦。
qstr_Your_father_was_a_fe|你 的 父 亲 是 一 个 凶 猛 的 大 角 兽，并 且 是 一 位 野 兽 人 酋 长 的 贴 身 护 卫。他 的 角 比 部 落 里 其 他 角 兽 都 要 长，甚 至 和 酋 长 相 当。当 他 决 定 成 为 新 一 届 的 领 导 者 向 他 的 酋 长 发 出 挑 战 时 却 失 败 了。他 那 被 切 断 的 头 颅 时 刻 提 醒 着 其 他 所 有 可 能 有 这 样 的 野 心 的 人。
qstr_Your_father_had_the_|你 的 父 亲 肩 负 着 一 项 危 险 差 事：聚 拢 混 沌 战 犬，并 在 它 们 被 放 出 追 猎 入 侵 者、逃 犯 或 小 股 旅 人 前 牢 牢 驯 服。唯 有 强 壮 的 角 兽 才 能 控 制 这 些 毁 灭 性 的 猛 兽，许 多 驯 犬 者 都 会 惨 死 在 犬 牙 之 下。你 的 父 亲 却 始 终 维 持 着 绝 对 威 权，把 它 们 训 练 成 从 不 失 手 的 猎 手，因 而 赢 得“狩 猎 大 师”之 名。
qstr_You_seldom_see_the_g|自 从 嘶 叫 萨 满 的 魔 法 令 兽 群 可 以 直 接 骑 乘 獠 牙 兽 后，巨 大 的 獠 牙 兽 战 车 已 越 来 越 少 见；但 在 那 项 突 破 出 现 前，战 车 曾 是 把 这 些 怪 兽 送 入 战 阵 的 最 佳 方 式。你 的 父 亲 总 会 驾 驭 这 庞 然 巨 物 全 速 撞 向 敌 阵，无 论 前 方 挡 着 什 么。从 后 方 望 去，只 见 无 数 身 躯 被 那 战 场 上 最 骇 人 的 冲 击 抛 向 半 空。
qstr_Your_father_was_the_|你 的 父 亲 是 一 支 庞 大 兽 群 的 战 争 领 主，常 年 袭 扰 帝 国，也 总 是 最 先 响 应 聚 兽 号 召。他 身 高 近 7英 尺，强 壮 如 公 牛；挥 动 那 柄 从 不 离 身 的 战 斧，一 击 便 能 把 人 劈 成 两 半。他 对 自 己 的 獠 牙 兽 战 车 无 比 自 豪，甚 至 在 你 刚 学 会 走 路 时 便 开 始 教 你 驾 驭。
qstr_Your_father_ran_the_|你 父 亲 经 营 着 当 地 的 一 家 靠 近 码 头 的 旅 馆，它 是 当 地 酒 鬼 们 和 外 来 游 客 们 的 享 乐 窟。在 你 父 亲 的 细 心 打 理 下，他 们 总 是 会 拥 有 一 个 难 忘 的 夜 晚。
qstr_A_couple_of_decades_|数 十 年 前，半 身 人 在 异 乡 饱 受 歧 视，即 便 与 他 们 关 系 最 密 切 的 帝 国 也 不 例 外。为 此，半 身 人 建 立 了 昆 斯 贝 里 会 所，在 帝 国 的 每 一 座 城 市 为 同 族 权 利 奔 走。你 的 父 亲 是 会 所 的 一 名 议 员，专 门 研 究 贸 易 法 与 帝 国 各 地 半 身 人 商 贩 的 经 商 权。
qstr_Halflings_have_a_ver|半 身 人 对 财 产 权 一 向 看 得 很 宽：既 然 看 上 了 某 件 东 西，直 接 拿 走 又 有 何 妨？反 正 开 口 去 问，多 半 也 会 得 到 允 许。只 是 有 些 好 东 西 偏 偏 被 放 在 保 险 柜、箱 子，甚 至 内 衣 口 袋 这 类 麻 烦 地 方。你 的 父 亲 却 最 擅 长 快 速 而 隐 秘 地 取 得 它 们；从 谋 划 到 下 手，无 人 能 及。离 家 前，他 也 把 几 手 本 领 传 给 了 你。
qstr_Halflings_are_not_ve|半 身 人 通 常 并 不 好 战，但 家 园 受 到 威 胁 时，他 们 也 能 进 行 极 为 有 效 的 防 卫；半 身 人 军 队 真 正 的 力 量 正 在 于 弓 手。敏 锐 的 目 光 与 稳 定 的 双 手，使 最 优 秀 的 半 身 人 射 手 足 以 比 肩 木 精 灵 精 锐 寻 路 者；帝 国 在 大 规 模 战 役 中 也 愿 花 重 金 雇 用 半 身 人 游 侠。你 的 父 亲 从 17岁 起 便 是 一 名 游 侠，直 到 某 次 战 斗 中 被 一 头 史 奎 格 整 个 吞 下。
qstr_Your_father_was_a_lo|你 的 父 亲 是 当 地 治 安 官，负 责 维 持 秩 序，确 保 穆 特 领 的 生 活 公 正 而 安 宁。当 然，若 偶 尔 有 几 枚 金 币 或 闪 亮 小 玩 意 自 己 跑 进 他 的 口 袋，“公 正”究 竟 该 如 何 理 解，也 就 值 得 商 榷 了。
qstr_Your_father_was_neve|你 的 父 亲 不 满 意 目 前 的 生 活，想 加 入 一 个 帝 国 冒 险 家 行 会。他 是 一 个 酷 爱 使 用 双 枪 的 神 枪 手，他 甚 至 可 以 在 一 瞬 间 脱 掉 披 风 并 开 火。他 给 了 团 队 巨 大 的 支 持，几 年 后，他 被 认 为 是 行 会 历 史 上 最 有 价 值 的 成 员。
qstr_Attracted_by_the_leg|阴 暗 的 树 林 深 处 有 着 许 多 遗 址 和 传 说，吸 引 着 大 量 探 险 家 前 去 寻 找 财 富 与 刺 激。你 的 父 亲 也 是 其 中 之 一。但 很 快，他 发 现 那 些 破 旧 的 城 墙 并 没 有 什 么 神 奇 之 处，之 后，厌 倦 了 这 种 生 活 的 他 定 居 在 一 个 小 村 庄，一 段 时 间 后，你 出 生 了。
qstr_Shunned_by_society_f|受 社 会 对 他 非 正 统 的 质 疑，你 父 亲 逃 到 森 林 中 寻 找 一 个 安 全 的 地 方 来 躲 避 帝 国 审 判 官 的 眼 线 和 那 些 猎 巫 人 的 狂 热 者。在 漫 无 目 的 的 逃 亡 日 子 里，他 发 现 了 附 近 的 一 个 小 村 庄，并 在 那 里 成 为 一 个 牧 师 定 居 下 来，向 当 地 农 民 传 授 黑 暗 之 神 的 信 仰。而 你，在 一 场 疯 狂 的 仪 式 后 诞 生 了。
qstr_Those_born_with_phys|那 些 出 生 时 身 体 异 常 的 人 被 帝 国 社 会 拒 绝，被 视 为 怪 物，他 们 只 能 独 自 生 活 等 待 死 亡。你 的 父 亲，他 的 身 体 有 缺 陷，但 思 想 却 充 实，他 在 荒 野 上 存 活 下 来 并 试 图 努 力 提 升 自 己。最 后 当 他 抵 达 传 言 中 那 片 能 变 成 正 常 人 的 土 地 时 定 居 了 下 来，组 建 了 一 个 家 庭 生 下 了 你。
qstr_Last_of_a_noble_bloo|最 后 一 个 高 贵 的 血 统，你 的 父 亲 是 一 个 西 尔 凡 尼 亚 的 小 贵 族。在 他 年 轻 的 时 候，他 整 日 无 所 事 事 的 为 了 女 人 决 斗、打 猎 和 挥 霍 他 家 族 留 下 的 黄 金。但 有 时 太 多 的 无 节 制 快 乐 会 导 致 不 必 要 的 结 果。你，一 个 和 酒 吧 女 招 待 乱 搞 生 下 的 孩 子，一 个 不 承 认 你 的 父 亲。
qstr_Without_any_memory_l|你 的 父 亲 已 不 记 得 血 之 契 约 之 前 的 人 生。他 是 某 位 吸 血 鬼 的 贴 身 奴 仆，被 强 迫 学 习 武 器 与 战 斗，一 生 只 为 消 灭 主 人 的 敌 人，与 其 说 是 个 打 手，不 如 说 是 一 件 工 具。他 的 意 志 早 已 被 彻 底 摧 毁；为 了 得 到 更 多 可 操 纵 的 棋 子 和 可 饮 用 的 鲜 血，吸 血 鬼 命 令 他 繁 衍 后 代。你 就 这 样 出 生 了。
qstr_Hailing_from_Wurtbad|你 的 父 亲 是 一 个 来 自 斯 特 省 首 府 乌 特 拜 德 的 酒 商。他 和 他 的 大 篷 车 穿 越 帝 国 各 地 销 售 著 名 的 斯 特 德 尔 酒。在 一 次 前 去 德 肯 霍 夫 的 路 上，车 队 遭 到 盗 匪 的 袭 击，胆 小 的 他 逃 跑 了。几 天 之 后 他 被 发 现 躺 在 一 个 泥 泞 的 池 塘 里。经 历 如 此 打 击 后，心 灰 意 冷 的 他 在 当 地 娶 了 一 位 农 妇，生 了 很 多 孩 子 定 居 下 来。你 是 他 们 中 的 一 个。
qstr_A_warrior_can_be_str|一 个 强 大 的 战 士，他 的 能 力 无 与 伦 比，他 的 意 志 坚 硬 如 钢。然 而，没 有 好 的 装 备，再 厉 害 的 战 士 也 得 跪。这 就 是 你 的 工 作：锻 造 来 自 奥 苏 安 精 灵 技 艺 的 利 刃 和 盔 甲。你 的 锤 子 砸 在 砧 上，当 你 制 作 那 些 致 命 的 艺 术 品 时，你 的 熔 炉 被 烫 焦 了。在 掌 握 了 高 超 技 艺 后，你 决 定 开 启 旧 世 界 的 探 险。但 没 有 人 真 的 知 道 未 来 会 带 来 什 么。所 以，几 个 世 纪 后，你 变 成……
qstr_Born_under_the_bless|出 生 于 库 尔 纳 斯 的 祝 福 下，你 一 直 有 让 人 目 瞪 口 呆 的 视 力 和 不 可 思 议 的 方 向 感。空 旷 的 沙 漠、茂 盛 的 森 林，你 内 心 的 指 引 总 会 让 你 走 向 正 确 的 道 路。你 不 可 思 议 的 能 力 让 你 决 定 加 入 远 征 军 开 始 对 旧 世 界 的 探 险。然 而，当 你 来 到 艾 瑟 洛 伦 时 一 切 都 发 生 了 改 变，让 你 成 为……
qstr_In_a_world_as_perilo|在 一 个 像 你 一 样 危 险 的 世 界 里，在 那 里 总 是 有 东 西 试 图 杀 死 其 他 东 西，战 争 在 这 里 代 替 了 一 切。你 是 这 个 危 险 游 戏 的 玩 家 之 一。你 开 始 不 记 得 你 的 家 人、你 的 朋 友 的 摸 样，他 们 的 形 象 早 就 撕 裂 在 了 残 酷 和 血 腥 的 战 斗 中。所 以，输 给 了 世 界，你 放 弃 了 选 择 离 开。你 的 到 来 就 像 长 生 不 老 药，当 你 看 到 一 个 机 会 的 开 始……
qstr_The_elven_nature_is_|精 灵 的 本 性 与 魔 法 之 风 紧 密 相 连，他 们 的 历 史 可 追 溯 至 世 界 最 初 的 年 代。你 曾 以 生 命 起 誓 守 护 这 份 知 识，成 为 与 魔 法 高 度 共 鸣 的 调 律 者，仿 佛 无 数 生 命 都 流 淌 于 你 的 灵 魂。正 因 如 此，你 被 选 入 前 往 旧 世 界 的 远 征 军，作 为 精 灵 文 化 与 魔 法 智 识 的 活 见 证。然 而，抵 达 艾 瑟 洛 伦 后，正 是 这 份 强 烈 的 魔 法 共 鸣 改 变 了 你，使 你 化 为……
qstr_As_an_emissary_of_Ul|作 为 乌 瑟 安 的 使 者 和 凤 凰 王，你 是 调 解 与 内 陆 人 口 矛 盾 的 桥 梁。但 战 争 的 爆 发 打 断 了 一 个 你 的 工 作。对 于 一 个 智 慧 的 使 者 而 言，战 斗 不 是 你 的 强 项。你 在 恐 惧 中 逃 亡，直 到 你 来 到 艾 瑟 洛 伦 的 森 林 避 难。在 这 里 你 慢 慢 被 其 他 逃 亡 精 灵 所 影 响，在 这 里 你 变 成 了……
qstr_Your_fascination_for|你 对 冒 险 和 异 国 情 调 的 追 寻 让 你 把 自 己 和 殖 民 者 划 清 了 界 限。你 永 远 不 会 在 一 个 地 方 安 定 下 来。难 怪 当 复 仇 的 战 争 爆 发 了，你 稀 缺 的 民 族 责 任 感 让 你 远 离 了 战 斗，跟 随 着 其 他 精 灵 逃 离 到 了 艾 瑟 洛 伦。在 这 里，你 找 到 了 你 的 家，并 开 始 你 的 新 生 活……
qstr_The_highest_art_of_t|将 恶 魔 束 缚 于 无 生 命 之 物，是 Dawi Zharr最 高 深 的 技 艺。这 不 仅 危 险 万 分、极 度 消 耗 肉 体，也 是 理 解 其 造 物 中 隐 藏 力 量 的 关 键。身 为 恶 魔 束 缚 者，你 既 是 技 艺 卓 绝 的 工 匠，也 是 深 谙 更 大 邪 恶 的 黑 暗 行 家；终 有 一 日，你 或 许 会 成 为 强 大 的 恶 魔 铁 匠。然 而，在 漫 长 的 道 路 上，某 种 变 化 降 临 到 了 你 身 上……
qstr_A_sadistic_master_of|一 个 把 痛 苦 当 作 娱 乐、仪 式 或 说 服 的 施 虐 狂 大 师。一 个 对 刻 在 活 人 肉 体 的 道 路 和 小 径 有 深 刻 鉴 赏 力 的 人。你 对 受 害 者 尸 体 的 折 磨 和 悲 伤 的 献 身 一 直 是 你 的 领 主 们 满 足 的 源 泉，他 们 残 忍 的 痛 苦 被 巧 妙 地 设 计 成 尽 可 能 长 的 时 间，每 一 滴 血 都 向 牛 神 献 祭。直 到 有 一 天，有 些 事 情 改 变 了 你……
qstr_A_position_of_main_i|奴 隶 主 在 奴 隶 制 驱 动 的 混 沌 矮 人 社 会 中 占 据 着 重 要 地 位，奴 隶 主 不 仅 要 负 责 对 指 定 臣 民 的 完 全 服 从 驯 化 和 提 交 其 指 定 的 材 料，而 且 还 要 对 他 们 进 行 统 治 和 战 争 动 员，你 残 酷 无 情 使 这 一 行 为 很 容 易 被 执 行。你 总 是 准 备 好 以 你 个 人 成 功 的 名 义 将 一 群 毫 无 价 值 的 消 耗 品 送 上 绝 路，你 加 入 了 探 险 队，但 沿 途 一 幅 不 同 寻 常 的 景 象 让 你 赞 叹 不 已……
qstr_Unbent._Unbroken._Th|不 屈，不 破。达 维 扎 尔 军 团 由 旧 世 界 最 守 纪 律、最 冷 酷 无 情 的 士 兵 组 成。厚 重 金 属 甲 片 之 下，熔 岩 般 炽 热 的 残 暴 等 待 着 释 放 命 令。作 为 一 名 技 艺 出 众 的 士 兵，你 的 领 主 决 定 让 你 所 在 的 小 队 加 入 他 的 新 一 轮 征 服 行 动。你 并 不 知 道，途 中 发 生 的 某 件 事 将 改 变 你……
qstr_One_of_the_lieutenan|你 曾 是 炼 狱 守 卫 的 一 名 副 官，历 经 千 场 战 斗，是 哈 舒 特 以 鲜 血、灵 魂、锻 造 金 属 与 黑 魔 法 塑 成 的 活 武 器，并 以 此 赎 偿 过 去 的 罪 孽。作 为 一 名 铁 誓 者，你 对 黑 暗 之 父 的 极 端 忠 诚 和 赎 罪 意 志，使 你 毫 不 犹 豫 地 接 受 扩 张 与 追 求 更 大 荣 耀 的 使 命，渴 望 给 弱 小 种 族 带 去 死 亡 与 恐 惧。^然 而 有 一 天，你 亲 眼 见 到 的 一 件 事 引 起 了 你 的 注 意……
qstr_Indeed_the_Chaos_Dwa|事 实 上，混 沌 矮 人 是 一 个 孤 立 主 义 者 群 体，尽 管 他 们 的 产 业 和 社 会 需 要 大 量 的 资 源 和 人 力 来 维 持。这 是 你 比 其 他 人 更 了 解 的，这 就 是 为 什 么 你 有 幸 与 诺 斯 卡 人 民 和 饥 饿 的 食 人 魔 交 易 你 人 民 的 饰 品 和 手 工 艺 品，以 换 取 更 多 的 奴 隶 和 金 属。但 即 使 是 像 你 这 样 的 旅 行 者 也 永 远 不 会 真 正 了 解 世 界 的 一 切，所 以 你 一 看 到……
qstr_The_first_and_greate|卢 斯 特 里 亚 最 早 也 是 最 伟 大 的 庙 宇 城 市，蜥 蜴 人 文 明 的 脉 动 核 心 和 古 老 文 明 的 最 重 要 家 园。你 和 其 他 几 只 灵 蜥 一 起 产 卵，当 一 只 小 蝌 蚪 冲 出 沸 腾 的 泥 潭 时，你 已 经 可 以 感 觉 到 大 金 字 塔 的 神 奇 光 芒 弥 漫 在 你 的 内 心 深 处，一 个 上 升 的 信 仰 将 你 和 你 的 兄 弟 们 与 首 要 城 市 的 高 等 权 力 机 构 联 系 在 一 起，赋 予 你 一 种 与 生 俱 来 的 对 魔 法 之 风 的 理 解。但 这 不 是 你 能 感 觉 到 的 唯 一 触 动 你 的 思 想 和 灵 魂 的 东 西，还 有 更 多，因 为 你 的 后 代 被 上 帝 触 动 了 
qstr_The_northernmost_of_|赫 克 索 特 尔 是 现 存 庙 宇 城 市 的 最 北 端，是 抵 御 来 自 纳 加 罗 特 北 部 土 地 的 所 有 威 胁 的 堡 垒 和 第 一 道 防 线，由 灰 卫 士 活 山 保 护，灰 卫 士 活 山 是 传 说 中 的 史 兰 领 主 马 兹 达 蒙 迪 本 人 的 魔 法，这 里 是 整 个 卢 斯 特 里 安 大 陆 最 勇 敢、最 强 壮 的 战 士 的 家 园。你 的 后 代 数 量 众 多，你 和 你 的 兄 弟 们 在 长 出 四 肢 后 立 即 开 始 显 示 出 强 大 的 体 能。然 而，你 却 不 知 道 这 不 仅 仅 是 出 于 偶 然 和 自 然，而 是 上 帝 的 恩 赐 
qstr_Founded_during_the_l|在 混 沌 之 月 尚 未 出 现、夜 空 只 有 一 轮 明 月 的 失 落 远 古，特 拉 克 斯 兰 圣 殿 城 便 已 建 立。低 等 种 族 把 那 颗 黑 暗 卫 星 称 作 莫 斯 利 布，扭 曲 的 鼠 辈 军 团 则 称 其 为 莫 斯 克 里 特。特 拉 克 斯 兰 正 如 一 只 仰 望 苍 穹 的 巨 眼，蜥 人 帝 国 由 此 研 究 并 驾 驭 宇 宙 的 力 量。你 在 银 月 完 整 而 庄 严 的 光 辉 下 孵 化；初 次 从 泥 浆 中 呼 吸 时，涌 入 脑 海 的 不 只 是 空 气，还 有 预 言 与 祖 先 知 识，它 们 来 自 笼 罩 全 城 的 魔 法 帷 幕。这 场 受 祝 福 的 孵 化 引 来 了 更 高 存 在 的 注 视，一 位 神 祇 因 而 赐 下 礼 物：
qstr_Twin_of_the_great_It|作 为 大 伊 察 城 和 老 伊 察 人 建 造 的 第 二 个 定 居 点 的 孪 生 兄 弟，圣 殿 城 Xlanhuapec是 一 个 传 说 中 存 在 的 地 方，但 除 了 蜥 蜴 人 自 己 和 很 少 的 古 代 外 人 之 外，大 多 数 人 都 不 知 道 它 的 存 在，因 为 它 永 远 笼 罩 在 难 以 穿 透 的 守 护 者 迷 雾 咒 语 中，使 独 眼 大 都 市 在 入 侵 者 和 掠 夺 者 眼 中 看 不 见。在 城 市 的 迷 雾 笼 罩 下，你 从 那 里 出 来 的 产 卵 池 里 充 满 了 新 的 生 命，你 和 你 的 兄 弟 姐 妹 们 很 快 成 长 并 适 应 了 雾 中 的 生 活，形 成 了 一 种 自 然 的 态 度，可 以 在 不 被 注 意 的 情 况 下 快 速 潜 伏 在 街 垒 的 石 巷 和 茂 密 的 丛 林 中。虽 然 你 们 比 其 他 人 有 更 多 的 东 西，一 些 特 别 的 东 西，也 许 是 上 帝 的 工 作 
qstr_The_twice_fallen_cit|两 次 沦 陷 的 阿 克 斯 洛 特 城 是 神 秘 的 隐 士 委 员 会 的 所 在 地，该 委 员 会 由 盯 着 星 星 的 史 兰 祭 司 组 成，是 一 个 连 大 多 数 蜥 蜴 人 都 认 为 早 已 被 遗 弃 的 神 秘 地 方。在 这 座 古 庙 城 的 废 墟 中，除 了 魔 法 圆 顶 遮 蔽 着 整 个 破 碎 定 居 点 的 诡 异 嗡 嗡 声 外，再 也 听 不 到 任 何 低 语 或 低 语。就 是 在 这 里，在 这 些 古 老 的 废 墟 中，你 孕 育 了，但 不 是 一 个 普 通 的 灵 蜥，一 些 不 同 的 东 西，一 些 被 认 为 是 失 落 的 星 城 本 身。一 种 变 色 龙 灵 蜥，被 遗 忘 的 帕 乌 阿 克 斯 的 后 代。为 一 个 天 生 的 猎 人 和 隐 藏 大 师，你 很 快 就 被 征 召 加 入 了 众 多 同 类 部 落 中 的 一 员，这 些 部 落 守 卫 着 隐 藏 在 树 枝 和 藤 蔓 之 间 的 魔 法 屏 障 的 边 界，然 而 你 独 特 的 产 卵 却 比 眼 睛 所 能 看 到 的 要 多，因 为 这 是 上 帝 所 偏 爱 的 
qstr_The_event_of_the_spa|你 所 参 与 的 产 卵 事 件 被 尊 为 奇 迹 般 的 事 件，因 为 数 千 年 来，在 瓦 特 尔 神 庙 的 废 墟 中 没 有 新 生 命 诞 生，事 实 上，领 导 这 座 曾 经 伟 大 的 圣 殿 城 再 殖 民 和 新 觉 醒 的 牧 师 们 认 为 这 是 一 个 古 老 诅 咒 的 解 除 和 他 们 努 力 的 成 功。在 你 完 成 成 长 周 期 后 不 久，你 和 其 他 新 出 生 的 灵 蜥 就 加 入 了 重 建 队 伍，学 习 了 建 造 和 雕 刻 宏 伟 建 筑 的 复 杂 艺 术，这 些 建 筑 装 饰 了 你 的 人 民 的 伟 大 城 市。你 的 快 速 学 习 技 能 和 对 你 的 手 艺 的 快 速 掌 握，显 然 有 一 个 超 自 然 的 性 质 起 作 用，因 为 你 在 孵 化 时 被 上 帝 触 摸 了 
qstr_Your_father_taught_y|你 父 亲 教 导 你 如 何 对 抗 混 沌 的 信 念 和 奉 献 精 神，培 养 你 成 为 一 名 自 给 自 足，充 满 禁 欲 主 义 和 如 恶 狼 般 凶 猛 的 勇 士。
qstr_Loyalty_and_obedienc|忠 诚 和 服 从 对 你 的 父 亲 来 说 意 味 着 一 切，他 曾 经 是 政 府 的 秘 密 警 察，帮 助 沙 皇 消 灭 那 些 内 在 的 敌 人。你 经 常 看 到 他 辨 别 那 些 狡 猾 的 客 人，引 诱 他 们 进 入 危 险 的 对 话，阅 读 他 们 的 每 一 个 手 势。
qstr_As_part_of_Kislev_s_|作 为 基 斯 里 夫 的 世 袭 贵 族，你 父 亲 散 发 出 的 魅 力，残 忍，冷 酷 和 温 暖 很 长 时 间 一 直 影 响 着 周 围 的 子 民。没 有 任 何 严 酷 的 冬 季 或 北 边 的 部 落 能 够 打 败 他，他 永 远 坚 定 和 乐 观 的 脸 让 敌 人 直 逼 死 亡。
qstr_Dark_humor_and_a_bel|黑 色 幽 默 和 一 个 大 大 的 啤 酒 肚 是 你 父 亲 生 存 的 秘 诀，他 从 寒 冷 的 季 节 保 护 你 的 家 庭 不 受 未 知 恐 惧 的 威 胁。在 遥 远 的 北 方，深 蓝 色 的 夜，你 唯 一 可 以 相 信 的 是 嘶 嘶 的 雪。库 萨 尔 骑 兵 奔 袭 过 的 雪 地 被 鲜 血 染 红，命 运 的 变 故 让 你 捡 起 了 父 亲 的 佩 剑。
qstr_Your_father_taught_yo|父 亲 告 诉 你，力 量 才 是 通 往 真 理 的 道 路。在 无 边 草 原 上，唯 一 会 回 响 的，是 夺 取 所 需 之 物 的 意 志。农 民 与 城 镇 居 民 已 经 听 不 见 这 种 回 响，所 以 你 有 责 任 提 醒 他 们：让 你 的 战 吼 与 他 们 的 惨 叫 再 次 填 满 空 旷 天 地。
qstr_Your_father_was_a_hu|父 亲 是 一 名 猎 人，也 是 对 抗 北 境 严 酷 自 然 的 生 存 大 师。每 当 你 以 为 狂 风 呼 啸 得 更 加 凶 猛 时，他 总 能 平 安 回 到 炉 火 旁。他 教 你 分 辨 雪 的 各 种 落 法、冻 湖 的 秘 密 与 厄 孙 造 物 的 习 性；它 们 穿 行 荒 原，不 只 为 生 存，也 为 独 自 沉 浸 在 自 然 冰 冷 核 心 的 喜 悦。
qstr_Your_early_youth_was|你 的 青 少 年 是 在 帮 助 母 亲 做 饭，维 护 火 灾，修 理 房 子 中 度 过 的。毕 竟，家 是 你 唯 一 的 避 难 所，抵 御 愤 怒 神 灵 意 志 的 港 湾。
qstr_As_a_child_you_once_|孩 提 时，你 梦 见 一 头 巨 大 白 熊 与 山 峰 搏 斗 并 取 得 胜 利，带 着 千 百 道 骇 人 伤 疤 威 严 地 立 在 你 面 前。你 对 苍 白 地 平 线 感 到 亲 切，也 深 深 同 情 北 方 的 动 物—— 它 们 与 你 如 此 相 似，却 又 如 此 不 同。你 喜 欢 跟 随 游 牧 的 神 秘 人 士，尽 管 村 中 男 人 皱 眉、女 人 摇 头 表 示 不 满。
qstr_Amazed_at_the_power_|你 惊 叹 于 冰 女 巫 随 心 塑 造 整 片 冰 原 的 伟 力，因 而 投 入 一 个 冰 女 巫 集 会 麾 下，学 习 寒 冬 的 神 圣 本 质 与 其 炽 烈 如 火 的 激 情。由 于 缺 乏 魔 法 天 赋，你 只 能 研 习 知 识、服 侍 她 们，处 理 稀 有 材 料，并 在 漫 长 岁 月 中 渐 渐 理 解 冰 之 奥 秘。
qstr_The_growth_of_your_v|你 村 庄 的 成 长 不 仅 反 映 了 女 沙 皇 的 秩 序 愿 景，也 反 映 了 其 领 袖 阿 塔 曼 的 专 长。被 权 威 的 扩 展 所 累，阿 塔 曼 组 建 了 一 个 小 型 顾 问 团，你 成 为 了 其 中 一 员，或 许 得 益 于 绝 望 和 运 气 各 半。你 最 终 理 解，权 力 始 于 边 疆，终 于 混 沌 的 威 胁。
qstr_After_losing_everyth|在 一 场 可 怕 的 冰 风 暴 中 失 去 一 切 后，你 连 续 数 日 跟 随 一 支 卡 扎 克 掠 夺 队。他 们 从 一 开 始 就 注 意 到 了 你，但 意 识 到 一 个 迷 失、饥 饿 的 年 轻 基 斯 莱 夫 人 对 他 们 的 团 体 没 有 危 险。几 周 后，你 靠 残 羹 和 根 茎 幸 存 下 来，他 们 最 终 派 出 一 名 战 士 挑 战 你，测 试 你 的 勇 气。你 的 灵 魂 终 于 知 晓 了 寒 冷 的 真 正 寂 静，你 猛 烈 地 击 败 了 敌 人，在 队 伍 其 余 人 眼 中 显 得 像 一 股 不 可 战 胜 的 自 然 力 量。他 们 接 纳 你 为 其 中 一 员，让 你 暂 时 与 他 们 一 起 骑 行 到 世 界 的 遥 远 角 落。
qstr_You_were_sworn_in_to|你 宣 誓 效 忠 于 一 名 德 鲁 日 纳，一 位 当 地 小 贵 族，他 教 你 基 斯 莱 夫 贵 族 战 士 的 方 式。你 逐 渐 理 解 了 女 沙 皇 的 意 志，当 你 协 助 德 鲁 日 纳 所 代 表 的 剑 与 盾，刺 穿 黑 暗，让 伟 大 的 寂 静 白 色 永 远 统 治 时，你 对 她 的 土 地 法 律 的 忠 诚 变 得 无 可 争 议。
qstr_Your_father_was_one_|你 的 父 亲 是 部 落 中 最 强 的 人 之 一，^当 他 在 战 场 上 他 杀 死 了 他 的 第 一 个 牺 牲 品 就 感 觉 到 他 神 的 呼 召。在 你 的 部 落 都 受 到 每 个 人 极 大 的 尊 重，他 是 鼓 舞 了 你 和 其 他 年 轻 族 人 ^，你 从 他 身 上 学 到 了 很 多 东 西，直 到 他 离 开 了 强 大 的 战 团，再 也 没 有 回 来。
qstr_Your_father_rode_a_g|你 的 父 亲 骑 着 一 辆 巨 大 的 战 车 投 入 战 斗，战 车 带 有 八 英 尺 长 的 镰 刀 和 铁 制 轮 子，铁 质 如 此 坚 硬，它 们 会 压 碎 任 何 从 下 面 经 过 的 人。战 车 由 两 匹 你 见 过 的 最 大 的 马 匹 拉 动，他 在 战 场 上 的 功 绩 使 他 在 所 有 部 落 中 拥 有 最 伟 大 的 荣 誉 之 一。
qstr_Your_father_was_a_dr|你 的 父 亲 是 个 酒 鬼，对 战 场 上 的 防 守 与 自 保 一 窍 不 通。他 总 会 在 开 战 前 喝 得 烂 醉，随 后 一 头 撞 向 敌 军 最 强 大 的 部 队。他 居 然 能 活 到 留 下 后 代，本 身 就 是 个 奇 迹。
qstr_Your_father_was_a_ma|你 的 父 亲 是 个 很 好 的 人，谁 都 喜 欢 他，他 总 是 保 持 本 色，他 不 像 其 他 的 北 方 人 一 样 粗 鲁，相 反 他 是 个 很 安 静 的 人。他 作 为 伐 木 工 凭 着 过 人 的 力 量 和 毅 力 日 以 继 夜 的 为 混 沌 海 军 建 造 着 战 舰。
qstr_Your_father_was_an_a|你 的 父 亲 是 个 在 深 山、溶 洞 和 地 牢 里 不 停 歇 的 搜 索 被 遗 忘 的 宝 藏 的 野 蛮 人，^他 带 领 着 一 支 由 精 灵、矮 人 和 巫 师 组 成 的 四 人 小 队。^在 他 曾 在 你 们 家 族 所 在 的 堡 垒 中 的 地 下 格 斗 打 败 兽 人 酋 长 高 嘎 特、死 灵 法 师 冈 瑟 ·兰 斯 切 和 大 牛 头 王。
qstr_Your_father_was_the_c|你 的 父 亲 是 一 个 大 型 掠 夺 者 部 落 的 首 领，不 断 骚 扰 帝 国，并 且 总 是 最 先 响 应 战 役 号 召 的 人 之 一。他 近 七 英 尺 高，强 壮 如 牛，挥 舞 着 他 信 赖 的 斧 头，一 击 就 能 将 人 劈 成 两 半。他 对 自 己 的 诺 斯 卡 马 匹 感 到 非 常 自 豪，并 在 你 刚 会 走 路 时 就 教 你 骑 马。
qstr_Your_father_was_a_te|你 的 父 亲 是 名 在 和 平 时 期 镇 守 神 庙 的 神 庙 守 卫。如 果 军 队 需 要，作 为 神 庙 守 卫 的 他 们 也 会 出 征 敌 国，因 为 他 们 勇 猛 得 无 人 可 敌。如 果 军 队 里 有 神 庙 守 卫 他 将 会 用 生 命 守 护 沙 历 士 秘 法 祭 司。
qstr_Lizardmen_don_t_get_|来 自 露 斯 契 亚 的 蜥 蜴 人 没 有 获 得 应 有 的 尊 重 之 外，许 多 其 他 种 族 认 为 他 们 愚 蠢 和 军 事 力 量 贫 乏，但 这 是 完 全 不 符 的，你 的 父 亲 是 梭 洛 士 大 军 中 的 军 事 战 略 大 师，以 堪 称 艺 术 的 战 略 给 以 旧 世 界 不 同 种 族 军 团 痛 击。
qstr_Your_father_was_an_o|你 的 父 亲 是 一 名 老 血，拥 有 一 支 超 过 二 百 五 十 名 士 兵 的 个 人 忠 诚 军 队。他 与 蜥 蜴 人 军 队 有 着 悠 久 的 历 史，并 且 是 派 往 旧 世 界 击 败 混 沌 的 露 丝 契 亚 入 侵 部 队 中 的 主 要 老 血 之 一。他 在 克 拉 卡 · 多 登 和 普 拉 格 之 间 土 地 上 的 三 场 伟 大 战 役 之 一 中 阵 亡，但 他 的 军 队 为 了 纪 念 他 赢 得 了 战 斗，然 后 将 他 的 尸 体 带 回 露 丝 契 亚 举 行 盛 大 仪 式。
qstr_{reg3?daughter:son}|{reg3?女 儿 :儿 子 }
qstr_Your_father_was_part|你 的 父 亲 是 露 丝 契 亚 入 侵 部 队 中 一 支 精 锐 骑 兵 单 位 的 一 员。他 极 其 坚 韧 和 耐 用，通 常 在 战 斗 到 最 后 几 人 时 是 最 后 一 个 未 被 击 败 的 人。他 曾 经 在 一 次 全 速 冲 锋 中，被 一 名 神 选 战 士 用 恐 虐 斧 头 正 面 击 中 胸 部，不 仅 幸 存 下 来，而 且 转 身 用 你 的 长 矛 刺 穿 了 那 名 战 士。花 了 三 个 小 时 才 将 斧 头 从 你 父 亲 的 身 体 中 取 出，这 个 故 事 伴 随 了 他 的 整 个 军 事 生 涯。
qstr_Lustria_is_full_of_a|露 丝 契 亚 充 满 了 令 人 惊 叹 的 建 筑，从 大 金 字 塔 到 巨 图 腾 柱 和 华 丽 装 饰 的 大 门。你 的 父 亲 是 伟 大 的 建 筑 师 之 一，他 理 解 神 祇，并 理 解 露 丝 契 亚 建 筑 中 每 个 细 节 的 关 键 重 要 性。
qstr_Your_father_was_a_kr|你 的 父 亲 是 一 名 训 练 师，他 总 在 出 生 几 周 后 接 手，并 通 过 严 格 的 训 练 计 划 抚 养 它 们，为 它 们 在 战 场 上 的 未 来 需 求 做 准 备，并 确 保 它 们 尽 可 能 容 易 沟 通。
qstr_{reg3?daughter:man}|{reg3?女 儿 :儿 子 }
qstr_{reg3?woman:man}|{reg3?女 人 :男 人 }
qstr_The_rocky_terrain_of|黑 山 的 岩 石 地 形 是 你 的 孢 子 落 下 的 地 方。周 围 的 冷 石 似 乎 过 度 发 育 了 你 的 肌 肉，使 它 们 比 正 常 更 大 更 强 壮。（我 要 成 为 一 个 强 壮 的！）你 在 真 菌 荚 内 想 道，感 觉 四 肢 收 缩 发 出 爆 裂 声。一 旦 离 开 荚 子，你 加 入 了 一 群 绿 皮 掠 夺 者，成 为……
qstr_Your_spores_were_pla|你 的 孢 子 被 种 植 在 黑 暗 之 地 的 黑 化 土 壤 中，这 是 混 沌 矮 人 的 领 地，你 的 创 造 者 的 土 地。在 你 的 真 菌 荚 内，一 个 完 美 的 战 争 机 器 正 在 生 成。当 你 的 成 熟 过 程 结 束 时，你 打 破 了 蘑 菇 子 宫，发 出 一 声 强 大 的 呼 喊。（哇 啊 啊 啊 啊 啊 啊 啊 啊 啊！）。一 个 黑 兽 人 诞 生 了。加 入 你 亲 族 的 一 支 战 帮，你 作 为……前 往 旧 世 界。
qstr_The_heat_of_the_Badl|恶 地 的 热 量，被 地 下 热 池 放 大，确 实 对 你 的 繁 殖 产 生 了 影 响，缩 小 了 你 的 大 脑，使 其 更 像 史 奎 格 的 大 脑 而 不 是 兽 人 的。然 而，你 在 智 力 上 失 去 的，却 在 体 力 上 得 到 了 弥 补。一 个 本 能 驱 动 的 存 在，准 备 漫 游 大 地，一 个 野 蛮 兽 人。离 开 你 的 荚 子，你 跟 随 亲 族 的 熟 悉 气 味 到 一 个 洞 穴，那 里 居 住 着 一 群 野 蛮 兽 人。被 他 们 接 受 后，你 开 始 了 你 的 新 生 活，作 为……
qstr_The_intricate_forest|错 综 复 杂 的 森 林 覆 盖 着 帝 国 大 陆，完 美 地 隐 藏 了 你 的 真 菌 孢 子。你 当 时 还 不 知 道，这 片 寂 静 的 树 林 悄 悄 赋 予 了 你 一 种 增 强 的 能 力，让 你 能 在 树 木 间 悄 无 声 息 地 移 动，成 为 令 动 物 和 人 类 都 畏 惧 的 猎 人。在 你 加 入 兽 人 同 伴 袭 击 帝 国 商 队 后，他 们 称 你 为“狡 猾 的 家 伙”。兽 人 们 看 出 你 的 价 值，便 接 纳 你 加 入 他 们 的 战 帮，于 是 你 成 为 了……
qstr_Under_the_mantle_of_|在 青 翠 山 谷 的 掩 护 下，你 的 孢 子 发 育 成 了 最 终 形 态。在 平 原 上 奔 跑 很 快 让 你 的 双 腿 天 生 更 强 壮，地 区 丰 富 的 野 生 动 物 为 你 和 你 的 同 族 提 供 了 食 物 和 坐 骑。用 力 量 换 取 更 高 的 速 度，你 的 野 猪 骑 兵 掠 夺 队 成 为 山 谷 中 人 类 农 场 和 村 庄 的 可 怕 存 在，足 以 引 发 帝 国 的 反 应。在 一 场 惨 败 于 帝 国 后，你 的 小 队 被 歼 灭，你 逃 离 并 加 入 了 一 个 更 大 的 战 吼，在 那 里 你 成 为 了……
qstr_Deep_in_the_frozen_h|在 世 界 边 缘 山 脉 冰 封 的 腹 地，你 的 菌 体 在 永 恒 积 雪 下 萌 发。严 寒 让 你 的 皮 肤 坚 如 铁 甲，血 肉 也 变 得 如 钢 铁 般 强 韧。刚 从 孢 囊 里 钻 出 来 不 久，你 便 撞 见 一 座 绿 皮 围 攻 营 地，他 们 正 准 备 袭 击 一 座 矮 人 要 塞。你 加 入 了 他 们，在 地 下 隧 道 中 并 肩 厮 杀，用 倒 霉 矮 人 的 鲜 血 完 成 了 自 己 的 第 一 次 洗 礼。还 没 杀 够 的 你 留 在 部 落，开 始 担 任……
qstr_In_the_darkness_of_a|在 深 洞 的 黑 暗 中，你 的 孢 子 吸 收 了 周 围 环 境 的 特 性，相 应 地 改 变 了 你 的 基 因 结 构。一 旦 出 生，你 的 皮 肤 比 普 通 地 精 更 苍 白，你 的 小 红 眼 已 经 完 全 适 应 了 无 光 环 境，你 的 肺 和 肌 肉 更 强 壮，让 你 能 轻 松 在 地 底 深 处 移 动 和 呼 吸。你 天 生 就 是 一 个 夜 地 精。在 第 一 个 满 月 之 夜，你 本 能 地 离 开 地 洞，加 入 了 该 地 区 众 多 夜 地 精 战 帮 之 一。他 们 接 纳 你 作 为……
qstr_It_is_an_uncommon_th|地 精 孢 子 很 少 能 在 严 寒 中 存 活 到 孵 化，但 你 做 到 了。你 从 菌 类 孢 囊 中 顺 利 成 长 并 钻 了 出 来。覆 盖 孢 子 的 积 雪 让 你 的 皮 肤 更 加 厚 实，肌 肉 也 远 比 普 通 同 类 发 达，使 你 成 为 族 群 中 少 见 的 异 类。你 很 快 找 到 一 个 部 落 并 被 接 纳，在 那 里 担 任……
qstr_Unbeknownst_to_many_|许 多 人 不 知 道，帝 国 东 北 地 区 的 森 林 中 充 满 了 等 待 孵 化 的 地 精 真 菌 孢 子，你 的 孢 子 就 在 其 中。从 孢 囊 中 出 来 片 刻 后，该 地 区 游 荡 的 一 伙 同 族 迅 速 抓 住 你，但 片 刻 后 释 放 了 你，认 出 你 是 他 们 的 一 员：一 个 森 林 地 精。你 毫 不 犹 豫 地 加 入 了 崇 拜 蜘 蛛 的 一 伙，在 那 里 你 生 活 作 为……
qstr_The_Badlands_the_ide|你 的 故 事 始 于 恶 地。这 里 炎 热 干 燥，地 下 却 散 布 着 水 池，是 地 精 繁 衍 生 息 的 理 想 之 地。你 出 生 时 只 是 个 普 普 通 通 的 地 精，没 有 任 何 特 别 之 处。作 为 无 数 同 类 中 的 一 员，你 加 入 了 遍 布 恶 地 的 某 个 部 落，并 在 那 里 担 任……
qstr_The_historicians_of_|旧 世 界 的 历 史 学 者 一 致 认 为，绿 皮 起 源 于 世 界 东 方、大 可 汗 国 所 在 的 辽 阔 草 原，而 你 的 生 命 也 从 那 里 开 始。你 天 生 比 普 通 地 精 更 强 壮、更 高 大，也 更 加 狡 猾—— 你 是 一 名 霍 布 地 精，是 地 精 中 最 邪 恶、最 危 险 的 种 类。你 加 入 族 人 的 一 支 游 牧 Waagh！，在 与 印 地 和 震 旦 人 的 战 斗 中 屡 次 证 明 自 己，最 终 获 得 新 可 汗 的 认 可，留 在 部 落 中 担 任……
qstr_Being_born_in_the_im|出 生 在 帝 国 南 部 肥 沃 的 农 田 固 然 有 好 处，对 地 精 而 言 却 也 危 机 四 伏。孤 身 一 人，又 到 处 都 是 敌 视 你 的“虾 米 小 子”，你 很 快 学 会 靠 偷 窃 维 生，也 学 会 在 事 发 后 迅 速 逃 走—— 或 让 目 击 者 永 远 闭 嘴。后 来，一 群 来 自 山 地 的 地 精 掠 夺 者 袭 击 了 你 出 生 地 附 近 的 小 农 庄，你 的 独 行 生 涯 就 此 结 束。你 加 入 他 们，开 始 担 任……
qstr_Your_father_was_a_me|你 的 父 亲 是 泰 瑞 昂 王 子 个 人 龙 王 子 单 位 的 一 员，曾 与 他 并 肩 作 战 对 抗 恶 魔 和 黑 暗 精 灵。他 会 穿 着 在 龙 脊 山 脉 大 火 山 锻 造 的 华 丽 龙 甲 投 入 战 斗。他 作 为 世 界 上 最 伟 大 的 骑 士 之 一 载 入 史 册。
qstr_Your_father_was_a_ra|你 的 父 亲 是 一 名 游 侠，为 高 等 精 灵 和 木 精 灵 执 行 任 务。他 像 大 多 数 游 侠 一 样 是 大 师 弓 箭 手 和 追 踪 者，但 你 的 父 亲 拥 有 与 其 他 精 灵 不 同 的 森 林 连 接。森 林 会 提 供 他 保 护 和 隐 身，意 味 着 他 从 未 被 敌 人 看 见，动 物 会 帮 助 他 追 踪 他 们。
qstr_Competing_in_tournam|参 加 锦 标 赛 在 整 个 人 类 王 国 中 高 度 受 尊 重，尽 管 精 灵 尊 重 它，但 它 不 会 赢 得 巨 大 荣 誉。然 而 你 的 父 亲 热 爱 它，他 受 到 追 随 锦 标 赛 的 平 民 喜 爱，他 们 对 他 在 竞 技 场 中 的 速 度 和 技 能 感 到 惊 讶。他 是 仅 有 的 三 位 在 旧 世 界 每 个 城 镇 都 赢 得 奖 牌 的 人 之 一。
qstr_Your_father_was_a_Sw|你 的 父 亲 是 一 名 荷 斯 剑 圣，受 过 最 精 深 的 剑 术 训 练；在 正 面 交 锋 中，他 们 足 以 与 尼 朋 最 优 秀 的 武 士 部 队 匹 敌。他 曾 参 加 对 抗 黑 暗 精 灵 的 大 战，也 曾 在 分 隔 两 地 的 海 峡 沿 岸 经 历 可 怖 的 血 战。
qstr_Your_father_was_a_mas|你 的 父 亲 是 一 位 娴 熟 的 驭 手，驾 着 三 马 战 车 在 战 场 上 飞 驰，让 车 后 的 战 士 用 长 矛 和 弓 箭 收 割 敌 人。他 迷 恋 战 车 的 纯 粹 速 度，也 坚 信 那 是 战 场 上 最 安 全 的 位 置。唯 一 令 他 畏 惧 的 是 帝 国 蒸 汽 坦 克—— 那 些 钢 铁 巨 兽 总 会 优 先 碾 碎 战 车。
qstr_Your_father_was_a_Hi|你 的 父 亲 是 一 名 高 等 精 灵 贵 族，参 与 乌 苏 安 的 最 高 政 治，如 果 有 决 定 要 做 出，你 的 父 亲 确 保 在 决 定 前 能 表 达 他 的 意 见。他 博 学，受 过 战 争 训 练，并 领 导 一 支 对 他 激 进 忠 诚 的 大 军。
qstr_Your_father_was_a_bo|你 的 父 亲 是 一 名 受 雇 的 贴 身 护 卫，却 不 是 那 种 寸 步 不 离 地 跟 着 雇 主、只 靠 魁 梧 身 材 震 慑 敌 人 的 人。相 反，他 习 惯 藏 在 阴 影 中，观 察 一 切，判 断 每 一 项 可 能 的 威 胁。一 旦 出 了 状 况，他 总 能 迅 速 而 安 静 地 解 决。
qstr_Your_father_spends_h|你 的 父 亲 一 生 都 在 狂 暴 的 海 上 度 过：登 船 夺 取 奴 隶，遇 到 机 会 便 劫 掠 沿 岸 村 庄。他 擅 长 双 持 刀 剑 与 手 弩，是 个 懂 得 何 时 进 攻、何 时 撤 退 的 多 面 手。正 因 如 此，他 一 次 次 从 险 境 中 活 下 来，直 到 今 天 仍 在 海 上 航 行。
qstr_The_dark_elves_are_a|黑 暗 精 灵 冷 酷 而 无 情，因 此 你 的 父 亲 从 来 不 缺 活 干。他 是 城 中 的 刽 子 手；凡 被 判 处 死 刑 的 人，都 会 由 他 挥 动 巨 斧，精 准 地 斩 下 头 颅。全 面 战 争 爆 发 时，他 也 会 随 主 力 军 出 征，与 其 他 刽 子 手 并 肩 作 战。
qstr_Your_father_was_one_o|你 的 父 亲 是 狂 热 崇 拜 者 可 供 雇 佣 的 最 享 有 盛 誉 的 刺 客 之 一。他 被 雇 佣 进 行 高 排 名 敌 人 刺 杀，以 及 在 黑 暗 精 灵 军 队 中 渗 透 以 寻 找 叛 乱 和 煽 动 来 源。^
qstr_While_most_other_fac|虽 然 大 多 数 其 他 派 系 喜 欢 使 用 弓 或 枪 作 为 远 程 部 队，黑 暗 精 灵 通 过 雇 佣 十 字 弓 手 在 战 场 上 脱 颖 而 出。伤 害 和 速 度 介 于 上 述 武 器 类 型 之 间，十 字 弓 手 如 果 战 术 使 用 正 确，可 以 独 自 扭 转 战 局。你 的 父 亲 掌 握 了 十 字 弓 的 使 用，并 领 导 马 雷 基 特 的 一 个 关 键 单 位。
qstr_Your_father_was_a_dre|你 的 父 亲 曾 是 莫 拉 丝 麾 下 的 一 名 恐 惧 骑 士。他 在 精 灵 中 身 材 高 大，也 是 有 名 的 冷 蜥 驯 兽 师。每 次 出 战，他 都 会 携 带 一 柄 异 常 修 长 的 克 海 泰 长 刀，身 披 镶 金 战 甲；甲 胄 上 一 颗 宝 石 闪 烁 着 明 亮 绿 光，那 是 莫 拉 丝 在 成 功 围 攻 一 座 蜥 蜴 人 城 市 后 赐 给 他 的。^后 来，他 在 一 次 失 败 的 乌 苏 安 入 侵 中 战 死，那 颗 宝 石 也 从 此 下 落 不 明。
qstr_Whilst_your_father_c|虽 然 你 父 亲 在 酿 酒 方 面 比 不 上 约 瑟 夫 · 巴 格 曼，但 他 仍 然 是 矮 人 王 国 中 最 优 秀 的 替 代 酿 酒 师 之 一。他 把 酿 酒 厂 建 在 最 大 的 矿 区 旁 边，靠 近 常 驻 工 人，以 确 保 生 意 一 直 兴 旺。
qstr_Your_father_was_an_i|你 父 亲 曾 是 一 名 铁 砧 守 卫，属 于 一 个 以 坚 守 阵 地 对 抗 斯 卡 文 鼠 人 族 群 而 闻 名 的 单 位。他 的 单 位 守 卫 着 一 条 古 老 的 漫 长 隧 道，这 条 隧 道 连 接 军 队 的 主 要 炮 兵 工 厂 和 一 片 荒 芜 的 洞 穴 网 络，许 多 斯 卡 文 鼠 人 居 住 在 那 里，它 们 经 常 利 用 隧 道 进 行 伏 击。你 父 亲 和 他 的 单 位 巡 逻 隧 道，坚 决 抵 抗 任 何 发 现 的 攻 击 者。他 们 24人 著 名 地 击 退 了 210只 鼠 人 的 军 队，那 些 鼠 人 意 图 在 主 要 入 侵 之 前 摧 毁 军 队 的 大 炮。
qstr_For_all_the_Empire_s|尽 管 帝 国 付 出 了 诸 多 努 力，但 世 界 上 最 先 进、最 具 创 新 性 的 机 械 仍 是 由 矮 人 制 造 的。可 以 说，他 们 最 伟 大 的 成 就 是 工 程 师 公 会 设 计 的 旋 翼 机。发 明 旋 翼 机 是 为 了 在 远 距 离 传 递 消 息 和 运 送 装 备，因 为 缺 乏 骑 兵 意 味 着 远 距 离 旅 行 更 加 困 难。在 战 斗 中，旋 翼 机 装 备 有 架 设 的 蒸 汽 枪，可 以 从 上 方 攻 击 部 队。你 父 亲 曾 有 荣 幸 驾 驶 这 些 伟 大 的 装 置 之 一。
qstr_While_other_races_wi|虽 然 其 他 种 族 运 用 魔 法 的 巨 大 力 量，但 矮 人 宁 愿 避 开 多 种 魔 法 学 派，而 是 使 用 符 文 附 魔 的 技 艺，将 他 们 的 武 器 和 盔 甲 注 入 符 文，使 最 精 锐 的 部 队 变 成 单 人 杀 戮 机 器。现 存 许 多 符 文 组 合，任 何 有 身 份 的 富 裕 矮 人 都 会 想 要 一 个 个 人 符 文 军 械 库，以 备 国 王 可 能 发 出 的 征 召。
qstr_All_Dwarves_are_at_h|所 有 矮 人 都 深 谙 地 下 世 界，你 父 亲 离 开 家 族 生 意，与 许 多 专 业 冒 险 团 体 一 起 周 游 世 界，在 最 黑 暗 的 地 牢 中 探 险。就 是 这 样，他 遇 到 了 你 的 母 亲，当 时 他 把 她 从 斯 卡 文 鼠 人 仪 式 献 祭 的 屠 杀 中 救 出，在 一 个 偶 像 殿 堂 里。
qstr_Your_father_was_a_sc|你 父 亲 曾 是 一 名 抄 写 员，记 录 伟 大 的 国 王 索 尔 格 林 · 怨 懑 持 有 者 的 编 年 史。矮 人 喜 欢 以 非 常 精 确 和 全 面 的 方 式 书 写 历 史，一 整 年 的 历 史 跨 越 数 千 页 的 情 况 并 不 罕 见。这 要 求 抄 写 员 能 够 快 速 书 写，同 时 保 持 风 格 完 美，以 适 应 皇 家 编 年 史。你 父 亲 是 他 那 一 代 中 最 出 色 的，并 担 任 这 个 职 务 数 十 年。
qstr_Your_father_fought_i|你 父 亲 曾 在 更 重 装 甲 和 武 装 的 风 暴 鼠 单 位 中 作 战。它 们 是 斯 卡 文 鼠 人 单 位 中 纪 律 性 最 高 的，是 出 色 的 突 击 部 队 或 氏 族 领 袖 的 私 人 保 镖。
qstr_Your_father_was_one_of|你 父 亲 是 瘟 疫 氏 族 的 领 袖 之 一，他 率 领 大 型 的 瘟 疫 僧 侣 和 香 炉 持 者 单 位 与 其 他 氏 族 的 核 心 部 队 并 肩 作 战。他 是 一 名 凶 猛 的 战 士，以 难 以 置 信 的 速 度 发 动 攻 击，尽 管 他 经 常 以 准 确 性 换 取 攻 击 速 度。在 战 场 之 外，他 严 格 研 究 新 的 疾 病 和 苦 难，这 些 可 能 对 人 类 人 口 造 成 巨 大 伤 害。
qstr_Your_father_was_a_we|你 父 亲 是 当 地 血 碗 球 队 中 一 名 荣 誉 卓 著 的 阴 沟 奔 跑 者，他 活 到 刚 好 让 你 能 看 到 他 比 赛。他 拥 有 近 60个 超 级 明 星 点，并 学 会 了 闪 避、侧 步 和 格 挡 等 技 能，但 最 终 他 仍 然 只 是 一 名 阴 沟 奔 跑 者，当 你 在 看 台 上 观 看 时，他 被 一 名 诺 斯 雪 怪 猛 击 倒 地，并 被 连 续 攻 击，直 到 被 抬 走 时 已 无 生 命 迹 象，且 碎 成 几 块。
qstr_Your_father_was_a_fa|你 父 亲 是 艾 辛 氏 族 的 忠 实 成 员，精 通 隧 道 挖 掘 和 隐 秘 攻 击。他 的 单 位 在 战 斗 开 始 时 消 失，但 后 来 从 无 处 出 现，给 敌 人 带 来 惊 喜，扭 转 战 局。你 父 亲 的 单 位 是 攻 城 大 师，会 挖 掘 城 墙 下 的 隧 道，从 内 部 出 现，准 备 为 入 侵 者 打 开 大 门。
qstr_Your_father_operated|你 父 亲 操 作 长 管 步 枪，属 于 一 个 两 人 小 组，通 常 部 署 在 主 军 的 侧 翼，意 图 对 试 图 从 那 个 方 向 包 抄 的 敌 方 骑 兵 单 位 造 成 严 重 损 伤。你 父 亲 和 他 的 队 友 作 为 小 单 位 的 一 部 分 或 单 独 行 动 时 都 充 满 信 心，在 战 场 上 机 动，试 图 用 他 们 毁 灭 性 的 武 器 获 得 最 佳 射 击 机 会。
qstr_Skilled_in_the_arts_|精 通 毒 药 和 隐 秘 技 艺，你 父 亲 是 一 名 训 练 有 素 的 刺 客，在 战 场 上 的 欺 骗 方 面 出 类 拔 萃。在 军 队 进 入 战 斗 之 前，他 会 提 前 侦 察，找 到 一 个 关 键 藏 身 之 处，在 战 斗 中 途 突 袭 关 键 敌 人。如 果 他 找 不 到 这 样 的 位 置，他 会 伪 装 成 一 个 普 通 的 氏 族 鼠 单 位，在 最 后 一 刻 跃 出，撕 裂 毫 无 戒 备 的 敌 方 单 位。
qstr_Your_father_was_a_de|你 的 父 亲 是 一 位 虔 诚 之 人，真 心 关 怀 自 己 的 人 民，也 愿 为 保 卫 故 国 抵 御 任 何 威 胁。虽 然 他 并 不 精 通 战 斗，却 总 与 普 通 士 兵 一 同 站 在 最 前 线。他 鼓 舞 人 心 的 演 说 远 近 闻 名，每 当 部 队 面 对 绝 境，总 能 重 新 点 燃 他 们 的 勇 气。战 斗 开 始 后，他 更 专 注 于 照 料 伤 员；但 若 有 必 要，也 能 挥 舞 战 锤 自 保 一 阵。
qstr_Your_father_was_alwa|你 的 父 亲 一 向 迷 信。你 年 幼 时，他 对 邪 恶 以 及 黑 魔 法 操 纵 者 的 恐 惧 深 深 塑 造 了 他 的 性 格。^有 一 天，他 决 定 亲 手 面 对 恐 惧，加 入 猎 巫 人 兄 弟 会。^他 很 快 成 为 兄 弟 会 中 最 强 大 的 猎 巫 人 之 一，炽 烈 的 狂 热 与 憎 恨 将 昔 日 恐 惧 一 扫 而 空。^后 来，他 参 加 了 针 对 混 沌 矮 人 营 地 的 大 规 模 进 攻，并 参 与 清 剿 巫 灵。你 的 父 亲 在 随 后 的 战 斗 中 阵 亡，^但 你 永 远 为 他 以 及 他 帮 助 取 得 的 功 绩 而 自 豪。
qstr_Your_father_worked_i|你 的 父 亲 在 伟 大 的 工 业 城 市 努 恩 工 作。他 是 一 位 声 名 远 扬 的 工 程 师，数 学 才 华 无 人 能 及；帝 国 许 多 最 杰 出 的 技 术 发 明 上 都 有 他 的 名 字，包 括 连 发 火 器 和 蒸 汽 坦 克。
qstr_Your_father_was_fier|你 父 亲 有 强 烈 的 爱 国 情 怀，他 唯 一 的 愿 望 是 作 为 皇 帝 卡 尔 · 弗 兰 兹 的 保 护 者 服 务，这 就 是 他 在 赢 得 声 望 与 荣 誉，服 务 于 皇 帝 自 己 的 瑞 克 卫 骑 士 团 时 所 做 的 事 情。
qstr_Your_father_was_chos|你 父 亲 被 选 为 巨 剑 士 的 成 员，因 为 他 在 野 兽 人 袭 击 中 是 最 后 站 立 的 人，保 护 了 受 困 的 选 帝 侯 伯 爵，免 受 一 只 狂 暴 的 米 诺 陶 准 备 将 他 切 成 两 半 的 攻 击。他 击 退 了 一 小 群 乌 戈 尔，并 在 野 兽 人 主 力 军 队 到 达 之 前 将 伯 爵 拖 出 森 林。
qstr_Your_father_was_amon|你 的 父 亲 是 帝 国 农 民，也 是 个 顾 家 的 男 人，平 日 为 本 地 民 兵 制 造 和 修 理 弩。他 关 心 政 治，熟 知 自 己 与 他 人 的 权 利；一 旦 有 人 滥 用 权 力，他 便 会 立 刻 站 出 来 说 话。官 员 们 把 他 视 作 眼 中 钉，但 乡 亲 们 敬 重 他，也 知 道 他 心 地 正 直。
qstr_Your_father_was_a_he|你 的 父 亲 是 村 庄 的 英 雄，也 是 数 百 年 来 最 负 盛 名 的 人 物 之 一。他 是 勇 气 与 美 德 的 典 范，曾 获 湖 中 女 神 赐 福，并 饮 下 神 圣 的 圣 杯。据 说 圣 杯 赋 予 了 他 非 凡 的 生 命 力，他 甚 至 可 能 比 你 更 加 长 寿。尽 管 你 多 年 没 有 他 的 消 息，也 曾 担 心 自 己 或 许 已 经 活 得 比 他 更 久，但 你 总 会 把 这 种 念 头 赶 出 脑 海。
qstr_Horses_are_the_lifeb|马 匹 是 巴 托 尼 亚 军 队 的 生 命 线。没 有 马 匹，巴 托 尼 亚 的 未 来 就 没 有 希 望，所 以 你 父 亲 决 定，像 许 多 巴 托 尼 亚 人 一 样，在 学 校 时 就 学 习 养 马。之 后，他 加 入 了 7个 朋 友，在 帕 拉 翁 附 近 经 营 一 个 马 厩。他 们 的 马 匹 比 平 均 水 平 好，但 一 旦 他 们 收 到 一 个 来 自 比 他 们 更 优 秀 的 育 种 者 的 出 价，他 们 就 以 爱 国 主 义 的 名 字 出 售 了 马 厩。
qstr_The_Bretonnian_army_|巴 托 尼 亚 军 队 经 常 离 开 王 国 进 行 遥 远 的 追 寻，但 你 父 亲 专 注 纯 粹 的 防 护。他 是 一 名 看 守 人，负 责 一 个 团 队，其 职 责 是 阿 基 坦 西 墙 的 安 全。西 墙 俯 瞰 大 海，海 滩 是 入 侵 敌 方 舰 队 的 热 门 登 陆 点。当 你 还 是 个 男 孩 时，这 总 是 让 你 害 怕 入 侵 会 夺 走 他 的 生 命，但 从 未 有 入 侵 发 生。
qstr_Your_father_was_a_scr|你 的 父 亲 是 公 爵 阿 达 尔 哈 德 的 书 记 员，他 一 生 都 在 书 写 和 保 存 记 录，记 录 公 爵 生 活 的 所 有 方 面，从 财 务、法 律、政 治 事 务 到 战 场 上 的 英 勇 事 迹。
qstr_Your_father_was_a_ha|你 的 父 亲 是 一 名 勤 劳 的 铁 匠，专 门 为 王 国 的 骑 士 制 作 马 蹄 铁。他 经 常 有 大 量 订 单 要 完 成，但 确 保 军 队 从 不 短 缺 供 应。尽 管 店 铺 很 小，他 却 有 一 支 庞 大 的 工 人 队 伍，但 他 还 必 须 兼 顾 武 器 工 作 和 马 蹄 铁。你 经 常 在 父 亲 不 堪 重 负 的 日 子 里，花 晚 上 时 间 帮 助 他。
qstr_Your_father_was_the_l|你 的 父 亲 是 布 里 昂 喧 闹 而 富 有 魅 力 的 比 武 大 会 主 持 人。他 懂 得 如 何 吸 引 人 群，并 总 是 确 保 最 优 秀 的 骑 士 和 侍 从 在 他 的 比 武 中 竞 技。他 的 诀 窍 是 派 人 寻 找 布 雷 顿 尼 亚 最 美 丽 的 少 女，让 她 们 在 比 武 周 末 出 席，并 确 保 每 个 热 血 的 骑 士 都 知 道 此 事。最 终，由 于 参 与 人 数 太 多，他 不 得 不 举 办 预 选 赛。
qstr_Your_father_was_a_man|你 的 父 亲 非 常 清 楚 阿 拉 比 的 货 物 能 带 来 多 少 利 润，也 知 道 在 哪 里 能 卖 出 最 高 价。无 论 是 香 料、水 果、黄 金、熏 香、天 鹅 绒 还 是 护 身 符，他 手 里 都 有 充 足 的 货 源。每 年 他 只 需 花 四 个 月 周 游 文 明 世 界，赚 到 的 钱 就 足 够 养 活 全 家 一 整 年。
qstr_The_desert_is_vast_a|沙 漠 广 袤，人 口 聚 集 地 之 间 距 离 遥 远。沙 漠 不 像 温 带 森 林 那 样 可 以 悠 闲 自 在 或 夜 宿，因 为 缺 水 和 烈 日 常 常 迫 使 旅 程 尽 可 能 快 速 完 成。正 因 如 此，阿 拉 比 人 需 要 最 快 的 马 匹，而 你 的 父 亲 是 整 个 阿 拉 比 最 优 秀 的 育 种 者 之 一。
qstr_Your_father_was_devo|你 的 父 亲 虔 诚 宗 教，是 你 社 区 的 领 袖，也 是 西 部 军 队 的 首 席 伊 玛 目。他 会 亲 临 前 线 参 战，激 励 部 队 并 为 他 们 的 胜 利 祈 祷。回 到 家，他 以“友 善 的 倾 听 者”闻 名，因 为 他 总 是 愿 意 倾 听 并 帮 助 那 些 在 精 神 和 物 质 上 有 需 求 的 人。
qstr_Though_most_do_not_r|尽 管 大 多 数 人 没 意 识 到 你 并 非 纯 血 阿 拉 比 人。你 的 母 亲 是，但 你 的 父 亲 是 奴 隶 之 子。苏 丹 因 他 精 湛 的 箭 术 选 他 训 练 为 禁 卫 军。这 使 他 积 累 了 财 富 和 荣 誉，他 的 服 务 以 及 你 母 亲 的 干 预 意 味 着 你 被 允 许 过 自 由 的 生 活，不 为 任 何 人 服 务。
qstr_Your_father_was_a_bru|你 的 父 亲 是 个 残 忍 冷 酷 的 人，严 酷 的 训 练 使 他 成 为 战 场 上 的 主 宰 战 士，并 加 入 了 历 史 上 最 精 锐 的 马 穆 鲁 克 组 织 之 一。童 年 时 他 让 你 害 怕，你 在 个 人 层 面 从 未 了 解 他 太 多。他 在 你 15岁 时，于 凯 姆 瑞 城 外 一 场 万 人 大 战 中 被 古 墓 王 杀 死。
qstr_Born_in_the_land_of_|出 生 在 刺 客 之 国，你 的 父 亲 注 定 要 接 受 重 大 考 验 以 成 为 苏 丹 的 护 卫。他 战 胜 沙 漠，克 服 陷 阱，杀 死 野 兽，保 护 伊 玛 目 免 受 袭 击，最 终 证 明 自 己 配 得 上 阿 拉 比 的 最 高 荣 誉 之 一。他 与 母 亲 的 关 系 秘 密 且 不 当，但 他 爱 她，并 未 逃 避 对 她 的 责 任，就 像 对 苏 丹 一 样。苏 丹 发 现 后 大 怒，要 求 你 父 亲 自 尽 以 表 忠 诚。尽 管 母 亲 哭 泣，他 仍 服 从 并 自 尽，苏 丹 随 后 处 死 了 你 母 亲，因 她 腐 蚀 了 他 最 好 的 保 镖 之 一。
qstr_Your_father_was_the_le|你 的 父 亲 是 一 小 股 倭 寇 海 盗 的 头 目，他 们 终 日 劫 掠 尼 朋 南 部 的 穷 苦 无 依 之 人。总 是 迅 速 逃 离 帝 国 海 军，从 不 敢 与 对 手 交 战，他 一 事 无 成，也 没 有 任 何 关 于 他 或 他 船 队 的 故 事 流 传。
qstr_Your_father_was_a_mast|你 的 父 亲 是 大 师 级 刺 客，顶 尖 中 的 顶 尖，在 一 所 被 尼 朋 所 有 人 憎 恨 的 战 斗 学 校 受 训。你 永 远 不 能 透 露 他 的 身 份，否 则 会 受 牵 连 被 社 区 所 有 人 憎 恨。你 已 12年 没 有 他 的 消 息，但 永 远 不 会 忘 记 他 在 你 少 年 时 教 你 的 几 招 技 巧。
qstr_Once_the_traders_of_|一 旦 玛 丽 恩 堡 的 商 人 将 火 药 带 入 尼 朋，它 永 远 改 变 了 他 们 的 战 争 方 式。对 于 尼 朋 社 会 中 更 有 创 造 力 的 人 们，它 开 启 了 一 种 伟 大 的 文 化 现 象 和 奇 妙 的 艺 术 形 式，即 烟 花。烟 花 是 天 空 中 的 光 影 盛 宴，总 是 家 乡 传 统 节 日 和 庆 典 的 亮 点。
qstr_Your_father_was_a_ga|你 的 父 亲 是 帝 国 宫 殿 的 园 丁。他 偷 听 所 能 及 的 所 有 对 话，很 快 便 知 悉 尼 朋 最 重 要 的 信 息。凭 借 自 己 的 机 智 和 细 腻，他 最 终 受 雇 于 许 多 高 级 军 官 和 政 客，他 们 付 他 重 金 以 获 取 最 新 重 要 情 报。他 总 是 小 心 谨 慎，从 未 被 宫 殿 中 的 任 何 人 抓 住 或 怀 疑。他 去 世 时 给 你 留 下 了 一 小 笔 财 富。
qstr_It_is_always_a_bless|继 承 父 亲 的 天 赋 总 是 一 种 福 气，尤 其 是 掌 握 古 老 书 法 艺 术 的 能 力。你 从 小 就 是 个 有 野 心 的 孩 子，父 亲 说 若 没 有 良 好 的 书 写 能 力，你 将 无 法 赢 得 世 界 精 英 的 尊 重 或 追 求 尼 朋 最 优 秀 的 女 性。你 童 年 时 刻 苦 学 习，既 练 剑 又 习 字，希 望 有 一 天 能 成 为 伟 大 的 领 袖，激 励 千 百 万 人。
qstr_Your_father_was_the_h|你 的 父 亲 是 一 个 古 老 名 门 的 忠 诚 家 臣，该 家 族 的 历 史 可 追 溯 至 第 一 次 帝 国 战 争。他 骁 勇 而 忠 诚；不 在 大 名 身 边 护 卫 时，便 保 护 大 名 的 五 个 女 儿 在 各 地 出 行。据 说 他 曾 斩 杀 四 名 忍 者 和 两 只 恶 鬼。
qstr_Your_father_was_a_maste|你 的 父 亲 是 剑 术 大 师，出 手 如 电，有 人 说 他 比 尼 朋 大 名 使 单 手 法 还 快。他 是 海 盗 中 最 高 雅 的 一 位，尽 管 这 听 起 来 不 怎 么 样，但 你 父 亲 确 实 是 个 荣 誉 和 侠 义 之 人。他 是 个 忠 实 的 丈 夫 和 朋 友，从 小 教 你 战 斗，深 知 在 世 道 中 成 长 之 艰 难。
qstr_There_are_those_who_|有 些 人 喜 欢 固 守 成 见，有 些 人 则 荒 唐 透 顶，你 父 亲 就 是 后 者。他 是 世 上 最 癫 狂 的 酒 鬼，甚 至 忘 了 自 己 的 名 字，反 正 你 是 这 么 听 说 的，因 为 你 自 9岁 后 就 没 见 过 他，那 次 也 只 有 几 分 钟。母 亲 在 情 人 离 开 后 自 怜 自 艾，喝 得 烂 醉，在 一 个 悔 恨 之 夜 与 你 父 亲 上 了 床。母 亲 常 告 诉 你 他 是 人 渣 中 的 人 渣，纯 粹 的 混 混，整 天 醉 醺 醺 的。你 有 时 想 知 道 他 是 否 还 活 着，但 即 使 活 着 你 也 认 不 出 他。
qstr_The_pirates_need_to_|海 盗 需 对 海 域 了 如 指 掌 才 能 高 效 工 作，并 保 持 兄 弟 会 如 今 的 强 大。你 的 父 亲 是 狼 岸 最 大 船 只 之 一 的 领 航 员，该 船 属 于 海 盗 用 于 对 抗 其 他 派 系 重 大 战 争 而 非 日 常 海 掠 的 舰 队。他 将 整 个 世 界 牢 记 于 心，并 能 以 惊 人 准 确 度 解 读 天 气。这 一 技 能 多 次 拯 救 了 船 只。
qstr_Your_father_was_capt|你 的 父 亲 是 一 艘 小 型 但 成 功 的 加 利 恩 帆 船 船 长，主 要 活 动 在 阿 拉 比 海 岸 附 近。一 些 最 富 有 的 货 物 来 自 阿 拉 比，你 父 亲 想 充 分 利 用 这 一 点。工 作 艰 难，因 为 阿 拉 比 海 盗 防 御 致 命，多 次 你 父 亲 不 得 不 弃 货 减 重 以 在 敌 人 过 强 时 成 功 逃 脱。
qstr_Your_father_was_a_man_|你 的 父 亲 是 个 有 明 确 目 标 的 人，这 个 目 标 就 是 利 润，并 且 他 有 一 套 出 色 的 盈 利 方 法。有 些 海 盗 只 为 刺 激 热 爱 掠 夺，他 们 喜 欢 冒 险，不 在 乎 超 出 即 时 生 活 所 需 的 财 富。出 售 所 有 货 物 可 能 是 个 漫 长 过 程，尤 其 在 一 年 中 的 某 些 时 候，这 会 让 更 嗜 血 的 海 盗 因 滞 留 岸 上 过 久 而 烦 躁。你 父 亲 知 道 哪 些 船 长 和 船 只 如 此，便 低 价 批 量 收 购，深 知 自 己 可 以 花 时 间 在 城 堡 和 城 镇 周 围 以 更 高 价 卖 出。
qstr_Your_father_was_a_co|你 的 父 亲 是 一 艘 船 上 的 厨 师，必 须 喂 饱 许 多 在 南 海 上 常 常 渴 望 温 暖 的 男 人 们 的 肚 子。船 上 药 物 不 多，通 常 他 的 食 物 是 船 员 们 对 抗 船 上 所 得 疾 病 的 最 佳 武 器。因 此 他 确 保 学 习 来 自 尼 朋 的 天 然 疗 伤 原 料，以 便 尝 试 帮 助 人 们 在 海 上 海 可 能 患 上 的 多 种 疾 病。
qstr_Your_father_was_a_fai|你 的 父 亲 是 一 个 相 当 成 功 的 角 斗 士，深 受 粉 丝 喜 爱。尽 管 他 使 用 武 器 的 技 巧 不 如 他 人，但 他 以 速 度、体 能 和 纯 粹 的 决 心 闻 名。经 常 难 以 置 信 地 承 受 足 以 杀 死 他 人 甚 至 击 晕 的 打 击。赌 徒 们 恨 他，因 为 他 在 战 斗 中 如 此 反 复 无 常 和 不 可 预 测，经 常 让 他 们 输 钱。
qstr_The_hordes_of_Chaos_|混 沌 部 落 热 爱 发 动 战 争，但 由 于 他 们 位 于 北 方，最 佳 的 攻 击 敌 人 方 式 是 使 用 长 船。你 在 众 多 长 船 中 的 一 艘 上 工 作，这 些 船 基 于 你 的 当 地 港 口。你 研 究 了 旧 世 界 的 地 图，拥 有 敏 锐 的 眼 力，因 此 被 分 配 到 舰 队 中 最 前 沿 的 船 只 之 一。
qstr_As_a_{reg3?girl:boy}|你 被 送 到 本 地 中 的 一 个 贵 族 家 庭 中 寄 养。渐 渐 如 同 其 他 {reg3?女 孩 :男 孩 } 一 样 长 大。在 那 里，你 在 等 侯 家 主 和 夫 人 的 过 程 中，学 会 第 一 堂 名 为“谦 卑”的 课 程。此 外，在 和 他 们 的 对 弈、闲 谈、甚 至 是 对 伟 大 功 绩 或 高 尚 爱 情 的 诗 赞 中，你 迅 速 地 学 会 了 成 人 世 界 的 争 斗 和 竞 争。你 也 会 从 其 他 孩 子 的 野 蛮 游 戏 中，在 他 们 以 木 棒 代 剑 的 对 打 中，学 会 他 们 大 人 的 用 剑 方 法。
qstr_The_strongest_and_mo|北 方 最 强 大 和 最 受 尊 敬 的 骑 士 需 要 最 坚 韧 和 最 耐 用 的 战 马，这 些 马 能 够 被 培 育。你 和 你 的 叔 叔 一 起 培 育 这 些 强 大 的 马 匹，北 方 所 有 领 主 都 对 它 们 有 高 需 求，以 便 给 他 们 的 骑 士 在 战 场 上 最 好 的 机 会。
qstr_As_a_{reg3?girl:boy}_|作 为 一 个 {reg3?女 孩 :男 孩 }，刚 脱 离 童 年，你 骑 着 一 匹 强 壮 可 靠 的 诺 斯 卡 战 马 穿 越 北 方 的 广 阔 土 地。你 经 常 挨 饿，这 推 动 你 越 来 越 熟 练 于 你 族 人 著 名 的 生 存 技 巧。你 成 为 了 在 无 情 山 脉 和 雪 原 上 都 技 艺 高 超 的 猎 人 和 探 路 者。孤 独 是 你 的 渴 望，力 量 和 耐 力 是 你 最 亲 密 的 盟 友。{reg3?:}
qstr_Lustria_is_the_numbe|露 丝 契 亚 是 世 界 寻 宝 者 的 头 号 目 的 地，因 为 它 充 满 了 你 可 能 找 到 的 最 古 老 和 最 有 价 值 的 宝 藏，这 些 宝 藏 通 常 储 存 在 蜥 蜴 人 用 于 崇 拜 的 神 圣 寺 庙 和 神 殿 中。因 此，以 及 露 丝 契 亚 的 广 阔 面 积，古 老 血 脉 雇 佣 成 千 上 万 的 蜥 蜴 人 侦 察 兵 在 露 丝 契 亚 周 围 巡 逻，寻 找 入 侵 者，要 么 处 理 他 们，要 么 跟 踪 他 们 并 将 消 息 传 递 给 主 力 部 队。
qstr_The_lizardmen_are_al|蜥 蜴 人 总 是 需 要 关 于 其 他 领 域 发 生 事 件 的 信 息，因 为 随 时 他 们 可 能 发 现 一 支 大 军 正 向 露 丝 契 亚 进 发。你 曾 作 为 一 名 间 谍，在 外 国 最 繁 忙 的 酒 馆 闲 逛，获 取 知 情 人 士 的 信 任，并 且 只 是 倾 听 闲 谈，报 告 任 何 相 关 的 内 容。
qstr_Lizardmen_have_some_|蜥 蜴 人 有 一 些 惊 人 的 武 器，但 重 要 的 是 一 个 蜥 蜴 人 要 知 道 如 何 尽 可 能 凶 残 和 有 效 地 使 用 它 的 爪 子 和 尾 巴。你 加 入 了 一 所 只 教 授 无 武 装 战 斗 的 战 斗 学 校，其 中 包 括 大 量 角 斗 和 耐 力 战 斗。你 离 开 时 成 为 一 个 更 坚 韧 和 强 壮 的 蜥 蜴 人。
qstr_The_invaders_who_are|未 被 杀 死 的 入 侵 者 被 关 押 在 恶 劣 的 监 狱 中，这 些 监 狱 极 其 不 卫 生，充 满 致 命 疾 病，这 本 身 通 常 就 是 死 刑，尤 其 是 对 人 类 而 言。你 曾 作 为 一 名 警 卫，从 高 处 监 视 囚 犯，并 在 尸 体 过 多 时 清 理 坑 穴。
qstr_Your_uncle_was_a_mas|你 的 叔 叔 是 多 种 人 类 语 言 的 大 师，你 花 时 间 向 他 学 习，以 便 能 作 为 翻 译 为 你 村 庄 的 古 老 血 脉 工 作，你 非 常 钦 佩 他。翻 译 供 不 应 求，所 以 你 知 道 这 是 进 入 高 层 圈 子 的 快 速 途 径。
qstr_You_loved_a_good_bat|你 热 爱 在 新 世 界 多 样 田 野 中 的 一 场 好 战 斗，因 此 你 出 于 享 乐 主 义 的 原 因 担 任 了 商 队 护 卫。你 总 是 选 择 危 险 的 路 线，希 望 被 敌 人 伏 击，以 便 向 他 们 展 示 蜥 蜴 人 是 多 么 可 怕。
qstr_Food_is_important._F|食 物 很 重 要。食 物 就 是 一 切。没 有 食 物 你 就 不 能 Waagh！这 就 是 为 什 么 所 有 Waagh和 部 落 都 需 要 有 人 杀 戮 和 收 集 食 物，像 你 这 样 的 人。平 原 上 的 野 猪、山 羊、洞 穴 史 奎 格，你 知 道 如 何 潜 行 它 们 所 有，然 后 用 你 的 箭 钉 住 它 们。当 然 不 是 最 兽 人 的 活 动，你 想，但 每 次 你 成 功 狩 猎，大 Waagh的 时 刻 就 更 近 了。然 而 多 年 后，你 厌 倦 了 那 样，并 出 发 成 为……
qstr_No_one_like_sieges_t|没 人 喜 欢 围 城 战，它 们 无 聊、漫 长，而 且 没 有 多 少 砸 头 行 动。这 就 是 为 什 么 你 的 绿 皮 同 伴 当 你 开 始 对 部 落 的 战 争 机 器 感 兴 趣 时 认 为 你 疯 了。你 研 究 了 它 们 所 有，从 投 矛 器 到 毁 灭 投 石 机，直 到 你 找 到 了 它：岩 石 投 掷 器。对 任 何 怀 疑 你 兽 人 本 性 的 人，你 解 释 你 的 理 由：先 给 他 们 脸 上 一 拳，然 后 是 你 的 课 程（呃，它 扔 石 头 非 常 远，石 头 非 常 粉 碎，你 不 知 道 吗，小 子 们！？）。部 落 里 许 多 人 被 你 教 导 过。但 最 终 他 们 是 对 的，拉 杠 杆 扔 石 头 并 不 像 看 起 来 那 么 刺 激，所 以 你 成 为 了。
qstr_What_is_better_than_|还 有 什 么 比 一 头 狂 暴 野 兽 更 厉 害？当 然 是 骑 在 另 一 头 狂 暴 野 兽 背 上 的 狂 暴 野 兽。骑 野 猪 可 不 容 易，大 多 数 尝 试 者 最 后 都 会 被 獠 牙 在 身 上 戳 出 一 个 洞。但 你 成 功 驯 服 了 一 头 野 猪，赢 得 了“野 猪 骑 士”的 地 位。骑 着 凶 猛 坐 骑，你 为 搞 哥 和 老 大 驰 骋 战 场，把 一 切 挡 路 者 碾 成 无 法 辨 认 的 血 肉。可 惜 你 的 野 猪 后 来 死 于 战 斗；你 不 愿 再 次 冒 险 驯 服 另 一 头 野 兽，于 是 转 而 成 为……
qstr_Bloodbowl_is_surely_|血 碗 肯 定 是 世 界 上 最 受 喜 爱 和 追 随 的 运 动，队 伍 和 玩 家 来 自 所 有 王 国 和 土 地。然 而，它 不 是 唯 一 被 实 践 的 运 动。鼻 涕 精 投 掷 是 众 多 小 众 运 动 之 一，几 乎 只 有 兽 人 实 践，有 许 多 业 余 爱 好 者 和 少 数 真 正 专 业 人 士 的 核 心，像 你 一 样。从 地 上 举 起 鼻 涕 精，感 觉 尖 叫 的 驼 背 小 混 蛋 在 你 手 中 拼 命 移 动 试 图 挣 脱，你 的 眼 睛 盯 着 地 平 线，然 后，投 掷。（那 家 伙 有 格 拉 克 的 手 臂 和 莫 克 的 精 准）你 的 粉 丝 曾 经 这 样 说 你。但 有 一 天，一 个 鼻 涕 精 咬 掉 了 你 投 掷 手 的 两 根 手 指，所 以 你 不 得 不 改 变 职 业 并 成 为。
qstr_Every_WAAAGH!_has_a_|每 一 场 Waagh！背 后 都 有 一 个 脑 子，指 引 大 军 奔 向 最 终 目 标。这 个“脑 子”通 常 由 Waagh老 大 和 他 的 顾 问 组 成。你 异 乎 寻 常 的 狡 猾，以 及 那 颗 空 荡 荡 的 脑 壳 里 几 乎 不 可 思 议 的 一 点 推 理 能 力，使 你 成 为 了 后 者。^但 给 兽 人 老 大 当 私 人 顾 问 绝 不 轻 松—— 事 情 一 旦 不 按 计 划 发 展，老 大 通 常 先 砍 顾 问。你 的 宏 伟 计 划 彻 底 失 败 后，你 便 偷 偷 溜 走，毫 不 犹 豫 地 抛 弃 了 职 位。懦 弱 有 时 意 味 着 活 命。离 开 旧 部 落 后，你 动 身 成 为……
qstr_When_many_orcs_band_|当 许 多 兽 人 聚 集 在 一 起 时，聚 会 会 产 生 一 种 奇 怪 的 力 量。兽 人 越 多，他 们 互 动 产 生 的 能 量 就 越 大。不 是 所 有 绿 皮 都 能 感 受 到 它，更 少 是 那 些 能 够 驾 驭 它 并 将 其 转 化 为 物 质 形 式 的 人：这 些 就 是 萨 满，就 像 你 一 样。带 来 '格 拉 克 和 莫 克 的 话 语 '，你 沐 浴 在 Waagh的 液 体 愤 怒 中，只 是 为 了 在 体 内 催 化 它，准 备 向 '非 绿 皮 的 弱 者 '释 放 双 生 神 的 怒 火。认 识 到 你 的 神 圣 使 命，你 开 始 渴 望 更 多 并 决 定 成 为。
qstr_As_a_particularly_wi|正 如 某 个 格 外 聪 明 的 地 精 曾 经 说 过：“打 仗 最 棒 的 地 方，就 是 最 后 能 把 闪 亮 玩 意 儿 全 抢 走。”没 人 能 够 反 驳 这 条 真 理—— 他 的 同 伴 一 边 讨 论，一 边 把 这 位 知 识 渊 博 的 亲 族 塞 进 最 近 的 毁 灭 俯 冲 投 石 机，拉 动 杠 杆，将 他 射 向 敌 方 矮 人 要 塞 的 城 墙。你 忠 实 贯 彻 了 这 番 话，早 年 靠 搜 刮 战 场 上 一 切 看 起 来 值 钱 的 东 西 为 生。后 来 时 机 成 熟，你 决 定 寻 找 一 种 不 同 的 活 法，于 是 你 成 为 了……
qstr_Being_a_goblin_a_rac|作 为 一 个 地 精，一 个 受 慢 性 怯 懦 影 响 的 种 族，当 部 落 首 领 把 矛 和 盾 交 到 你 手 上 时，你 松 了 一 口 气，因 为 你 知 道 自 己 永 远 不 必 与 敌 人 正 面 交 锋，而 是 可 以 蹲 在 木 盾 后 面，试 图 用 你 的 长 矛 远 程 击 中 点 什 么。至 少 你 是 这 么 希 望 的。但 真 相 以 帝 国 骑 兵 冲 锋 的 速 度 击 中 了 你，说 实 话，是 一 次 真 正 的 骑 兵 冲 锋。一 看 到 重 甲 骑 士 逼 近 你 的 单 位，你 立 刻 跳 起 来，把 盾 扔 到 地 上，架 起 长 矛，开 始 朝 敌 人 相 反 的 方 向 奔 跑 尖 叫，直 到 没 人 能 在 地 平 线 上 看 到 你。一 个 真 正 的 幸 存 者，你 决 定 成 为……
qstr_All_goblins_are_afra|所 有 地 精 都 害 怕 史 奎 格，只 有 少 数 疯 子 敢 尝 试 驯 服 它 们，能 活 下 来 的 更 是 少 之 又 少。然 而，你 的 老 大 非 常 想 试 试 驯 服 和 骑 乘 史 奎 格，而 你，幸 运 的 被 选 中 者，只 带 着 一 盏 点 燃 的 灯 笼 作 为 诱 饵 来 引 出 这 些 怕 光 的 生 物，还 有 一 件 破 旧 的 皮 背 心，因 为 安 全 总 是 第 一 位 的。于 是 你 日 复 一 日 地 进 出 黑 暗 的 洞 穴，逃 避 着 尖 叫，洞 穴 外 的 狩 猎 伙 伴 能 听 到 你 从 地 底 深 处 传 来 的 尖 叫，全 是 为 了 老 大 的 快 乐，直 到 他 终 于 对 驯 服 史 奎 格 的 想 法 感 到 厌 倦，让 你 与 这 些 恶 心 野 兽 的 斗 争 变 得 毫 无 意 义。被 迫 另 谋 生 路，你 于 是 成 为 了……
qstr_An_eminent_Imperial_|一 位 来 自 阿 维 兰 的 著 名 帝 国 学 者 说 过“人 如 其 食”。他 可 能 指 的 是 绿 皮，尤 其 是 地 精，因 为 他 们 不 仅 吃 蘑 菇，还 喝 蘑 菇。这 就 是 你 介 入 的 地 方：一 名 培 育 者。种 植 蘑 菇，在 成 长 过 程 中 学 习 每 个 物 种 的 差 异 和 特 性，并 实 验 它 们 的 性 质。你 的 工 作 不 仅 让 部 落 的 食 物 帐 篷 满 满 当 当，从 而 填 饱 了 部 落 的 肚 子，还 为 萨 满 们 提 供 了 丰 富 的 原 料 来 配 制 药 剂 和 药 水。总 之，你 厌 倦 了 在 培 育 洞 穴 中 隐 居 的 生 活，于 是 出 发 去 成 为……
qstr_It_was_not_too_long_|没 过 多 久，你 的 部 落 就 被 一 个 更 大 的 兽 人 Waagh吞 并 了，他 们 需 要 一 些 新 的“帮 手”。你 和 其 他 同 族 被 视 为 比 火 上 烤 着 的 普 通 史 奎 格 稍 有 价 值 一 点 的 资 产，被 分 配 去 建 造 和 拆 除 Waagh的 营 地，这 是 一 项 非 常 重 要 但 危 险 的 任 务，地 精 很 容 易 死 掉，要 么 被 帐 篷 的 重 木 梁 压 碎，要 么 因 为 兽 人 的 搞 笑 玩 笑 而 死，他 们 觉 得 地 精“比 人 类 更 易 压 扁”。然 而 你 幸 存 了 下 来，感 谢 莫 克，并 在 一 天 晚 上 趁 机 逃 脱。加 入 一 个 新 的 地 精 部 落，你 过 着……
qstr_While_marching_throu|在 穿 过 一 片 森 林 行 军 时，从 部 落 一 次 纯 粹 的 屠 杀 和 掠 夺 行 动 中 返 回，你 遇 到 了 一 群 森 林 地 精。被 他 们 奇 特 的 部 落 服 饰 和 面 部 彩 绘 所 吸 引，你 跟 随 他 们 到 了 营 地。在 那 里，他 们 向 你 展 示 了 莫 克 和 戈 克 的 神 圣 祭 坛，尽 管 祭 坛 异 常 地 布 满 蛛 网，周 围 还 立 着 许 多 描 绘 蜘 蛛 形 态 的 怪 异 图 腾。你 留 在 了 森 林 地 精 中 间，接 受 了 他 们 的 蜘 蛛 崇 拜，学 会 了 如 何 骑 乘 蜘 蛛。但 你 新 获 得 的 信 仰 在 部 落 萨 满 选 择 你 和 其 他 人 作 为 献 给 强 大 阿 拉 克 纳 罗 克 的 祭 品 时 戛 然 而 止。忠 于 你 的 地 精 天 性，你 逃 离 了 部 落 和 森 林，腿 脚 比 风 还 快，向 莫 克 发 誓 再 也 不 想 看 到 蜘 蛛。回 到 以 前 的 部 落，你 成 为 了……
qstr_Like_many_other_youn|像 许 多 其 他 年 轻 精 灵 一 样，你 致 力 于 学 习 和 研 究 你 们 的 神 灵、种 族 的 历 史 以 及 为 保 障 你 骄 傲 国 度 的 未 来 必 须 做 什 么。你 研 究 了 其 他 种 族 和 文 化，还 有 自 然 奇 观 以 及 尚 未 发 生 的 预 言。
qstr_High_Elf_armour_is_s|高 等 精 灵 的 盔 甲 是 世 界 上 最 美 丽 和 复 杂 的 盔 甲 之 一。通 常 将 板 甲、鳞 甲 和 纺 织 品 结 合 为 一 体，需 要 熟 练 的 盔 甲 匠 才 能 完 美 制 成。这 需 要 多 年 的 训 练，而 你 在 你 叔 叔 手 下 服 务 了 几 年，他 在 乌 苏 安 拥 有 三 家 盔 甲 工 坊。
qstr_You_joined_the_local|你 出 于 责 任 加 入 了 当 地 民 兵。随 着 岁 月 流 逝，高 等 精 灵 的 领 地 和 人 口 越 来 越 小，而 对 乌 苏 安 生 存 的 威 胁 随 着 趋 势 持 续 而 越 来 越 大。高 等 精 灵 拥 有 高 标 准 的 部 队 是 幸 运 的，但 即 便 如 此，凤 凰 王 和 他 的 领 主 们 对 安 全 非 常 紧 张，期 望 年 轻 人 获 得 军 事 经 验，即 使 他 们 目 标 是 平 民 职 业，以 防 全 面 生 存 战 争 爆 发。
qstr_You_started_your_wor|你 开 始 了 你 的 工 作 生 涯，担 任 乌 苏 安 领 主 和 贵 族 的 使 者，在 世 界 各 地 传 递 信 息，并 确 保 信 息 流 尽 可 能 最 新。
qstr_The_High_Elves_are_a|高 等 精 灵 是 一 个 非 常 精 致 的 种 族，喜 欢 关 心 政 治、阴 谋、艺 术 和 仪 式。他 们 喜 欢 强 调 自 己 与 黑 暗 精 灵 在 生 活 和 行 为 方 式 上 的 两 极 分 化，所 以 如 果 你 是 一 个 有 才 华 的 音 乐 家，总 会 有 工 作 给 你，因 为 每 天 某 个 地 方 都 有 需 要 你 的 宴 会 或 活 动。你 学 会 了 使 用 竖 琴，主 要 是 你 的 声 音 作 为 你 的 主 要 乐 器。
qstr_You_were_a_sentry_fo|你 曾 是 关 押 在 巨 大 洛 瑟 恩 船 只 上 的 监 狱 的 哨 兵，这 些 船 航 行 在 海 上 保 护 精 灵 海 岸 并 击 退 海 盗 和 海 盗 的 入 侵。由 于 海 上 活 动 频 繁，监 狱 总 是 满 员，担 任 哨 兵 是 一 项 重 要 的 工 作，因 为 海 盗 非 常 狡 猾 于 越 狱 以 及 偷 偷 上 船 试 图 救 出 其 他 人。
qstr_One_of_the_most_adva|精 灵 最 有 利 的 特 质 之 一 就 是 训 练 有 素 的 战 士 那 纯 粹 的 速 度 和 优 雅 动 作。你 早 年 花 费 时 间 练 习 如 何 在 不 持 武 器 和 持 长 柄 武 器 时 都 快 速 敏 捷，以 便 在 将 来 服 役 时 你 能 足 够 照 顾 好 自 己。
qstr_All_of_your_thought_|你 全 部 心 思 都 执 着 于 成 为 一 名 军 事 领 袖，并 以 前 所 未 有 的 方 式 扩 张 黑 暗 精 灵 的 领 土。你 被 一 所 军 事 学 院 录 取，学 习 了 战 术、领 导 技 能 以 及 整 个 黑 暗 精 灵 军 队 的 历 史。到 学 业 结 束 时，你 已 掌 握 传 统 黑 暗 精 灵 军 队 所 有 组 成 部 分 的 理 论，以 及 旧 世 界 其 他 军 队 的 预 期 情 况。
qstr_It_is_generally_held|普 遍 认 为 高 等 精 灵 是 旧 世 界 热 心 的 学 者，而 黑 暗 精 灵 没 有 那 种 重 视 文 字 和 通 过 文 学 艺 术 积 累 知 识 的 文 化。这 当 然 远 非 事 实，你 曾 在 海 格 · 格 雷 夫 的 一 家 大 型 机 构 担 任 外 交 文 书，记 录 所 有 从 外 界 到 混 沌 矮 人 营 地 的 通 信。
qstr_The_Dark_Elves_love_|黑 暗 精 灵 喜 欢 折 磨 他 们 的 敌 人，对 拷 问 者 来 说 最 失 望 的 莫 过 于 俘 虏 在 他 们 尽 兴 之 前 就 死 了。你 接 受 了 针 对 所 有 种 族 的 急 救、伤 口 处 理 和 外 科 手 术 训 练，以 便 你 能 帮 助 让 俘 虏 尽 可 能 长 时 间 地 活 着。这 个 角 色 主 要 是 为 了 享 乐 目 的 而 设，但 也 因 为 每 个 战 士 都 有 其 崩 溃 点，而 你 的 工 作 使 得 在 俘 虏 通 常 已 死 的 阶 段 之 后，仍 能 达 到 那 个 点 并 获 取 关 键 信 息。
qstr_You_were_part_of_a_2|你 曾 是 一 个 两 人 连 弩 小 组 的 一 员，你 们 两 个 都 受 过 同 等 训 练。你 的 训 练 包 括 瞄 准、装 填 和 移 动，以 及 选 择 战 场 上 和 围 城 中 最 战 术 合 适 目 标 的 能 力。
qstr_You_were_a_sentry_for|你 曾 在 监 狱 中 担 任 哨 兵。那 里 总 是 挤 满 各 个 种 族 的 囚 犯，无 论 他 们 是 由 军 队 押 回，还 是 在 海 盗 袭 击 后 被 船 只 运 来。一 旦 落 入 杜 鲁 齐 手 中，获 救 的 希 望 便 十 分 渺 茫；即 使 有 人 开 出 天 价 赎 金，黑 暗 精 灵 也 很 少 愿 意 放 人。囚 犯 们 当 然 清 楚 这 一 点，因 此 一 有 机 会 便 会 集 体 越 狱 或 发 动 暴 乱。所 幸 你 所 在 的 哨 兵 队 伍 训 练 有 素，懂 得 以 冷 酷 而 高 效 的 方 式 处 理 任 何 麻 烦。
qstr_You_joined_your_loca|你 加 入 当 地 矿 工 行 会，开 采 出 售 给 帝 国、换 取 大 量 金 币 的 宝 石。对 年 轻 矮 人 而 言，采 矿 是 最 常 见 的 职 业 之 一；你 在 矿 井 中 的 日 子 十 分 平 静，从 未 被 征 召 参 战。
qstr_The_Dwarves_like_to_|矮 人 喜 欢 囤 积 财 富 并 保 持 独 处，但 他 们 认 识 到 其 他 种 族 想 要 交 易 他 们 的 财 富 的 欲 望，尤 其 是 帝 国 作 为 矮 人 最 亲 密 的 盟 友，所 以 他 们 并 不 完 全 封 闭 自 己。你 加 入 了 一 家 小 商 行 学 习 贸 易，也 学 习 其 他 种 族 和 文 化，因 为 你 决 定 自 己 的 长 远 未 来 不 在 隧 道 里，而 在 广 阔 的 世 界 中。
qstr_You_worked_as_a_tunn|你 作 为 一 名 隧 道 工，扩 展 了 伟 大 矮 人 地 下 区 域 的 广 阔 隧 道 和 洞 穴 网 络。你 有 两 项 主 要 职 责，轮 班 交 替 进 行。一 是 实 际 挖 掘 和 塑 造 隧 道，确 保 它 们 安 全；二 是 检 查 已 建 成 的 许 多 隧 道，确 保 所 有 光 源 正 常 工 作，否 则 就 修 复 它 们。
qstr_If_you_observe_a_Dwa|如 果 你 观 察 一 支 矮 人 军 队，你 会 看 到 一 波 又 一 波 的 斧 头 从 结 实 且 极 其 坚 韧 的 矮 人 头 上 升 起，他 们 一 边 行 进 一 边 歌 唱 走 向 战 场。因 此，斧 头 的 生 产 是 一 个 关 键 而 庞 大 的 行 业，你 成 为 了 一 名 退 休 铁 须 战 士 的 学 徒，他 将 退 休 金 投 入 建 立 了 一 个 大 型 武 器 工 坊，为 北 方 军 队 供 应 武 器。
qstr_You_were_a_brutish_t|你 早 年 是 个 野 蛮 的 暴 徒。你 花 了 很 多 时 间 在 地 面 上，与 一 群 帝 国 强 盗 和 半 身 人 小 偷 一 起，他 们 藏 在 深 灌 木 丛 中 等 待 旅 行 者 走 上 数 英 里 内 唯 一 的 道 路，并 在 他 们 经 过 时 突 袭 他 们。由 于 你 是 团 伙 中 最 大 的 打 手，并 且 在 突 袭 更 强 大 的 防 御 者 时 经 常 帮 助 其 他 人，你 每 次 袭 击 后 都 能 分 得 最 大 份 的 财 物。
qstr_You_were_asked_by_yo|你 被 镇 上 的 行 会 会 长 要 求 担 任 商 队 护 卫，因 为 海 盗 拦 截 了 超 过 三 分 之 一 的 矮 人 商 队。你 并 不 真 的 喜 欢 这 个 工 作，但 行 会 会 长 脸 上 绝 望 的 表 情 足 以 让 你 搁 置 一 年 的 计 划，为 你 长 大 的 城 镇 做 件 好 事。
qstr_Many_young_rats_are_|许 多 年 轻 的 鼠 人 被 用 作 奴 隶，在 山 脉 和 平 原 下 挖 掘 新 隧 道 以 扩 展 斯 卡 文 网 络。你 被 分 配 到 其 中 一 个 小 组，花 了 四 年 漫 长 而 艰 苦 的 时 间 在 敌 占 区 挖 掘 隧 道。
qstr_You_were_a_warpstone|你 是 一 名 次 元 石 矿 工，在 巴 托 尼 亚 边 境 山 脉 附 近 最 不 盈 利 的 矿 场 工 作。你 开 采 精 炼 次 元 石，这 比 未 精 炼 的 种 类 安 全 得 多，你 整 个 矿 工 生 涯 都 没 有 发 生 任 何 变 异 或 不 寻 常 效 果，这 让 你 很 失 望。你 经 常 整 天 一 无 所 获，而 当 你 找 到 东 西 时，主 人 会 尽 快 抢 走 你 的 发 现。
qstr_Skaven_clanrats_gene|斯 卡 文 氏 族 鼠 通 常 在 战 场 或 地 牢 中 活 不 长。他 们 几 乎 被 所 有 其 他 种 族 鄙 视，并 且 普 遍 缺 乏 坚 韧 和 装 备 来 证 明 别 人 错 了。氏 族 鼠 的 主 要 防 御 形 式 是 一 种 小 而 坚 固 的 圆 盾，通 常 装 饰 有 符 号 或 图 案。你 不 知 疲 倦 地 为 所 有 主 要 军 队 制 作 这 些 盾 牌。这 是 一 项 无 情 的 工 作，因 为 每 年 有 大 量 新 斯 卡 文 鼠 人 加 入 服 役。
qstr_Whereas_slavery_is_m|尽 管 奴 隶 制 在 许 多 文 化 中 受 到 诋 毁，但 它 深 植 于 斯 卡 文 鼠 人 的 生 活 方 式 中，任 何 无 法 自 立 或 获 得 有 用 技 能 的 斯 卡 文 鼠 人 很 可 能 走 上 这 条 路。你 早 年 是 众 多 被 迫 加 入 莫 德 尔 氏 族 运 营 的 奴 隶 殖 民 地 的 一 员，被 迫 听 从 主 人 的 任 意 摆 布。在 一 次 矮 人 袭 击 后，你 设 法 在 混 乱 中 溜 走，开 始 了 新 生 活。
qstr_The_adventuring_part|旧 世 界 的 冒 险 队 伍 痴 迷 于 为 了 黄 金、宝 藏 或 杀 死 最 大 怪 物 的 吹 牛 权 利 而 深 入 地 下 进 行 各 种 任 务。因 此，随 着 时 间 推 移，巢 穴 和 隧 道 网 络 越 来 越 不 秘 密，而 保 密 对 统 治 议 会 至 关 重 要。特 殊 刺 客 团 队 巡 逻 网 络，快 速 处 理 秘 密 区 域 的 任 何 入 侵 者，你 的 工 作 是 作 为 跑 腿 穿 梭 这 些 路 线，发 现 入 侵 者 并 尽 快 将 位 置 报 告 给 刺 客 团 队。
qstr_Skaven_have_an_all_c|斯 卡 文 鼠 人 对 劣 等 陆 地 物 种 有 着 全 然 的 怀 疑，尽 管 他 们 彼 此 之 间 的 不 信 任 几 乎 同 样 强 烈。无 论 在 个 人、群 体 还 是 氏 族 层 面，斯 卡 文 鼠 人 总 是 看 到 一 切 中 的 背 叛，并 会 不 择 手 段 地 提 高 自 己 的 社 会 地 位，不 惜 牺 牲 任 何 人。你 被 雇 为 卧 底，渗 透 不 同 团 体 和 计 划，并 向 议 会 报 告 你 发 现 的 任 何 情 报。
qstr_You_spent_your_early|你 早 年 在 一 个 贵 族 的 农 庄 工 作。农 具 是 你 唯 一 也 是 最 好 的 朋 友，你 用 它 们 照 料 庄 稼，在 希 尔 瓦 尼 亚 的 寒 冷 天 气 中 辛 勤 劳 作。这 种 卑 微 的 生 活 方 式 让 你 几 乎 没 有 时 间 探 索 周 围 世 界，但 无 疑 锻 炼 了 你 的 身 体，赋 予 你 对 疲 劳 或 恶 劣 条 件 的 非 凡 抵 抗 力。但 然 后，在 一 个 黑 暗 的 夜 晚，^ 一 个 奇 怪 的 身 影 来 到 你 面 前。他 的 眼 睛 空 洞，苍 白 的 皮 肤 在 月 光 下 闪 烁。他 向 你 讲 述 更 强 大 的 力 量、永 葆 青 春 和 永 恒 生 命：他 向 你 提 出 了 一 个 提 议。你 可 以 拥 有 一 切，你 想 要 一 切，所 以 你 接 受 了 他 的 馈 赠。于 是，他 给 了 你 血 吻。
qstr_You_ve_always_been_w|从 你 记 事 起，你 就 一 直 和 那 个 古 怪 的 知 识 老 人 在 一 起，协 助 他 揭 开 自 然 的 秘 密 并 质 疑 现 实 本 身。他 的 实 验 室 是 你 的 家，他 的 实 验 是 你 的 课 程。你 从 他 巨 大 图 书 馆 的 书 籍 中 学 不 到 的，就 通 过 看 他 摆 弄 奇 怪 配 方 和 吟 唱 咒 语 来 学 习。但 然 后，在 一 个 黑 暗 的 夜 晚，^ 一 个 奇 怪 的 身 影 来 到 你 面 前。他 的 眼 睛 空 洞，苍 白 的 皮 肤 在 月 光 下 闪 烁。他 向 你 讲 述 更 强 大 的 力 量、永 葆 青 春 和 永 恒 生 命：他 向 你 提 出 了 一 个 提 议。你 可 以 拥 有 一 切，你 想 要 一 切，所 以 你 接 受 了 他 的 馈 赠。于 是，他 给 了 你 血 吻。
qstr_Working_at_the_flank|每 天 在 工 坊 主 身 边 工 作，你 学 到 了 交 易 和 讨 价 还 价 的 基 础。随 着 时 间 的 推 移，你 成 为 一 个 如 此 熟 练 的 谈 判 者，以 至 于 你 的 导 师 甚 至 考 虑 将 店 铺 留 给 你。^ 但 然 后，在 一 个 黑 暗 的 夜 晚，一 个 奇 怪 的 身 影 来 到 你 面 前。他 的 眼 睛 空 洞，苍 白 的 皮 肤 在 月 光 下 闪 烁。他 向 你 讲 述 更 强 大 的 力 量、永 葆 青 春 和 永 恒 生 命：他 向 你 提 出 了 一 个 提 议。你 可 以 拥 有 一 切，你 想 要 一 切，所 以 你 接 受 了 他 的 馈 赠。于 是，他 给 了 你 血 吻。
qstr_A_mindless_puppet_th|一 个 无 意 识 的 傀 儡，那 就 是 你。你 的 思 想 掌 握 在 操 纵 者 手 中，你 的 身 体 别 无 选 择 只 能 服 从。于 是 你 早 年 一 生 都 在 主 人 的 命 令 下 苦 干，执 行 他 要 求 的 每 一 项 任 务，从 不 回 嘴，无 论 任 务 多 么 羞 辱。但 然 后，在 一 个 黑 暗 的 夜 晚，^ 一 个 奇 怪 的 身 影 来 到 你 面 前。他 的 眼 睛 空 洞，苍 白 的 皮 肤 在 月 光 下 闪 烁。他 向 你 讲 述 更 强 大 的 力 量、永 葆 青 春 和 永 恒 生 命：他 向 你 提 出 了 一 个 提 议。你 可 以 拥 有 一 切，你 想 要 一 切，所 以 你 接 受 了 他 的 馈 赠。于 是，他 给 了 你 血 吻。
qstr_Raised_on_the_street|在 街 头 长 大，你 只 知 道 自 己 的 法 律。你 和 其 他 街 头 孩 子 组 成 了 一 个 相 当 古 怪 的 小 团 伙，日 子 在 小 犯 罪 和 试 图 躲 避 守 卫 无 情 追 捕 中 度 过。但 然 后，在 一 个 黑 暗 的 夜 晚，^ 一 个 奇 怪 的 身 影 来 到 你 面 前。他 的 眼 睛 空 洞，苍 白 的 皮 肤 在 月 光 下 闪 烁。他 向 你 讲 述 更 强 大 的 力 量、永 葆 青 春 和 永 恒 生 命：他 向 你 提 出 了 一 个 提 议。你 可 以 拥 有 一 切，你 想 要 一 切，所 以 你 接 受 了 他 的 馈 赠。于 是，他 给 了 你 血 吻。
qstr_Not_everyone_is_born|不 是 每 个 人 生 来 富 裕，而 你 肯 定 不 是。被 迫 在 孤 独 饿 死 或 找 办 法 获 取 食 物 之 间 选 择，你 选 择 了 后 者。希 尔 瓦 尼 亚 是 一 个 充 满 大 规 模 墓 地 和 长 久 被 遗 忘 的 坟 场 的 地 方，于 是 你 开 始 挖 掘 长 眠 者 的 遗 骸，寻 找 硬 币 和 小 贵 重 物 品 来 交 换 一 条 生 蛆 的 面 包。但 然 后，在 一 个 黑 暗 的 夜 晚，^ 一 个 奇 怪 的 身 影 来 到 你 身 边。他 的 眼 睛 空 洞，苍 白 的 皮 肤 在 月 光 下 闪 烁。他 向 你 谈 论 更 强 大 的 力 量、永 不 终 结 的 青 春 和 永 恒 的 生 命：他 向 你 提 出 了 一 个 提 议。你 本 可 以 拥 有 一 切，你 想 要 一 切，所 以 你 接 受 了 他 的 馈 赠。于 是，他 给 了 你 血 吻。
qstr_The_forces_of_nature|自 然 之 力 逐 渐 改 变 了 你，解 锁 了 每 个 生 物 最 本 能 特 征 之 一 的 新 力 量：声 音。你 的 心 灵 与 森 林 的 古 老 旋 律 完 美 调 和，你 开 始 在 这 原 始 音 乐 上 唱 出 自 己 的 歌 曲，按 照 自 己 的 愿 景 和 意 志 生 长 和 塑 造 森 林。作 为 奇 迹 的 建 筑 师、树 木 的 歌 手，用 你 的 旋 律 帮 助 在 枝 干 和 根 系 间 生 长 出 整 个 城 市 和 王 国，你 的 心 灵 受 到 你 对……的 深 厚 奉 献 所 启 发。
qstr_Athel_Loren_became_n|阿 瑟 尔 · 洛 伦 不 仅 是 你 的 家，更 是 你 存 在 的 一 部 分。你 与 森 林 的 共 生 联 系 激 发 了 对 它 的 强 烈 保 护 感。发 誓 将 入 侵 者 拒 之 门 外，你 承 担 起 守 护 其 宝 藏 免 遭 任 何 破 坏 的 使 命。作 为 阴 影 中 的 影 子，你 的 眼 睛 始 终 睁 开 且 警 惕，你 的 箭 矢 总 是 准 备 给 自 然 的 敌 人 带 来 死 亡，你 的 行 动，即 使 在 这 新 生 活 中，也 受 到 你 对……的 奉 献 所 驱 动。
qstr_Never_you_would_have|你 从 没 想 过 自 己 会 成 为 君 主，但 大 自 然 的 安 排 总 是 难 以 预 料。你 的 智 慧，以 及 对 族 人 福 祉 的 奉 献，让 你 获 得 了 高 贵 者 的 地 位。你 的 人 民 说，你 在 和 平 时 期 是 一 位 温 和、冷 静 而 公 正 的 领 袖；到 了 战 场 上，却 会 化 作 一 股 狂 暴 的 怒 潮，即 使 身 处 最 不 利 的 局 面 也 能 赢 得 伟 大 胜 利。但 你 心 里 清 楚，这 并 不 全 是 自 己 的 功 劳，因 为 你 始 终 感 觉 自 己 受 到……的 祝 福。
qstr_Athel_Loren_is_inhab|阿 瑟 尔 · 洛 伦 栖 息 着 各 种 生 物，从 最 奇 特 的 如 森 林 魔 法 精 魂，到 最 普 通 的 如 野 兽 和 动 物。当 你 第 一 次 在 森 林 中 醒 来，在 一 次 未 知 事 件 后，你 发 现 自 己 被 一 群 狼 包 围。令 你 大 吃 一 惊 的 是，你 像 他 们 的 一 员 一 样 被 迎 接 和 接 纳。于 是，你 开 始 与 他 们 生 活，慢 慢 掌 握 你 新 生 的 驯 服 和 控 制 野 兽 的 能 力。但 是，即 使 独 自 在 森 林 中 与 你 的 新 动 物 家 庭 生 活，你 从 未 停 止 崇 拜 你 选 择 的 神 祇……
qstr_The_winds_of_nature_|自 然 之 风 强 劲 吹 过 由 树 叶 组 成 的 厚 厚 覆 盖 层，摇 篮 着 自 远 古 以 来 栖 息 在 阿 瑟 尔 · 洛 伦 的 许 多 古 老 精 魂。你 在 这 里 期 间 看 到 了 一 些 它 们 的 实 体 显 现，你 见 证 了 它 们 的 力 量 并 研 究 了 它 们 的 行 为，足 以 与 它 们 建 立 独 特 联 系。你 的 族 人 于 是 开 始 高 度 尊 重 你，作 为 少 数 能 够 与 森 林 精 魂 沟 通 的 人 之 一，向 它 们 寻 求 指 引 或 在 战 争 潮 起 时 唤 醒 它 们 加 入 自 然 军 队。顺 便 说，你 确 信 你 走 的 这 条 路 全 在……的 计 划 中。
qstr_Spring_Summer_Autumn|春，夏，秋，冬。生，命，日 落，死。生 活 在 森 林 的 翠 绿 顶 篷 下，慢 慢 使 你 与 自 然 进 程 合 一。一 个 通 过 与 万 物 终 极 认 同 而 受 祝 福 的 存 在。这 样 的 恩 赐，只 有 你 族 中 被 选 中 者 才 拥 有，使 你 成 为 奥 里 昂 国 王 的 个 人 护 卫 之 一，他 是 库 尔 诺 斯 本 身 的 活 化 身，你 族 人 的 最 高 君 主。你 野 蛮 的 力 量、本 能 的 思 想、野 性 的 外 观 都 暗 示 着 你 完 全 转 变 为 更 类 似 森 林 精 魂 的 存 在。总 之，你 以 前 的 自 我 仍 深 存 于 你 的 灵 魂 中，这 就 是 为 什 么 你 从 未 完 全 停 止 崇 拜……
qstr_While_traversing_the|当 穿 越 世 界 边 缘 山 脉 的 冰 冻 通 道 时，达 维 · 扎 尔 的 巨 大 黑 色 纵 队 再 次 到 达 地 面，进 入 了 巨 魔 国 度 最 北 端 诡 异 的 白 色 平 原。过 了 一 会 儿，他 们 脚 下 的 雪 开 始 感 觉 相 当 不 同，许 多 人 开 始 查 看 他 们 踩 到 了 什 么，你 也 一 样。从 雪 中 无 数 的 脚 印 和 车 轮 痕 迹 中 浮 现 出 来，人 类、巨 魔 和 其 他 扭 曲 生 物 大 军 之 间 数 千 场 战 斗 的 遗 骸 开 始 散 落 在 路 径 上。如 此 宏 大 展 示 的 至 高 好 战 景 象 让 你 充 满 了 新 生 的 力 量，可 能 影 响 了 你 成 为……的 决 定。
qstr_Entering_the_frozen_|进 入 诺 斯 卡 的 冻 土，巨 魔 国 度 的 白 色 空 旷 广 阔 开 始 变 异 为 由 高 耸 黑 色 石 刺 和 牙 齿 组 成 的 锯 齿 状 冰 冻 地 貌，撕 裂 雪 的 白 净 覆 盖 层，如 同 野 兽 将 獠 牙 刺 入 猎 物 的 腹 部。正 是 在 穿 过 两 堵 岩 壁 之 间 时，你 和 少 数 其 他 人 开 始 注 意 到 一 侧 山 壁 上 雕 刻 的 奇 怪 铭 文 和 图 形。起 初 你 很 难 阅 读 并 理 解 那 些 符 文 的 信 息，但 过 了 一 会 儿 一 切 变 得 更 清 晰。那 是 一 张 地 图，可 能 来 自 许 多 时 代 以 前，描 绘 了 旧 世 界 的 土 地 以 及 如 何 安 全 穿 越 它 们。有 了 这 些 知 识，你 感 觉 准 备 好 成 为……
qstr_During_their_long_jo|在 他 们 穿 越 诺 斯 卡 冰 冻 山 丘 和 山 谷 的 漫 长 旅 程 中，达 维 · 扎 尔 遇 到 了 一 座 奇 特 的 山，其 顶 部 平 坦，仿 佛 被 狂 怒 一 击 斩 首，浓 密 的 黑 云 冠 冕 着 黑 色 裸 露 石 头 的 堡 垒。先 知 们 感 到 一 股 强 大 的 魔 法 存 在 从 山 顶 传 来，所 以 你 和 少 数 其 他 人 被 派 往 山 顶 调 查 这 种 不 可 思 议 的 野 生 力 量 的 来 源。在 那 里，你 看 到 了 它。一 个 孤 独 的 古 老 男 子，他 的 血 肉 和 皮 肤 被 流 动 的 混 沌 之 力 扭 曲 变 形。老 巫 师 注 意 到 了 你 的 小 组，用 一 个 手 势 邀 请 你 加 入 他 的 仪 式。你 感 到 原 始 的 混 沌 能 量 掌 控 了 你，给 予 你 不 洁 的 知 识，指 导 你 成 为……的 决 定。
qstr_Soon_after_reaching_|到 达 诺 斯 卡 中 心 地 带 后 不 久，混 沌 矮 人 的 旅 行 纵 队 目 睹 了 一 个 伟 大 的 野 蛮 人 要 塞。一 队 混 沌 骑 手 很 快 接 近 军 队 的 前 头，带 来 消 息 说 要 塞 的 领 主 希 望 你 们 全 部 参 加 为 荣 誉 混 沌 之 神 而 设 的 盛 大 宴 会。那 晚 火 焰 在 宴 饮 人 群 上 明 亮 高 燃，献 祭 举 行，麦 酒 如 河 流 般 在 掠 夺 者 和 矮 人 之 间 流 淌。你 正 要 咬 某 种 烤 猪 腿 时，一 个 魁 梧 的 野 蛮 人 来 到 你 面 前，吼 出 他 的 挑 战。由 于 所 有 那 些 麦 酒，你 记 不 清 后 来 发 生 的 大 部 分 事 情，但 你 知 道 巨 人 在 片 刻 间 就 躺 在 地 板 上，所 有 你 的 同 伴 都 在 欢 呼 你 的 胜 利。这 股 人 气 激 增 说 服 你 成 为……
qstr_Entering_the_western|进 入 诺 斯 卡 冰 封 土 地 的 西 部 区 域，航 行 变 得 艰 难，暴 风 雪 减 缓 行 军 并 损 坏 补 给，并 且 越 来 越 强 的 扭 曲 风 暴 从 北 部 混 沌 荒 原 袭 来。在 这 个 敌 对 环 境 中 生 存 数 周 后，在 呼 啸 的 风 中 听 到 了 战 斗 号 角 的 声 音。跟 随 号 角 的 响 亮 哀 号，达 维 · 扎 尔 发 现 了 一 个 由 一 大 群 混 沌 掠 夺 者 持 有 的 营 地。他 们 向 你 提 供 安 全 港 和 贸 易 机 会，你 没 有 错 过 机 会 交 易 一 些 你 装 备 中 的 小 饰 品 和 武 器，以 交 换 资 源、奴 隶 和 少 量 珍 贵 的 金 子。随 着 更 大 的 风 暴 过 去，你 和 其 他 人 离 开 了 营 地，准 备 好 最 终 结 束 旅 程，尽 管 你 交 易 来 的 那 小 堆 财 物 让 你 决 定 成 为……
qstr_After_months_of_trav|经 过 数 月 穿 越 山 脉、雪 白 平 原 和 冰 冻 峡 谷 的 旅 行，诺 斯 卡 最 西 海 岸 终 于 映 入 眼 帘。你 的 一 些 族 人 已 经 出 发 在 诺 斯 卡 土 地 上 建 立 新 前 哨 和 殖 民 地，但 更 多 留 下，他 们 神 赐 的 使 命 引 领 他 们 到 阿 尔 比 恩 的 高 耸 多 岩 海 岸。你 一 到 达 那 里，就 建 立 了 一 个 营 地 准 备 海 洋 旅 行。你 是 被 派 出 去 侦 察 建 筑 材 料 的 人 之 一，这 就 是 你 如 何 看 到 它。沿 着 海 岸，一 堆 大 型 破 损 船 体 和 头 像、桅 杆 和 撕 裂 的 帆 矗 立 着，如 同 死 怪 物 的 尸 体。诺 斯 卡 船 只 的 遗 骸 被 迅 速 研 究 和 拆 解，它 们 的 设 计 秘 密 现 在 也 是 你 的 了。混 沌 矮 人 最 终 出 发 前 往 他 们 旅 行 的 最 终 目 的 地，而 你 决 定 成 为……
qstr_The_Deliverer_the_Gr|救 世 主，巨 蛇，红 冠 蜥 蜴 人 之 主。当 首 批 红 冠 蜥 蜴 人 先 知 在 远 古 对 抗 疫 病 氏 族 鼠 人 军 团 的 战 争 中 传 播 索 提 克 的 教 义 时，所 有 蜥 蜴 人 皆 承 认 这 位 新 神 的 伟 大 并 宣 誓 效 忠，将 其 奉 为 万 神 殿 之 首，迫 使 史 兰 祭 司 们 也 接 受 他，从 而 使 其 地 位 凌 驾 于 古 圣 之 上。索 提 克 的 祝 福 是 赋 予 强 大 力 量 与 坚 定 忠 诚 的 印 记，使 受 祝 者 有 权 能 向 蜥 蜴 人 之 敌 施 行 迅 捷 报 复。在 蛇 神 祝 福 指 引 下，你 成 长 为 此 等 存 在：
qstr_The_Solar_the_Blazin|太 阳 之 神，炽 燃 者，闪 耀 之 神。被 尊 为 乔 泰 克 的 古 圣 带 来 温 暖 与 生 命，其 恩 赐 是 太 阳 的 灼 热 能 量 流 淌 于 心 智 体 魄，使 受 祝 者 获 得 无 与 伦 比 的 活 力。因 此 你 的 肌 肉 生 长 得 比 其 他 灵 蜥 更 迅 猛，心 智 愈 发 契 合 星 辰 祖 火 的 炽 热 本 质，对 奥 法 的 领 悟 如 破 晓 晨 光 般 日 益 明 亮。受 乔 泰 克 光 辉 触 碰 加 持，你 踏 上 人 生 道 路 成 为：
qstr_The_Three_Horned_God|三 角 之 神，冷 血 野 兽 之 主。这 位 野 蛮 的 古 圣 自 生 命 诞 生 便 是 露 丝 契 亚 丛 林 所 有 野 兽 的 守 护 神，尤 受 大 城 邦 外 丛 林 灵 蜥 崇 拜，但 极 少 数 者 能 如 你 一 般 自 孵 化 时 便 被 兽 神 选 中。受 祝 者 天 生 能 与 最 凶 猛 野 兽 建 立 羁 绊，驾 驭 其 意 志 助 战。因 伊 策 尔 祝 福，你 很 快 找 到 了 同 期 孵 化 的 野 兽 伙 伴，二 者 共 同 成 长，这 头 爬 行 动 物 始 终 形 影 不 离。作 为 受 三 角 之 神 祝 福 的 共 生 契 约 者，你 选 择 成 为：
qstr_Inscrutable_even_amo|"即 便 在 古 圣 之 中 亦 深 不 可 测 的 索 特 尔 是 隐 秘 近 乎 被 遗 忘 的 神 祇，独 自 执 行 着 创 世 之 初 与 同 僚 制 定 的 伟 大 计 划。仅 有 极 少 数 者 如 传 奇 古 血 战 士 克 罗 卡 一 般 被 这 位 ""英 杰 遴 选 者 ""标 记，而 你 显 然 亦 属 此 列—— 自 呼 吸 初 启 便 注 定 超 越 阶 位，成 为 对 抗 邪 恶 势 力 中 不 败 的 领 袖 与 战 士，纵 使 万 难 亦 必 达 使 命。沿 索 特 尔 铺 就 之 路，你 最 终 成 为："
qstr_The_Silent_Predator_|寂 静 捕 食 者，潜 行 者，丛 林 猎 手。在 暗 精 对 露 丝 契 亚 最 血 腥 的 入 侵 中，华 奇 奎 因 助 蜥 蜴 人 驱 逐 敌 军 而 备 受 尊 崇。通 过 狡 黠 伏 击 与 突 袭，守 护 者 们 领 悟 了 潜 行 者 的 神 恩—— 这 正 是 你 此 刻 所 获 的 赠 礼。豹 神 印 记 使 你 行 动 无 影 无 踪，精 准 击 中 猎 物 弱 点，很 快 成 为 部 落 著 名 猎 手。人 生 轨 迹 不 可 阻 挡，你 运 用 这 天 赐 之 力 成 为：
qstr_The_Cold_the_Unmoved|冰 冷 者，不 为 所 动 者，忍 耐 之 神。特 拉 兹 柯 特 是 体 现 蜥 蜴 人 冷 血 生 命 的 古 圣。其 祝 福 祛 除 一 切 身 心 惧 忧，使 受 印 者 成 为 冷 酷 决 绝 的 存 在，无 惧 任 何 险 境。这 份 自 诞 生 即 获 的 恩 赐 令 你 超 脱 于 同 族，对 使 命 与 执 行 方 式 具 有 超 凡 认 知，自 我 保 全 的 枷 锁 已 被 永 久 解 除。为 践 行 伟 大 计 划，你 深 知 必 须 成 为：
qstr_You_had_no_idea_what|年 少 时，你 并 不 知 道 自 己 想 要 何 种 人 生，于 是 走 上 最 常 见 的 道 路，投 身 当 地 民 兵。你 既 不 狂 热，也 不 懈 怠，始 终 以 极 高 标 准 履 行 职 责，给 所 有 军 官 留 下 深 刻 印 象；但 你 从 未 拥 有 多 数 战 友 那 般 的 军 旅 热 情。训 练 使 你 强 健 且 随 时 能 战。合 约 到 期 时，上 级 以 高 薪 与 晋 升 挽 留，你 却 表 示 想 回 家 重 新 审 视 人 生。军 中 众 人 因 你 拒 绝 如 此 优 厚 的 条 件 而 鄙 夷 你，但 你 毫 不 在 意。
qstr_You_were_never_the_m|帝 国 境 内 人 缘 平 平，^ 遂 在 塔 拉 贝 海 姆 为 丑 闻 缠 身 的 地 主 担 任 执 达 吏。雇 主 擅 长 榨 取 佃 户 财 富，^ 总 派 你 上 门 催 缴 逾 期 款 项。工 作 带 来 自 信，^ 直 至 某 次 为 雇 主 隐 秘 附 加 费 讨 债 时 被 退 役 巨 剑 士 重 创，^ 终 辞 职 追 寻 体 面 生 活。
qstr_There_was_always_lot|帝 国 境 内 物 资 流 通 频 繁，识 途 者 处 处 商 机。初 经 营 二 手 货 小 店，民 众 见 你 商 业 头 脑 敏 锐 后 竞 相 委 托 代 售 新 品。积 累 大 量 财 富 与 人 脉 后，将 生 意 交 予 兄 弟 另 寻 新 途。
qstr_You_loved_Blood_Bowl|少 时 痴 热 血 橄 榄 球，得 隙 即 加 入 本 地 队 受 训。强 势 跻 身 阵 容 成 新 星，率 队 屡 夺 桂 冠。因 与 魔 格 '恩 '索 格 结 怨 毁 业—— 你 将 其 击 入 观 众 席 致 髋 骨 骨 折，暴 动 观 众 几 近 踩 毙 之。复 出 后 他 买 通 所 有 对 手 场 场 针 对，虽 互 有 胜 负 但 其 表 现 累 及 战 队，最 终 教 练 为 息 事 宁 人 将 你 解 雇。
qstr_You_were_always_prou|自 幼 倾 慕 帝 国 科 技 伟 力，尤 痴 迷 枪 械。^ 学 业 完 结 后 随 本 地 枪 匠 为 徒，^ 习 得 组 装、养 护、改 造 及 射 击 各 类 制 式 火 器 之 技。
qstr_The_Empire_was_massi|帝 国 疆 域 辽 阔，选 帝 侯 与 城 镇 间 情 报 需 求 极 旺。劫 掠、战 事、巫 术、政 商 动 向 皆 需 实 时 传 递，少 年 时 即 入 选 信 使 计 划 服 务 权 贵。迅 捷 隐 秘 乃 你 信 条，使 命 从 无 延 误。
qstr_You_grew_up_on_tales|你 听 着 骑 士 与 长 矛 的 传 奇 长 大，也 梦 想 成 为 其 中 一 员，但 后 来 发 现 自 己 更 擅 长 弓 箭。你 每 周 训 练 五 次，以 为 是 在 为 战 争 做 准 备；可 当 气 候 剧 变 袭 击 巴 托 尼 亚、各 省 农 作 物 欠 收 时，你 大 多 数 时 间 都 在 狩 猎 取 肉，让 家 家 户 户 得 以 果 腹 生 存。
qstr_Your_love_of_poetry_|热 衷 诗 词 音 乐 与 宴 会 焦 点，^ 人 生 开 局 绚 烂。作 为 歌 者 与 说 书 人 常 受 邀 顶 级 筵 席，^ 沉 醉 佳 酿 或 氛 围 忘 情 献 艺。^ 大 饥 荒 终 结 浮 华，无 粮 则 无 宴 饮 欢 场。
qstr_Being_a_solitary_and|作 为 一 个 孤 僻 而 严 厉 的 人，侦 察 骑 兵 这 份 工 作 对 你 来 说 再 合 适 不 过，^ 而 你 也 正 是 雇 佣 你 的 人 的 完 美 人 选。你 的 工 作 是 骑 行 在 战 团、商 队 和 外 交 旅 行 者 之 前，^ 侦 察 前 方 可 能 存 在 的 威 胁 和 危 险。这 是 一 份 危 险 的 工 作，寿 命 预 期 很 低，但 你 精 通 战 斗 技 艺 以 及 侦 察 和 追 踪 技 巧。^ 尽 管 被 命 令 将 威 胁 留 给 突 击 队 处 理，但 经 常 你 会 独 自 出 动 应 对 小 股 敌 人。你 是 一 个 隐 秘 的 人，^ 能 够 在 不 被 发 现 和 包 围 的 情 况 下 进 行 侦 察 和 追 踪，而 这 正 是 侦 察 骑 兵 死 亡 的 主 要 原 因。
qstr_You_loved_Blood_Bowl_|你 年 轻 时 热 爱 血 碗，一 有 机 会 加 入 当 地 球 队 训 练，^ 你 就 无 法 拒 绝。你 强 行 挤 进 队 伍，迅 速 成 为 新 星，带 领 团 队 赢 得 诸 多 奖 杯。^ 你 是 个 有 原 则 的 人，尽 管 在 这 项 运 动 中 凤 毛 麟 角，^ 后 来 因 兽 人 巨 星 瓦 拉 格 · 食 尸 鬼 咀 嚼 者 使 用 作 弊 武 器 导 致 己 方 半 数 队 员 和 多 数 对 手 丧 生，^ 其 禁 赛 令 又 被 撤 销，你 愤 而 退 出 以 示 抗 议。
qstr_Food_was_scarce_when|你 年 轻 时 食 物 匮 乏，连 老 鼠 都 饿 得 越 来 越 大 胆 找 吃 的。^ 你 们 村 子 根 本 耗 不 起 让 老 鼠 偷 窃 或 污 染 那 点 存 粮，所 以 你 的 活 儿 就 是 追 捕 灭 鼠。^ 你 速 度 快 如 闪 电，这 反 而 让 你 更 迅 捷，尽 管 在 巴 托 尼 亚 的 雨 夜 常 常 浑 身 湿 透。
qstr_Although_you_never_a|虽 然 你 从 未 公 开 承 认，但 内 心 钦 佩 帝 国 的 技 术 及 其 在 战 争 中 的 优 势。巴 托 尼 亚 最 接 近 帝 国 伟 大 发 明 的 就 是 投 石 机，在 攻 城 时 效 果 卓 著。你 参 与 多 次 主 力 军 进 攻，尽 力 证 明 巴 托 尼 亚 技 术 能 像 刀 剑 一 样 决 胜 战 场。
qstr_You_were_fascinated_|你 曾 痴 迷 于 在 国 内 大 城 市 执 业 的 医 生 和 治 疗 者。^ 你 早 年 潜 心 学 习，并 兼 职 给 一 位 医 师 当 助 手，他 也 是 你 母 亲 的 朋 友。^ 你 学 到 了 许 多 关 于 人 体 和 周 围 世 界 药 用 特 性 的 知 识，这 些 技 能 将 很 适 合 你 作 为 众 多 辛 劳 战 士 的 领 袖。
qstr_Flying_carpets_are_a|飞 毯 是 你 们 国 家 的 一 绝，只 有 最 显 赫 的 人 物 才 配 拥 有。你 一 直 渴 望 财 富 和 名 声，所 以 训 练 成 飞 毯 制 作 高 手，并 亲 自 销 售 以 省 去 中 间 商，也 让 权 贵 知 道 你 的 名 号。
qstr_There_was_always_lots|帝 国 境 内 总 有 大 量 财 富 和 货 物 流 动，只 要 找 对 地 方，啥 都 有 市 场。你 起 初 做 小 买 卖 卖 二 手 货，但 很 快 市 民 见 你 生 意 头 脑 敏 锐，就 把 新 货 托 你 代 销。你 积 攒 了 巨 额 财 富 和 人 脉，但 最 终 把 生 意 交 给 弟 弟，自 己 去 寻 找 新 方 向。
qstr_A_great_deal_is_made|在 阿 拉 比，守 法 被 极 度 强 调。外 国 人 在 阿 拉 比 时，其 习 俗 和 文 化 错 误 会 得 到 很 大 宽 容，但 这 份 礼 遇 不 适 用 于 本 国 人。法 律 习 俗 极 其 严 格，却 常 被 违 反。监 狱 因 此 人 满 为 患，需 要 大 量 狱 卒。这 活 儿 不 太 体 面 但 报 酬 丰 厚，所 以 你 干 了 很 久。
qstr_You_started_life_on_|你 生 涯 始 于 巡 逻 队，作 为 沙 漠 骑 兵 所 属 侦 察 组，^ 常 骑 行 于 阿 拉 比 与 尼 赫 喀 拉 边 境。你 是 队 里 最 好 的 弓 骑 兵，^ 懂 得 在 突 击 时 与 敌 人 保 持 可 控 距 离。
qstr_You_spent_your_early_|你 早 年 在 拉 希 克 贼 窝 里 度 过，学 航 海 和 海 盗 的 伎 俩 并 反 制 他 们。^ 你 学 会 陆 上 潜 行 海 上 机 敏，总 是 迅 捷 有 目 的。^ 你 欠 了 债，靠 这 行 还 债，但 不 久 城 里 待 不 下 去，^ 始 终 没 攒 下 啥 余 钱。
qstr_The_Ashiwara_are_the|阿 什 瓦 拉 族 是 尼 朋 最 和 平 且 擅 长 外 交 的 氏 族。他 们 精 通 内 外 事 务，战 事 爆 发 时 拥 有 全 尼 朋 最 好 的 弓 箭 手 保 卫 家 园。
qstr_The_Uruchi_clan_is_h|乌 露 奇 族 是 相 扑 勇 士 的 故 乡，全 国 最 好 斗 的 氏 族。他 们 在 战 场 上 的 极 端 暴 力 和 残 忍 招 致 岛 上 其 他 氏 族 鄙 视。
qstr_When_the_Empire_brou|帝 国 将 火 药 带 入 尼 朋 后，巴 塔 克 族 意 识 到 其 重 要 性，痴 迷 掌 握 利 用 这 一 新 贵 资 源 制 造 使 用 攻 城 武 器 和 战 争 机 器。他 们 的 战 术 被 多 数 视 作 不 光 彩，但 其 技 术 远 胜 他 族，普 遍 担 忧 终 有 一 日 他 们 强 不 可 挡。
qstr_The_Shinzei_are_an_i|神 精 族 是 一 支 孤 立 高 技 氏 族，创 立 忍 术 训 练 忍 者 武 士 受 雇 大 陆 各 地。因 忍 者 及 暗 杀 学 派 的 影 响，他 族 极 不 信 任 他 们，但 他 们 也 是 抵 御 北 方 亡 灵 大 军 的 关 键 防 线，故 被 放 任 自 流。
qstr_The_Mushagi_are_mast|武 者 技 族 是 战 场 指 挥 大 师，拥 有 世 界 最 历 练 的 足 轻 军 队。他 们 优 待 尊 重 军 中 农 民 阶 层，是 军 事 成 功 关 键，但 常 因 视 贱 民 为 平 等 遭 他 族 讥 讽。
qstr_The_Daimatzu_are_the|大 名 津 族 是 所 有 氏 族 中 最 严 格 荣 誉 的。他 们 是 制 剑 大 师 和 剑 术 大 师，无 疑 是 尼 朋 乃 至 全 球 最 佳 决 斗 者。他 族 视 其 傲 慢。
qstr_The_pirates_are_stro|海 盗 势 力 强 大，但 敌 人 往 往 不 逊 甚 至 更 强，^ 兄 弟 会 并 非 总 能 随 心 所 欲。有 时 需 政 治 手 段 维 持 派 系 稳 定，^ 故 需 使 者 传 递 接 收 休 战 条 约 等 政 治 信 息。你 早 年 担 任 兄 弟 会 使 者，代 表 海 盗 外 交，^ 肩 负 和 平 重 任。
qstr_You_loved_riches_lik|你 像 所 有 海 盗 一 样 贪 财，不 介 意 来 源。许 多 海 盗 迷 信 或 视 圣 地 禁 入，不 敢 盗 墓，但 你 毫 无 顾 忌 搜 索 宁 静 墓 地 找 寻 死 者 带 不 走 的 财 物。
qstr_Pirates_love_guns_fo|海 盗 爱 枪，远 近 战 皆 宜，你 曾 为 镇 上 最 大 枪 匠 工 作。你 学 会 制 造 清 理 顶 级 手 枪 步 枪，并 大 量 练 习 使 用。
qstr_Piracy_is_a_bloody_a|海 盗 是 血 腥 残 酷 行 当，战 斗 伊 始 伤 员 便 哀 嚎 求 医。^ 你 受 训 精 通 伤 口 处 理 和 基 础 外 科，会 冲 入 甲 板 战 团 拖 伤 员 到 安 全 处，^ 尽 力 救 治 让 他 们 活 命。
qstr_You_taught_yourself_|青 少 年 时 自 学 剑 术，梦 想 有 朝 一 日 拥 船 带 队 远 航。^ 为 攒 钱 实 现 目 标，你 受 雇 当 佣 兵，不 同 雇 主 不 同 缘 由，^ 只 问 酬 劳。但 始 终 未 攒 够 钱，^ 因 一 次 蒸 浴 时 被 狡 诈 女 海 盗 抢 劫。
qstr_You_were_captured_by|12岁 时 被 暗 精 灵 海 盗 俘 获，卖 为 奴 在 克 拉 肯 劳 作，后 强 壮 了 上 桨 帆 船 划 桨。^你 忍 受 苦 役 直 到 23岁，所 在 船 被 海 盗 舰 队 攻 占。^船 长 救 你 自 由，听 口 音 知 你 是 同 乡，从 此 你 开 始 新 生。
qstr_Your_job_was_to_gath|你 的 工 作 是 为 部 落 搜 集 食 物 和 毛 皮。^你 猎 捕 所 有 动 物，包 括 野 猪、狼、熊，及 特 别 大 胆 时 剑 齿 虎。^狩 猎 和 剥 皮 都 需 精 准，若 失 手 毛 皮 被 拒 收，你 就 得 自 掏 腰 包。
qstr_You_loved_the_viciou|你 喜 欢 血 碗 球 场 的 凶 残 野 蛮 的 竞 技 场。你 加 入 了 当 地 的 血 碗 球 队，而 且 尽 管 你 很 少 赢，但 你 不 在 乎。你 打 球 不 是 为 了 把 球 带 过 线，你 只 是 想 粉 碎 对 手，并 送 尽 可 能 多 的 人 去 医 务 室。
qstr_Chaos_love_raiding_t|混 沌 喜 欢 袭 击 帝 国，因 为 帝 国 在 成 为 大 陆 超 级 大 国 时 夺 走 了 原 本 属 于 他 们 的 土 地。尽 管 北 方 战 士 骄 傲 强 大，但 人 数 不 足 以 面 对 帝 国 的 全 力 和 战 争 机 器 并 获 胜。因 此，他 们 不 喜 欢 全 面 战 争，而 是 喜 欢 在 可 能 时 袭 击 掠 夺，试 图 给 西 格 玛 帝 国 施 加 经 济 困 难。你 的 工 作 是 侦 察 帝 国 边 境 的 商 队 和 重 要 车 队，并 了 解 村 庄 何 时 获 得 补 给，然 后 跑 回 去 警 报 袭 击 队 伍。
qstr_There_were_many_road|有 许 多 道 路 可 供 你 选 择，但 你 决 心 成 为 举 世 闻 名 的 战 士。你 想 要 一 个 启 示，你 的 神 的 干 预 来 祝 福 你，赋 予 你 实 现 野 心 所 需 的 力 量。你 在 遥 远 的 北 方 流 浪 多 年，最 终 你 的 神 回 应 了，你 从 山 中 归 来，焕 然 一 新。
qstr_Although_nowhere_nea|尽 管 在 战 斗 中 远 不 够 熟 练，你 年 轻 时 靠 关 系 加 入 了 掠 夺 者，并 在 海 洋 和 海 岸 线 搜 寻 奴 隶 卖 给 其 他 国 家。你 对 登 船 作 战 不 陌 生，并 且 最 喜 欢 与 海 盗 进 行 激 烈 的 小 规 模 冲 突。
qstr_Marauders_do_not_hav|掠 夺 者 与 其 他 军 队 相 比 没 有 太 多 盔 甲，但 他 们 喜 欢 使 用 盾 牌，尽 管 盾 牌 质 量 通 常 很 低。你 想 为 军 队 生 产 优 质 盾 牌，所 以 你 跟 一 个 诺 斯 矮 人 学 习 了 如 何 制 作 坚 固 的 盾 牌。他 还 教 了 你 如 何 用 盾 牌 有 效 防 御。
qstr_You_joined_the_local_|你 加 入 了 当 地 的 血 碗 球 队，并 度 过 了 三 个 非 常 成 功 的 赛 季。你 的 球 队 闪 电 般 快 速 且 非 常 坚 韧。你 掌 握 了 保 护 你 的 灵 蜥 的 技 巧，你 的 鳄 鱼 人 总 是 在 史 诗 般 的 中 心 混 战 中 胜 出。你 发 现 了 所 有 试 图 送 灵 蜥 去 医 务 室 的 对 手，并 直 面 他 们，迫 使 他 们 对 阵 你。他 们 总 是 输 掉。
qstr_Unlike_the_Dark_Elve|与 黑 暗 精 灵 必 须 欺 骗 冷 蜥 作 为 坐 骑 不 同，蜥 蜴 人 与 居 住 在 露 丝 契 亚 的 物 种 有 纽 带，它 们 通 常 自 愿 为 蜥 人 服 务。由 于 蜥 蜴 人 总 是 要 打 很 多 战 争，确 保 各 战 线 有 足 够 骑 兵 很 重 要，所 以 你 将 它 们 成 群 放 牧，准 备 服 役。
qstr_Lizardman_weapons_ar|蜥 蜴 人 的 武 器 可 能 是 全 世 界 最 独 特 的。没 有 其 他 种 族 的 武 器 看 起 来 或 造 成 伤 害 的 方 式 相 同。这 些 武 器 倾 向 于 从 猎 物 身 上 撕 下 大 块 肉，而 不 是 干 净 利 落 地 切 割，其 力 量 在 穿 透 盔 甲 和 血 肉 的 同 时 常 常 让 敌 人 喘 不 过 气。你 作 为 铁 匠，为 军 队 大 规 模 制 造 这 些 武 器。
qstr_You_knew_that_the_ba|你 知 道 战 场 和 战 争 是 你 的 命 运，这 是 每 个 蜥 人 的 命 运，但 你 花 时 间 虔 诚 地 信 奉 你 的 宗 教 和 神 索 提 克。你 朝 圣 圣 地，聆 听 并 向 住 在 神 圣 寺 庙 的 许 多 祭 司 学 习。你 了 解 了 过 去 和 未 来 的 预 言 以 及 为 什 么 保 卫 家 园 免 受 亵 渎 圣 地 之 人 侵 害 如 此 重 要。
qstr_Lustrian_towns_hold_|露 丝 契 亚 的 城 市 也 会 像 其 他 种 族 一 样 举 办 锦 标 赛，而 你 负 责 确 保 赛 事 顺 利 进 行。平 日 里，你 更 重 要 的 职 责 是 训 练 数 百 名 蜥 人 战 士，让 他 们 尽 快 学 会 作 战。年 轻 而 缺 乏 经 验 的 蜥 人 会 来 到 你 的 竞 技 场 学 校 接 受 入 伍 前 训 练；在 被 派 往 战 场 之 前，每 个 人 都 必 须 完 成 你 制 定 的 严 苛 训 练 科 目。
qstr_You_served_your_cast|你 为 你 的 城 堡 领 主 服 务 了 四 年，确 保 他 的 每 个 愿 望 都 得 到 执 行，信 息 链 上 的 每 个 人 都 了 解 情 况 并 朝 着 领 主 的 愿 望 工 作。你 特 意 提 前 掌 握 蜥 蜴 人 王 国 的 所 有 政 治 和 军 事 局 势，所 以 当 领 主 询 问 情 况 时，你 从 不 不 知 所 措 或 无 言 以 对。
qstr_The_biggest_and_stro|最 大 最 强 的 人 统 治 其 他 人，这 是 兽 人 社 会 的 基 本 原 则，成 为“最 大 最 强”的 唯 一 方 法 是 打 赢 其 他 有 抱 负 的 酋 长。但 部 落 中 只 有 一 人 能 成 为“老 大”，那 就 是 你。你 打 了 很 多 仗，赢 了 很 多，成 长 了 很 多，以 至 于 没 人 敢 挑 战 你 的 可 怕 权 威，害 怕 你 的 野 蛮 报 复。然 而，你 作 为 领 袖 的 辉 煌 日 子 在 你 独 自 离 开 部 落 时 结 束 了，因 为……
qstr_The_ways_of_Gork_and|格 克 和 莫 克 的 方 式 很 神 秘，但 对 你 来 说 不 是。你 从 一 开 始 就 听 到 他 们 齐 声 在 你 脑 海 中 低 语，引 导 你 完 成 更 高 目 标。因 此，你 在 山 侧 雕 刻 了 双 神 的 面 孔，作 为 所 有 绿 皮 看 的 标 志。他 们 来 找 你，整 个 Waagh！，聆 听 神 言。“先 知”他 们 称 你 为，你 的 宗 教 支 柱，“神 之 口”。然 而，神 对 你 有 其 他 计 划，所 以 他 们 迫 使 你 离 开 你 的 人 民，带 着 诱 导 的 错 误 信 念……
qstr_Everyone_likes_to_we|每 个 人 都 喜 欢 穿 一 些“硬 家 伙”或 挥 舞“正 宗 致 命 砍 刀”，但 为 了 得 到 它 们，你 需 要 先 打 造 它 们。你 选 择 了 这 个 作 为 工 作。作 为 Waagh铁 匠，你 在 营 地 粗 糙 的 铁 匠 帐 篷 的 烟 熏 黑 暗 中 度 过 日 子，熔 炼 和 重 铸 倒 下 敌 人 的 装 备 成“兽 人 玩 意 儿”，并 偶 尔 踢 懒 地 精 仆 人 的 屁 股，当 他 们 工 作 不 够 快 时。然 而，铁 匠 生 活 很 快 对 你 来 说 太 无 聊 了，所 以 你 离 开 了，因 为……
qstr_The_greenskins__econ|绿 皮 的 经 济 体 系 十 分 独 特，他 们 用 牙 齿 当 作 货 币。绿 皮 营 地 每 天 都 可 能 爆 发 好 几 场 斗 殴，再 加 上 绿 皮 牙 齿 长 得 飞 快，一 场 普 通 的 醉 酒 打 架 转 眼 就 能 变 成 露 天 银 行。你 总 躲 在 斗 殴 外 围，在 同 伴 飞 舞 的 拳 头 间 钻 来 钻 去，日 复 一 日 地 捡 走 越 来 越 多 的 牙 齿。这 算 光 彩 吗？“谁 在 乎！”你 立 刻 回 答。带 着 满 满 一 袋 财 富，你 有 一 天 离 开 了 营 地，因 为……
qstr_Orcs_love_dwarf_tunn|兽 人 喜 欢 矮 人 隧 道，但 讨 厌 住 在 里 面 的 矮 人。作 为 隧 道 居 民，你 学 会 了 如 何 在 狭 窄 空 间 正 确 战 斗 和 防 御，如 何 在 黑 暗 中 聚 焦 视 力 并 锐 化 方 向 感，这 是 在 山 区 内 部 导 航 的 关 键 技 能。但 你 没 意 识 到 自 己 本 能 驱 动 的 高 级 训 练，你 只 想 <<砍 倒 那 些 该 死 的 矮 冬 瓜！>>拿 走 他 们 所 有 的“闪 亮 玩 意 儿”。然 而，某 时 你 决 定 停 止 地 下 活 动，因 为……
qstr_Pirates_are_a_quite_|海 盗 是 海 上 商 人 与 探 险 家 的 常 见 威 胁，但 一 群 兽 人 海 盗 可 远 不 止“威 胁”那 么 简 单。“呀——Waagh！脏 小 子，把 财 宝 交 出 来，准 备 让 俺 们 登 船！”外 交 从 来 不 是 你 的 强 项，不 过 结 果 才 是 最 重 要 的，而 你 那 套 独 门 外 交 既 有 效 又 有 趣。你 带 着 伙 伴 乘 风 破 浪，驾 驶 那 艘 奇 迹 般 还 没 沉 掉 的 木 筏—— 你 得 意 地 称 它 为“飞 翔 绿 皮 号”—— 到 处 跳 帮 砍 杀。这 样 的 日 子 仿 佛 天 生 适 合 你，直 到 某 一 天，你 决 定 告 别 海 盗 生 涯，因 为……
qstr_When_the_tribe_reuni|当 部 落 聚 集 在 同 一 名 地 精 的 破 旗 之 下，成 千 上 万 颗 绿 皮 脑 袋 里 扭 曲 而 迟 钝 的 念 头 会 汇 成 一 股 奇 怪 力 量。你 的 职 责，就 是 驾 驭“小 Waagh之 力！”，把 它 变 成 毛 哥 与 搞 哥 的 意 志。除 此 之 外，你 还 得 酿 蘑 菇 酒—— 没 有 哪 个 地 精 敢 在 不 喝 这 种 狂 暴 药 酒 的 情 况 下 上 战 场。^重 要 的 职 责 让 你 爬 上 了 部 落 高 层，但 强 大 力 量 总 伴 随 着 更 大 的 爆 炸。一 次 战 前 施 法 失 误，几 乎 把 整 场 Waagh！炸 得 精 光。你 逃 离 寥 寥 无 几 的 幸 存 者，躲 进 一 个 空 心 树 桩，藏 了 很 长 一 段 时 间。
qstr_You_were_in_the_serv|你 曾 为 一 群 萨 满 效 力，他 们 专 门 制 作 使 用 各 种 实 验 性 兴 奋 剂 和 致 幻 剂 的 药 水 和 药 膏。起 初 你 是 为 了 金 币 而 做，后 来 你 免 费 做，当 你 对 这 些 彩 色 瓶 子 和 药 瓶 的 瘾 达 到 顶 点 时，萨 满 们 设 法 让 你 付 费 享 受 这 个 特 权。多 年 来，它 们 对 你 产 生 了 许 多 奇 怪 的 影 响，你 只 有 在 萨 满 们 因 其 中 一 种 混 合 物 失 控 引 起 的 爆 炸 中 丧 生 后 才 摆 脱 了 他 们 的 控 制。在 旧 世 界，没 有 毒 品 的 生 活 如 同 地 狱，但 你 最 终 挺 过 来 了。
qstr_You_offered_your_ser|你 向 绿 皮 飞 行 队 提 供 服 务，并 成 为 旧 世 界 的 翼 装 奇 观 之 一。在 战 场 上，你 被 弹 射 到 空 中，然 后 本 应 神 风 特 攻 式 地 撞 向 一 名 显 要 敌 人，同 归 于 尽。你 热 爱 你 的 工 作，高 飞 在 战 场 上 空，视 野 数 英 里，你 曾 在 飞 行 中 扯 下 一 名 直 升 机 飞 行 员 的 胡 子。唯 一 的 问 题 是，你 从 未 履 行 协 议 的 另 一 端。你 似 乎 由 如 此 坚 韧 的 材 料 制 成，以 至 于 总 是 能 在 俯 冲 中 幸 存，常 常 骨 折 和 瘀 伤，但 你 总 能 活 到 改 日 再 飞。
qstr_Fast._Dodge_a_couple|快！躲 开 几 发 散 弹 火 铳。跳 过 一 具 地 精 尸 体，你 边 跑 边 骂 了 声“蠢 货”。一 名 矮 人 迎 面 冲 来，斧 刃 与 盔 甲 在 火 光 中 闪 烁。你 继 续 狂 奔，一 名 末 日 俯 冲 者 尖 叫 着 从 头 顶 掠 过，正 好 撞 进 那 矮 人 的 胸 膛。道 路 畅 通—— 继 续 跑。^目 标 就 在 那 里：一 个 白 发 矮 人，穿 着 古 怪 的 衣 服。那 是 机 器 吗？“亮 闪 闪！俺 喜 欢 这 矮 人 玩 意！”他 还 没 有 发 现 你。矮 人 工 程 师 正 忙 着 摆 弄 火 炮，只 看 见 一 个 裹 着 破 布、尖 叫 不 止 的 东 西 朝 自 己 扑 来。那 名 注 定 要 死 的 矮 人 最 后 看 见 的，是 一 把 粗 糙 短 刀 正 逼 近 他 的 喉 咙。随 后，一 切 归 于 黑 暗。
qstr_The_great_steppes_of|东 方 的 大 草 原，如 同 荒 芜 的 恶 地，是 大 地 精 部 落 的 居 住 和 狩 猎 地，他 们 以 驯 服 和 骑 狼 作 战 的 独 特 传 统 而 令 人 恐 惧。对 任 何 勇 敢 穿 越 那 些 荒 野 的 商 队 或 冒 险 者 来 说，他 们 是 真 正 的 灾 祸。但 你 从 不 关 心 那 些 你 无 情 杀 戮 的 人 的 看 法，你 一 直 渴 望 的 只 是 快 速 骑 行 和 战 斗 后 能 收 集 的 所 有 珍 贵 战 利 品。当 伏 击 另 一 个 毫 无 戒 备 的 商 队 时 机 临 近 时，你 总 是 欢 欣 鼓 舞，随 时 准 备 用 绿 色 字 母 签 署 他 们 的 终 结。
qstr_A_goblin_with_someth|一 个 地 精 居 然 有 颗 勉 强 能 运 转 的 大 脑？不 可 能。可 你 偏 偏 存 在，真 是 绿 皮 中 的 稀 罕 货。你 厌 倦 了 同 类 简 单 得 可 怜 的 脑 子，也 受 够 了 那 个 被 他 们 叫 作 老 大 的 鼻 涕 精，于 是 凭 借 超 乎 寻 常 的 智 慧 谋 划 夺 权。没 过 多 久，你 便 在 部 落 中 煽 动 了 一 场 大 规 模 叛 乱：你 散 布“老 大 是 矮 人 的 朋 友”，甚 至“俺 看 见 老 大 亲 了 一 只 史 奎 格”之 类 的 谣 言。战 斗 平 息 后，你 自 然 被 拥 戴 为 叛 乱 英 雄 和 新 老 大。^可 惜 爬 得 越 高，摔 得 越 狠。一 个 对 手 把 一 群 史 奎 格 放 进 你 的 住 处，你 只 得 在 全 体 族 人 面 前 落 荒 而 逃，也 给 了 他 们 一 个 把 你 赶 下 台 的 绝 佳 理 由。
qstr_Other_nations_loved_|其 他 国 家 喜 欢 与 高 等 精 灵 贸 易，因 为 他 们 产 品 的 质 量 和 在 乌 苏 安 能 找 到 的 一 些 优 质 资 源，所 以 一 个 高 等 精 灵 城 镇 常 常 挤 满 了 外 国 商 人，他 们 为 生 计 而 买 卖 和 易 货。你 担 任 了 托 阿 查 尔 的 行 会 会 长 四 年，这 是 一 份 要 求 很 高 的 工 作。
qstr_You_always_liked_blo|你 一 直 喜 欢 血 碗，经 常 观 看 比 赛，但 从 未 想 过 最 终 会 为 本 地 队 效 力，但 在 你 的 自 尊 被 一 些 调 查 高 等 精 灵 队 的 矮 人 侦 察 兵 伤 害 后，你 确 实 加 入 了。他 们 说 速 度 和 敏 捷 永 远 无 法 击 败 力 量 和 野 蛮，高 等 精 灵 队 注 定 平 庸。你 承 担 起 训 练 和 带 领 你 的 队 伍 赢 得 奖 杯 的 责 任，虽 然 你 从 未 做 到，但 你 在 联 赛 中 击 败 了 最 好 的 矮 人 队，在 他 们 的 主 场，这 是 一 个 巨 大 的 成 功，也 是 对 侦 察 兵 的 一 次 反 击。
qstr_Elves_often_say_that|精 灵 们 常 说 地 下 是 矮 人 的 地 盘，但 你 一 直 受 到 你 曾 听 说 的 著 名 战 士 团 体 故 事 的 启 发，他 们 去 世 界 各 地 的 地 牢 寻 找 宝 藏 和 强 大 的 被 遗 忘 的 敌 人。你 惊 讶 地 发 现 有 多 少 精 灵 参 加 了 这 些 冒 险 队 伍，因 为 在 家 乡 这 并 不 被 谈 及。你 决 定 在 诺 斯 卡 之 地 附 近 寻 找 并 加 入 一 个 低 调 但 勇 敢 的 冒 险 队 伍，以 体 验 一 下 那 种 感 觉。
qstr_You_joined_the_infam|你 加 入 了 精 灵 射 手 的 恶 名 昭 彰 行 列，他 们 是 精 灵 军 队 的 中 坚 力 量，向 敌 人 倾 泻 致 命 的 箭 雨。虽 然 你 加 入 的 单 位 是 军 队 中 最 低 等 的 之 一，但 资 格 认 证 仍 然 非 常 困 难，因 为 要 求 的 标 准 很 高，他 们 每 周 测 试 两 次 以 确 保 清 晰 度。
qstr_Elven_horses_are_fam|精 灵 马 以 血 统 纯 正 而 闻 名，即 使 最 好 的 阿 拉 伯 马 可 以 声 称 几 乎 一 样 快，但 它 们 远 不 如 在 艾 里 昂 平 原 培 育 的 马 匹 强 壮，也 没 有 同 样 的 高 速 耐 力。你 在 田 野 上 的 一 个 马 匹 训 练 社 区 工 作，确 保 为 军 队 培 育 的 数 百 匹 马 具 有 绝 对 最 好 的 质 量 和 最 佳 的 战 斗 体 型，既 能 保 护 骑 手 也 能 保 护 自 己。
qstr_The_Elves_are_not_bi|精 灵 并 不 热 衷 战 争 机 器，却 非 常 善 于 使 用 连 发 弩 炮；这 种 武 器 能 把 敌 军 中 常 见 的 巨 兽 单 位 真 正 撕 成 碎 片。你 学 习 了 各 种 弩 炮 的 机 械 原 理 与 构 造，也 掌 握 了 军 中 少 数 高 级 攻 城 器 械 的 知 识，从 而 能 帮 助 同 袍 更 快、更 有 效 地 操 作 它 们。
qstr_You_spent_2_years_st|你 花 了 两 年 研 究 各 个 种 族 的 身 体 构 造，只 为 掌 握 最 残 酷、最 有 效 的 拷 问 手 段。此 后，你 被 调 往 哈 格 · 格 雷 夫 的 高 塔，专 门 审 讯 身 份 显 赫 的 囚 犯，以 及 那 些 掌 握 关 键 情 报 的 人。
qstr_You_became_intereste|你 在 黑 暗 精 灵 队 主 宰 所 有 主 要 杯 赛 的 时 候 对 血 碗 产 生 了 兴 趣。你 练 习 了 多 年，最 终 被 签 为 纳 迦 隆 德 一 支 崭 露 头 角 的 最 佳 队 伍 中 的 线 卫 精 灵。你 开 局 顺 利，帮 助 队 伍 赢 得 了 兽 人 牙 杯，但 随 着 黑 暗 精 灵 胜 利 带 来 的 荣 誉 堆 积，家 乡 的 压 力 也 增 大，你 最 终 被 弃 用，让 位 给 一 名 女 巫 精 灵。在 任 何 其 他 时 代，你 都 足 够 优 秀，但 你 恰 逢 黄 金 一 代 时 期，你 的 梦 想 在 真 正 开 始 前 就 结 束 了。
qstr_You_did_not_have_the|你 没 有 成 为 海 盗 的 天 赋，但 你 想 成 为 他 们 船 员 的 一 部 分 并 分 享 他 们 的 成 功。你 知 道 如 何 操 作 船 只，是 一 名 优 秀 的 导 航 员，这 对 海 盗 来 说 是 一 项 关 键 技 能，因 为 从 混 沌 矮 人 营 地 到 目 标 区 域 的 距 离 通 常 极 长。你 最 终 被 调 到 一 个 黑 暗 精 灵 领 主 的 船 上，他 因 你 的 才 能 而 动 用 职 权，你 在 与 混 沌 的 无 情 战 争 中 度 过 了 八 年。
qstr_You_bought_the_fines|你 买 了 你 能 找 到 的 最 好 的 黑 暗 战 马，并 担 任 军 队 野 战 元 帅 的 传 令 官。你 在 军 队 前 方 充 当 侦 察 兵，追 踪 敌 军 主 力，在 战 斗 前，你 被 派 去 与 对 方 对 等 人 员 谈 判，并 拒 绝 任 何 向 你 提 出 的 和 平 请 求 或 投 降 条 款。如 果 需 要 在 盟 军 或 其 他 种 族 的 外 交 人 物 之 间 传 递 消 息，你 通 常 被 派 去。
qstr_While_you_thrive_in_|和 所 有 黑 暗 精 灵 一 样，你 享 受 激 烈 厮 杀，却 也 喜 欢 有 组 织 的 比 武 与 旧 世 界 各 地 的 竞 技 大 会。你 曾 担 任 竞 技 场 主 管，日 常 职 责 是 安 排 战 斗 学 校 的 训 练，确 保 每 一 名 新 人 都 经 受 最 严 苛 的 考 验。每 当 城 中 举 办 大 型 锦 标 赛，你 还 要 与 领 主 一 同 筹 办 一 场 盛 大、刺 激 而 令 人 难 忘 的 赛 事。
qstr_You_grew_up_with_gre|你 自 幼 便 对 恐 怖 骑 士 充 满 敬 仰，加 之 出 身 名 门 望 族，得 以 被 选 为 一 位 声 名 显 赫 的 恐 怖 骑 士 的 学 徒。在 随 军 征 战 期 间，你 悉 心 照 料 他 的 所 有 需 求，确 保 他 的 武 器、盔 甲 与 冷 蜥 始 终 处 于 最 佳 状 态，并 从 中 习 得 了 如 何 成 为 一 名 出 色 的 骑 手，以 及 如 何 变 得 与 你 骑 乘 的 冷 蜥 一 般 坚 韧。
qstr_You_earnt_yourself_a|你 与 著 名 的 矮 人 巨 人 队 签 订 合 约，担 任 右 翼 内 侧 的 冲 击 手。你 热 爱 联 赛 中 纯 粹 的 暴 力 美 学，面 对 矮 人 队 这 样 行 动 迟 缓 的 队 伍，你 必 须 展 现 出 极 致 的 凶 悍，为 对 手 筑 起 一 道 坚 不 可 摧 的 石 墙。你 因 勇 敢 对 抗 敌 方 明 星 球 员，以 及 精 通 守 卫、擒 抱 和 重 击 技 巧 而 备 受 赞 誉。
qstr_You_trained_as_a_tat|你 曾 受 训 成 为 纹 身 师，专 攻 屠 夫 纹 身，尤 其 是 那 些 能 增 强 屠 夫 韧 性 与 耐 力 的 纹 样。你 深 知 屠 夫 寻 求 的 是 壮 烈 战 死，但 在 目 睹 了 屠 夫 在 矮 人 军 事 胜 利 中 的 关 键 作 用 后，你 决 定 暗 中 助 其 存 活。
qstr_Although_some_of_you|尽 管 部 分 家 人 并 不 赞 同，你 始 终 仰 慕 矮 人 军 队 中 的 雷 鸣 枪 手，并 立 志 成 年 后 也 能 像 他 们 一 样 熟 练 使 用 手 枪。你 用 一 把 偶 然 从 木 桶 里 找 到 的 精 巧 短 枪，把 自 己 训 练 成 眼 力 锐 利 的 射 手。起 初，你 拿 酒 杯 和 老 鼠 当 靶 子；后 来 一 位 领 主 见 识 了 你 的 本 事，便 出 钱 雇 你 秘 密 练 习 由 他 亲 自 挑 选 的 活 靶。
qstr_In_the_tight_tunnels|在 群 山 狭 窄 的 隧 道 中，即 便 少 量 矮 人 也 能 凭 借 出 色 的 防 御 战 技 与 坚 固 盾 牌 组 成 难 以 逾 越 的 壁 垒。制 盾 是 矮 人 的 专 长 之 一，你 曾 在 盾 匠 铺 工 作，从 加 固 木 材 到 最 上 等 的 青 铜 与 黄 金 切 片，打 造 各 种 盾 牌。
qstr_You_served_as_an_anv|你 曾 担 任 铁 砧 守 卫，护 卫 一 位 符 文 领 主。本 应 由 你 保 护 他，但 实 际 上 那 铁 砧 的 魔 法 替 你 挡 下 的 箭 矢，远 比 你 保 护 符 文 领 主 免 受 敌 军 攻 击 的 次 数 要 多。你 忠 诚 而 光 荣 地 效 忠 于 领 主，待 他 年 老 寿 终 后，你 得 以 自 由 追 寻 新 方 向。
qstr_You_served_your_castl|你 效 忠 城 堡 领 主 四 年，确 保 他 的 每 一 项 意 愿 得 到 贯 彻，信 息 链 上 的 每 个 人 都 能 及 时 跟 进 并 为 实 现 领 主 的 期 望 而 努 力。你 刻 意 让 自 己 始 终 领 先 于 矮 人 王 国 的 所 有 政 治 军 事 局 势，以 便 领 主 询 问 时 总 能 对 答 如 流。
qstr_Clan_Eshin_as_well_a|艾 辛 氏 族 以 及 许 多 你 所 知 的 领 主 都 喜 欢 在 战 前 为 武 器 涂 上 致 命 毒 药。若 能 掌 握 炼 制 最 强 效 毒 药 的 配 方，这 行 当 利 润 极 其 丰 厚。你 从 一 位 祭 司 那 里 偷 得 一 种 剧 毒 配 方 并 据 为 己 有。很 快，你 的 名 字 便 成 为 那 些 只 认 钱 能 买 到 最 好 货 色 的 人 首 选。你 因 此 暴 富，并 在 那 位 祭 司 开 始 声 张 时，雇 佣 顶 尖 刺 客 将 其 灭 口。
qstr_The_Skaven_excel_in_|斯 卡 文 鼠 人 擅 长 制 造 枪 械，其 技 术 甚 至 超 越 矮 人，并 能 利 用 次 元 石 能 量 增 强 武 器 威 力。其 大 规 模 生 产 枪 支 的 瑰 宝 当 属 次 元 步 枪，众 所 周 知，精 准 射 击 足 以 击 穿 帝 国 坦 克。你 曾 为 斯 库 里 氏 族 制 造 并 测 试 这 些 武 器。
qstr_Traditional_skaven_s|斯 卡 文 鼠 人 的 传 统 战 场 策 略 是 投 入 大 量 鼠 辈 向 前 冲 锋，直 至 以 数 量 压 倒 敌 人。此 法 常 能 奏 效，但 普 通 鼠 人 士 兵 伤 亡 惨 重，主 力 部 队 需 要 尽 可 能 多 的 新 兵，然 而 并 非 所 有 鼠 人 都 自 愿 参 军。你 曾 效 力 于 议 会 组 建 的 小 队，专 事 威 逼 利 诱 氏 族 鼠 入 伍，让 他 们 的 生 活 苦 不 堪 言，直 至 放 弃 其 他 抱 负 而 屈 服。
qstr_You_were_part_of_the|你 曾 参 与 鼠 巨 魔 的 培 育 计 划，这 结 合 了 扭 曲 的 基 因 与 难 以 想 象 的 痛 苦。大 多 数 个 体 在 成 熟 前 便 会 死 亡，但 幸 存 者 通 常 是 嗜 血 杀 手，且 完 全 依 赖 你 的 指 令。你 还 培 育 并 控 制 鼠 群，它 们 更 多 被 用 于 地 下 城 和 隧 道 系 统，而 非 正 面 战 场。
qstr_You_were_trained_rig|你 接 受 着 艾 辛 氏 族 导 师 严 格 的 训 练，掌 握 了 暗 杀 的 要 领，并 获 得 导 师 的 青 睐。快 速 解 决 目 标 并 离 开，所 有 武 器 中 你 最 擅 长 扔 飞 镖，如 此 出 乎 意 料 有 如 此 致 命。你 花 了 好 几 个 月 努 力 的 练 习 如 何 投 掷 的 更 加 准 确，直 到 你 能 对 付 专 业 军 队 士 兵。
qstr_With_treachery_and_b|在 背 叛 与 被 背 叛 成 风 的 鼠 人 社 会 中 作 为 一 个 领 主 可 也 是 不 很 好 过，作 为 掌 管 着 成 千 上 万 的 鼠 人 意 味 着 将 有 成 千 上 万 刺 向 你 背 后 的 尖 刀，你 必 须 在 各 方 面 心 有 戚 戚，这 就 是 为 什 么 你 能 当 好 一 个 管 事。听 到 的 每 一 声 低 语，看 到 的 每 一 个 伎 俩，并 确 保 你 能 躲 过 任 何 可 能 危 及 你 作 为 管 事 的 地 位。你 知 道 你 的 领 主 不 信 任 你，你 也 不 信 任 他，但 你 做 好 你 的 事，表 现 你 的 忠 诚 就 没 问 题，除 此 之 外 你 可 以 尽 可 能 在 他 的 金 库 里 顺 手 牵 羊。
qstr_With_the_passing_of_|随 着 时 间 流 逝，初 代 吸 血 鬼 纳 斐 拉 塔 的 古 老 血 液 明 显 改 变 了 你。流 淌 在 血 管 中 的 悠 久 诅 咒 令 皮 肤 苍 白、面 容 扭 曲、双 眼 如 虚 无 洞 穴。外 表 变 化 也 带 来 新 的 野 心 与 梦 想：统 治 的 梦 想 悄 然 侵 入 心 智，征 服 欲 攫 取 了 近 乎 消 逝 的 灵 魂。你 知 道 自 己 注 定 在 世 界 留 下 印 记，只 是 仍 得 面 对 原 本 的 生 活，直 到 某 一 天，你 因 为……抛 下 了 一 切。
qstr_With_the_passing_of_t|随 着 时 间 流 逝，初 代 吸 血 鬼 纳 斐 拉 塔 的 古 老 血 液 明 显 改 变 了 你。皮 肤 变 得 苍 白，面 容 扭 曲，双 眼 空 洞。你 曾 以 为 血 龙 骑 士 只 是 雷 雨 夜 用 来 吓 唬 孩 子 的 传 说，可 自 身 血 液 告 诉 你：那 些 曾 是 高 贵 圣 骑 士、后 被 不 知 名 叛 徒 化 为 吸 血 鬼 的 战 士 真 实 存 在，至 今 仍 活 着。你 发 誓 要 成 为 其 中 一 员，却 仍 得 面 对 原 本 的 生 活，直 到 某 一 天，你 因 为……抛 下 了 一 切。
qstr_With_the_passing_of_ti|随 着 时 间 流 逝，纳 斐 拉 塔 的 古 老 血 液 令 你 变 得 苍 白、狰 狞 而 空 洞。自 主 人 赐 下 血 之 吻 后，你 从 未 离 开 过 他。在 其 引 导 下，你 日 益 熟 悉 吸 血 鬼 的 生 存 方 式，以 奴 仆 般 的 服 从 回 报 他 的 庇 护 与 教 导。直 到 转 化 完 全，你 已 成 为 成 熟 吸 血 鬼，并 因 为……离 开 领 主 的 城 堡。
qstr_With_the_passing_of_tim|随 着 时 间 流 逝，纳 斐 拉 塔 的 古 老 血 液 令 你 变 得 苍 白、狰 狞 而 空 洞。你 很 快 发 现，黑 暗 仪 式 带 来 的 新 本 能 不 只 是 嗜 血。对 生 与 死 边 界 的 侵 入，在 破 碎 心 智 中 唤 醒 了 深 切 求 知 欲。你 寻 找 的 不 是 帝 国 学 校 或 学 院 教 授 的 普 通 学 问，而 是 能 改 写 存 在 法 则 的 工 具—— 死 灵 法 术。于 是 某 一 天，你 因 为……踏 上 了 自 己 的 道 路。
qstr_With_the_passing_of_time|随 着 时 间 流 逝，纳 斐 拉 塔 的 古 老 血 液 令 你 变 得 苍 白、狰 狞 而 空 洞。永 生 除 了 证 明 你 凌 驾 于 可 悲 凡 人 之 上，还 能 意 味 着 什 么？黑 暗 血 液 抹 去 了 灵 魂 中 的 怜 悯 与 悔 恨，你 逐 渐 走 上 毁 灭 与 奴 役 之 路。万 物 必 须 属 于 你，否 则 就 该 被 你 不 洁 的 双 手 摧 毁。你 发 誓 让 血 腥 远 征 横 扫 世 界，至 于 是 什 么 促 使 你 离 开 旧 日 生 活，只 有 你 自 己 知 道……
qstr_With_the_passing_of_time_|随 着 时 间 流 逝，纳 斐 拉 塔 的 古 老 血 液 令 你 变 得 苍 白、狰 狞 而 空 洞。可 怕 幻 象 与 低 语 本 就 伴 随 你 一 生，那 场 诡 异 事 件 终 于 压 垮 了 摇 摇 欲 坠 的 心 智。过 多 力 量 落 入 手 中，将 你 彻 底 击 碎。你 逃 离 现 实，躲 进 自 己 疯 狂 的 世 界，化 作 随 时 扑 向 猎 物 的 怪 物。希 尔 瓦 尼 亚 郊 外 开 始 流 传 传 闻：有 生 物 在 雾 笼 死 地 中 猎 杀 并 吞 食 独 行 者。^但 即 使 最 疯 狂 的 人 也 知 道，拥 有 如 此 力 量、时 间 又 失 去 意 义 后，世 上 还 有 更 伟 大 的 事 可 做。你 的 心 智 将 目 标 的 转 变 解 释 为……
qstr_The_seeker_of_knowle|知 识 的 追 寻 者，智 慧 与 魔 法 的 守 护 者。你 一 直 自 然 而 然 地 崇 拜 他，因 为 你 对 一 切 神 秘 和 新 奇 的 事 物 都 充 满 兴 趣。即 使 搬 到 远 离 其 信 仰 中 心—— 霍 斯 白 塔—— 的 阿 瑟 尔·洛 伦 后，这 份 兴 趣 也 从 未 消 退。于 是，你 在 他 仁 慈 的 注 视 下 继 续 研 究 大 自 然 中 的 神 秘 知 识，直 到 有 一 天，你 因 为……而 产 生 了 离 开 的 冲 动。
qstr_Mother_of_all_elves_|所 有 精 灵 的 母 亲，收 获 与 丰 饶 的 女 神，库 尔 努 斯 的 妻 子。自 从 你 来 到 魔 法 森 林，你 对 伊 莎 的 信 仰 变 得 更 加 强 烈。她 的 存 在 以 你 的 女 王 阿 里 尔 的 形 式 显 现 于 你 眼 前，赐 予 你 她 对 子 民 之 爱 的 终 极 标 志。她 神 性 的 许 多 方 面 反 映 在 你 的 行 为 中，因 为 你 总 是 关 心 你 的 兄 弟 姐 妹 并 为 他 们 谋 福 利。你 关 怀 的 领 导 本 性 促 使 你 离 开 原 地，将 母 亲 的 神 圣 援 助 带 到 需 要 的 地 方，但 表 面 的 理 由 是……
qstr_The_divine_blacksmit|神 圣 的 铁 匠，残 疾 的 锻 造 大 师。木 精 灵 一 直 将 瓦 尔 作 为 他 们 的 主 要 神 祇 之 一 来 崇 拜，尤 其 是 在 你 居 住 的 托 尔 戈 万 领 地，因 为 统 治 者 达 斯 勋 爵 被 认 为 是 神 本 身 的 化 身。你 的 创 造 力 和 天 生 的 手 工 技 能，通 过 托 尔 戈 万 铁 匠 的 教 导 磨 练，使 你 感 到 更 接 近 瓦 尔 本 人，以 至 于 每 次 锤 子 落 在 铁 上 时 都 能 听 到 神 的 声 音。随 着 锻 造 的 热 量 在 你 心 中 燃 烧，有 一 天 你 离 开 了 家 乡，因 为……
qstr_Goddess_of_dreams_pr|梦 境、预 言 与 命 运 的 女 神，她 主 要 被 巴 托 尼 亚 人 崇 拜，他 们 称 她 为 湖 中 女 神，但 即 使 在 阿 瑟 尔 · 洛 伦，来 自 乌 苏 安 的 精 灵 中 仍 存 在 对 她 的 崇 拜，你 便 是 证 明。你 一 生 祈 祷 她 的 祝 福 降 临 于 你，你 获 得 了 远 见 的 礼 物，使 你 的 眼 睛 能 够 完 美 地 看 穿 距 离 和 时 间 本 身。凭 借 新 获 得 的 礼 物，你 出 发 成 为 冒 险 者，因 为……
qstr_The_trickster_the_la|诡 计 者，复 仇 的 欢 笑 之 神。作 为 这 位 模 棱 两 可 神 祇 的 秘 密 崇 拜 者 之 一，你 花 费 时 间 潜 伏 在 阴 影 中，准 备 扑 向 那 些 胆 敢 威 胁 你 家 园 的 敌 人。比 风 还 迅 捷，你 的 刀 刃 总 是 准 备 品 尝 受 害 者 的 鲜 血，在 你 动 作 创 造 的 恐 怖 而 庄 严 的 死 亡 之 舞 中。然 而，邪 恶 势 力 是 无 情 的。因 此，你 不 得 不 与 族 人 分 道 扬 镳，踏 上 你 神 的 扭 曲 神 圣 之 路，将 你 即 兴 的 决 定 合 理 化，说 这 一 切 都 是 因 为……
qstr_Dark_goddess_of_brut|残 酷 狩 猎 与 复 仇 的 黑 暗 女 神，谋 杀 之 主 凯 拉 · 门 莎 · 凯 恩 的 姐 妹。作 为 一 位 被 从 与 秩 序 势 力 结 盟 的 精 灵 万 神 殿 中 放 逐 的 神 祇，你 不 得 不 在 位 于 古 老 森 林 最 黑 暗 深 处 的 秘 密 领 域 里 继 续 崇 拜 她。她 的 祝 福 赐 予 你 一 种 野 蛮 的 渴 望，去 潜 行 和 杀 戮 你 的 猎 物，这 份 礼 物 你 向 家 人 和 朋 友 隐 瞒，因 为 你 知 道 如 果 他 们 发 现 你 被 她 黑 暗 的 愤 怒 玷 污，死 亡 将 是 你 的 判 决。因 此，狩 猎 的 欲 望 在 你 灵 魂 中 越 来 越 强 烈，直 到 有 一 天 你 不 得 不 离 开 一 切，追 随 你 女 神 的 野 蛮 道 路。对 任 何 询 问 的 人，你 说 你 离 开 是 因 为……
qstr_The_travel_surely_ch|旅 行 确 实 改 变 了 你，尽 管 你 不 确 定 是 变 好 还 是 变 坏。事 实 上，你 开 始 认 为 自 己 太 重 要 了，不 能 屈 居 于 其 他 统 治 者 之 下，于 是 你 煽 动 了 一 场 叛 乱。血 腥 屠 杀 很 严 重，几 乎 与 这 一 大 胆 行 动 的 失 败 一 样 严 重。当 你 被 俘 时，高 阶 先 知 们 决 定 了 一 种 更 适 合 你 这 样 的 强 大 战 士 的 惩 罚：在 忏 悔 地 狱 军 团 中 担 任 军 官。一 场 又 一 场 战 斗，你 在 军 团 中 服 刑，并 被 重 新 接 纳 回 社 会，剥 夺 了 所 有 以 前 的 头 衔 和 荣 誉。然 而，在 作 为 普 通 公 民 生 活 了 一 段 时 间 后，你 决 定 离 开，因 为……
qstr_All_the_experiences_|漫 长 旅 程 和 你 在 黑 暗 之 地 以 前 的 生 活 中 积 累 的 所 有 经 验 终 于 结 出 果 实，因 为 你 最 终 被 允 许 携 带 恶 魔 铁 匠 的 头 衔。作 为 达 维 · 扎 尔 新 殖 民 帝 国 中 最 有 影 响 力 的 人 物 之 一，你 以 铁 腕 统 治，愿 意 牺 牲 一 切 来 增 强 你 的 工 艺 和 艺 术，并 用 每 一 次 锤 击 取 悦 黑 暗 之 父。然 而，许 多 人 对 你 的 残 暴 暴 政 不 满，因 此 一 天 晚 上，一 队 战 士 在 你 工 作 时 突 袭 了 你 的 奥 术 锻 炉，企 图 杀 死 你。但 你 还 是 设 法 逃 脱 并 继 续 生 活，之 后 你 改 了 名 字。随 着 时 间 的 推 移，大 多 数 人 忘 记 了 你，你 变 成 了 一 个 传 说，一 个 讲 述 你 如 何 离 开 的 传 说，因 为……
qstr_Through_learning_dev|通 过 学 习、奉 献 和 在 需 要 的 地 方 行 贿，你 最 终 设 法 进 入 了 哈 舒 特 先 知—— 混 沌 矮 人 高 阶 领 主 之 一—— 的 随 从 队 伍，成 为 他 的 个 人 侍 从。奥 术 仪 式、牺 牲、公 共 游 戏，你 目 睹 了 所 有 这 一 切，从 主 人 的 行 动 和 实 践 中 汲 取 知 识，并 从 他 人 的 痛 苦 中 推 断 出 宝 贵 的 教 训。你 饮 下 了 哈 舒 特—— 黑 暗 之 父—— 的 恶 意 精 华，直 到 它 对 你 成 瘾，让 你 渴 望 更 多。因 此，你 决 定 离 开 伟 大 黑 曜 石 神 庙 城 市 的 安 全，去 寻 找 将 你 变 成 种 族 中 最 强 大 法 师 的 禁 忌 知 识。为 了 保 密 你 的 真 实 目 标，你 谎 报 了 离 开 的 理 由，说 这 一 切 都 是 因 为……
qstr_Liquid_fire_and_molt|液 态 火 焰 与 熔 融 金 属 在 混 沌 矮 人 黑 色 城 市 的 巨 大 工 业 熔 炉 中 奔 流 不 息，仿 佛 只 有 沸 腾 的 炽 热 能 阻 止 那 些 城 市 崩 塌 枯 朽。迁 入 新 土 地 后，你 在 社 会 中 找 到 了 位 置：你 是 少 数 懂 得 驾 驭 巨 型 锻 炉 的 人 之 一，能 为 达 维 扎 尔 军 队 制 造 令 人 畏 惧 的 火 炮、盔 甲 与 武 器。你 的 手 艺 很 快 在 城 中 声 名 鹊 起，许 多 人 争 相 购 买 你 的 大 师 之 作。^然 而，一 名 铁 匠 开 始 出 售 比 你 更 精 良 的 装 备，你 的 好 运 戛 然 而 止。过 了 一 段 时 间，你 离 开 了 城 市，因 为……
qstr_The_great_temple_cit|混 沌 矮 人 的 伟 大 神 庙 城 市 是 邪 恶 与 恐 怖 的 黑 暗 之 地，那 里 的 快 乐 和 慰 藉 来 自 于 大 多 数 人 称 之 为 可 憎 和 异 端 的 行 为。其 中 一 项 活 动 当 然 是 参 加 奴 隶 之 间 组 织 的 众 多 战 斗。作 为 角 斗 士 奴 隶 居 住 的 浅 层 监 狱 的 领 主，你 几 乎 神 圣 的 职 责 是 训 练 并 挑 选 他 们 中 最 具 攻 击 性 的 战 士，以 便 他 们 在 竞 技 场 中 屠 杀 不 幸 的 较 弱 同 伴 时 能 上 演 一 场 好 戏。直 到 有 一 天，在 一 次 竞 技 场 事 件 中，不 可 能 的 事 情 发 生 了。你 最 著 名 的 冠 军 之 一 被 指 定 的 受 害 者 杀 死 了。由 于 失 败 而 被 降 职，你 尝 试 过 普 通 公 民 的 生 活，直 到 有 一 天 你 决 定 离 开 这 一 切，因 为……
qstr_The_arrival_in_the_l|抵 达 阿 尔 比 恩 之 地 标 志 着 哈 苏 特 赋 予 混 沌 矮 人 的 任 务 的 结 束，尽 管 并 非 所 有 人 都 热 衷 于 在 那 里 定 居 并 建 立 新 帝 国。例 如，你 将 新 土 地 视 为 满 足 贪 婪 的 新 机 会。追 寻 更 大 的 财 富，掠 夺 村 庄 和 农 场 的 邪 恶 游 戏，鲜 血 浸 透 战 斧 刀 刃 散 发 出 的 铁 腥 味，这 些 都 是 你 在 漫 长 危 险 的 旅 程 到 达 这 些 异 国 他 乡 后 所 渴 望 的。于 是 你 与 少 数 人 出 发，多 年 来 你 成 为 在 布 列 塔 尼 亚 海 岸 游 荡 的 最 令 人 恐 惧 的 流 亡 者 据 点 之 一。然 而，你 的 掠 夺 好 运 有 一 天 结 束 了，当 你 带 着 小 战 帮 登 陆 后，被 莱 昂 库 尔 国 王 的 士 兵 伏 击。返 回 你 的 城 市 后，你 在 那 里 待 了 一 段 时 间，但 随 后 你 决 定 离 开，因 为……
qstr_Leader_of_your_own_S|作 为 你 自 己 史 坚 克 部 落 的 领 袖，你 的 崛 起 需 要 时 间 和 一 点 运 气，但 最 重 要 的 是 钢 铁 般 的 纪 律 和 对 上 级 的 忠 诚，这 些 功 绩 让 你 一 次 次 赢 得 青 睐 并 超 越 同 伴。你 学 会 了 通 过 复 杂 的 史 坚 克 指 挥 语 言 来 指 导 他 们，而 你 四 肢 的 力 量 帮 助 你 在 对 抗 侵 扰 家 乡 丛 林 的 入 侵 者 和 掠 夺 者 的 许 多 战 斗 中 生 存 并 获 胜。然 而，随 着 时 间 的 推 移，你 看 到 其 他 你 认 为 更 合 适 的 人 选 崛 起，那 些 年 轻 勇 敢 能 干 的 史 坚 克，是 大 计 划 的 未 来。于 是，你 抓 住 机 会 退 位，让 位 给 其 中 一 人，并 离 开 了 你 的 部 落，因 为：
qstr_An_honor_granted_onl|这 种 荣 誉 只 会 赐 予 那 些 与 魔 法 和 神 圣 领 域 联 系 最 深 的 灵 蜥。你 成 为 了 法 师 祭 司、仪 式 主 持 者、沉 睡 史 兰 祭 司 的 贴 身 助 手，以 及 古 圣 的 先 知。古 老 金 字 塔 深 处 的 宏 伟 圣 殿 成 为 你 的 家；你 在 那 里 研 究 远 古 铭 文 隐 藏 的 秘 密，并 以 诸 神 代 言 人 的 身 份 主 持 仪 式，守 护 神 殿 都 市 与 人 民。^然 而，大 计 划 必 须 继 续，而 它 的 道 路 向 来 神 秘 莫 测。终 于 有 一 天，它 推 动 你 离 开，因 为……
qstr_Feeding_the_many_is_|养 活 族 群，是 变 色 龙 潜 行 者 肩 负 的 责 任。他 们 是 狩 猎 大 师，也 是 丛 林 中 的 无 声 之 影。对 你 而 言，伏 击 露 丝 契 亚 的 野 兽 并 非 唯 一 任 务—— 就 连 入 侵 者 耗 尽 体 力 后，也 不 过 是 格 外 鲜 美 的 食 物。你 和 同 族 经 过 漫 长 追 猎，成 功 捕 获 一 群 来 自 旧 世 界 的 墓 穴 劫 掠 者，亲 自 证 实 了 这 一 点。^你 也 明 白，无 法 食 用 的 猎 物 可 以 献 给 古 圣，换 取 其 他 恩 赐。多 年 丰 收 的 狩 猎 过 去 后，命 运 之 日 终 于 到 来，你 决 定 离 开 猎 人 的 生 活，因 为……
qstr_The_ancient_giant_st|古 老 的 巨 型 建 筑 高 耸 于 翠 绿 丛 林 的 树 冠 之 上，守 护 着 生 命 本 身 的 秘 密。它 们 由 克 罗 西 格 的 蛮 力 建 造，却 依 照 灵 蜥 建 筑 师 世 代 保 存 的 传 统 技 艺 设 计 与 雕 刻；这 些 技 艺 最 早 由 古 圣 建 造 伊 塔 扎 时 传 授。^作 为 一 名 建 筑 师，你 掌 握 了 这 些 知 识，勤 勉 地 修 缮 与 维 护 城 中 的 神 殿 和 建 筑，每 一 块 石 料 都 不 再 对 你 隐 藏 秘 密。但 循 环 必 须 延 续，老 一 代 终 须 为 新 人 让 路。你 觉 得 传 递 火 炬 的 时 刻 已 到，于 是 离 开，因 为……
qstr_The_thick_jungles_of|露 丝 契 亚 的 浓 密 丛 林 危 机 四 伏，遍 布 物 质、奥 术 与 恶 魔 威 胁，其 中 一 些 甚 至 可 以 追 溯 到 大 灾 变 时 代。为 了 保 护 族 群，蜥 蜴 人 维 持 着 严 格 的 小 型 独 立 军 团 与 巡 逻 队 体 系，不 断 巡 视 各 自 区 域，消 灭 沿 途 发 现 的 威 胁。^你 曾 是 其 中 一 支 队 伍 的 丛 林 战 士，经 历 过 无 数 小 规 模 战 斗，是 一 名 勇 猛 而 娴 熟 的 灵 蜥。但 战 场 上 的 好 运 不 会 永 远 持 续；明 智 的 战 士 知 道，最 后 一 战 终 有 到 来 的 一 天。你 希 望 以 自 己 的 方 式 迎 接 它，因 此 离 开 巡 逻 队，因 为……
qstr_When_the_event_of_a_|每 当 冷 血 兽 孵 化，大 多 数 幼 兽 都 会 被 放 归 野 外；只 有 表 现 出 特 殊 力 量 的 个 体，才 会 被 蜥 蜴 人 留 下，训 练 成 坐 骑 或 战 争 巨 兽。挑 选、驯 服 并 照 料 这 些 野 兽，需 要 灵 蜥 牧 兽 师 如 你 一 般 老 练 的 眼 光 与 本 能。^无 数 凶 猛 野 兽 在 你 的 照 料 下 变 得 顺 从，并 在 大 计 划 中 找 到 了 用 途。每 驯 养 一 头 冷 血 兽，你 对 它 们 思 维 的 理 解 和 建 立 羁 绊 的 能 力 便 更 进 一 步。数 个 世 纪 后，你 决 定 在 世 界 上 留 下 自 己 的 印 记，于 是 离 开，因 为……
qstr_Blood_for_the_blood_|鲜 血 献 给 血 神。你 对 屠 杀 的 狂 热 激 情 只 与 你 对 所 有 神 祇 中 最 强 大 的 神、仇 恨 与 毁 灭 之 神 的 奉 献 相 等。
qstr_Your_vision_of_life_|你 对 生 活 的 看 法 是 享 乐 主 义 和 过 度。你 分 享 沙 力 士 的 愉 悦，并 过 着 强 奸、掠 夺 和 奴 役 帝 国 边 缘 人 类 村 庄 的 生 活。
qstr_The_Bretonnian_court|布 列 塔 尼 亚 宫 廷 将 兽 人 对 埃 斯 塔 利 亚 的 征 服 称 为“大 疾 病”，而 就 你 而 言，这 仅 仅 意 味 着 你 的 种 族 正 在 成 功 执 行 摧 毁 人 类 身 体 和 心 灵 的 任 务。你 崇 拜 纳 垢，瘟 疫 与 腐 败 之 神，他 以 较 弱 种 族 的 绝 望 为 食。兽 人 是 人 类 身 上 的 瘟 疫，而 这 场 瘟 疫 将 是 他 们 的 毁 灭。
qstr_Your_whole_life_you_|你 一 生 都 秉 持 着 这 样 的 理 念：如 果 你 想 要 某 样 东 西，你 就 去 夺 取 它。我 有 一 个 伟 大 的 野 心 和 信 念，认 为 你 的 命 运 是 崛 起 至 兽 群 顶 端，并 领 导 大 军 对 人 类 的 土 地、精 灵 和 矮 人 取 得 最 终 胜 利。凭 借 你 的 力 量 和 你 的 神 奸 奇 的 力 量，整 个 世 界 在 你 面 前 化 为 废 墟 只 是 时 间 问 题。
qstr_A_cooking_pot_is_lik|一 口 烹 饪 锅 就 像 你 自 己 的 延 伸，你 对 草 药、香 料 和 烹 饪 技 巧 的 知 识 在 你 所 在 的 街 道 上 无 人 能 及。你 可 以 用 任 何 东 西 做 炖 菜，但 事 实 上 你 是 个 挑 剔 的 食 客，只 想 吃 最 精 美 的 食 材。
qstr_Your_mother_always_t|你 的 母 亲 总 是 教 你 健 康 食 物 的 价 值，这 个 教 训 在 你 成 长 过 程 中 一 直 伴 随 着 你。你 甚 至 学 会 了 自 己 捕 鱼，经 常 在 码 头 边 蹲 守 长 达 12小 时，希 望 能 钓 到 一 条 四 英 尺 长 的 鱼。
qstr_The_meatier_the_juic|肉 越 厚、汁 越 多、吃 相 越 狼 狈，你 就 越 喜 欢。夜 里 大 吃 一 顿 回 来 时，你 的 衬 衣 很 少 还 是 干 净 的，但 肚 子 总 是 鼓 胀 而 满 足。
qstr_You_love_to_gorge_al|你 喜 欢 整 天 狼 吞 虎 咽 地 吃 奶 酪、肉 酱、香 肠、鹅 肉、埃 斯 塔 利 亚 午 餐 肉，你 喜 欢 所 有 这 些 东 西，而 且 越 多 越 开 心。
qstr_You_didn_t_have_much|你 没 有 太 多 时 间 花 在 厨 房 上。你 喜 欢 把 日 子 花 在 穆 特 边 界 内 所 有 酒 馆 和 客 栈 里 喝 酒，甚 至 偶 尔 在 伟 大 的 帝 国 饮 酒 大 厅 里。
qstr_You_have_an_exceptio|你 拥 有 非 凡 的 嗓 音，并 且 熟 记 数 百 首 经 典 歌 曲。你 在 穆 特 的 所 有 酒 馆 中 都 备 受 追 捧，甚 至 被 帝 国 精 英 雇 佣 在 婚 礼 和 葬 礼 上 演 唱。
qstr_Hounds_are_great_fri|猎 犬 是 半 身 人 的 好 朋 友，也 是 极 佳 的 坐 骑。它 们 比 公 羊 更 稳 定，适 合 骑 射，并 且 更 善 于 躲 避 来 袭 的 步 兵。你 训 练 它 们 如 何 在 战 斗 中 表 现，以 及 如 何 在 面 对 半 身 人 可 能 从 希 尔 瓦 尼 亚 领 地 遭 遇 的 许 多 恐 怖 时 保 持 无 畏。
qstr_The_renowned_archers|半 身 人 军 队 中 著 名 的 弓 箭 手 需 要 大 量 的 装 备 和 弹 药，用 于 训 练 和 被 雇 佣 参 加 的 战 争。你 曾 在 洛 伦 森 林 外 最 大 的 制 箭 厂 工 作，团 队 有 三 十 人。
qstr_You_worked_in_an_ext|你 在 穆 特 最 粗 鲁 和 最 没 耐 心 的 主 厨 手 下，在 一 个 压 力 极 大 的 环 境 中 工 作。如 果 任 何 菜 肴 不 够 完 美 或 上 桌 晚 了 一 秒，他 就 会 脸 红 脖 子 粗 地 吼 叫 和 尖 叫。你 工 作 到 筋 疲 力 尽，当 厨 房 时 光 终 于 结 束 时，你 高 兴 地 欢 呼。
qstr_The_night_goblin_rai|夜 地 精 的 袭 击 在 穆 特 地 区 增 加 到 了 几 乎 无 法 容 忍 的 水 平。无 论 人 们 多 么 想 忽 略，都 没 人 能 忽 视 它，所 以 你 做 了 任 何 勇 敢 半 身 人 会 做 的 事，报 名 加 入 民 兵，保 护 南 部 穆 特 地 区 两 年。
qstr_Vampires_to_the_nort|北 有 吸 血 鬼，东 有 兽 人，南 有 地 精，西 有 强 盗。外 面 有 如 此 多 的 潜 在 危 险，如 果 半 身 人 要 有 效 自 卫，他 们 必 须 快 速 且 有 组 织。你 是 民 兵 的 侦 察 兵，骑 着 你 的 猎 犬 在 半 身 人 领 土 外 围 巡 逻。如 果 你 看 到 任 何 危 险 迹 象，你 就 冲 向 一 个 相 连 的 警 报 点，以 便 民 兵 和 游 侠 可 以 帮 助 保 护 当 地 人 免 受 入 侵 者 伤 害。
qstr_Your_raiding_party_w|你 的 袭 击 队 在 帝 国 和 巴 托 尼 亚 边 境 附 近 被 巡 逻 队 伏 击，但 战 局 很 快 逆 转，整 个 团 很 快 被 杀 死。你 对 这 次 攻 击 如 此 愤 怒，以 至 于 你 吸 干 了 每 具 尸 体 的 血，并 把 他 们 的 尸 体 挂 在 树 上 示 众。
qstr_When_you_were_young_|当 你 年 轻 第 一 次 随 兽 群 出 征 时，你 缺 乏 经 验，经 常 在 战 场 上 迷 路，尤 其 是 在 攻 城 战 中。在 一 次 攻 城 战 中，你 从 梯 子 上 向 后 摔 到 城 垛 上，当 你 稳 住 自 己 时，一 位 选 帝 侯 用 符 文 剑 直 刺 你 的 胸 膛，直 到 剑 从 你 的 背 部 穿 出。当 他 拔 出 剑 时，你 从 城 垛 上 摔 下，落 到 下 面 的 战 场 上。你 拙 劣 的 攻 城 尝 试 很 快 被 遗 忘，因 为 你 尽 管 遭 受 了 足 以 杀 死 米 诺 陶 的 攻 击，却 站 了 起 来，退 到 后 方。这 为 你 赢 得 了 信 誉，并 获 得 了 在 元 帅 军 队 中 训 练 的 机 会。
qstr_You_were_raiding_an_|你 在 布 瑞 恩 河 南 部 地 区 袭 击 时，遇 到 一 辆 私 人 马 车 中 的 巴 托 尼 亚 公 主。她 的 护 卫 被 一 群 投 矛 手 解 决，然 后 你 推 翻 马 车，抓 住 她 的 头 发 把 她 拖 出 来，用 石 头 砸 她 的 头 十 二 次。你 将 她 的 血 染 尸 体 留 在 石 头 顶 部，并 在 寻 求 骑 士 部 队 冲 来 之 前 逃 离。他 们 尖 叫 着 复 仇，但 无 法 阻 止 你 撤 退 到 深 林。
qstr_Your_flatulence_is_s|你 的 屁 如 此 强 烈，以 至 于 任 何 被 你 的 腐 臭 气 体 接 触 的 树 木 或 植 物 都 会 在 一 天 内 枯 萎 死 亡。许 多 纳 垢 兽 人 相 信 这 是 因 为 你 受 到 纳 垢 的 眷 顾，他 们 很 快 开 始 追 随 你 作 为 领 袖。你 利 用 这 种 权 力 在 阶 层 中 越 爬 越 高，直 到 高 等 精 灵 在 一 场 血 腥 的 海 岸 战 中 歼 灭 你 的 军 队。那 天 只 有 你 们 六 人 幸 存，精 灵 从 此 占 领 了 海 滩。
qstr_The_beastmen_will_of|野 兽 人 经 常 通 过 头 撞 和 角 力 比 赛 来 展 示 力 量 和 能 力。这 些 比 赛 不 像 兽 群 中 常 见 的 生 死 决 斗 那 样 有 声 望，但 你 从 未 输 过 一 场 比 赛，这 为 你 在 队 伍 中 赢 得 了 一 些 地 位。
qstr_Even_though_the_magi|尽 管 咆 哮 萨 满 的 魔 法 使 利 刃 野 猪 更 容 易 被 单 独 骑 手 驯 服，但 它 们 仍 然 是 危 险 的 野 兽，即 使 对 于 强 大 的 野 兽 人 也 是 如 此。驯 服 它 们 需 要 策 略 和 力 量，而 这 对 你 来 说 轻 而 易 举，不 久 你 就 被 一 位 兽 王 雇 佣，驯 服 足 够 的 利 刃 野 猪 来 组 建 三 个 雷 霆 蹄 营。
qstr_Only_you_know_exactl|只 有 你 确 切 知 道 自 己 为 何 放 弃 以 前 的 生 活，来 做 一 个 冒 险 者。因 为 心 中 的 熊 熊 燃 烧 的 怒 火，决 定 离 开 并 不 艰 难。你 要 复 仇，你 要 审 判，对 你 所 作 的 一 切 都 不 能 饶 恕，所 有 的 债 只 能 用 鲜 血 来 偿 还……
qstr_Only_you_know_exactly|只 有 你 确 切 知 道 自 己 为 何 放 弃 以 前 的 生 活，来 做 一 个 冒 险 者。你 只 想 说 的 就 是 不 能 再 忍 受 下 去，带 着 那 些 让 你 爱 得 如 此 甜 蜜 又 如 此 痛 苦 的 记 忆。也 许 新 的 生 活 会 让 你 忘 掉，或 者 给 你 再 也 忍 不 住 要 说 的 那 个 名 字 带 去 荣 誉……
qstr_Only_you_know_exactly_|只 有 你 确 切 知 道 自 己 为 何 放 弃 以 前 的 生 活，来 做 一 个 冒 险 者。你 不 确 定 从 何 时 起，家 园 变 成 了 监 狱，亲 人 也 变 得 陌 生，只 有 流 浪 占 据 了 你 的 世 界。不 管 是 向 往 遥 远 的 乐 土 还 是 仅 仅 路 上 的 自 由，你 再 不 愿 呆 在 同 样 的 地 方，只 是 再 不 回 头 地 走 下 去……
qstr_Only_you_know_exactly_w|只 有 你 知 道，自 己 为 何 会 放 弃 旧 日 生 活，成 为 一 名 冒 险 者。^这 完 全 不 像 从 前 的 你。究 竟 是 什 么 改 变 了 你？你 疯 了 吗？失 去 理 智 了 吗？又 或 者，或 许 那 位 预 言 者 说 得 没 错：你 注 定 会 名 留 青 史，成 为 这 个 时 代 最 伟 大 的 领 袖 之 一。过 去 你 从 不 理 会 这 类 预 言，可 某 种 力 量 抓 住 了 你，迫 使 你 改 变 人 生 方 向。此 举 究 竟 有 无 意 义，只 有 时 间 能 给 出 答 案。
qstr_Only_you_know_exactly_wh|只 有 你 知 道，自 己 为 何 会 放 弃 旧 日 生 活，成 为 一 名 冒 险 者。^但 你 清 楚，自 己 已 经 无 法 回 头。身 后 再 无 任 何 值 得 回 去 的 地 方，曾 经 的 家 园 也 已 不 复 存 在。你 必 须 接 受 现 实：如 今 你 独 自 置 身 于 广 阔 世 界，只 能 凭 自 己 沉 沦 或 奋 起……
qstr_Only_you_know_exactly_wha|只 有 你 知 道，自 己 为 何 会 放 弃 旧 日 生 活，成 为 一 名 冒 险 者。^在 旁 人 看 来，你 如 今 唯 一 的 动 力 便 是 个 人 野 心。^你 渴 望 富 有、强 大、受 人 敬 重，也 令 人 恐 惧。^你 要 成 为 众 人 争 相 服 从 的 那 个 人。^你 要 世 人 记 住 你 的 名 字，每 当 它 被 提 起 便 为 之 战 栗。^你 想 得 到 一 切，也 绝 不 容 许 任 何 人 阻 挡。
qstr_Only_you_know_exactly_what|只 有 你 知 道，自 己 为 何 会 放 弃 旧 日 生 活，成 为 一 名 冒 险 者。^你 从 未 想 过 自 己 会 成 为 大 胆 而 强 硬 的 领 袖，直 到 一 名 醉 酒 贵 族 仅 因 你 们 出 身 于 微 不 足 道 的 家 族，便 在 家 门 前 杀 害 了 你 的 兄 弟。那 一 刻 永 远 改 变 了 你。^他 倒 在 你 怀 中，逼 你 发 誓 要 振 兴 家 名，让 所 有 人 都 知 道 并 畏 惧 你 的 名 字。你 立 下 血 誓，随 即 策 马 疾 驰，奔 向 旧 世 界。
qstr_Back_to_the_beginnin|退 回 开 始……
qstr_View_next_segment...|查 看 下 节……
qstr_^No_food:___{reg7}|^没 有 食 物：-{reg7}
qstr_^Wage_debt:___{reg6}|^拖 欠 工 资：-{reg6}
qstr_Morale_for_{s9}_troo|{s9} 部 队 士 气：{reg6}
qstr_On_loan|贷 款，
qstr_Appoint_next_marshal|委 任 下 一 任 元 帅 
qstr_Award_{s12}_as_fief|把 {s12} 作 为 封 地 授 予 
qstr_No_one|没 有 人 
qstr_Selected_faction_is:|选 择 的 集 团 是：{s10}^^{s9}
qstr_You_are_currently_re|你 正 在 阅 读 {s8}
qstr_You_are_not_reading_|你 还 没 有 读 过 任 何 书 
qstr_{s5}_and_{s6}|{s5} 和 {s6}
qstr_Your_estates_are:_{s|你 的 遗 产：{s8}.^{s9}
qstr_Current_party_size_l|当 前 队 伍 规 模 限 制 是 {reg5}。^当 前 队 伍 规 模 修 正 为：^^基 础 规 模：+{reg10}^领 导 力：+{reg11}^魅 力：+{reg12}^声 望：+{reg13}^大 型 部 队：-{reg14}^派 系 或 政 策：+{reg15}^元 帅：+{reg16}^玩 家 食 人 魔：-{reg17}^总 计：{reg0}
qstr_Your_relation_with_t|你 与 各 个 阵 营 的 关 系 为：^{s2}
qstr_skybox_night_1_backu|skybox night 1 backup
qstr_You_are_wounded|你 受 伤 了 {reg33?:}
qstr_Stand_ground|坚 守 阵 地
qstr_Follow_me|跟 随 我
qstr_Fire_at_will|自 由 开 火
qstr_Hold_fire|保 持 火 力
qstr_You_cannot_exit_as_a|你 不 能 以 卡 多 恩 熊 的 身 份 退 出。
qstr_You_cannot_exit_whil|敌 人 在 附 近 时，你 不 能 离 开 
qstr_{s3}_could_not_fight|{s3} 无 法 奋 力 冲 向 出 口，已 被 打 昏 
qstr_{s3}_has_to_fight_th|{s3} 不 得 不 奋 力 冲 向 出 口，失 去 了 {reg7}生 命 
qstr_You_have_reached_the|你 已 经 闯 到 地 下 城 的 尽 头，快 看 看 出 了 什 么 好 货。
qstr_A_passage_further_in|通 往 下 一 层 的 地 下 城 通 道 就 在 你 面 前 ^^^当 前 治 疗 药 水 数 量：{reg39}
qstr_Length_is_{reg24}|长 度 为 {reg24}
qstr_Player_renown_is_inc|玩 家 声 望 提 高 100 
qstr_nowhere_in_particula|没 什 么 特 别 的 
qstr_Player_reputation_is|玩 家 荣 誉 增 加 1，现 在 是 {reg7}。
qstr_Player_reputation_is_|玩 家 荣 誉 减 少 1，现 在 是 {reg7}。
qstr_all|全 部 
qstr_economic|经 济 的 
qstr_political|政 治 的 
qstr_{s2}_is_currently_at|{s2} 目 前 在 {s3}
qstr_off|关 
qstr_minor|小 
qstr_normal|正 常 
qstr_major|大 
qstr_Activated_free_for_a|激 活 混 战 模 式 
qstr_Activated_world_war_|激 活 世 界 大 战 模 式 
qstr_Activated_world_peac|激 活 世 界 和 平 模 式 
qstr_Reset_wars_to_game_s|将 世 界 大 战 重 置 到 游 戏 开 始 
qstr_Bandit_lairs_reveale|强 盗 巢 穴 显 示 
qstr_You_drank_a_potion|你 喝 了 一 瓶 药 水
qstr_The_powerful_incense|强 大 的 熏 香 使 营 地 人 员 陶 醉，治 愈 所 有 伤 口。
qstr_{playername}_has_rec|{playername} 已 从 中 毒 效 果 中 恢 复 {reg33?:}
qstr_^Leadership_skill_he|^领 导 技 能 有 助 于 招 募 不 同 文 化 的 部 队。
qstr_^^_Leadership_skill_|^^领 导 技 能 有 助 于 招 募 冲 突 文 化 的 部 队。
qstr_{reg1}_{s1}_{reg2?ac|{reg1}个 {s1}{reg2?接 受 :接 受 } 你 的 提 议。
qstr_No_one_accepts_the_o|没 有 人 接 受 这 个 提 议。{s19}
qstr_You_start_reading_{s|你 开 始 读 {s2}。你 决 定 把 它 带 在 身 边，任 何 有 空 的 时 候 就 读 几 页。
qstr_You_flip_through_the|你 翻 着 {s2}，但 你 发 现 里 面 的 内 容 很 难 理 解。看 了 几 页 后，你 感 觉 到 头 很 痛，然 后 放 弃 阅 读 了。
qstr_Grazing|牧 场 
qstr_Villagers|村 民 们 
qstr_You_have_encountered|你 遇 到 {s1} 了。
qstr_You_have_engaged_{s1|你 与 {s1} 开 战 了，他 们 曾 经 袭 击 过 {s3}。
qstr_You_were_caught_by_{|你 的 部 队 在 袭 击 {s3} 时 被 {s1} 发 现。{reg33?:}
qstr_{s4}^^The_troops_you|{s4}^^选 择 一 起 加 入 战 斗 的 部 下。
qstr_{s4}^^Your_captains_|{s4}^^你 的 部 下 会 处 理 分 配 的 任 务。
qstr_{s4}^^Your_orders_ha|{s4}^^你 的 命 令 已 经 传 达 给 众 将。
qstr_{s4}^^There_is_no_ta|{s4}^^没 有 制 定 战 术。
qstr_You_were_victorious!|你 获 胜 了！
qstr_Battle_was_lost._You|你 战 败 了。你 的 队 伍 被 彻 底 摧 毁 了。
qstr_Your_companions_carr|你 的 同 伴 把 你 从 战 场 上 运 了 出 来。
qstr_You_have_defeated_th|你 击 败 了 敌 人。
qstr_You_have_retreated_f|你 撤 离 了 战 场。
qstr_{s1}_of_{s3}_managed|{s3} 的 {s1} 设 法 逃 脱 
qstr_Some_of_your_tendons|你 的 一 些 肌 腱 在 战 斗 中 受 伤 了，你 失 去 1点 力 量。
qstr_You_took_a_nasty_wou|你 遭 受 了 一 次 很 讨 厌 的 创 伤 导 致 你 即 使 痊 愈 了 还 是 有 些 跛 足。你 失 去 了 一 点 敏 捷 值。
qstr_You_have_trouble_thi|这 场 战 斗 结 束 以 后，你 发 现 你 思 考 问 题 的 时 候 有 些 困 难，也 许 是 因 为 战 斗 中 你 的 头 部 挨 了 特 别 重 的 一 击。而 且 现 在 你 频 繁 地 感 到 头 痛。你 的 智 力 下 降 1点。
qstr_Perhaps_I_m_getting_|也 许 我 的 运 气 在 变 差……
qstr_Retirement_is_starti|撤 退 听 起 来 变 得 越 来 越 动 听。
qstr_No_matter!_I_will_pe|没 关 系！我 将 继 续 坚 持！
qstr_What_did_I_do_to_des|我 该 怎 么 做 才 能 得 到 这 些？
qstr_I_suppose_it_ll_make|我 猜 这 些 至 少 可 以 构 造 出 一 个 很 好 的 故 事……
qstr_Ally|盟 友 
qstr_Friend|朋 友 
qstr_Neutral|中 立 的 
qstr_{s9}_wants_you_to_fo|{s9} 希 望 你 能 够 在 接 到 进 一 步 的 指 令 以 前 跟 着 他 的 部 队 前 进。
qstr_{s8}_of_{s9}|{s9} 的 {s8}
qstr_liege|君 主 
qstr_former_liege|旧 君 主 
qstr_affiliate|附 属 
qstr_former_companion|旧 伙 伴 
qstr_marshall|元 帅 
qstr_vassal|封 臣 
qstr__Your_own_banner_fli|你 自 己 的 旗 帜 飘 扬 在 城 堡 大 门 上。
qstr__You_see_the_banner_|你 看 到 你 的 {s11} {s7} 的 旗 帜 飘 扬 在 城 堡 大 门 上。
qstr__You_see_the_banner_o|你 看 到{s7}的 旗 帜 悬 挂 在 城 堡 大 门 上。
qstr__Your_own_banner_flie|你 自 己 的 旗 帜 飘 扬 在 城 镇 大 门 上。
qstr__You_see_the_banner_of|你 看 到 {s11}{s7} 的 旗 帜 挂 在 城 镇 大 门 上。
qstr__You_see_the_banner_of_|你 看 到 {s7} 的 旗 帜 挂 在 城 镇 大 门 上。
qstr_You_look_too_differe|你 的 长 相 看 起 来 与 当 地 居 民 格 格 不 入，请 到 夜 间 时 再 潜 入。
qstr_The_{reg6?town_s:cas|{reg6?城 镇 的 :城 堡 的 } 食 物 储 备 应 还 能 维 持 {reg3}天。
qstr_The_{reg6?town_s:cast|{reg6?城 镇 里 :城 堡 里 } 食 品 仓 库 中 已 经 没 有 存 粮 了，守 城 人 员 快 要 饿 死 了。
qstr_You_re_preparing_to_|你 正 准 备 攻 击 围 墙，需 要 {reg9}小 时 的 时 间 准 备。
qstr_Your_forces_are_buil|你 的 部 队 正 在 制 造 攻 城 塔，需 要 {reg9}小 时 完 成。
qstr_You_are_ready_to_att|你 准 备 好 随 时 攻 击 围 墙 了。
qstr_The_siege_tower_is_b|攻 城 塔 造 好 了，现 正 等 待 进 攻 命 令。
qstr_The_enemy_pounces_wh|敌 人 在 你 撤 退 的 弓 箭 手 弹 药 不 足 时 突 袭！
qstr_As_a_last_defensive_|你 撤 退 到 城 堡 的 大 厅 里 进 行 最 后 的 防 御。你 和 你 手 下 残 余 的 士 兵 将 准 备 在 这 里 接 受 一 场 恶 战。如 果 你 战 败 了，你 就 无 路 可 退 了。
qstr_You_ve_been_driven_a|你 被 敌 人 从 城 墙 上 面 赶 下 去 了，现 在 敌 人 大 量 涌 入 街 道 内。如 果 你 能 击 败 他 们，你 也 许 能 扭 转 局 势，反 败 为 胜。
qstr_You_ve_breached_the_|你 已 经 突 破 了 城 墙，但 是 那 些 顽 固 的 守 卫 者 继 续 在 街 道 上 抵 抗 你 的 攻 击！你 得 消 灭 他 们 才 能 攻 击 城 镇 中 心 的 城 堡。
qstr_The_town_centre_is_y|这 个 城 镇 的 镇 广 场 是 你 的 了，但 是 剩 下 的 守 卫 者 撤 退 到 城 堡 里 了。你 要 完 全 消 灭 他 们 才 能 取 得 完 全 的 胜 利。
qstr_The_remaining_defend|剩 下 的 守 卫 撤 退 到 城 堡 这 个 最 后 的 防 线。你 必 须 冲 进 去 清 除 剩 余 的 抵 抗 力 量。
qstr_However_since_you_ar|然 而，由 于 你 尚 未 向 {s9} 宣 誓 效 忠，对 方 绝 不 会 承 认 你 是 这 座 {reg8?城 镇:城 堡} 的 领 主。
qstr_The_enemy_has_been_f|敌 人 被 迫 撤 退 了。进 攻 停 止 了，但 是 围 城 还 在 继 续。
qstr_As_you_approach_you_|当 你 接 近 时，城 堡 守 卫 发 现 了 你，他 们 欢 迎 你 并 为 他 们 的 {s10} 打 开 大 门。
qstr_As_you_approach_you_a|你 走 近 时，城 堡 守 卫 认 出 了 你。他 们 向 你 致 意，并 为 他 们 的 {reg33?女 王:国 王} 打 开 大 门。
qstr_As_you_approach_you_ar|你 走 近 时，城 堡 守 卫 认 出 了 你。他 们 向 你 致 意，并 为 他 们 的 {reg33?女 领 主:领 主} 打 开 大 门。
qstr__This_village_and_th|这 个 村 子 及 周 围 的 土 地 属 于 你。
qstr__You_remember_that_t|你 记 得 这 个 村 庄 及 周 边 土 地 属 于 你 的 {s11} {s7}。
qstr__You_remember_that_th|你 记 得 这 个 村 子 及 周 围 的 土 地 属 于 {s7}。
qstr__These_lands_belong_|这 些 土 地 不 属 于 任 何 人。
qstr__The_village_is_infe|这 个 村 子 受 到 {reg8}个 {s35} 侵 扰。
qstr__The_peasants_{reg8?|村 民 {reg8?雇 佣 {reg8}个 雇 佣 兵 :} 反 抗 你 
qstr__The_village_has_bee|这 座 村 庄 已 遭 洗 劫。你 穿 过 焦 黑 的 房 屋 时，只 见 少 数 幸 存 者 四 散 逃 离。
qstr__The_village_is_bein|村 庄 已 遭 到 袭 击。
qstr_Raise_some_dead.|复 活 一 些 死 者。
qstr_Round_up_some_boys.|召 集 一 些 男 孩。
qstr_Buy_some_slaves.|购 买 一 些 奴 隶。
qstr_Recruit_volunteers.|招 募 志 愿 者。
qstr_You_cannot_recruit_v|你 不 能 从 敌 对 阵 营 招 募 志 愿 者。
qstr_You_cannot_currently|你 目 前 不 能 从 这 种 文 化 招 募 志 愿 者。
qstr_You_are_hostile_to_t|此 派 系 对 你 抱 有 敌 意 
qstr_They_will_not_follow|介 于 你 的 种 族，没 人 愿 意 追 随 你
qstr_Nobody_is_available_|没 有 人 可 加 入 你 的 队 伍 
qstr_One_{s3}_is_availabl|一 名 {s3} 可 跟 随 你。
qstr_{reg4}_{s3}_are_avai|{reg4} {s3} 愿 意 追 随 你 
qstr_Try_as_you_might_you|不 论 你 怎 么 努 力，你 都 没 有 能 打 败 这 些 强 盗。强 盗 们 十 分 生 气 地 烧 毁 了 村 子 来 报 复 那 些 农 民，然 后 离 开 这 个 烧 焦 的 地 方 去 寻 找 别 的 地 方 进 行 掠 夺。
qstr_You_find_500_gold_on|你 在 尸 体 上 发 现 了 500金 币。任 何 活 着 的 兽 人 都 会 在 羞 辱 中 逃 跑 
qstr_village|村 子 
qstr_town|城 镇 
qstr_castle|城 堡 
qstr_The_{s17}_has_no_imp|{s17} 没 有 升 级 的 设 施。
qstr_The_{s17}_has_the_fo|{s17} 有 如 下 升 级 的 设 施：{s18}。
qstr_You_have_been_defeat|你 被 打 败 了。地 下 城 对 你 和 你 的 冒 险 伙 伴 来 说 太 难 了，财 富 仍 然 存 在 地 下。他 们 还 活 着，即 使 只 是 勉 强。
qstr_Luckily_some_of_your|很 幸 运 的 是，你 的 一 些 同 伴 发 现 你 没 有 回 来 就 出 来 寻 找 你，并 且 发 现 你 躺 在 路 边。他 们 急 忙 把 你 抬 带 安 全 的 地 方 并 为 你 包 扎 伤 口。
qstr_The_assasins_beat_yo|刺 客 将 你 击 倒，并 留 你 等 死。{reg33?:}
qstr_You_have_fallen._The|你 倒 下 了。强 盗 迅 速 搜 刮 你 身 上 的 每 一 枚 金 币，然 后 消 失 在 夜 色 中。他 们 留 你 活 口，只 是 勉 强 活 着。{reg33?:}
qstr_Luckily_some_of_your_|幸 运 的 是，你 的 一 些 同 伴 在 你 未 归 时 前 来 寻 找 你，发 现 你 躺 在 路 边。他 们 急 忙 将 你 带 到 安 全 之 处 并 包 扎 伤 口。{reg33?:}
qstr_Luckily_some_passing|幸 运 的 是，一 些 路 过 的 镇 民 发 现 你 躺 在 路 边，并 认 出 你 并 非 普 通 乞 丐。他 们 将 你 抬 到 最 近 的 旅 店 并 包 扎 伤 口。{reg33?:}{reg33?:}{reg33?:}
qstr_You_fail_to_steal_an|你 没 能 偷 到 一 头 牛。
qstr_You_drive_away_{reg1|你 从 村 子 的 牛 栏 里 赶 走 了 {reg17}{reg12?头 :头 } 牛。
qstr__From_your_vantage_p|从 你 的 有 利 位 置，你 可 以 看 到 一 个 与 {s50} 描 述 相 符 的 人 在 骚 乱 中 用 剑 武 装 自 己。如 果 你 不 抓 紧，逃 犯 就 会 溜 走！
qstr_You_are_at_{s2}.|你 在 {s2}。
qstr__This_castle_has_no_|这 座 城 堡 没 有 驻 军。
qstr__The_banner_of_your_|你 看 到 {s11}{s7} 的 旗 帜 挂 在 城 镇 大 门 上。
qstr__This_town_has_no_ga|这 座 城 镇 没 有 驻 军。
qstr__You_have_successful|你 成 功 潜 入 了。
qstr__Your_{reg1?capital_|你 的 {reg1?首 都 在 这 :议 会 在 这 }{reg0?和 你 的 配 偶 {s0} 居 住 在 此 :}
qstr__Your_household_can_|你 的 家 可 以 在 这 里 找 到 
qstr_{s13}_A_tournament_w|{s13} 一 场 比 赛 马 上 要 开 始 了。
qstr_^Wealth_is_{reg7}|^财 富 是 {reg7}
qstr_No_ogres!|食 人 魔 禁 入！
qstr___{reg1}_gold_per_ni|（每 晚 {reg1}金 币）
qstr_You_don_t_have_enoug|你 没 有 足 够 的 钱。
qstr_You_need_at_least_1_|你 需 要 一 点 魔 法 控 制 技 能 才 能 访 问 此 地
qstr_You_need_at_least_50|你 需 要 至 少 500点 声 望。
qstr_You_need_to_be_both_|你 需 要 同 时 是 定 居 点 的 所 有 者 和 阵 营 领 袖 才 能 这 样 做！
qstr_You_enter_the_apothe|你 进 入 药 房 并 走 向 后 室。一 位 草 药 师 迎 接 你，带 你 穿 过 两 株 巨 大 藤 蔓 植 物 后 的 秘 密 门。你 想 做 什 么？{reg33?:}
qstr_You_enter_the_{s13}_|你 进 入 {s13} 公 会，里 面 的 人 向 你 致 意。你 要 做 什 么 {reg33?:}？
qstr_Magic_resistance_6+_|魔 法 抗 性 提 升 至 6+需 要 消 耗 10000金 币，需 要 魔 法 控 制 1级。
qstr_Magic_resistance_5+_|魔 法 抗 性 提 升 至 5+需 要 消 耗 25000金 币，需 要 魔 法 控 制 3级。
qstr_Magic_resistance_4+_|魔 法 抗 性 提 升 至 4+需 要 消 耗 50000金 币，需 要 魔 法 控 制 5级。
qstr_Magic_resistance_3+_|魔 法 抗 性 提 升 至 3+需 要 消 耗 75000金 币，需 要 魔 法 控 制 7级。
qstr_Magic_resistance_2+_|魔 法 抗 性 提 升 至 2+需 要 消 耗 100000金 币，需 要 魔 法 控 制 9级。
qstr_You_cannot_improve_y|你 不 能 提 高 你 的 魔 法 控 制 等 级。
qstr_Magic_resistance_now|当 前 魔 法 抗 性 6+
qstr_Magic_resistance_now_|当 前 魔 法 抗 性 5+
qstr_Magic_resistance_now_4|当 前 魔 法 抗 性 4+
qstr_Magic_resistance_now_3|当 前 魔 法 抗 性 3+
qstr_Magic_resistance_now_2|当 前 魔 法 抗 性 2+
qstr_{s8}^You_are_now_a_p|{s8}^你 现 在 是 生 命 魔 法 的 修 行 者 {reg33?:}
qstr_{s8}^You_are_now_a_pr|{s8}^你 现 在 是 黄 金 魔 法 的 修 行 者 {reg33?:}
qstr_{s8}^You_are_now_a_pra|{s8}^你 现 在 是 光 明 魔 法 的 修 行 者 {reg33?:}
qstr_You_are_now_a_hedge_|你 现 在 是 一 名 荒 野 巫 师 {reg33?:}
qstr_{s8}^You_are_now_a_prac|{s8}^你 现 在 是 天 空 魔 法 的 修 行 者 {reg33?:}
qstr_{s8}^You_are_now_a_pract|{s8}^你 现 在 是 阴 影 魔 法 的 修 行 者 {reg33?:}
qstr_{s8}^You_are_now_a_practi|{s8}^你 现 在 是 死 亡 魔 法 的 修 行 者 {reg33?:}
qstr_{s8}^You_are_now_a_practit|{s8}^你 现 在 是 火 焰 魔 法 的 修 行 者 {reg33?:}
qstr_{s8}^You_are_now_a_practiti|{s8}^你 现 在 是 野 兽 魔 法 的 修 行 者 {reg33?:}
qstr_{s8}^You_are_now_a_practitio|{s8}^你 现 在 是 高 等 魔 法 的 修 行 者 {reg33?:}
qstr_{s8}^You_are_now_a_practition|{s8}^你 现 在 是 黑 暗 魔 法 的 修 行 者 {reg33?:}
qstr_{s8}^You_are_now_a_practitione|{s8}^你 现 在 是 亡 灵 魔 法 的 修 行 者 {reg33?:}
qstr_You_have_aligned_you|你 已 与 黑 暗 为 伍。你 的 荣 誉 变 为 邪 恶。{reg33?:}
qstr_{s8}^You_are_now_a_practitioner|{s8}^你 现 在 是 吸 血 鬼 魔 法 的 修 行 者 {reg33?:}
qstr_{s8}^You_are_now_a_practitioner_|{s8}^你 现 在 是 奸 奇 魔 法 的 修 行 者 {reg33?:}
qstr_{s8}^You_are_now_a_practitioner_o|{s8}^你 现 在 是 色 孽 魔 法 的 修 行 者 {reg33?:}
qstr_{s8}^You_are_now_a_practitioner_of|{s8}^你 现 在 是 纳 垢 魔 法 的 修 行 者 {reg33?:}
qstr_{s8}^You_are_now_a_practitioner_of_|{s8}^你 现 在 是 大 大 waaagh魔 法 的 修 行 者 {reg33?:}
qstr_{s8}^You_are_now_a_practitioner_of_t|{s8}^你 现 在 是 小 小 waaagh魔 法 的 修 行 者 {reg33?:}
qstr_{s8}^You_are_now_a_practitioner_of_th|{s8}^你 现 在 是 毁 灭 魔 法 的 修 行 者 {reg33?:}
qstr_{s8}^You_are_now_a_practitioner_of_the|{s8}^你 现 在 是 瘟 疫 魔 法 的 修 行 者 {reg33?:}
qstr_{s8}^You_are_now_a_practitioner_of_the_|{s8}^你 现 在 是 尼 赫 喀 拉 魔 法 的 修 行 者 {reg33?:}
qstr_{s8}^You_are_now_a_practitioner_of_the_L|{s8}^你 现 在 是 冰 魔 法 的 修 行 者 {reg33?:}
qstr_{s8}^You_are_now_a_practitioner_of_the_Lo|{s8}^你 现 在 是 沙 漠 魔 法 的 修 行 者 {reg33?:}
qstr_{s8}^You_are_now_a_practitioner_of_the_Lor|{s8}^你 现 在 是 荒 野 魔 法 的 修 行 者 {reg33?:}
qstr_You_do_not_have_enoug|你 没 有 足 够 的 钱。
qstr_Khorne_has_blessed_y|恐 虐 已 赐 予 你 {reg41}枚 恐 虐 印 记，因 为 你 在 近 战 中 洒 下 了 {reg42}品 脱 鲜 血。{reg33?:}
qstr_He_has_taken_note_of|恐 虐 对 你 献 上 的 鲜 血 感 到 满 意，准 许 你 挑 战 他 的 眷 属，以 赢 得 新 的 赐 福。
qstr_You_have_not_spilled|你 洒 下 的 鲜 血 还 不 足 以 引 起 恐 虐 的 注 意。
qstr_You_quickly_gain_the|你 很 快 发 现 恐 虐 对 你 毫 无 兴 趣，并 决 定 在 他 的 眷 属 发 现 你 前 离 开。
qstr_Ascend_to_become_a_d|晋 升 为 恐 虐 的 恶 魔 亲 王！{reg33?:}
qstr_Challenge_to_become_|挑 战 成 为 恐 虐 信 徒，并 永 久 放 弃 魔 法 与 其 他 神 祇！
qstr_Challenge_for_the_bl|挑 战 恐 虐 试 炼！
qstr_You_are_wounded.|你 受 伤 了。{reg33?:}
qstr_Performance_enhancin|强 化 药 水 使 本 次 试 炼 额 外 增 加 {reg41}名 敌 人！
qstr_They_attack_you!|他 们 攻 击 你！
qstr_I|第 1次 试 炼
qstr_$_Increased_strength|获 得 力 量 提 升。
qstr_II|第 2次 试 炼
qstr_$_Increased_attack_s|获 得 攻 击 速 度 提 升。
qstr_III|第 3次 试 炼
qstr_$_Increased_run_spee|获 得 移 动 速 度 提 升 与 击 退 抗 性。
qstr_IV|第 4次 试 炼
qstr_V|第 5次 试 炼
qstr_$_Regenerating_flesh|获 得 肉 体 再 生。
qstr_VI|第 6次 试 炼
qstr_VII|第 7次 试 炼
qstr_$_An_unbreakable_shi|获 得 牢 不 可 破。
qstr_VIII|第 8次 试 炼
qstr_$_Regenerating_mount|坐 骑 获 得 肉 体 再 生。
qstr_IX|第 9次 试 炼
qstr_$_Causing_fear_in_yo|你 将 使 附 近 敌 人 感 到 恐 惧。
qstr_X|第 10次 试 炼
qstr_XI|第 11次 试 炼
qstr_$_Daemons_to_aid_you|进 入 恐 虐 狂 暴 时，将 有 恶 魔 现 身 助 战。
qstr_XII|第 12次 试 炼
qstr_XIII|第 13次 试 炼
qstr_{reg25}|{reg25}
qstr_Additionally_he_bles|此 外，恐 虐 赐 予 你 对 抗 巫 师 的 抗 性。
qstr_Additionally_he_bless|此 外，恐 虐 进 一 步 提 升 了 你 对 抗 巫 师 的 抗 性。
qstr_Additionally_he_gift|此 外，恐 虐 赐 予 你 一 把 恶 魔 地 狱 之 刃。
qstr_Additionally_he_gifts|此 外，恐 虐 赐 予 你 一 把 平 衡 的 地 狱 之 刃。
qstr_Additionally_he_gifts_|此 外，恐 虐 赐 予 你 一 把 平 衡 的 恶 魔 地 狱 之 刃。
qstr_Additionally_he_blesse|此 外，恐 虐 赐 予 你 能 最 有 效 对 抗 卑 鄙 的 巫 师 们 的 能 力
qstr_Additionally_he_give|此 外，恐 虐 赐 予 你 一 匹 血 肉 猎 犬，你 可 以 骑 乘 它 作 战
qstr_Additionally_he_indu|此 外，经 过 恐 虐 的 赐 福 你 发 现 身 体 逐 渐 开 始 恶 魔 化，将 对 各 种 效 果 产 生 抗 性
qstr_$_You_have_ascended_|你 已 晋 升 为 恶 魔 亲 王，恐 虐 仆 从 中 的 最 高 阶！凡 世 因 恐 惧 而 颤 抖……{reg33?:}{reg33?:}{reg33?:}
qstr_Additionally_he_incr|此 外，恐 虐 进 一 步 增 强 了 你 的 力 量
qstr_nurgle|nurgle
qstr_tzeentch|tzeentch
qstr_slaan|slaan
qstr_tzaan|tzaan
qstr_pest|瘟 疫
qstr_Moreover_you_earn_{r|此 外，你 聪 明 地 往 自 己 身 上 押 注，赢 得 了 {reg8}金 币。
qstr_Victory_is_yours!_Yo|你 赢 了！你 在 这 场 混 战 中 获 胜 了，但 是 你 得 准 备 好 进 入 下 一 轮 比 赛。
qstr_You_have_been_bested|你 在 混 战 中 被 打 败 了，但 是 竞 技 场 老 板 相 当 认 可 你 的 技 能 和 勇 气，允 许 你 进 入 下 一 轮 比 赛。
qstr_You_are_not_taken_se|你 不 被 重 视，赢 得 5场 锦 标 赛 或 300点 声 望。{reg33?:}
qstr_You_were_beaten._The|你 被 击 败 了。农 民 们 因 成 功 而 振 奋，但 你 想 教 给 他 们 的 教 训 可 能 没 有 传 达 出 去……{reg33?:}
qstr_After_beating_your_l|在 你 击 倒 最 后 一 个 对 手 后，你 向 这 些 农 民 解 释 怎 样 更 好 地 防 御 这 样 的 一 击。希 望 他 们 能 接 受 这 些 经 验，下 次 能 提 前 做 好 准 备。
qstr_The_bandits_are_brok|这 些 强 盗 被 打 败 了！那 些 还 活 着 的 和 意 识 还 清 醒 的 都 夹 着 尾 巴 逃 跑 了，他 们 惧 怕 这 些 农 民 和 他 们 的 新 教 官。
qstr_{s1}_s_Ship|{s1} 的 船 
qstr_However_{reg3?You_ar|不 过，{reg3?你 :{s1}} 不 能 找 到 任 何 能 够 给 你 带 来 利 润 的 商 品。
qstr_^Buying_{s4}_here_an|^在 这 里 购 买 {s4} 然 后 卖 到 {s5} 去，将 会 获 得 每 件 商 品 {reg6}金 币 的 利 润。{s3}
qstr_{reg3?You_find:{s1}_|{reg3?你 :{s1}} 找 到 下 列 物 品：^{s3}
qstr_{s2}^{reg1}_{s1}_ear|{s2}^{reg1}个 {s1} 获 得 {reg0}点 经 验。
qstr_{s2}^{s1}_earned_an_|{s2}^{s1} 获 得 了 {reg0}点 额 外 的 经 验。
qstr_^You_earned_{reg0}_e|^你 获 得 了 {reg0}点 经 验。{s2}
qstr_The_training_didn_t_|训 练 进 行 得 很 糟 糕。
qstr_The_training_didn_t_g|训 练 进 行 得 不 太 好。
qstr_The_training_went_qu|训 练 进 行 得 很 好。
qstr_The_training_went_ve|训 练 进 行 得 非 常 好。
qstr_The_training_went_pe|训 练 进 行 得 很 完 美。
qstr_{s13}_asked_you_to_r|{s13} 要 你 带 着 至 少 {reg13}人 去 向 他 报 告。
qstr_{s13}_ordered_you_to|{s13} 命 令 你 参 加 对 {s14} 的 攻 击。
qstr_Find_and_speak_with_|找 到 并 请 求 {s4} 的 {s3} 让 他 接 受 你 为 他 立 下 效 忠 的 誓 言。
qstr_There_has_been_an_al|有 涉 嫌 边 境 事 件：{s9}
qstr__$_{s13}_deafeated!|{s13} 被 击 败 了！
qstr_^^Note_that_so_long_|^^注 意 只 要 你 还 在 做 元 帅，这 个 国 家 的 领 主 们 都 会 等 着 让 你 率 领 他 们 进 行 战 役。所 以，如 果 你 正 在 准 备 一 场 宴 会，或 者 是 婚 礼 以 及 其 它 活 动，你 也 许 要 去 和 你 的 领 主 谈 谈 来 辞 去 元 帅 的 职 务。
qstr_Culture_changed.|文 化 改 变 了。
qstr_Culture_changed._No_|文 化 改 变 了。切 换 亚 文 化 无 惩 罚。
qstr_You_don_t_have_enough|你 没 有 足 够 的 钱。
qstr_Your_God_favours_you|受 到 神 的 眷 顾，铁 骨 +1 
qstr_Your_God_does_not_co|你 的 神 今 天 没 有 传 达 他 的 祝 福 
qstr_The_liquid_makes_you|这 种 液 体 使 你 昏 厥 和 抽 搐。永 久 失 去 2点 力 量。
qstr_The_liquid_is_hot_an|液 体 很 热 且 让 人 感 到 满 意。永 久 获 得 1点 铁 骨。
qstr_The_liquid_is_hot_and|液 体 很 热 且 让 人 感 到 满 意。永 久 获 得 2点 力 量。
qstr_The_community_gives_|居 民 为 你 的 慷 慨 奉 献 了 一 份 礼 物。
qstr_Add_1_to_strength_pe|永 久 增 加 1点 力 量。
qstr_You_retrieve_the_rin|你 从 尸 体 上 取 回 戒 指。
qstr_You_have_contracted_|你 染 上 了 瘟 疫 
qstr_Your_athletics_skill|你 的 跑 动 技 能 降 低 了 
qstr_The_elven_girl_dies_|精 灵 女 孩 死 在 你 怀 里。你 染 上 了 瘟 疫 
qstr_The_elven_girl_dies_i|精 灵 女 孩 在 你 怀 中 死 去。
qstr_Your_trade_skill_has|你 的 交 易 技 能 提 高 1 
qstr_Your_leadership_skil|你 的 统 御 技 能 提 高 1 
qstr_Your_prisoner_manage|你 的 俘 虏 管 理 技 能 提 高 1 
qstr_Your_persuasion_skil|你 的 说 服 力 技 能 提 高 1 
qstr_Your_inventory_manag|你 的 物 品 管 理 技 能 提 高 1 
qstr_Your_engineer_skill_|你 的 工 程 学 技 能 提 高 1 
qstr_Your_first_aid_skill|你 的 急 救 技 能 提 高 1 
qstr_Your_wound_treatment|你 的 疗 伤 技 能 提 高 1 
qstr_Your_surgery_skill_h|你 的 手 术 技 能 提 高 1 
qstr_Your_spotting_skill_|你 的 侦 察 技 能 提 高 1 
qstr_Your_pathfinding_ski|你 的 向 导 技 能 提 高 1 
qstr_Your_tactics_skill_h|你 的 战 术 技 能 提 高 1 
qstr_Your_tracking_skill_|你 的 跟 踪 技 能 提 高 1 
qstr_Your_trainer_skill_h|你 的 教 练 技 能 提 高 1 
qstr_Your_magic_skill_has|你 的 魔 法 技 能 提 高 1 
qstr_Your_looting_skill_h|你 的 掠 夺 技 能 提 高 1 
qstr_Your_horse_archery_s|你 的 骑 射 技 能 提 高 1 
qstr_Your_riding_skill_ha|你 的 骑 术 技 能 提 高 1 
qstr_Your_athletics_skill_|你 的 跑 动 技 能 提 高 1 
qstr_Your_shield_skill_ha|你 的 盾 防 技 能 提 高 1 
qstr_Your_weapon_master_s|你 的 武 器 掌 握 技 能 提 高 1 
qstr_Your_power_draw_skil|你 的 强 弓 技 能 提 高 1 
qstr_Your_power_throw_ski|你 的 强 掷 技 能 提 高 1 
qstr_Your_power_strike_sk|你 的 强 击 技 能 提 高 1 
qstr_Your_ironflesh_skill|你 的 铁 骨 技 能 提 高 1 
qstr_Your_constitution_sk|你 的 体 质 技 能 提 高 1 
qstr_Oggy_is_now_a_compet|奥 叽 现 在 是 翡 翠 魔 法 的 能 手 
qstr_Ripnitch_leaves_in_d|瑞 普 尼 奇 对 你 吝 啬 的 态 度 感 到 厌 恶 
qstr_Beorg_kills_your_{s3|Beorg杀 死 你 的 {s3}
qstr_Beorg_wounds_your_{s|Beorg伤 害 了 你 的 {s3}
qstr_Some_{s3}_leave_your|一 些 {s3} 离 开 了 你 的 部 队 
qstr_Try_as_you_might_you_|尽 管 你 尽 了 最 大 努 力，你 还 是 无 法 打 败 这 个 叛 逆 的 村 庄。
qstr_positive|积 极 的 
qstr_negative|消 极 的 
qstr_{s11}^^_The_current_|{s11}^^现 在 的 驻 军 由 {reg5}人 组 成。^食 物 储 备 还 能 坚 持 {reg6}天。
qstr_^^Additional_the_fol|^^另 外，以 下 各 部 队 目 前 在 内 部：^
qstr_{s12}_{s3}_with_{reg|{s12}{s3} 和 {reg1}部 队 ^
qstr_{playername}_^^I_alw|{playername}，^^自 从 你 向 我 的 家 族 宣 誓 效 忠 的 那 一 天 起，我 一 直 知 道 你 是 个 坏 蛋。^你 真 的 认 为 你 能 让 我 的 家 人 反 对 我 吗？你 卸 下 了 你 的 假 面，你 这 条 毒 蛇！你 是 个 祸 害，我 再 也 受 不 了 了。^在 此，我 与 你 断 绝 关 系，禁 止 你 进 入 我 家。我 已 经 敦 促 我 的 家 人 与 你 战 斗，我 将 警 告 旧 世 界 的 贵 族 们 你 的 恶 行。^保 持 战 战 兢 兢 吧，你 有 一 个 致 命 的 敌 人！^^{s9}。
qstr_{playername}^^_I_ve_|{playername}，^^我 收 到 了 {s9} 的 来 信，信 中 揭 露 了 你 那 些 可 耻 的 阴 谋。眼 下，{s9} 还 拿 不 出 证 据。但 与 你 不 同，{reg1?她:他} 是 我 家 族 中 德 高 望 重 的 一 员；多 年 来，我 从 未 有 理 由 怀 疑 {reg1?她:他}。因 此，我 相 信 这 些 指 控。^幸 好 你 没 能 破 坏 我 家 族 的 团 结。我 在 此 拒 绝 你 的 效 忠：你 与 我 的 家 族 再 无 关 系。家 族 中 的 每 一 个 人 都 会 自 觉 与 你 为 敌……{reg33?:}^我 羞 于 承 认 自 己 竟 遭 你 恶 意 欺 骗，所 以 我 不 会 主 动 挑 战 你，免 得 为 你 死 在 我 的 {s11} 手 中 负 责。不 过，我 也 没 有 把 荒 野 中 碾 死 的 每 只 老 鼠 都 挂 在 嘴 边 的 习 惯—— 我 们 迟 早 会 在 那 里 相 遇！^^{s10}
qstr_{playername}|{playername}
qstr_Troops:_{reg1}|部 队：{reg1}
qstr_Prosperity_Report^|繁 荣 度 报 告 ^
qstr_Total|总 体 
qstr_{s0}^{s1}_Average_To|{s0}^{s1} 城 镇 平 均 繁 荣 度：{reg0}
qstr_{s0}^{s1}_towns_with|{s0}^{s1} 城 镇 繁 荣 度 80-100：{reg0}
qstr_{s0}^{s1}_towns_with_|{s0}^{s1} 城 镇 繁 荣 度 60-79：{reg0}
qstr_{s0}^{s1}_towns_with_p|{s0}^{s1} 城 镇 繁 荣 度 40-59：{reg0}
qstr_{s0}^{s1}_towns_with_pr|{s0}^{s1} 城 镇 繁 荣 度 20-39：{reg0}
qstr_{s0}^{s1}_towns_with_pro|{s0}^{s1} 城 镇 繁 荣 度 0-19：{reg0}
qstr_{s0}^{s1}_Average_Vi|{s0}^{s1} 村 庄 平 均 繁 荣 度：{reg0}
qstr_{s0}^{s1}_villages_w|{s0}^{s1} 村 庄 繁 荣 度 80-100：{reg0}
qstr_{s0}^{s1}_villages_wi|{s0}^{s1} 村 庄 繁 荣 度 60-79：{reg0}
qstr_{s0}^{s1}_villages_wit|{s0}^{s1} 村 庄 繁 荣 度 40-59：{reg0}
qstr_{s0}^{s1}_villages_with|{s0}^{s1} 村 庄 繁 荣 度 20-39：{reg0}
qstr_{s0}^{s1}_villages_with_|{s0}^{s1} 村 庄 繁 荣 度 0-19：{reg0}
qstr_Select_a_suitable_di|为 这 种 场 合 选 择 合 适 的 装 扮 
qstr_As_a_commoner_with_a|作 为 一 个 拥 有 一 根 粗 壮 的 棍 子 和 一 些 技 巧 的 平 民，你 将 能 够 融 入 人 群，但 不 会 给 你 带 来 太 多 的 价 值。
qstr_You_run_and_hide_fro|你 从 不 逃 跑 和 隐 藏。如 果 被 发 现，你 已 准 备 好 留 下 尸 体。{reg33?:}{reg33?:}
qstr_Banner_Bearer|旗 手 {reg33?:}
qstr_Update_your_version_|更 新 你 的 WSE2版 本。
qstr_New_game_final_proce|新 游 戏 的 最 终 生 成 流 程 已 完 成。
qstr_Troops/prisoners_can|部 队 /囚 犯 可 以 使 用 热 键 批 量 转 移，查 看 注 释 部 分 的 游 戏 概 念 标 签。
qstr_You_have_deserted_an|你 已 经 叛 逃，现 在 被 通 缉 了 
qstr_Failsafe:_main_party|故 障 保 护：主 队 伍 领 袖 当 前 是 {s28}，重 新 添 加 玩 家 以 避 免 存 档 损 坏。
qstr_Breaking_camp...|终 止 宿 营……
qstr_You_have_broken_off_|你 打 断 了 你 的 {s1} 突 击。
qstr_{reg0}.{reg1}|{reg0}.{reg1}
qstr_PBOD_Updated_to_vers|PBOD更 新 至 版 本 0.{s1}
qstr_{s5}_has_decided_to_|{s5} 已 决 定 将 {s4} 授 予 {s7} 的 另 一 位 领 主。
qstr_{s14}_is_assaulting_|{s14} 正 在 猛 攻 {s15} 的 城 墙！
qstr_A_livestock_epidemic|在 {s4} 的 {reg4}头 牛 因 牲 畜 流 行 病 死 亡。
qstr_There_has_been_a_rio|{s6} 发 生 了 暴 乱！
qstr_Your_party_is_spotte|你 的 部 队 被 {s1} 发 现 了。
qstr_You_feed_on_{s10}...|你 以 {s10} 为 食……
qstr_You_feed_on_a_{s10}_|你 以 队 伍 中 的 一 名 {s10} 为 食……
qstr_...and_are_reinvigor|……并 恢 复 了 活 力。
qstr_Party_has_nothing_to|部 队 没 有 食 物 了 
qstr_{reg1}_{s1}_{reg2?ha|{reg1}个 {s1}{reg2?已 :已 } 趁 着 夜 色 逃 离 了 你 的 队 伍。
qstr_{s1}_of_{s3}_has_bee|{s3} 的 {s1} 已 被 {s2} 从 囚 禁 中 释 放。
qstr_Building_of_{s0}_in_|{s4} 的 建 筑 物 {s0} 已 经 完 工 了。
qstr_{s1}_has_won_the_tou|{s1} 赢 得 了 在 {s2} 的 比 赛。
qstr_{s1}_is_no_longer_in|{s1} 不 再 受 到 夜 间 的 强 盗 侵 扰。
qstr_You_are_within_the_w|你 在 一 个 隶 属 的 家 族 成 员 封 地 住，不 必 支 付 住 宿 费。
qstr_You_pay_for_accommod|你 支 付 了 宿 金。
qstr_You_are_unable_to_pa|你 无 法 支 付 住 宿 费！
qstr_{s16}_has_dissolved_|{s16} 已 解 散 了 {s17}。它 将 被 很 快 移 除。
qstr_{s16}_has_deserted_t|{s16} 已 逃 离 了 {s17}。
qstr_The_{s17}_s_leader_h|{s17} 的 领 袖 已 抛 弃 了 他 们，让 你 别 无 选 择 也 只 能 离 开。
qstr_{s31}_delivered_{reg|{s31} 向 {s32} 运 送 了 {reg18}名 部 队。
qstr_The_act_improves_rel|此 举 改 善 了 {s33} 和 {s34} 之 间 的 关 系。
qstr_Betrothal_to_{s5}_ex|与 {s5} 的 订 婚 已 失 效。
qstr__Your_tactics_skill_|你 的 战 术 技 能 提 高 1级。
qstr__Your_persuasion_ski|你 的 说 服 力 技 能 提 高 1级。
qstr__Your_leadership_ski|你 的 统 御 技 能 提 高 1级。
qstr__Your_intelligence_h|你 的 智 力 提 高 1点。
qstr__Your_trade_skill_ha|你 的 交 易 技 能 提 高 1级。
qstr__Your_weapon_master_|你 的 武 器 掌 握 技 能 提 高 1级。
qstr__Your_engineer_skill|你 的 工 程 学 技 能 提 高 1级。
qstr_Oggy_wrote_the_book_|奥 叽 用 人 类 的 语 言 写 了 这 本 书，他 的 解 释 把 这 本 书 弄 得 一 团 糟。他 全 身 心 地 投 入 其 中，但 换 言 之，这 是 不 专 业 和 毫 无 价 值 的。
qstr_You_have_finished_re|你 已 经 读 完 了 {s1}。{s2}
qstr_Book_Read|读 书 
qstr_You_have_{reg2}_days|你 有 {reg2}天 时 间 完 成 此 任 务。
qstr_{s1}_is_scouted.|{s1} 已 经 侦 察 过 了。
qstr_{s1}_has_switched_fr|{s1} 由 {s2} 转 到 {s3}。
qstr_{s0}_is_grumbling_ag|{s0} 在 抱 怨 你。如 果 这 种 情 况 继 续 下 去，你 们 的 关 系 可 能 会 受 到 影 响。
qstr_{s0}_is_grumbling_aga|{s0} 正 在 抱 怨 你，但 在 {s1} 的 支 持 下，你 暂 时 保 持 盟 友 关 系。{reg33?:}
qstr_Distance_between_{s1|{s14} 和 {s15} 之 间 的 距 离：{reg0}
qstr_Your_caravan_has_bro|你 的 商 队 带 着 {s12} 抵 达 {s13}。
qstr_{s13}_is_unimpressed|{s13} 对 你 那 微 不 足 道 的 礼 物 不 感 兴 趣。
qstr_The_people_of_{s13}_|{s13} 的 人 民 对 你 那 微 不 足 道 的 礼 物 不 感 兴 趣。
qstr_Your_caravan_has_los|你 的 商 队 迷 失 了 方 向 并 且 放 弃 了 你 交 予 的 任 务！
qstr_Your_messenger_reach|你 的 信 使 抵 达 {s13}。
qstr_Your_messenger_has_l|你 的 信 使 迷 失 了 方 向 并 且 放 弃 了 你 交 予 的 任 务！
qstr_Not_enough_money_in_|财 政 部 没 有 足 够 的 资 金 升 级 {s6}。
qstr_Your_constable_upgra|你 的 警 官 在 {s8} 中 将 {reg5}{s6} 升 级 为 {s7}
qstr_It_is_rumoured_that_|据 说 一 名 间 谍 在 {s11} 被 捕。
qstr_The_plague_still_tak|瘟 疫 持 续 对 你 的 身 体 造 成 伤 害 
qstr_The_Amulet_of_Itzl_h|伊 兹 尔 的 护 身 符 由 野 兽 之 神 重 新 充 能 
qstr_You_have_recovered_fr|你 已 经 从 坠 落 中 恢 复 过 来 了 
qstr_{s1}_has_returned_to|{s1} 回 归 你 的 队 伍 
qstr_The_potion_of_streng|力 量 药 水 的 效 果 慢 慢 消 失 
qstr_The_potion_of_toughn|韧 性 药 水 的 效 果 慢 慢 消 失 
qstr_The_potion_of_instab|不 稳 定 药 水 的 效 果 慢 慢 消 失 
qstr_The_potion_of_elemen|元 素 药 水 的 效 果 慢 慢 消 失 
qstr_The_potion_of_pain_w|止 痛 药 水 的 效 果 慢 慢 消 失 
qstr_The_potion_of_disgui|隐 身 药 水 的 效 果 慢 慢 消 失 
qstr_Your_reputation_spre|你 的 名 声 传 遍 了 整 个 土 地。你 获 得 了 统 治 权。
qstr_{s1}_has_recovered_f|{s1} 已 经 从 中 毒 的 效 果 中 恢 复 了 
qstr_Poison_continues_to_|毒 药 持 续 对 {s1} 造 成 伤 害 
qstr_The_potion_of_curing|治 疗 的 药 水 已 经 用 完 了。你 不 再 受 保 护 了 
qstr_You_are_no_longer_dr|你 不 再 喝 醉 了 
qstr_You_have_broken_off_y|你 放 弃 了 对 {s1} 的 包 围。
qstr_You_cannot_maintain_|在 这 个 距 离，你 不 能 维 持 你 对 {s1} 的 包 围。
qstr_You_have_spilled_so_|你 已 洒 下 如 此 多 的 鲜 血，你 感 到 颅 骨 之 主 正 将 目 光 转 向 你……
qstr_{s13}_flees_over_the|由 于 你 的 恐 虐 本 性，{s13} 逃 向 地 平 线！
qstr_{s13}_from_{s14}_fle|来 自 {s14} 的 {s13} 由 于 你 的 恐 虐 本 性 逃 向 地 平 线！
qstr_Checking_rejoin_of_{|检 查 {s10} 任 务 归 队 天 数：{reg0}
qstr_Word_has_reached_you|消 息 告 诉 你，伟 大 的 锦 标 赛 冠 军 {s1} 被 一 个 不 知 名 的 刺 客 谋 杀 了。
qstr_Post_game_start_scri|游 戏 开 始 后 脚 本 运 行 
qstr_No_face_corruption_d|未 检 测 到 人 脸 损 坏。
qstr_X:{reg16}_Y:{reg17}|X:{reg16}, Y:{reg17}
qstr_The_released_prisone|获 释 的 俘 虏 是 不 可 信 的，他 们 正 准 备 攻 击 你！
qstr_Warning!|警 告!
qstr_The_released_prisoner|战 斗 一 结 束，获 释 的 俘 虏 就 四 散 而 去。你 不 会 再 见 到 他 们 了。
qstr_Notice!|注 意！
qstr_The_released_prisoners|获 释 的 俘 虏 依 然 忠 实，而 且 会 加 入 你 的 队 伍。
qstr_You_have_{reg0}_days_|再 过 {reg0}天，你 就 会 被 宣 布 为 逃 兵！
qstr_You_have_now_been_de|你 现 已 被 宣 布 为 逃 兵！{reg33?:}
qstr_You_were_given_an_ol|感 激 的 矮 人 商 人 给 了 你 一 张 破 旧 的 藏 宝 图。由 于 损 坏，宝 藏 位 置 不 明，但 一 侧 潦 草 地 写 着 卡 扎 利 德 语 指 令。^^上 面 写 着 「 Strol a wyr-thingaz umanar bin Dawi-rik。Drung urk，skrat a gand azgal！」
qstr_Treasure_map_quest_c|藏 宝 图 任 务 无 法 重 复 给 予。
qstr_You_gain_200_experie|你 获 得 200经 验。
qstr_Maldrex_is_being_hel|马 尔 德 雷 克 斯 被 谢 瓦 利 埃 爵 士 关 押 在 巴 托 尼 亚 海 岸 附 近。营 救 他，并 等 待 克 拉 斯 ·乔 根 森。
qstr_You_execute_Sir_Chev|你 以 你 认 为 合 适 的 方 式 处 决 了 谢 瓦 利 埃 爵 士。
qstr_Sir_Chevalier_stumbl|谢 瓦 利 埃 爵 士 跌 跌 撞 撞 地 走 向 安 全 地。
qstr_Lord_Maldrex_is_exec|马 尔 德 雷 克 斯 爵 士 被 巴 托 尼 亚 骑 士 处 决。
qstr_Josef_Fleisch_tasked|约 瑟 夫 ·弗 莱 什 派 你 去 摧 毁 巫 师 塔 格 里 姆 并 释 放 他 的 兄 弟。他 正 在 阿 尔 比 恩 岛 上 等 待。（混 沌 矮 人 末 日 舰 附 近）
qstr_You_execute_Targrim_|你 以 你 认 为 合 适 的 方 式 处 决 了 塔 格 里 姆。
qstr_Targrim_releases_Arn|塔 格 里 姆 将 阿 诺 达 斯 从 咒 语 中 释 放 出 来，然 后 埋 怨 着 逃 开。
qstr_{reg65?my_Lady:my_Lo|{reg65?尊 敬 的 女 士 :我 的 大 人 }
qstr_{reg65?My_Lady:My_Lo|{reg65?尊 敬 的 女 士 :我 的 大 人 }
qstr_{reg65?madame:sir}|{reg65?夫 人 :先 生 }
qstr_{reg65?Madame:Sir}|{reg65?夫 人 :先 生 }
qstr__no_fiefs_|（没 有 封 地）
qstr__fiefs:_{s0}_|（封 地：{s0}）
qstr_It_s_your_money_or_y|要 钱 还 是 要 命，{reg33?小 姑 娘 :伙 计 }。别 乱 动，否 则 我 们 捅 了 你。
qstr_Lucky_for_you_you_ca|你 很 走 运，刚 好 碰 到 我 今 天 心 情 特 别 好。交 出 你 所 有 的 钱，我 就 让 你 活 着 离 开。
qstr_This_a_robbery_eh?_I|这 是 一 次 抢 劫，明 白 不？我 给 你 一 个 机 会 交 出 你 所 有 的 东 西，否 则 我 和 我 的 兄 弟 们 将 杀 了 你，明 白 不？
qstr_we_have_made_very_li|到 目 前 为 止，我 们 基 本 没 有 什 么 进 展 
qstr_we_have_suceeded_in_|我 们 成 功 占 领 了 一 些 土 地，但 是 我 们 还 有 很 长 的 一 段 路 要 走 
qstr_we_have_become_a_sig|我 们 现 在 成 了 显 赫 一 方 的 势 力 了，我 们 很 有 机 会 能 赢 得 最 终 的 胜 利。
qstr_we_are_winning_the_w|我 们 赢 得 了 这 场 战 争，但 是 我 们 的 敌 人 还 在 顽 强 抵 抗 
qstr_we_are_on_the_verge_|我 们 已 经 接 近 最 终 的 胜 利 了。残 余 的 敌 人 完 全 够 不 成 威 胁，但 是 我 们 仍 然 需 要 将 他 们 赶 尽 杀 绝。
qstr_for_the_dodge_skill|用 于 闪 避 技 能
qstr_for_the_ignore_pain_|用 于 无 视 痛 苦 技 能
qstr_for_the_mighty_blow_|用 于 强 力 一 击 技 能
qstr_to_get_a_4+_ward_sav|以 获 得 4+守 护 豁 免
qstr_to_get_a_5+_ward_sav|以 获 得 5+守 护 豁 免
qstr_to_get_a_6+_ward_sav|以 获 得 6+守 护 豁 免
qstr_to_gain_6+_magic_res|以 获 得 6+魔 法 抗 性
qstr_to_gain_5+_magic_res|以 获 得 5+魔 法 抗 性
qstr_to_gain_4+_magic_res|以 获 得 4+魔 法 抗 性
qstr_to_gain_3+_magic_res|以 获 得 3+魔 法 抗 性
qstr_to_gain_2+_magic_res|以 获 得 2+魔 法 抗 性
qstr_our_realm|我 们 的 王 国 
qstr_According_to_the_rep|根 据 我 们 间 谍 的 报 告 
qstr_{s10}_{reg3}_lords_s|{s10}{reg3}领 主 支 持 {s9}。
qstr_Sorry_currently_I_ca|抱 歉，目 前 我 无 法 提 供 任 何 关 于 领 主 情 绪 的 信 息，我 们 的 间 谍 还 没 有 回 复。
qstr_{s1}_at_{s2}|{s1} 在 {s2}
qstr_{s11}_and_{s12}|{s11} 和 {s12}
qstr_We_are_not_at_war_wi|我 们 没 有 与 任 何 人 交 战。
qstr_We_are_at_war_with_{|我 们 正 在 与 {s12} 交 战。
qstr_Our_kingdom_currentl|我 们 王 国 目 前 有 {reg2}个 士 兵 驻 扎 在 那 里 
qstr_{s6}_{reg2}_{reg1?to|{s6}{reg2}座 {reg1?城 镇 :城 镇 }{reg3?以 及 :。 }
qstr_{s6}_{reg3}_{reg1?ca|{s6}{reg3}座 {reg1?城 堡 :城 堡 }。
qstr_{s6}_In_addition_we_|{s6} 此 外，我 们 还 有 {reg2}士 兵 在 战 场 上，{reg1?在 {reg3}支 军 队 里 :在 一 支 军 队 里 }。
qstr_We_currently_have_{r|我 们 现 在 有 {reg2}个 士 兵 
qstr_{s6}_garrisoned_in_{|{s6} 驻 扎 在 {reg2?{reg2}城 镇 :}{reg2?{reg3?:和 }:}{reg3?{reg3}城 堡 :}。
qstr_{s6}_In_addition_you|{s6} 此 外，{reg2}士 兵 在 你 的 队 伍 里，{reg3}士 兵 在 巡 逻。
qstr_{reg0?She:He}_fields|{reg0?她 :他 } 有 {reg2}士 兵。
qstr_We_currently_have_{re|我 们 目 前 有 {reg2}士 兵 驻 扎 在 {s60}。
qstr__preferring_{s12}_un|，首 选 {s12} 单 位。
qstr__and_the_additional_|以 及 额 外 的 {s13} 训 练 师，允 许 将 部 队 提 升 至 {reg13}级
qstr_You_currently_have_a|你 目 前 的 收 入 为 {reg0}金 币，你 的 封 地 和 驻 军 的 费 用 为 {reg1}金 币。
qstr_{s6}_You_are_losing_|{s6} 由 于 税 收 效 率 低 下，您 正 在 损 失 {reg0}金 币。这 意 味 着 {reg1}个 百 分 点。
qstr_{s6}_Overall_this_su|{s6} 总 体 而 言，这 总 计 为 {reg0}金 币 利 润。^^你 目 前 金 库 中 有 {reg4}金 币。
qstr_{reg0}_gold|{reg0}金 币
qstr_no|不
qstr_5_gold_fee_taken_by_|金 印 银 行 收 取 5金 币 作 为 利 息
qstr_10_gold_fee_taken_by|金 印 银 行 收 取 10金 币 作 为 利 息
qstr_25_gold_fee_taken_by|金 印 银 行 收 取 25金 币 作 为 利 息
qstr_50_gold_fee_taken_by|金 印 银 行 收 取 50金 币 作 为 利 息
qstr_100_gold_fee_taken_b|金 印 银 行 收 取 100金 币 作 为 利 息
qstr_250_gold_fee_taken_b|金 印 银 行 收 取 250金 币 作 为 利 息
qstr_500_gold_fee_taken_b|金 印 银 行 收 取 500金 币 作 为 利 息
qstr_We_currently_have_an|我 们 现 在 有 {reg0}金 币 的 收 入 和 {reg1}金 币 的 成 本 来 自 我 们 的 领 地 和 驻 军。
qstr_{s6}_We_are_losing_{|{s6} 由 于 税 收 效 率 低 下，我 们 正 在 损 失 {reg0}金 币。达 到 {reg1}百 分 比。
qstr_{s60}_is_currently_o|{s60} 目 前 被 不 法 分 子 占 领，你 应 该 尽 快 反 击 他 们。
qstr__We_are_expecting_{r|我 们 希 望 租 金 是 {reg0}金 币 
qstr__The_troop_wages_for|{reg0}部 队 的 工 资 花 费 了 我 们 {reg1}金 币。
qstr_{s61}_and_{reg0}_gol|{s61} 以 及 {reg0}金 币 关 税
qstr_Well_{s60}.|好 的，{s60}。
qstr_{s4}_{s3}._The_tax_r|{s4}{s3}。税 率 是 {s50}.{s59}{s61}。总 的 来 说，这 总 计 为 {s1}。
qstr_Tax_rate_for_{s6}:_{|{s6} 的 税 率：{s11}
qstr_The_{s17}_has_the_fol|{s17} 有 以 下 改 进：{s18}
qstr_You_have_shown_great|你 在 战 场 上 表 现 出 了 巨 大 的 力 量。但 我 为 什 么 要 把 你 招 进 我 们 的 队 伍？
qstr_All_of_life_is_about|生 活 中 的 一 切 都 是 关 于 正 反 两 方 面 的。为 什 么 我 们 会 允 许 你 成 为 我 们 的 伙 伴？
qstr_I_know_people_do_fea|我 知 道，人 们 确 实 害 怕 你 的 严 厉。我 们 应 该 这 样 做 吗？
qstr_Indeed_I_have_heard_|的 确，我 听 说 过 你 的 忠 诚 和 勇 敢。但 是 这 就 足 够 加 入 我 们 了 吗？
qstr_I_m_glad_you_want_to|我 很 高 兴 你 愿 意 支 持 我 们。但 是，对 你 来 说，加 入 我 们 的 家 族 是 明 智 的 吗？
qstr_Beside_your_wealth_h|除 了 你 的 财 富，你 还 能 为 我 和 我 的 家 人 提 供 什 么？
qstr_My_friend_I_see_your|朋 友，我 明 白 你 的 道 理 了。但 你 真 的 会 冒 险 让 我 们 的 友 谊 因 为 正 式 的 伙 伴 关 系 而 变 得 紧 张 吗？
qstr_Agreed!_Your_words_c|同 意！你 的 话 和 你 的 {s10} 一 样 让 我 信 服。
qstr_I_trust_you_my_famil|我 相 信 你，我 的 家 人 会 利 用 你 的 足 智 多 谋。我 们 将 一 起 把 我 们 的 影 响 力 传 播 到 整 个 大 陆。
qstr_May_God_have_mercy_o|愿 上 帝 怜 悯 我 们 敌 人 的 灵 魂，因 为 我 们 不 会！
qstr_So_be_it._We_are_hon|就 这 样 吧。我 们 很 荣 幸 接 受 你 加 入 我 们 的 家 族。
qstr__I_will_appreciate_y|我 会 像 对 待 {reg33?女 儿 :儿 子 } 一 样 对 待 你。
qstr_I_accept_your_reques|我 接 受 你 的 要 求。如 果 你 反 过 来 支 持 我 的 家 族，我 们 也 会 支 持 你 的。
qstr_Since_you_are_worthy|既 然 你 配 得 上 我 们 的 尊 重，欢 迎 你 加 入 我 们 的 家 族。{reg33?:}
qstr_Your_leader_is_not_e|你 的 领 袖 甚 至 不 是 {reg0?女 王 :国 王 } 而 我 会 加 入 你 们 吗？
qstr_{s40}_I_would_never_|{s40} 我 决 不 会 加 入 一 个 没 有 城 镇 或 城 堡 的 人。
qstr_{s40}_I_know_too_lit|{s40} 我 对 你 的 领 导 知 之 甚 少。
qstr_{s40}_I_found_your_m|{s40} 我 觉 得 你 的 信 使 没 有 说 服 力。
qstr_{s40}_Next_time_I_wo|{s40} 下 次 我 更 愿 意 和 一 个 行 为 不 像 傻 瓜 的 人 说 话。
qstr_{s40}_Next_time_I_wou|{s40} 下 次 我 更 愿 意 和 一 个 更 精 通 宫 廷 礼 仪 的 人 交 谈。
qstr_{s40}_I__d_rather_st|{s40} 我 宁 愿 和 我 现 在 的 国 王 呆 在 一 起。
qstr_{s31}_{s32}_{s34}|{s31}{s32}{s34}
qstr__We_will_of_course_n|我 们 当 然 得 等 到 国 家 不 再 进 行 战 役 了。
qstr_{s1}_has_been_accept|{s1} 已 被 接 受 为 {s2} 的 附 庸。
qstr_I_am_{s4}_the_ruler_|我 是 {s4}，{s6} 的 统 治 者。
qstr_I_am_{s4}_{s8}_of_{s|我 是 {s4}，{s9} 的 {s8}
qstr_I_am_{s4}_a_vassal_o|我 是 {s4}，{s6} 的 一 个 封 臣。
qstr_{s9}{reg5?_and_the_l|{s9}{reg5?而 且 是 {s8} 的 领 主。:。}
qstr_{s13}_asked_you_to_g|{s13} 要 你 收 集 {reg3}头 牛，并 给 他 送 去。
qstr_{s9}_wants_you_to_fol|{s9} 想 让 你 跟 随 他 的 军 队 直 到 另 行 通 知。
qstr_{s9}_asked_you_to_sc|{s9} 要 你 侦 察 {s13}，{s14} 和 {s15}，然 后 回 去 向 他 汇 报。
qstr_pupil|学 生 
qstr_You_are_challenging_|你 准 备 向 我 发 起 决 斗？开 什 么 玩 笑！如 你 所 愿，{playername}，打 爆 你 的 头 将 会 是 非 常 有 意 思 的 事 情。
qstr_{s16}_and_{s17}|{s16} 和 {s17}
qstr_Very_well_I_will_acc|很 好，如 果 你 再 次 庄 严 地 向 我 宣 誓，我 可 以 接 受 你 回 到 我 这 边 来。
qstr_A_pardon_will_only_b|我 不 会 宽 恕 你 的，除 非 你 把 {s17} 割 让 给 我。你 同 意 我 开 出 的 条 件 吗？
qstr_No._There_is_no_chan|不，我 们 之 间 没 有 机 会 保 持 和 平，我 对 这 个 不 感 兴 趣。
qstr_Your_leader|你 的 领 袖
qstr_{s1}_exchanged_{s2}_|{s1} 将 {s2} 换 成 {s3} 为 了 {s4}
qstr_Our_marshal_{s1}|我 们 的 元 帅，{s1}
qstr_Our_liege_{s1}|陛 下，{s1}
qstr_go_on_the_offensive_|马 上 去 进 攻。
qstr_act_to_defend_our_la|进 行 领 土 保 卫。
qstr_take_more_time_to_ga|多 花 点 时 间 来 集 结 军 队。
qstr_You_promised_to_help|你 答 应 帮 助 {s13} 取 得 {s14} 的 王 位。
qstr_What_do_you_say_to_e|什 么 你 说 要 投 靠 {s9} 当 一 名 雇 佣 军 队 长？我 觉 得 毫 无 疑 问 你 将 胜 任 这 个 工 作。
qstr_{s9}_asked_you_to_ta|{s9} 要 你 带 一 个 口 信 给 {s13}。在 你 接 受 这 个 任 务 的 时 候，{s13} 确 信 在 {s4}。
qstr_{s9}_asked_you_to_tak|{s9} 要 你 带 一 个 从 {s15} 那 里 得 到 口 信 给 {s13}。在 你 接 受 这 个 任 务 的 时 候，{s13} 确 信 在 {s4}。
qstr_{s11}_asked_you_to_e|{s11} 要 你 护 送 他 的 {s17}{s13} 到 {s14}。
qstr_{s13}_asked_you_to_d|{s13} 要 求 你 消 灭 占 据 {s15} 村 庄 的 {s12}，然 后 回 去 复 命。
qstr_{s9}_asked_you_to_ra|{s9} 要 求 帮 他 培 养 {reg1}名 {s14}，并 给 他 送 去。
qstr_{s9}_asked_you_to_co|{s9} 要 你 去 {s3} 征 税。他 答 应 你 征 收 的 税 款 中 的 20%归 你 所 得。
qstr_{s9}_asked_you_to_hu|{s9} 要 你 抓 捕 名 叫 {s4} 的 通 缉 犯。他 现 在 确 信 在 {s3}。
qstr_{s9}_asked_you_to_as|{s9} 要 你 杀 死 一 个 {s3} 的 地 方 商 人。
qstr_{s9}_has_asked_you_t|{s9} 要 你 到 {s13} 见 一 个 间 谍。
qstr_{s11}_asked_you_to_f|{s11} 要 求 你 跟 踪 将 从 {s12} 离 开 的 间 谍。路 上 小 心 别 让 间 谍 看 到 你，否 则 {reg3?她 :他 } 可 能 会 起 疑 并 折 返。一 旦 间 谍 与 {reg3?她 :他 } 的 同 伙 会 面，你 要 抓 住 他 们 并 带 回 给 {s11}。{reg3?:}{reg33?:}
qstr_{s11}_asked_you_to_c|{s11} 要 你 抓 捕 {s13} 的 一 个 领 主，随 便 一 个。然 后 带 到 {s11} 严 密 监 禁 起 来。
qstr_{s9}_asked_you_to_le|{s9} 要 你 把 你 的 同 伴 {s3} 借 给 他 用 一 个 星 期。
qstr_{s9}_asked_you_to_col|{s9} 要 求 你 收 回 {s3} 欠 下 的 {reg4}枚 金 币。你 接 下 任 务 时，{s3} 位 于 {s4}。
qstr_{s11}_gave_you_a_fak|{s11} 交 给 你 一 封 假 信，要 你 送 给 {s13}，诱 使 其 放 逐 封 臣 {s16}。你 应 前 往 {s14} 附 近，把 信 交 给 你 的 一 名 {s15}，再 让 其 以 信 使 身 份 进 城，并 相 信 命 令 确 实 为 真 {reg33?:}。
qstr_{s9}_has_requested_y|{s9} 要 你 帮 他 抓 捕 {reg1}个 {s3} 俘 虏。
qstr_You_are_considered_t|由 于 你 对 {s5} 的 人 民 采 取 了 敌 对 行 动，你 被 视 为 已 离 开 其 麾 下。
qstr_Lend_your_experience|把 你 的 老 练 的 外 科 医 生 {s3} 借 给 {s1}。
qstr_Then_take_it_with_my|那 么 请 收 下，并 接 受 我 永 久 的 感 谢。你 是 一 位 高 贵 的 {reg33?女 士 :男 士 }。我 永 远 不 会 忘 记 你 在 我 需 要 时 帮 助 了 我。{reg33?:}
qstr_Forgive_me_{playerna|原 谅 我，{playername}，但 是 我 坚 持 让 你 接 受。这 些 钱 对 我 来 说 算 不 了 什 么，我 欠 你 的 太 多 了。给 你，拿 去 吧，我 们 不 要 再 谈 这 个 了。
qstr_{playername}_what_a_|{playername}，你 真 是 个 高 尚 的 人，但 我 不 能 让 你 拒 绝。这 份 恩 情 我 无 以 言 表；我 相 信，这 笔 钱 在 你 手 中 会 比 留 给 我 更 有 用。
qstr_{s11}_asked_you_to_r|{s11} 要 你 从 {s14} 营 救 她 的 {s17}，{s13}。你 得 跟 他 交 换 衣 服 并 代 替 他 呆 在 监 狱 里。
qstr_{s11}_asked_you_to_re|{s11} 要 你 从 {s14} 救 出 她 的 {s17}，{s13}。
qstr_{s11}_asked_you_to_d|{s11} 要 你 送 信 给 被 囚 禁 在 {s14} 的 {s13}。
qstr_You_agreed_to_challe|你 同 意 与 {s13} 决 斗 以 维 护 {s11} 的 名 誉。
qstr_{s5}__Persuasion_str|{s5}（说 服 力：{reg5}）
qstr_Persuasion_Attempt|尝 试 说 服 
qstr_Your_renown_was_lowe|你 的 声 望 低 于 所 需 的 {reg22}
qstr_Your_faction_s_cultu|你 所 属 派 系 的 文 化 差 异 太 大
qstr_You_did_not_have_the_|你 没 有 达 到 {reg26}的 所 需 关 系
qstr_Troops_added_to_part|部 队 加 入 队 伍 
qstr_{s1}_at_the_behest_o|{s1} 应 {s2} 的 要 求 
qstr_A_villager_from_{s7}|一 个 从 {s7} 来 的 村 民 恳 求 你，希 望 你 能 把 他 们 的 村 子 从 那 群 强 盗 手 里 解 救 出 来。
qstr_We_won_t_follow_a_le|我 们 不 会 追 随 一 个 与 {s45} 敌 对 的 领 袖。请 便 吧。
qstr_We_won_t_follow_a_lea|我 们 不 会 追 随 一 个 文 化 与 我 们 如 此 不 同 的 领 袖。请 便 吧。
qstr_You_chose_well_{reg3|很 好 的 选 择，{reg33?女 士 :先 生 }。我 的 小 伙 子 们 知 道 如 何 保 持 他 们 的 诺 言，并 证 明 自 己 价 值。
qstr_Well_done_{reg33?mad|很 好，{reg33?女 士 :先 生 }。准 备 好 金 钱 和 美 酒，在 这 个 新 世 界 里 你 将 无 所 畏 惧。
qstr_We_are_at_your_servi|我 们 听 候 您 的 差 遣，{reg33?女 士 :先 生 }。给 我 们 指 明 需 要 教 训 的 人 的 方 向，剩 下 的 交 给 我 们。
qstr_yet_to_be_announced|待 定 
qstr_The_Guildmaster_of_{|{s13} 的 行 会 会 长 要 你 清 剿 周 边 乡 野 的 劫 匪。
qstr_{s9}_of_{s3}_asked_y|{s3} 的 {s9} 要 你 在 7天 内 将 {reg5}份 {s6} 送 到 {s4} 的 商 人 仓 库。
qstr_Escort_the_merchant_|护 送 商 人 的 商 队 去 {s8} 镇。
qstr_Merchant_{s9}_of_{s4|{s4} 的 商 人 {s9} 要 求 你 清 除 在 {s4} 城 外 肆 虐 的 那 伙 凶 恶 强 盗。
qstr_Guildmaster_of_{s4}_|{s4} 的 行 会 会 长 给 了 你 {reg12}金 币，用 于 赎 回 被 强 盗 绑 架 的 仆 人。你 要 在 {s3} 附 近 与 强 盗 会 面，付 清 赎 金，再 把 人 安 全 带 回 {s4}。
qstr_Guildmaster_of_{s4}_p|{s4} 的 行 会 会 长 承 诺 支 付 {reg12}金 币，只 要 你 能 确 保 {s12} 与 {s13} 不 再 妨 碍 {s15} 和 {s14} 达 成 和 议。你 必 须 说 服 他 们，或 将 他 们 俘 虏 并 一 直 关 押 到 和 议 达 成。
qstr_The_Guildmaster_of_{s|{s14} 的 行 会 会 长 要 你 对 付 一 群 在 {s14} 街 道 肆 虐 的 强 盗。他 们 只 在 夜 间 出 没，专 门 袭 击 独 行 旅 人。
qstr_Guildmaster_of_{s10}|{s10} 的 镇 长 要 你 把 一 群 牛 赶 到 {s13} 去。你 将 会 挣 得 {reg8}金 币 的 报 酬。
qstr_{reg4?She:He}_is_not|{reg4?她 :他 } 目 前 没 有 指 挥 任 何 士 兵。
qstr_{reg4?She:He}_curren|{reg4?她 :他 } 目 前 指 挥 {reg0}人 {reg1?，其 中 约 有 {reg1}人 受 伤 :}。
qstr_The_elder_of_the_vil|{s3} 村 的 长 老 要 你 带 来 {reg5}袋 谷 物。
qstr_The_elder_of_the_vill|{s13} 村 的 村 长 要 你 训 练 {reg5}个 农 民 以 抵 抗 当 地 的 强 盗。
qstr_The_elder_of_the_villa|{s3} 村 的 长 老 要 你 带 来 {reg5}头 牛。
qstr_{s16}_and_{s15}|{s16} 和 {s15}
qstr_I_can_smell_a_fat_pu|我 在 一 英 里 外 就 嗅 到 了 一 个 鼓 鼓 的 钱 包。我 想 你 想 让 它 变 轻 些，不 是 吗？
qstr_Why_it_be_another_tr|哎 呀，又 是 一 位 路 上 偶 遇 的 旅 人！我 得 提 醒 你，这 地 方 对 你 这 样 的 好 {reg33?女 人 :人 } 来 说 有 点 危 险。不 过 只 要 你 小 小“捐 赠”一 下，我 和 我 的 人 保 你 平 安 到 达 目 的 地，嗯？{reg33?:}
qstr_Well_well_look_at_th|哎 呀 呀，瞧 瞧 这 个！朋 友，你 最 好 开 始 掏 点 银 子 出 来，不 然 我 和 我 的 人 可 要 对 你 不 客 气 了。{reg33?:}
qstr_There_s_a_toll_for_p|交 出 买 路 钱，不 然 我 就 从 你 的 钱 包 里 收 取 我 应 得 的 那 份……
qstr_Another_fool_come_to|又 一 个 来 送 死 的 傻 瓜，嗯？好 吧，开 打！{reg33?:}
qstr_We_re_not_afraid_of_|我 们 不 怕 你，{reg33?娘 们 :小 子 }。是 时 候 开 打 了！
qstr_That_was_a_mistake._|你 犯 了 个 错。现 在，我 会 让 你 死 得 又 慢 又 痛 苦。
qstr_Brave_words._Let_s_s|话 说 得 漂 亮。现 在 就 用 行 动 证 明 给 我 看 吧，杂 种！
qstr_your_lordship|阁 下 
qstr_A_{s5}?_Well..._Yes_|{s5}？呃……是 的，我 想 是 这 样。问 了 一 个 多 么 奇 怪 的 问 题 啊。
qstr_Eh?_No_it_most_certa|是 吗？基 本 可 以 肯 定 那 不 是 一 个 {s5}。如 果 我 是 你 的 话，我 就 开 始 怀 疑 自 己 的 视 力 是 否 有 问 题。
qstr_This_is_the_{reg4?to|这 里 是 {s5}{reg4?镇 :村 }，{s0}。
qstr_{s6}_Our_{reg4?town:|{s6} 我 们 的 {reg4?城 镇 :村 庄 } 及 周 边 土 地 当 然 属 于 您，我 的 {reg33?女 士 :大 人 }。
qstr_{s6}_Our_{reg4?town:v|{s6} 我 们 {reg4?镇 :村 } 及 周 围 的 土 地 属 于 {s8} 的 {s7}。
qstr_{s3}_and_{s5}|{s3} 和 {s5}
qstr_{reg20?We_mostly_pro|{reg20?我 们 这 里 主 要 是 出 产 {s5}:这 些 天 我 们 这 里 几 乎 什 么 都 没 有 出 产 }。如 果 你 想 了 解 更 多 的 情 况，你 可 以 去 问 我 们 的 {reg4?镇 长 :村 长 }。他 就 在 附 近，看，就 在 那 边。
qstr_Current|当 前 
qstr_Court_Guard|宫 廷 守 卫 
qstr_Prison_Guard|监 狱 守 卫 
qstr_Castle_Guard|城 堡 守 卫 
