trp_1164|Dummy first line
trp_id_2|联 机 男 性 玩 家 角 色 
trp_id_2_pl|联 机 男 性 玩 家 角 色 
trp_id_3|联 机 女 性 玩 家 角 色 
trp_id_3_pl|联 机 女 性 玩 家 角 色 
trp_id_4|多 人 游 戏 混 沌 
trp_id_4_pl|多 人 游 戏 混 沌 
trp_id_5|临 时 部 队 
trp_id_5_pl|临 时 部 队 
trp_id_6|寻 找 物 品 作 弊 
trp_id_6_pl|寻 找 物 品 作 弊 
trp_id_7|随 机 城 镇 序 列 
trp_id_7_pl|随 机 城 镇 序 列 
trp_id_8|竞 技 场 选 手 
trp_id_8_pl|竞 技 场 选 手 
trp_id_9|锤 手 
trp_id_9_pl|锤 手 
trp_id_10|弓 箭 手 
trp_id_10_pl|弓 箭 手 
trp_id_11|剑 士 
trp_id_11_pl|剑 士 
trp_id_12|初 级 斗 士 
trp_id_12_pl|初 级 斗 士 
trp_id_13|正 规 斗 士 
trp_id_13_pl|正 规 斗 士 
trp_id_14|资 深 斗 士 
trp_id_14_pl|资 深 斗 士 
trp_id_15|精 英 斗 士 
trp_id_15_pl|精 英 斗 士 
trp_id_16|初 级 斗 士 
trp_id_16_pl|初 级 斗 士 
trp_id_17|初 级 斗 士 
trp_id_17_pl|初 级 斗 士 
trp_id_18|正 规 斗 士 
trp_id_18_pl|正 规 斗 士 
trp_id_19|正 规 斗 士 
trp_id_19_pl|正 规 斗 士 
trp_id_20|正 规 斗 士 
trp_id_20_pl|正 规 斗 士 
trp_id_21|资 深 斗 士 
trp_id_21_pl|资 深 斗 士 
trp_id_22|资 深 斗 士 
trp_id_22_pl|资 深 斗 士 
trp_id_23|资 深 斗 士 
trp_id_23_pl|资 深 斗 士 
trp_id_24|精 英 斗 士 
trp_id_24_pl|精 英 斗 士 
trp_id_25|精 英 斗 士 
trp_id_25_pl|精 英 斗 士 
trp_id_26|牛 
trp_id_26_pl|牛 
trp_id_27|农 民 
trp_id_27_pl|农 民 
trp_id_28|市 民 
trp_id_28_pl|市 民 
trp_id_29|雇 佣 哨 兵 
trp_id_29_pl|雇 佣 哨 兵 
trp_id_30|商 队 护 卫 
trp_id_30_pl|商 队 护 卫 
trp_id_31|灵 蜥 提 奇 · 灰 奇 突 袭 者 
trp_id_31_pl|灵 蜥 提 奇 · 灰 奇 突 袭 者 
trp_id_32|亚 马 逊 族 人 
trp_id_32_pl|亚 马 逊 族 人 
trp_id_33|亚 马 逊 弓 箭 手 
trp_id_33_pl|亚 马 逊 弓 箭 手 
trp_id_34|亚 马 逊 勇 士 
trp_id_34_pl|亚 马 逊 勇 士 
trp_id_35|戈 罗 尔 
trp_id_35_pl|戈 罗 尔 
trp_id_36|艾 里 昂 先 驱 者 
trp_id_36_pl|艾 里 昂 先 驱 者 
trp_id_37|丛 林 哨 兵 
trp_id_37_pl|丛 林 哨 兵 
trp_id_38|雇 佣 半 身 人 民 兵 
trp_id_38_pl|雇 佣 半 身 人 民 兵 
trp_id_39|雇 佣 半 身 人 田 野 守 望 者 
trp_id_39_pl|雇 佣 半 身 人 田 野 守 望 者 
trp_id_40|雇 佣 半 身 人 斥 候 
trp_id_40_pl|雇 佣 半 身 人 斥 候 
trp_id_41|雇 佣 食 人 魔 
trp_id_41_pl|雇 佣 食 人 魔 
trp_id_42|雇 佣 食 人 魔 喷 铅 者 
trp_id_42_pl|雇 佣 食 人 魔 喷 铅 者 
trp_id_43|阿 卡 塔 尼 团 员 
trp_id_43_pl|阿 卡 塔 尼 团 员 
trp_id_44|美 洲 豹 连 队 
trp_id_44_pl|美 洲 豹 连 队 
trp_id_45|布 拉 甘 扎 围 攻 军 
trp_id_45_pl|布 拉 甘 扎 围 攻 军 
trp_id_46|凡 · 克 朗 夫 海 盗 
trp_id_46_pl|凡 · 克 朗 夫 海 盗 
trp_id_47|沃 兰 斯 猎 兵 
trp_id_47_pl|沃 兰 斯 猎 兵 
trp_id_48|穆 卡 塔 尔 沙 漠 之 犬 
trp_id_48_pl|穆 卡 塔 尔 沙 漠 之 犬 
trp_id_49|远 道 杀 戮 者 
trp_id_49_pl|远 道 杀 戮 者 
trp_id_50|雇 佣 食 人 魔 海 盗 
trp_id_50_pl|雇 佣 食 人 魔 海 盗 
trp_id_51|雇 佣 海 盗 食 人 魔 喷 铅 者 
trp_id_51_pl|雇 佣 海 盗 食 人 魔 喷 铅 者 
trp_id_52|沙 漠 强 盗 
trp_id_52_pl|沙 漠 强 盗 
trp_id_53|沙 漠 骗 子 
trp_id_53_pl|沙 漠 骗 子 
trp_id_54|阿 拉 比 盗 贼 
trp_id_54_pl|阿 拉 比 盗 贼 
trp_id_55|精 灵 女 巫 学 徒 
trp_id_55_pl|精 灵 女 巫 学 徒 
trp_id_56|精 灵 女 巫 
trp_id_56_pl|精 灵 女 巫 
trp_id_57|精 灵 巫 婆 
trp_id_57_pl|精 灵 巫 婆 
trp_id_58|雇 佣 暗 黑 食 人 魔 
trp_id_58_pl|雇 佣 暗 黑 食 人 魔 
trp_id_59|雇 佣 暗 黑 食 人 魔 喷 铅 者 
trp_id_59_pl|雇 佣 暗 黑 食 人 魔 喷 铅 者 
trp_id_60|曼 吉 尔 的 剥 皮 者 
trp_id_60_pl|曼 吉 尔 的 剥 皮 者 
trp_id_61|于 斯 罗 熊 人 
trp_id_61_pl|于 斯 罗 熊 人 
trp_id_62|雇 佣 掠 夺 者 骑 兵 
trp_id_62_pl|雇 佣 掠 夺 者 骑 兵 
trp_id_63|雇 佣 掠 夺 者 冠 军 骑 兵 
trp_id_63_pl|雇 佣 掠 夺 者 冠 军 骑 兵 
trp_id_64|雇 佣 掠 夺 者 头 目 
trp_id_64_pl|雇 佣 掠 夺 者 头 目 
trp_id_65|雇 佣 大 地 精 勇 士 
trp_id_65_pl|雇 佣 大 地 精 勇 士 
trp_id_66|雇 佣 大 地 精 
trp_id_66_pl|雇 佣 大 地 精 
trp_id_67|雇 佣 大 地 精 狼 骑 兵 
trp_id_67_pl|雇 佣 大 地 精 狼 骑 兵 
trp_id_68|雇 佣 混 沌 女 猎 手 
trp_id_68_pl|雇 佣 混 沌 女 猎 手 
trp_id_69|雇 佣 混 沌 资 深 女 猎 手 
trp_id_69_pl|雇 佣 混 沌 资 深 女 猎 手 
trp_id_70|雇 佣 混 沌 女 猎 手 首 领 
trp_id_70_pl|雇 佣 混 沌 女 猎 手 首 领 
trp_id_71|雇 佣 混 沌 食 人 魔 
trp_id_71_pl|雇 佣 混 沌 食 人 魔 
trp_id_72|食 人 魔 贪 食 者 
trp_id_72_pl|食 人 魔 贪 食 者 
trp_id_73|雇 佣 混 沌 巨 魔 
trp_id_73_pl|雇 佣 混 沌 巨 魔 
trp_id_74|雇 佣 蛮 荒 兽 人 
trp_id_74_pl|雇 佣 蛮 荒 兽 人 
trp_id_75|雇 佣 蛮 荒 兽 人 狂 战 士 
trp_id_75_pl|雇 佣 蛮 荒 兽 人 狂 战 士 
trp_id_76|雇 佣 蛮 荒 兽 人 碎 骨 者 
trp_id_76_pl|雇 佣 蛮 荒 兽 人 碎 骨 者 
trp_id_77|雇 佣 野 蛮 食 人 魔 
trp_id_77_pl|雇 佣 野 蛮 食 人 魔 
trp_id_78|雇 佣 野 蛮 食 人 魔 喷 铅 者 
trp_id_78_pl|雇 佣 野 蛮 食 人 魔 喷 铅 者 
trp_id_79|雇 佣 地 精 部 落 新 兵 
trp_id_79_pl|雇 佣 地 精 部 落 新 兵 
trp_id_80|雇 佣 地 精 勇 士 
trp_id_80_pl|雇 佣 地 精 勇 士 
trp_id_81|雇 佣 地 精 资 深 勇 士 
trp_id_81_pl|雇 佣 地 精 资 深 勇 士 
trp_id_82|武 装 暴 徒 
trp_id_82_pl|武 装 暴 徒 
trp_id_83|忍 者 
trp_id_83_pl|忍 者 
trp_id_84|腥 红 之 月 
trp_id_84_pl|腥 红 之 月 
trp_id_85|僵 尸 海 盗 佣 兵 
trp_id_85_pl|僵 尸 海 盗 佣 兵 
trp_id_86|亡 灵 海 盗 佣 兵 
trp_id_86_pl|亡 灵 海 盗 佣 兵 
trp_id_87|亡 灵 海 盗 船 长 
trp_id_87_pl|亡 灵 海 盗 船 长 
trp_id_88|雇 佣 骷 髅 弓 手 
trp_id_88_pl|雇 佣 骷 髅 弓 手 
trp_id_89|雇 佣 骷 髅 勇 士 
trp_id_89_pl|雇 佣 骷 髅 勇 士 
trp_id_90|雇 佣 骷 髅 骑 兵 
trp_id_90_pl|雇 佣 骷 髅 骑 兵 
trp_id_91|咒 怨 连 矮 人 士 兵 
trp_id_91_pl|咒 怨 连 矮 人 士 兵 
trp_id_92|咒 怨 连 诺 斯 卡 士 兵 
trp_id_92_pl|咒 怨 连 诺 斯 卡 士 兵 
trp_id_93|咒 怨 连 士 兵 
trp_id_93_pl|咒 怨 连 士 兵 
trp_id_94|自 由 佣 人 
trp_id_94_pl|自 由 佣 人 
trp_id_95|自 由 佣 兵 步 兵 
trp_id_95_pl|自 由 佣 兵 步 兵 
trp_id_96|自 由 私 人 管 家 
trp_id_96_pl|自 由 私 人 管 家 
trp_id_97|自 由 车 夫 
trp_id_97_pl|自 由 车 夫 
trp_id_98|自 由 男 仆 
trp_id_98_pl|自 由 男 仆 
trp_id_99|自 由 佣 兵 管 家 
trp_id_99_pl|自 由 佣 兵 管 家 
trp_id_100|雇 佣 蛮 荒 兽 人 战 猪 小 子 
trp_id_100_pl|雇 佣 蛮 荒 兽 人 战 猪 小 子 
trp_id_101|雇 佣 蛮 荒 兽 人 酋 长 
trp_id_101_pl|雇 佣 蛮 荒 兽 人 酋 长 
trp_id_102|雇 佣 蛮 荒 兽 人 弓 箭 小 子 
trp_id_102_pl|雇 佣 蛮 荒 兽 人 弓 箭 小 子 
trp_id_103|雇 佣 蛮 荒 兽 人 弓 箭 大 只 佬 
trp_id_103_pl|雇 佣 蛮 荒 兽 人 弓 箭 大 只 佬 
trp_id_104|地 精 雇 佣 勇 士 
trp_id_104_pl|地 精 雇 佣 勇 士 
trp_id_105|地 精 雇 佣 剥 颅 者 
trp_id_105_pl|地 精 雇 佣 剥 颅 者 
trp_id_106|地 精 雇 佣 酋 长 卫 队 
trp_id_106_pl|地 精 雇 佣 酋 长 卫 队 
trp_id_107|地 精 雇 佣 战 争 酋 长 
trp_id_107_pl|地 精 雇 佣 战 争 酋 长 
trp_id_108|地 精 雇 佣 勇 气 投 斧 手 
trp_id_108_pl|地 精 雇 佣 勇 气 投 斧 手 
trp_id_109|地 精 雇 佣 射 手 
trp_id_109_pl|地 精 雇 佣 射 手 
trp_id_110|地 精 雇 佣 哨 兵 
trp_id_110_pl|地 精 雇 佣 哨 兵 
trp_id_111|地 精 雇 佣 森 林 漫 步 者 
trp_id_111_pl|地 精 雇 佣 森 林 漫 步 者 
trp_id_112|地 精 雇 佣 蜘 蛛 骑 射 手 
trp_id_112_pl|地 精 雇 佣 蜘 蛛 骑 射 手 
trp_id_113|地 精 雇 佣 蜘 蛛 骑 兵 
trp_id_113_pl|地 精 雇 佣 蜘 蛛 骑 兵 
trp_id_114|地 精 雇 佣 蜘 蛛 骑 士 
trp_id_114_pl|地 精 雇 佣 蜘 蛛 骑 士 
trp_id_115|地 精 雇 佣 蜘 蛛 战 争 酋 长 
trp_id_115_pl|地 精 雇 佣 蜘 蛛 战 争 酋 长 
trp_id_116|咒 怨 连 矮 人 老 兵 
trp_id_116_pl|咒 怨 连 矮 人 老 兵 
trp_id_117|咒 怨 连 矮 人 冠 军 战 士 
trp_id_117_pl|咒 怨 连 矮 人 冠 军 战 士 
trp_id_118|咒 怨 连 诺 斯 卡 老 兵 
trp_id_118_pl|咒 怨 连 诺 斯 卡 老 兵 
trp_id_119|咒 怨 连 诺 斯 卡 冠 军 勇 士 
trp_id_119_pl|咒 怨 连 诺 斯 卡 冠 军 勇 士 
trp_id_120|咒 怨 连 老 兵 
trp_id_120_pl|咒 怨 连 老 兵 
trp_id_121|咒 怨 连 冠 军 勇 士 
trp_id_121_pl|咒 怨 连 冠 军 勇 士 
trp_id_122|美 洲 豹 勇 士 
trp_id_122_pl|美 洲 豹 勇 士 
trp_id_123|亚 马 逊 女 猎 手 
trp_id_123_pl|亚 马 逊 女 猎 手 
trp_id_124|图 腾 守 护 者 
trp_id_124_pl|图 腾 守 护 者 
trp_id_125|骑 马 女 猎 手 
trp_id_125_pl|骑 马 女 猎 手 
trp_id_126|亚 马 逊 女 酋 长 
trp_id_126_pl|亚 马 逊 女 酋 长 
trp_id_127|雇 佣 半 身 人 治 安 员 
trp_id_127_pl|雇 佣 半 身 人 治 安 员 
trp_id_128|雇 佣 半 身 人 仓 储 守 卫 
trp_id_128_pl|雇 佣 半 身 人 仓 储 守 卫 
trp_id_129|雇 佣 半 身 人 厨 师 
trp_id_129_pl|雇 佣 半 身 人 厨 师 
trp_id_130|雇 佣 半 身 人 大 厨 
trp_id_130_pl|雇 佣 半 身 人 大 厨 
trp_id_131|雇 佣 半 身 人 追 踪 者 
trp_id_131_pl|雇 佣 半 身 人 追 踪 者 
trp_id_132|雇 佣 半 身 人 游 侠 
trp_id_132_pl|雇 佣 半 身 人 游 侠 
trp_id_133|雇 佣 半 身 人 猎 犬 游 侠 
trp_id_133_pl|雇 佣 半 身 人 猎 犬 游 侠 
trp_id_134|雇 佣 半 身 人 猎 犬 骑 兵 
trp_id_134_pl|雇 佣 半 身 人 猎 犬 骑 兵 
trp_id_135|雇 佣 半 身 人 山 羊 骑 兵 
trp_id_135_pl|雇 佣 半 身 人 山 羊 骑 兵 
trp_id_136|雇 佣 半 身 人 战 羚 骑 士 
trp_id_136_pl|雇 佣 半 身 人 战 羚 骑 士 
trp_id_137|雇 佣 死 亡 魔 女 
trp_id_137_pl|雇 佣 死 亡 魔 女 
trp_id_138|雇 佣 恐 惧 巫 女 
trp_id_138_pl|雇 佣 恐 惧 巫 女 
trp_id_139|暗 影 之 眼 
trp_id_139_pl|暗 影 之 眼 
trp_id_140|忍 者 大 师 
trp_id_140_pl|忍 者 大 师 
trp_id_141|忍 者 宗 师 
trp_id_141_pl|忍 者 宗 师 
trp_id_142|雇 佣 骷 髅 骑 兵 
trp_id_142_pl|雇 佣 骷 髅 骑 兵 
trp_id_143|阿 拉 比 恶 盗 
trp_id_143_pl|阿 拉 比 恶 盗 
trp_id_144|阿 拉 比 神 偷 
trp_id_144_pl|阿 拉 比 神 偷 
trp_id_145|窃 贼 王 子 
trp_id_145_pl|窃 贼 王 子 
trp_id_146|雇 佣 光 明 法 师 
trp_id_146_pl|雇 佣 光 明 法 师 
trp_id_147|雇 佣 黄 金 法 师 
trp_id_147_pl|雇 佣 黄 金 法 师 
trp_id_148|雇 佣 翡 翠 法 师 
trp_id_148_pl|雇 佣 翡 翠 法 师 
trp_id_149|雇 佣 天 空 法 师 
trp_id_149_pl|雇 佣 天 空 法 师 
trp_id_150|雇 佣 灰 袍 法 师 
trp_id_150_pl|雇 佣 灰 袍 法 师 
trp_id_151|雇 佣 紫 晶 法 师 
trp_id_151_pl|雇 佣 紫 晶 法 师 
trp_id_152|雇 佣 炽 焰 法 师 
trp_id_152_pl|雇 佣 炽 焰 法 师 
trp_id_153|雇 佣 琥 珀 法 师 
trp_id_153_pl|雇 佣 琥 珀 法 师 
trp_id_154|雇 佣 光 明 法 师 
trp_id_154_pl|雇 佣 光 明 法 师 
trp_id_155|雇 佣 黄 金 法 师 
trp_id_155_pl|雇 佣 黄 金 法 师 
trp_id_156|雇 佣 翡 翠 法 师 
trp_id_156_pl|雇 佣 翡 翠 法 师 
trp_id_157|雇 佣 天 空 法 师 
trp_id_157_pl|雇 佣 天 空 法 师 
trp_id_158|雇 佣 灰 袍 法 师 
trp_id_158_pl|雇 佣 灰 袍 法 师 
trp_id_159|雇 佣 紫 晶 法 师 
trp_id_159_pl|雇 佣 紫 晶 法 师 
trp_id_160|雇 佣 炽 焰 法 师 
trp_id_160_pl|雇 佣 炽 焰 法 师 
trp_id_161|雇 佣 琥 珀 法 师 
trp_id_161_pl|雇 佣 琥 珀 法 师 
trp_id_162|雇 佣 奎 许 法 师 
trp_id_162_pl|雇 佣 奎 许 法 师 
trp_id_163|雇 佣 混 沌 矮 人 炽 焰 法 师 
trp_id_163_pl|雇 佣 混 沌 矮 人 炽 焰 法 师 
trp_id_164|雇 佣 混 沌 矮 人 黄 金 法 师 
trp_id_164_pl|雇 佣 混 沌 矮 人 黄 金 法 师 
trp_id_165|雇 佣 混 沌 矮 人 紫 晶 法 师 
trp_id_165_pl|雇 佣 混 沌 矮 人 紫 晶 法 师 
trp_id_166|雇 佣 混 沌 炽 焰 法 师 
trp_id_166_pl|雇 佣 混 沌 炽 焰 法 师 
trp_id_167|雇 佣 混 沌 纳 垢 法 师 
trp_id_167_pl|雇 佣 混 沌 纳 垢 法 师 
trp_id_168|雇 佣 混 沌 紫 晶 法 师 
trp_id_168_pl|雇 佣 混 沌 紫 晶 法 师 
trp_id_169|雇 佣 混 沌 色 孽 法 师 
trp_id_169_pl|雇 佣 混 沌 色 孽 法 师 
trp_id_170|雇 佣 混 沌 灰 袍 法 师 
trp_id_170_pl|雇 佣 混 沌 灰 袍 法 师 
trp_id_171|雇 佣 混 沌 奸 奇 法 师 
trp_id_171_pl|雇 佣 混 沌 奸 奇 法 师 
trp_id_172|雇 佣 混 沌 黄 金 法 师 
trp_id_172_pl|雇 佣 混 沌 黄 金 法 师 
trp_id_173|雇 佣 尼 赫 喀 拉 巫 妖 
trp_id_173_pl|雇 佣 尼 赫 喀 拉 巫 妖 
trp_id_174|雇 佣 光 明 巫 妖 
trp_id_174_pl|雇 佣 光 明 巫 妖 
trp_id_175|雇 佣 紫 晶 巫 妖 
trp_id_175_pl|雇 佣 紫 晶 巫 妖 
trp_id_176|雇 佣 奎 许 灵 蜥 祭 司 
trp_id_176_pl|雇 佣 奎 许 灵 蜥 祭 司 
trp_id_177|雇 佣 琥 珀 灵 蜥 祭 司 
trp_id_177_pl|雇 佣 琥 珀 灵 蜥 祭 司 
trp_id_178|雇 佣 天 空 灵 蜥 祭 司 
trp_id_178_pl|雇 佣 天 空 灵 蜥 祭 司 
trp_id_179|雇 佣 夜 地 精 萨 满 
trp_id_179_pl|雇 佣 夜 地 精 萨 满 
trp_id_180|雇 佣 沙 漠 维 齐 尔 
trp_id_180_pl|雇 佣 沙 漠 维 齐 尔 
trp_id_181|雇 佣 光 明 维 齐 尔 
trp_id_181_pl|雇 佣 光 明 维 齐 尔 
trp_id_182|雇 佣 黄 金 维 齐 尔 
trp_id_182_pl|雇 佣 黄 金 维 齐 尔 
trp_id_183|雇 佣 炽 焰 维 齐 尔 
trp_id_183_pl|雇 佣 炽 焰 维 齐 尔 
trp_id_184|雇 佣 天 空 维 齐 尔 
trp_id_184_pl|雇 佣 天 空 维 齐 尔 
trp_id_185|雇 佣 兽 人 萨 满 
trp_id_185_pl|雇 佣 兽 人 萨 满 
trp_id_186|雇 佣 巴 托 尼 亚 琥 珀 法 师 
trp_id_186_pl|雇 佣 巴 托 尼 亚 琥 珀 法 师 
trp_id_187|雇 佣 巴 托 尼 亚 翡 翠 法 师 
trp_id_187_pl|雇 佣 巴 托 尼 亚 翡 翠 法 师 
trp_id_188|雇 佣 暗 精 灵 达 尔 法 师 
trp_id_188_pl|雇 佣 暗 精 灵 达 尔 法 师 
trp_id_189|雇 佣 暗 精 灵 黄 金 法 师 
trp_id_189_pl|雇 佣 暗 精 灵 黄 金 法 师 
trp_id_190|雇 佣 暗 精 灵 炽 焰 法 师 
trp_id_190_pl|雇 佣 暗 精 灵 炽 焰 法 师 
trp_id_191|雇 佣 暗 精 灵 灰 袍 法 师 
trp_id_191_pl|雇 佣 暗 精 灵 灰 袍 法 师 
trp_id_192|雇 佣 暗 精 灵 紫 晶 法 师 
trp_id_192_pl|雇 佣 暗 精 灵 紫 晶 法 师 
trp_id_193|雇 佣 斯 卡 文 毁 灭 术 士 
trp_id_193_pl|雇 佣 斯 卡 文 毁 灭 术 士 
trp_id_194|雇 佣 斯 卡 文 瘟 疫 术 士 
trp_id_194_pl|雇 佣 斯 卡 文 瘟 疫 术 士 
trp_id_195|雇 佣 基 斯 里 夫 冰 法 师 
trp_id_195_pl|雇 佣 基 斯 里 夫 冰 法 师 
trp_id_196|雇 佣 狂 野 萨 满 
trp_id_196_pl|雇 佣 狂 野 萨 满 
trp_id_197|雇 佣 灰 袍 萨 满 
trp_id_197_pl|雇 佣 灰 袍 萨 满 
trp_id_198|雇 佣 紫 晶 萨 满 
trp_id_198_pl|雇 佣 紫 晶 萨 满 
trp_id_199|雇 佣 琥 珀 萨 满 
trp_id_199_pl|雇 佣 琥 珀 萨 满 
trp_id_200|雇 佣 奸 奇 萨 满 
trp_id_200_pl|雇 佣 奸 奇 萨 满 
trp_id_201|雇 佣 色 孽 萨 满 
trp_id_201_pl|雇 佣 色 孽 萨 满 
trp_id_202|雇 佣 纳 垢 萨 满 
trp_id_202_pl|雇 佣 纳 垢 萨 满 
trp_id_203|雇 佣 天 空 修 行 者 
trp_id_203_pl|雇 佣 天 空 修 行 者 
trp_id_204|雇 佣 炽 焰 修 行 者 
trp_id_204_pl|雇 佣 炽 焰 修 行 者 
trp_id_205|雇 佣 光 明 修 行 者 
trp_id_205_pl|雇 佣 光 明 修 行 者 
trp_id_206|雇 佣 灰 袍 修 行 者 
trp_id_206_pl|雇 佣 灰 袍 修 行 者 
trp_id_207|雇 佣 死 灵 法 师 
trp_id_207_pl|雇 佣 死 灵 法 师 
trp_id_208|雇 佣 吸 血 鬼 法 师 
trp_id_208_pl|雇 佣 吸 血 鬼 法 师 
trp_id_209|雇 佣 吸 血 鬼 紫 晶 法 师 
trp_id_209_pl|雇 佣 吸 血 鬼 紫 晶 法 师 
trp_id_210|雇 佣 吸 血 鬼 阴 影 法 师 
trp_id_210_pl|雇 佣 吸 血 鬼 阴 影 法 师 
trp_id_211|雇 佣 奎 许 咒 歌 者 
trp_id_211_pl|雇 佣 奎 许 咒 歌 者 
trp_id_212|雇 佣 光 明 咒 歌 者 
trp_id_212_pl|雇 佣 光 明 咒 歌 者 
trp_id_213|雇 佣 黄 金 咒 歌 者 
trp_id_213_pl|雇 佣 黄 金 咒 歌 者 
trp_id_214|雇 佣 炽 焰 咒 歌 者 
trp_id_214_pl|雇 佣 炽 焰 咒 歌 者 
trp_id_215|雇 佣 灰 袍 咒 歌 者 
trp_id_215_pl|雇 佣 灰 袍 咒 歌 者 
trp_id_216|雇 佣 琥 珀 咒 歌 者 
trp_id_216_pl|雇 佣 琥 珀 咒 歌 者 
trp_id_217|雇 佣 天 空 咒 歌 者 
trp_id_217_pl|雇 佣 天 空 咒 歌 者 
trp_id_218|雇 佣 翡 翠 咒 歌 者 
trp_id_218_pl|雇 佣 翡 翠 咒 歌 者 
trp_id_219|雇 佣 紫 晶 咒 歌 者 
trp_id_219_pl|雇 佣 紫 晶 咒 歌 者 
trp_id_220|雇 佣 矮 人 符 文 领 主 
trp_id_220_pl|雇 佣 矮 人 符 文 领 主 
trp_id_221|雇 佣 亡 灵 海 盗 死 亡 法 师 
trp_id_221_pl|雇 佣 亡 灵 海 盗 死 亡 法 师 
trp_id_222|雇 佣 亡 灵 海 盗 巫 师 
trp_id_222_pl|雇 佣 亡 灵 海 盗 巫 师 
trp_id_223|雇 佣 兵 结 束 
trp_id_223_pl|雇 佣 兵 结 束 
trp_id_224|帝 国 新 兵 
trp_id_224_pl|帝 国 新 兵 
trp_id_225|北 方 帝 国 新 兵 
trp_id_225_pl|北 方 帝 国 新 兵 
trp_id_226|南 方 帝 国 新 兵 
trp_id_226_pl|南 方 帝 国 新 兵 
trp_id_227|帝 国 长 矛 兵 
trp_id_227_pl|帝 国 长 矛 兵 
trp_id_228|北 方 帝 国 长 矛 兵 
trp_id_228_pl|北 方 帝 国 长 矛 兵 
trp_id_229|南 方 帝 国 长 矛 兵 
trp_id_229_pl|南 方 帝 国 长 矛 兵 
trp_id_230|帝 国 护 林 员 
trp_id_230_pl|帝 国 护 林 员 
trp_id_231|北 方 帝 国 护 林 员 
trp_id_231_pl|北 方 帝 国 护 林 员 
trp_id_232|南 方 帝 国 护 林 员 
trp_id_232_pl|南 方 帝 国 护 林 员 
trp_id_233|帝 国 戟 兵 
trp_id_233_pl|帝 国 戟 兵 
trp_id_234|帝 国 剑 士 
trp_id_234_pl|帝 国 剑 士 
trp_id_235|帝 国 弩 手 
trp_id_235_pl|帝 国 弩 手 
trp_id_236|帝 国 火 枪 手 
trp_id_236_pl|帝 国 火 枪 手 
trp_id_237|白 狼 之 子 
trp_id_237_pl|白 狼 之 子 
trp_id_238|尤 里 克 之 剑 
trp_id_238_pl|尤 里 克 之 剑 
trp_id_239|尤 里 克 猎 人 
trp_id_239_pl|尤 里 克 猎 人 
trp_id_240|北 方 帝 国 火 枪 手 
trp_id_240_pl|北 方 帝 国 火 枪 手 
trp_id_241|死 颅 连 队 剑 士 
trp_id_241_pl|死 颅 连 队 剑 士 
trp_id_242|南 方 帝 国 剑 士 
trp_id_242_pl|南 方 帝 国 剑 士 
trp_id_243|南 方 帝 国 火 枪 手 
trp_id_243_pl|南 方 帝 国 火 枪 手 
trp_id_244|帝 国 资 深 戟 兵 
trp_id_244_pl|帝 国 资 深 戟 兵 
trp_id_245|帝 国 资 深 剑 士 
trp_id_245_pl|帝 国 资 深 剑 士 
trp_id_246|南 方 帝 国 资 深 剑 士 
trp_id_246_pl|南 方 帝 国 资 深 剑 士 
trp_id_247|死 颅 连 队 戟 兵 
trp_id_247_pl|死 颅 连 队 戟 兵 
trp_id_248|尤 里 克 决 斗 者 
trp_id_248_pl|尤 里 克 决 斗 者 
trp_id_249|白 狼 兄 弟 会 成 员 
trp_id_249_pl|白 狼 兄 弟 会 成 员 
trp_id_250|帝 国 神 射 手 
trp_id_250_pl|帝 国 神 射 手 
trp_id_251|帝 国 火 枪 兵 
trp_id_251_pl|帝 国 火 枪 兵 
trp_id_252|尤 里 克 护 林 员 
trp_id_252_pl|尤 里 克 护 林 员 
trp_id_253|北 方 帝 国 火 枪 兵 
trp_id_253_pl|北 方 帝 国 火 枪 兵 
trp_id_254|南 方 帝 国 火 枪 兵 
trp_id_254_pl|南 方 帝 国 火 枪 兵 
trp_id_255|帝 国 大 剑 士 
trp_id_255_pl|帝 国 大 剑 士 
trp_id_256|尤 里 克 斗 士 
trp_id_256_pl|尤 里 克 斗 士 
trp_id_257|救 赎 者 连 队 戟 兵 
trp_id_257_pl|救 赎 者 连 队 戟 兵 
trp_id_258|帝 国 队 长 
trp_id_258_pl|帝 国 队 长 
trp_id_259|北 方 帝 国 队 长 
trp_id_259_pl|北 方 帝 国 队 长 
trp_id_260|南 方 帝 国 队 长 
trp_id_260_pl|南 方 帝 国 队 长 
trp_id_261|北 方 帝 国 神 枪 手 
trp_id_261_pl|北 方 帝 国 神 枪 手 
trp_id_262|帝 国 神 枪 手 
trp_id_262_pl|帝 国 神 枪 手 
trp_id_263|南 方 帝 国 神 枪 手 
trp_id_263_pl|南 方 帝 国 神 枪 手 
trp_id_264|帝 国 手 枪 骑 兵 
trp_id_264_pl|帝 国 手 枪 骑 兵 
trp_id_265|南 方 帝 国 手 枪 手 
trp_id_265_pl|南 方 帝 国 手 枪 手 
trp_id_266|卡 隆 堡 巨 剑 士 
trp_id_266_pl|卡 隆 堡 巨 剑 士 
trp_id_267|瑞 克 卫 队 步 行 骑 士 
trp_id_267_pl|瑞 克 卫 队 步 行 骑 士 
trp_id_268|条 顿 卫 队 
trp_id_268_pl|条 顿 卫 队 
trp_id_269|焰 阳 骑 士 
trp_id_269_pl|焰 阳 骑 士 
trp_id_270|猎 豹 骑 士 
trp_id_270_pl|猎 豹 骑 士 
trp_id_271|帝 国 手 枪 骑 兵 
trp_id_271_pl|帝 国 手 枪 骑 兵 
trp_id_272|努 恩 铁 甲 军 
trp_id_272_pl|努 恩 铁 甲 军 
trp_id_273|南 方 帝 国 马 术 大 师 
trp_id_273_pl|南 方 帝 国 马 术 大 师 
trp_id_274|瑞 克 禁 卫 
trp_id_274_pl|瑞 克 禁 卫 
trp_id_275|白 狼 骑 士 
trp_id_275_pl|白 狼 骑 士 
trp_id_276|帝 国 工 程 师 
trp_id_276_pl|帝 国 工 程 师 
trp_id_277|半 狮 鹫 骑 士 
trp_id_277_pl|半 狮 鹫 骑 士 
trp_id_278|西 格 玛 战 斗 牧 师 
trp_id_278_pl|西 格 玛 战 斗 牧 师 
trp_id_279|尤 里 克 战 斗 牧 师 
trp_id_279_pl|尤 里 克 战 斗 牧 师 
trp_id_280|帝 国 食 人 魔 
trp_id_280_pl|帝 国 食 人 魔 
trp_id_281|帝 国 传 令 兵 
trp_id_281_pl|帝 国 传 令 兵 
trp_id_282|帝 国 逃 兵 
trp_id_282_pl|帝 国 逃 兵 
trp_id_283|监 狱 守 卫 
trp_id_283_pl|监 狱 守 卫 
trp_id_284|城 堡 护 卫 
trp_id_284_pl|城 堡 护 卫 
trp_id_285|猎 巫 人 新 兵 
trp_id_285_pl|猎 巫 人 新 兵 
trp_id_286|猎 巫 人 团 员 
trp_id_286_pl|猎 巫 人 团 员 
trp_id_287|帝 国 民 兵 
trp_id_287_pl|帝 国 民 兵 
trp_id_288|帝 国 资 深 民 兵 
trp_id_288_pl|帝 国 资 深 民 兵 
trp_id_289|帝 国 骑 马 民 兵 
trp_id_289_pl|帝 国 骑 马 民 兵 
trp_id_290|帝 国 民 兵 弩 手 
trp_id_290_pl|帝 国 民 兵 弩 手 
trp_id_291|帝 国 民 兵 神 射 手 
trp_id_291_pl|帝 国 民 兵 神 射 手 
trp_id_292|帝 国 民 兵 火 枪 手 
trp_id_292_pl|帝 国 民 兵 火 枪 手 
trp_id_293|猎 巫 人 
trp_id_293_pl|猎 巫 人 
trp_id_294|资 深 猎 巫 人 
trp_id_294_pl|资 深 猎 巫 人 
trp_id_295|猎 巫 人 大 师 
trp_id_295_pl|猎 巫 人 大 师 
trp_id_296|猎 巫 人 将 军 
trp_id_296_pl|猎 巫 人 将 军 
trp_id_297|光 明 巫 师 
trp_id_297_pl|光 明 巫 师 
trp_id_298|黄 金 巫 师 
trp_id_298_pl|黄 金 巫 师 
trp_id_299|炽 焰 巫 师 
trp_id_299_pl|炽 焰 巫 师 
trp_id_300|灰 袍 巫 师 
trp_id_300_pl|灰 袍 巫 师 
trp_id_301|琥 珀 巫 师 
trp_id_301_pl|琥 珀 巫 师 
trp_id_302|天 空 巫 师 
trp_id_302_pl|天 空 巫 师 
trp_id_303|翡 翠 巫 师 
trp_id_303_pl|翡 翠 巫 师 
trp_id_304|紫 晶 巫 师 
trp_id_304_pl|紫 晶 巫 师 
trp_id_305|光 明 巫 师 大 师 
trp_id_305_pl|光 明 巫 师 大 师 
trp_id_306|黄 金 巫 师 大 师 
trp_id_306_pl|黄 金 巫 师 大 师 
trp_id_307|炽 焰 巫 师 大 师 
trp_id_307_pl|炽 焰 巫 师 大 师 
trp_id_308|灰 袍 巫 师 大 师 
trp_id_308_pl|灰 袍 巫 师 大 师 
trp_id_309|琥 珀 巫 师 大 师 
trp_id_309_pl|琥 珀 巫 师 大 师 
trp_id_310|天 空 巫 师 大 师 
trp_id_310_pl|天 空 巫 师 大 师 
trp_id_311|翡 翠 巫 师 大 师 
trp_id_311_pl|翡 翠 巫 师 大 师 
trp_id_312|紫 晶 巫 师 大 师 
trp_id_312_pl|紫 晶 巫 师 大 师 
trp_id_313|光 明 巫 师 宗 师 
trp_id_313_pl|光 明 巫 师 宗 师 
trp_id_314|黄 金 巫 师 宗 师 
trp_id_314_pl|黄 金 巫 师 宗 师 
trp_id_315|炽 焰 巫 师 宗 师 
trp_id_315_pl|炽 焰 巫 师 宗 师 
trp_id_316|灰 袍 巫 师 宗 师 
trp_id_316_pl|灰 袍 巫 师 宗 师 
trp_id_317|琥 珀 巫 师 宗 师 
trp_id_317_pl|琥 珀 巫 师 宗 师 
trp_id_318|天 空 巫 师 宗 师 
trp_id_318_pl|天 空 巫 师 宗 师 
trp_id_319|翡 翠 巫 师 宗 师 
trp_id_319_pl|翡 翠 巫 师 宗 师 
trp_id_320|紫 晶 巫 师 宗 师 
trp_id_320_pl|紫 晶 巫 师 宗 师 
trp_id_321|矮 人 新 兵 
trp_id_321_pl|矮 人 新 兵 
trp_id_322|矮 人 民 兵 
trp_id_322_pl|矮 人 民 兵 
trp_id_323|矮 人 氏 族 战 士 
trp_id_323_pl|矮 人 氏 族 战 士 
trp_id_324|矮 人 弩 手 
trp_id_324_pl|矮 人 弩 手 
trp_id_325|矮 人 资 深 战 士 
trp_id_325_pl|矮 人 资 深 战 士 
trp_id_326|矮 人 资 深 弩 手 
trp_id_326_pl|矮 人 资 深 弩 手 
trp_id_327|矮 人 坑 道 战 士 
trp_id_327_pl|矮 人 坑 道 战 士 
trp_id_328|长 须 战 士 
trp_id_328_pl|长 须 战 士 
trp_id_329|铁 锤 勇 士 
trp_id_329_pl|铁 锤 勇 士 
trp_id_330|矮 人 游 侠 
trp_id_330_pl|矮 人 游 侠 
trp_id_331|雷 鸣 枪 手 
trp_id_331_pl|雷 鸣 枪 手 
trp_id_332|碎 铁 战 士 
trp_id_332_pl|碎 铁 战 士 
trp_id_333|矮 人 工 程 师 
trp_id_333_pl|矮 人 工 程 师 
trp_id_334|屠 夫 
trp_id_334_pl|屠 夫 
trp_id_335|大 师 级 雷 鸣 枪 手 
trp_id_335_pl|大 师 级 雷 鸣 枪 手 
trp_id_336|矮 人 工 程 大 师 
trp_id_336_pl|矮 人 工 程 大 师 
trp_id_337|巨 人 屠 夫 
trp_id_337_pl|巨 人 屠 夫 
trp_id_338|恶 魔 屠 夫 
trp_id_338_pl|恶 魔 屠 夫 
trp_id_339|矮 人 传 令 兵 
trp_id_339_pl|矮 人 传 令 兵 
trp_id_340|矮 人 逃 兵 
trp_id_340_pl|矮 人 逃 兵 
trp_id_341|监 狱 守 卫 
trp_id_341_pl|监 狱 守 卫 
trp_id_342|城 堡 护 卫 
trp_id_342_pl|城 堡 护 卫 
trp_id_343|矮 人 符 文 领 主 
trp_id_343_pl|矮 人 符 文 领 主 
trp_id_344|矮 人 符 文 牧 师 
trp_id_344_pl|矮 人 符 文 牧 师 
trp_id_345|矮 人 矿 工 
trp_id_345_pl|矮 人 矿 工 
trp_id_346|矮 人 资 深 矿 工 
trp_id_346_pl|矮 人 资 深 矿 工 
trp_id_347|矮 人 铁 匠 学 徒 
trp_id_347_pl|矮 人 铁 匠 学 徒 
trp_id_348|矮 人 铁 矿 守 护 者 
trp_id_348_pl|矮 人 铁 矿 守 护 者 
trp_id_349|矮 人 铁 匠 
trp_id_349_pl|矮 人 铁 匠 
trp_id_350|矮 人 铁 匠 大 师 
trp_id_350_pl|矮 人 铁 匠 大 师 
trp_id_351|矮 人 清 道 夫 
trp_id_351_pl|矮 人 清 道 夫 
trp_id_352|矮 人 符 文 铁 匠 
trp_id_352_pl|矮 人 符 文 铁 匠 
trp_id_353|高 精 灵 新 兵 
trp_id_353_pl|高 精 灵 新 兵 
trp_id_354|高 精 灵 征 召 射 手 
trp_id_354_pl|高 精 灵 征 召 射 手 
trp_id_355|高 精 灵 神 射 手 
trp_id_355_pl|高 精 灵 神 射 手 
trp_id_356|高 精 灵 长 矛 兵 
trp_id_356_pl|高 精 灵 长 矛 兵 
trp_id_357|高 精 灵 鹰 眼 射 手 
trp_id_357_pl|高 精 灵 鹰 眼 射 手 
trp_id_358|洛 瑟 恩 海 卫 
trp_id_358_pl|洛 瑟 恩 海 卫 
trp_id_359|艾 里 昂 掠 夺 者 
trp_id_359_pl|艾 里 昂 掠 夺 者 
trp_id_360|高 精 灵 哨 卫 
trp_id_360_pl|高 精 灵 哨 卫 
trp_id_361|洛 瑟 恩 海 卫 队 长 
trp_id_361_pl|洛 瑟 恩 海 卫 队 长 
trp_id_362|纳 迦 瑞 斯 影 武 者 
trp_id_362_pl|纳 迦 瑞 斯 影 武 者 
trp_id_363|荷 思 剑 圣 
trp_id_363_pl|荷 思 剑 圣 
trp_id_364|银 盔 骑 士 
trp_id_364_pl|银 盔 骑 士 
trp_id_365|凤 凰 卫 队 
trp_id_365_pl|凤 凰 卫 队 
trp_id_366|高 盔 冠 军 
trp_id_366_pl|高 盔 冠 军 
trp_id_367|纳 迦 瑞 斯 影 行 者 
trp_id_367_pl|纳 迦 瑞 斯 影 行 者 
trp_id_368|剑 刃 领 主 
trp_id_368_pl|剑 刃 领 主 
trp_id_369|巨 龙 卫 队 
trp_id_369_pl|巨 龙 卫 队 
trp_id_370|查 瑞 斯 白 狮 禁 卫 
trp_id_370_pl|查 瑞 斯 白 狮 禁 卫 
trp_id_371|龙 王 子 
trp_id_371_pl|龙 王 子 
trp_id_372|龙 主 
trp_id_372_pl|龙 主 
trp_id_373|白 狮 贵 族 
trp_id_373_pl|白 狮 贵 族 
trp_id_374|泰 伦 洛 克 战 车 队 长 
trp_id_374_pl|泰 伦 洛 克 战 车 队 长 
trp_id_375|泰 伦 洛 克 驭 手 
trp_id_375_pl|泰 伦 洛 克 驭 手 
trp_id_376|查 瑞 斯 冠 军 战 士 
trp_id_376_pl|查 瑞 斯 冠 军 战 士 
trp_id_377|高 精 灵 信 使 
trp_id_377_pl|高 精 灵 信 使 
trp_id_378|高 精 灵 逃 兵 
trp_id_378_pl|高 精 灵 逃 兵 
trp_id_379|监 狱 守 卫 
trp_id_379_pl|监 狱 守 卫 
trp_id_380|城 堡 护 卫 
trp_id_380_pl|城 堡 护 卫 
trp_id_381|高 精 灵 奎 许 学 徒 法 师 
trp_id_381_pl|高 精 灵 奎 许 学 徒 法 师 
trp_id_382|高 精 灵 光 明 学 徒 法 师 
trp_id_382_pl|高 精 灵 光 明 学 徒 法 师 
trp_id_383|高 精 灵 黄 金 学 徒 法 师 
trp_id_383_pl|高 精 灵 黄 金 学 徒 法 师 
trp_id_384|高 精 灵 炽 焰 学 徒 法 师 
trp_id_384_pl|高 精 灵 炽 焰 学 徒 法 师 
trp_id_385|高 精 灵 灰 袍 学 徒 法 师 
trp_id_385_pl|高 精 灵 灰 袍 学 徒 法 师 
trp_id_386|高 精 灵 琥 珀 学 徒 法 师 
trp_id_386_pl|高 精 灵 琥 珀 学 徒 法 师 
trp_id_387|高 精 灵 天 空 学 徒 法 师 
trp_id_387_pl|高 精 灵 天 空 学 徒 法 师 
trp_id_388|高 精 灵 翡 翠 学 徒 法 师 
trp_id_388_pl|高 精 灵 翡 翠 学 徒 法 师 
trp_id_389|高 精 灵 紫 晶 学 徒 法 师 
trp_id_389_pl|高 精 灵 紫 晶 学 徒 法 师 
trp_id_390|高 精 灵 奎 许 法 师 
trp_id_390_pl|高 精 灵 奎 许 法 师 
trp_id_391|高 精 灵 光 明 法 师 
trp_id_391_pl|高 精 灵 光 明 法 师 
trp_id_392|高 精 灵 黄 金 法 师 
trp_id_392_pl|高 精 灵 黄 金 法 师 
trp_id_393|高 精 灵 炽 焰 法 师 
trp_id_393_pl|高 精 灵 炽 焰 法 师 
trp_id_394|高 精 灵 灰 袍 法 师 
trp_id_394_pl|高 精 灵 灰 袍 法 师 
trp_id_395|高 精 灵 琥 珀 法 师 
trp_id_395_pl|高 精 灵 琥 珀 法 师 
trp_id_396|高 精 灵 天 空 法 师 
trp_id_396_pl|高 精 灵 天 空 法 师 
trp_id_397|高 精 灵 翡 翠 法 师 
trp_id_397_pl|高 精 灵 翡 翠 法 师 
trp_id_398|高 精 灵 紫 晶 法 师 
trp_id_398_pl|高 精 灵 紫 晶 法 师 
trp_id_399|高 精 灵 奎 许 大 法 师 
trp_id_399_pl|高 精 灵 奎 许 大 法 师 
trp_id_400|高 精 灵 光 明 大 法 师 
trp_id_400_pl|高 精 灵 光 明 大 法 师 
trp_id_401|高 精 灵 黄 金 大 法 师 
trp_id_401_pl|高 精 灵 黄 金 大 法 师 
trp_id_402|高 精 灵 炽 焰 大 法 师 
trp_id_402_pl|高 精 灵 炽 焰 大 法 师 
trp_id_403|高 精 灵 灰 袍 大 法 师 
trp_id_403_pl|高 精 灵 灰 袍 大 法 师 
trp_id_404|高 精 灵 琥 珀 大 法 师 
trp_id_404_pl|高 精 灵 琥 珀 大 法 师 
trp_id_405|高 精 灵 天 空 大 法 师 
trp_id_405_pl|高 精 灵 天 空 大 法 师 
trp_id_406|高 精 灵 翡 翠 大 法 师 
trp_id_406_pl|高 精 灵 翡 翠 大 法 师 
trp_id_407|高 精 灵 紫 晶 大 法 师 
trp_id_407_pl|高 精 灵 紫 晶 大 法 师 
trp_id_408|掠 夺 者 族 人 
trp_id_408_pl|掠 夺 者 族 人 
trp_id_409|恐 虐 掠 夺 者 族 人 
trp_id_409_pl|恐 虐 掠 夺 者 族 人 
trp_id_410|色 孽 掠 夺 者 族 人 
trp_id_410_pl|色 孽 掠 夺 者 族 人 
trp_id_411|纳 垢 掠 夺 者 族 人 
trp_id_411_pl|纳 垢 掠 夺 者 族 人 
trp_id_412|奸 奇 掠 夺 者 族 人 
trp_id_412_pl|奸 奇 掠 夺 者 族 人 
trp_id_413|掠 夺 者 
trp_id_413_pl|掠 夺 者 
trp_id_414|掠 夺 者 掷 斧 手 
trp_id_414_pl|掠 夺 者 掷 斧 手 
trp_id_415|恐 虐 掠 夺 者 
trp_id_415_pl|恐 虐 掠 夺 者 
trp_id_416|色 孽 掠 夺 者 
trp_id_416_pl|色 孽 掠 夺 者 
trp_id_417|纳 垢 掠 夺 者 
trp_id_417_pl|纳 垢 掠 夺 者 
trp_id_418|奸 奇 掠 夺 者 
trp_id_418_pl|奸 奇 掠 夺 者 
trp_id_419|资 深 掠 夺 者 
trp_id_419_pl|资 深 掠 夺 者 
trp_id_420|混 沌 格 斗 士 
trp_id_420_pl|混 沌 格 斗 士 
trp_id_421|掠 夺 者 猎 手 
trp_id_421_pl|掠 夺 者 猎 手 
trp_id_422|恐 虐 资 深 掠 夺 者 
trp_id_422_pl|恐 虐 资 深 掠 夺 者 
trp_id_423|色 孽 资 深 掠 夺 者 
trp_id_423_pl|色 孽 资 深 掠 夺 者 
trp_id_424|纳 垢 资 深 掠 夺 者 
trp_id_424_pl|纳 垢 资 深 掠 夺 者 
trp_id_425|奸 奇 资 深 掠 夺 者 
trp_id_425_pl|奸 奇 资 深 掠 夺 者 
trp_id_426|混 沌 女 猎 手 
trp_id_426_pl|混 沌 女 猎 手 
trp_id_427|掠 夺 者 冠 军 
trp_id_427_pl|掠 夺 者 冠 军 
trp_id_428|掠 夺 者 狂 战 士 
trp_id_428_pl|掠 夺 者 狂 战 士 
trp_id_429|混 沌 资 深 格 斗 士 
trp_id_429_pl|混 沌 资 深 格 斗 士 
trp_id_430|掠 夺 者 资 深 猎 手 
trp_id_430_pl|掠 夺 者 资 深 猎 手 
trp_id_431|恐 虐 掠 夺 者 冠 军 
trp_id_431_pl|恐 虐 掠 夺 者 冠 军 
trp_id_432|色 孽 掠 夺 者 冠 军 
trp_id_432_pl|色 孽 掠 夺 者 冠 军 
trp_id_433|纳 垢 掠 夺 者 冠 军 
trp_id_433_pl|纳 垢 掠 夺 者 冠 军 
trp_id_434|奸 奇 掠 夺 者 冠 军 
trp_id_434_pl|奸 奇 掠 夺 者 冠 军 
trp_id_435|恐 虐 狂 战 士 
trp_id_435_pl|恐 虐 狂 战 士 
trp_id_436|色 孽 狂 战 士 
trp_id_436_pl|色 孽 狂 战 士 
trp_id_437|纳 垢 狂 战 士 
trp_id_437_pl|纳 垢 狂 战 士 
trp_id_438|奸 奇 狂 战 士 
trp_id_438_pl|奸 奇 狂 战 士 
trp_id_439|混 沌 资 深 女 猎 手 
trp_id_439_pl|混 沌 资 深 女 猎 手 
trp_id_440|混 沌 斗 坑 之 王 
trp_id_440_pl|混 沌 斗 坑 之 王 
trp_id_441|掠 夺 者 骑 马 猎 手 
trp_id_441_pl|掠 夺 者 骑 马 猎 手 
trp_id_442|掠 夺 者 骑 兵 
trp_id_442_pl|掠 夺 者 骑 兵 
trp_id_443|混 沌 勇 士 
trp_id_443_pl|混 沌 勇 士 
trp_id_444|色 孽 勇 士 
trp_id_444_pl|色 孽 勇 士 
trp_id_445|奸 奇 勇 士 
trp_id_445_pl|奸 奇 勇 士 
trp_id_446|恐 虐 勇 士 
trp_id_446_pl|恐 虐 勇 士 
trp_id_447|纳 垢 勇 士 
trp_id_447_pl|纳 垢 勇 士 
trp_id_448|混 沌 女 猎 手 首 领 
trp_id_448_pl|混 沌 女 猎 手 首 领 
trp_id_449|色 孽 欲 魔 
trp_id_449_pl|色 孽 欲 魔 
trp_id_450|纳 垢 灵 
trp_id_450_pl|纳 垢 灵 
trp_id_451|放 血 鬼 
trp_id_451_pl|放 血 鬼 
trp_id_452|奸 奇 火 妖 
trp_id_452_pl|奸 奇 火 妖 
trp_id_453|混 沌 骑 士 
trp_id_453_pl|混 沌 骑 士 
trp_id_454|混 沌 冠 军 
trp_id_454_pl|混 沌 冠 军 
trp_id_455|色 孽 骑 士 
trp_id_455_pl|色 孽 骑 士 
trp_id_456|奸 奇 骑 士 
trp_id_456_pl|奸 奇 骑 士 
trp_id_457|恐 虐 骑 士 
trp_id_457_pl|恐 虐 骑 士 
trp_id_458|纳 垢 骑 士 
trp_id_458_pl|纳 垢 骑 士 
trp_id_459|色 孽 冠 军 勇 士 
trp_id_459_pl|色 孽 冠 军 勇 士 
trp_id_460|奸 奇 冠 军 勇 士 
trp_id_460_pl|奸 奇 冠 军 勇 士 
trp_id_461|恐 虐 冠 军 勇 士 
trp_id_461_pl|恐 虐 冠 军 勇 士 
trp_id_462|纳 垢 冠 军 勇 士 
trp_id_462_pl|纳 垢 冠 军 勇 士 
trp_id_463|色 孽 寻 觅 者 
trp_id_463_pl|色 孽 寻 觅 者 
trp_id_464|持 瘟 者 
trp_id_464_pl|持 瘟 者 
trp_id_465|血 吼 
trp_id_465_pl|血 吼 
trp_id_466|高 等 奸 奇 火 妖 
trp_id_466_pl|高 等 奸 奇 火 妖 
trp_id_467|混 沌 神 选 者 
trp_id_467_pl|混 沌 神 选 者 
trp_id_468|色 孽 神 选 者 
trp_id_468_pl|色 孽 神 选 者 
trp_id_469|奸 奇 神 选 者 
trp_id_469_pl|奸 奇 神 选 者 
trp_id_470|纳 垢 神 选 者 
trp_id_470_pl|纳 垢 神 选 者 
trp_id_471|恐 虐 神 选 者 
trp_id_471_pl|恐 虐 神 选 者 
trp_id_472|恐 虐 恶 魔 王 子 
trp_id_472_pl|恐 虐 恶 魔 王 子 
trp_id_473|奸 奇 恶 魔 王 子 
trp_id_473_pl|奸 奇 恶 魔 王 子 
trp_id_474|色 孽 恶 魔 王 子 
trp_id_474_pl|色 孽 恶 魔 王 子 
trp_id_475|纳 垢 恶 魔 王 子 
trp_id_475_pl|纳 垢 恶 魔 王 子 
trp_id_476|胆 汁 巨 魔 
trp_id_476_pl|胆 汁 巨 魔 
trp_id_477|混 沌 战 车 
trp_id_477_pl|混 沌 战 车 
trp_id_478|色 孽 战 车 驭 手 
trp_id_478_pl|色 孽 战 车 驭 手 
trp_id_479|混 沌 炽 焰 法 师 
trp_id_479_pl|混 沌 炽 焰 法 师 
trp_id_480|混 沌 纳 垢 法 师 
trp_id_480_pl|混 沌 纳 垢 法 师 
trp_id_481|混 沌 紫 晶 法 师 
trp_id_481_pl|混 沌 紫 晶 法 师 
trp_id_482|混 沌 色 孽 法 师 
trp_id_482_pl|混 沌 色 孽 法 师 
trp_id_483|混 沌 灰 袍 法 师 
trp_id_483_pl|混 沌 灰 袍 法 师 
trp_id_484|混 沌 奸 奇 法 师 
trp_id_484_pl|混 沌 奸 奇 法 师 
trp_id_485|混 沌 黄 金 法 师 
trp_id_485_pl|混 沌 黄 金 法 师 
trp_id_486|炽 焰 混 沌 尊 荣 术 士 
trp_id_486_pl|炽 焰 混 沌 尊 荣 术 士 
trp_id_487|纳 垢 混 沌 尊 荣 术 士 
trp_id_487_pl|纳 垢 混 沌 尊 荣 术 士 
trp_id_488|紫 晶 混 沌 尊 荣 术 士 
trp_id_488_pl|紫 晶 混 沌 尊 荣 术 士 
trp_id_489|色 孽 混 沌 尊 荣 术 士 
trp_id_489_pl|色 孽 混 沌 尊 荣 术 士 
trp_id_490|灰 袍 混 沌 尊 荣 术 士 
trp_id_490_pl|灰 袍 混 沌 尊 荣 术 士 
trp_id_491|奸 奇 混 沌 尊 荣 术 士 
trp_id_491_pl|奸 奇 混 沌 尊 荣 术 士 
trp_id_492|黄 金 混 沌 尊 荣 术 士 
trp_id_492_pl|黄 金 混 沌 尊 荣 术 士 
trp_id_493|炽 焰 混 沌 术 士 领 主 
trp_id_493_pl|炽 焰 混 沌 术 士 领 主 
trp_id_494|纳 垢 混 沌 术 士 领 主 
trp_id_494_pl|纳 垢 混 沌 术 士 领 主 
trp_id_495|紫 晶 混 沌 术 士 领 主 
trp_id_495_pl|紫 晶 混 沌 术 士 领 主 
trp_id_496|色 孽 混 沌 术 士 领 主 
trp_id_496_pl|色 孽 混 沌 术 士 领 主 
trp_id_497|灰 袍 混 沌 术 士 领 主 
trp_id_497_pl|灰 袍 混 沌 术 士 领 主 
trp_id_498|奸 奇 混 沌 术 士 领 主 
trp_id_498_pl|奸 奇 混 沌 术 士 领 主 
trp_id_499|黄 金 混 沌 术 士 领 主 
trp_id_499_pl|黄 金 混 沌 术 士 领 主 
trp_id_500|混 沌 战 车 队 员 
trp_id_500_pl|混 沌 战 车 队 员 
trp_id_501|混 沌 信 使 
trp_id_501_pl|混 沌 信 使 
trp_id_502|混 沌 逃 兵 
trp_id_502_pl|混 沌 逃 兵 
trp_id_503|监 狱 守 卫 
trp_id_503_pl|监 狱 守 卫 
trp_id_504|城 堡 护 卫 
trp_id_504_pl|城 堡 护 卫 
trp_id_505|混 沌 矮 人 奴 贩 
trp_id_505_pl|混 沌 矮 人 奴 贩 
trp_id_506|混 沌 矮 人 勇 士 
trp_id_506_pl|混 沌 矮 人 勇 士 
trp_id_507|大 地 精 卡 拉 什 
trp_id_507_pl|大 地 精 卡 拉 什 
trp_id_508|混 沌 矮 人 资 深 勇 士 
trp_id_508_pl|混 沌 矮 人 资 深 勇 士 
trp_id_509|混 沌 矮 人 弩 手 
trp_id_509_pl|混 沌 矮 人 弩 手 
trp_id_510|大 地 精 勇 士 
trp_id_510_pl|大 地 精 勇 士 
trp_id_511|混 沌 矮 人 资 深 弩 手 
trp_id_511_pl|混 沌 矮 人 资 深 弩 手 
trp_id_512|混 沌 矮 人 炼 狱 守 卫 
trp_id_512_pl|混 沌 矮 人 炼 狱 守 卫 
trp_id_513|大 地 精 阴 险 小 子 
trp_id_513_pl|大 地 精 阴 险 小 子 
trp_id_514|大 地 精 明 安 
trp_id_514_pl|大 地 精 明 安 
trp_id_515|混 沌 矮 人 黑 曜 石 守 卫 
trp_id_515_pl|混 沌 矮 人 黑 曜 石 守 卫 
trp_id_516|混 沌 矮 人 火 刃 枪 手 
trp_id_516_pl|混 沌 矮 人 火 刃 枪 手 
trp_id_517|大 地 精 达 尔 罕 
trp_id_517_pl|大 地 精 达 尔 罕 
trp_id_518|大 地 精 满 都 海 
trp_id_518_pl|大 地 精 满 都 海 
trp_id_519|混 沌 矮 人 铁 匠 
trp_id_519_pl|混 沌 矮 人 铁 匠 
trp_id_520|炼 狱 守 卫 
trp_id_520_pl|炼 狱 守 卫 
trp_id_521|混 沌 矮 人 歼 灭 者 
trp_id_521_pl|混 沌 矮 人 歼 灭 者 
trp_id_522|大 地 精 怯 薛 
trp_id_522_pl|大 地 精 怯 薛 
trp_id_523|炼 狱 守 卫 铁 誓 者 
trp_id_523_pl|炼 狱 守 卫 铁 誓 者 
trp_id_524|地 狱 火 混 沌 矮 人 
trp_id_524_pl|地 狱 火 混 沌 矮 人 
trp_id_525|凯 达 破 坏 者 
trp_id_525_pl|凯 达 破 坏 者 
trp_id_526|混 沌 矮 人 炽 焰 法 师 
trp_id_526_pl|混 沌 矮 人 炽 焰 法 师 
trp_id_527|混 沌 矮 人 黄 金 法 师 
trp_id_527_pl|混 沌 矮 人 黄 金 法 师 
trp_id_528|混 沌 矮 人 紫 晶 法 师 
trp_id_528_pl|混 沌 矮 人 紫 晶 法 师 
trp_id_529|混 沌 矮 人 炽 焰 法 师 先 知 
trp_id_529_pl|混 沌 矮 人 炽 焰 法 师 先 知 
trp_id_530|混 沌 矮 人 黄 金 法 师 先 知 
trp_id_530_pl|混 沌 矮 人 黄 金 法 师 先 知 
trp_id_531|混 沌 矮 人 紫 晶 法 师 先 知 
trp_id_531_pl|混 沌 矮 人 紫 晶 法 师 先 知 
trp_id_532|混 沌 矮 人 炽 焰 大 法 师 
trp_id_532_pl|混 沌 矮 人 炽 焰 大 法 师 
trp_id_533|混 沌 矮 人 黄 金 大 法 师 
trp_id_533_pl|混 沌 矮 人 黄 金 大 法 师 
trp_id_534|混 沌 矮 人 紫 晶 大 法 师 
trp_id_534_pl|混 沌 矮 人 紫 晶 大 法 师 
trp_id_535|混 沌 矮 人 信 使 
trp_id_535_pl|混 沌 矮 人 信 使 
trp_id_536|混 沌 矮 人 逃 兵 
trp_id_536_pl|混 沌 矮 人 逃 兵 
trp_id_537|城 堡 守 卫 
trp_id_537_pl|城 堡 守 卫 
trp_id_538|监 狱 守 卫 
trp_id_538_pl|监 狱 守 卫 
trp_id_539|复 生 者 
trp_id_539_pl|复 生 者 
trp_id_540|骷 髅 长 矛 兵 
trp_id_540_pl|骷 髅 长 矛 兵 
trp_id_541|古 墓 射 手 
trp_id_541_pl|古 墓 射 手 
trp_id_542|古 墓 武 器 大 师 
trp_id_542_pl|古 墓 武 器 大 师 
trp_id_543|古 墓 神 射 手 
trp_id_543_pl|古 墓 神 射 手 
trp_id_544|古 墓 卫 队 
trp_id_544_pl|古 墓 卫 队 
trp_id_545|古 墓 射 手 大 师 
trp_id_545_pl|古 墓 射 手 大 师 
trp_id_546|古 墓 骑 兵 
trp_id_546_pl|古 墓 骑 兵 
trp_id_547|古 墓 冠 军 
trp_id_547_pl|古 墓 冠 军 
trp_id_548|阿 萨 芙 复 仇 者 
trp_id_548_pl|阿 萨 芙 复 仇 者 
trp_id_549|古 墓 枪 骑 兵 
trp_id_549_pl|古 墓 枪 骑 兵 
trp_id_550|尖 啸 颅 骨 投 掷 者 
trp_id_550_pl|尖 啸 颅 骨 投 掷 者 
trp_id_551|古 墓 骷 髅 马 弓 手 
trp_id_551_pl|古 墓 骷 髅 马 弓 手 
trp_id_552|古 墓 骑 士 
trp_id_552_pl|古 墓 骑 士 
trp_id_553|尖 啸 颅 骨 神 射 手 
trp_id_553_pl|尖 啸 颅 骨 神 射 手 
trp_id_554|木 乃 伊 
trp_id_554_pl|木 乃 伊 
trp_id_555|墓 地 骑 士 
trp_id_555_pl|墓 地 骑 士 
trp_id_556|远 古 木 乃 伊 
trp_id_556_pl|远 古 木 乃 伊 
trp_id_557|乌 沙 比 特 
trp_id_557_pl|乌 沙 比 特 
trp_id_558|尼 赫 卡 拉 战 车 队 长 
trp_id_558_pl|尼 赫 卡 拉 战 车 队 长 
trp_id_559|尼 赫 卡 拉 冠 军 战 士 
trp_id_559_pl|尼 赫 卡 拉 冠 军 战 士 
trp_id_560|尼 赫 喀 拉 勇 士 
trp_id_560_pl|尼 赫 喀 拉 勇 士 
trp_id_561|尼 赫 喀 拉 资 深 勇 士 
trp_id_561_pl|尼 赫 喀 拉 资 深 勇 士 
trp_id_562|尼 赫 喀 拉 守 护 者 
trp_id_562_pl|尼 赫 喀 拉 守 护 者 
trp_id_563|尼 赫 喀 拉 射 手 
trp_id_563_pl|尼 赫 喀 拉 射 手 
trp_id_564|尼 赫 喀 拉 神 射 手 
trp_id_564_pl|尼 赫 喀 拉 神 射 手 
trp_id_565|尼 赫 喀 拉 哨 兵 
trp_id_565_pl|尼 赫 喀 拉 哨 兵 
trp_id_566|尼 赫 喀 拉 冠 军 
trp_id_566_pl|尼 赫 喀 拉 冠 军 
trp_id_567|尼 赫 喀 拉 骑 士 
trp_id_567_pl|尼 赫 喀 拉 骑 士 
trp_id_568|尼 赫 喀 拉 巫 妖 祭 司 
trp_id_568_pl|尼 赫 喀 拉 巫 妖 祭 司 
trp_id_569|光 明 巫 妖 祭 司 
trp_id_569_pl|光 明 巫 妖 祭 司 
trp_id_570|紫 晶 巫 妖 祭 司 
trp_id_570_pl|紫 晶 巫 妖 祭 司 
trp_id_571|尼 赫 喀 拉 高 阶 巫 妖 祭 司 
trp_id_571_pl|尼 赫 喀 拉 高 阶 巫 妖 祭 司 
trp_id_572|光 明 高 阶 巫 妖 祭 司 
trp_id_572_pl|光 明 高 阶 巫 妖 祭 司 
trp_id_573|紫 晶 高 阶 巫 妖 祭 司 
trp_id_573_pl|紫 晶 高 阶 巫 妖 祭 司 
trp_id_574|尼 赫 喀 拉 至 高 祭 司 
trp_id_574_pl|尼 赫 喀 拉 至 高 祭 司 
trp_id_575|光 明 至 高 祭 司 
trp_id_575_pl|光 明 至 高 祭 司 
trp_id_576|紫 晶 至 高 祭 司 
trp_id_576_pl|紫 晶 至 高 祭 司 
trp_id_577|古 墓 信 使 
trp_id_577_pl|古 墓 信 使 
trp_id_578|古 墓 逃 兵 
trp_id_578_pl|古 墓 逃 兵 
trp_id_579|监 狱 守 卫 
trp_id_579_pl|监 狱 守 卫 
trp_id_580|城 堡 护 卫 
trp_id_580_pl|城 堡 护 卫 
trp_id_581|初 诞 灵 蜥 
trp_id_581_pl|初 诞 灵 蜥 
trp_id_582|灵 蜥 散 兵 
trp_id_582_pl|灵 蜥 散 兵 
trp_id_583|蜥 人 战 士 
trp_id_583_pl|蜥 人 战 士 
trp_id_584|灵 蜥 斥 候 
trp_id_584_pl|灵 蜥 斥 候 
trp_id_585|灵 蜥 勇 士 
trp_id_585_pl|灵 蜥 勇 士 
trp_id_586|蜥 人 资 深 战 士 
trp_id_586_pl|蜥 人 资 深 战 士 
trp_id_587|灵 蜥 潜 行 者 
trp_id_587_pl|灵 蜥 潜 行 者 
trp_id_588|灵 蜥 战 士 
trp_id_588_pl|灵 蜥 战 士 
trp_id_589|婴 灵 冠 军 
trp_id_589_pl|婴 灵 冠 军 
trp_id_590|神 殿 守 卫 
trp_id_590_pl|神 殿 守 卫 
trp_id_591|冷 蜥 骑 手 
trp_id_591_pl|冷 蜥 骑 手 
trp_id_592|红 冠 灵 蜥 
trp_id_592_pl|红 冠 灵 蜥 
trp_id_593|灵 蜥 骑 手 
trp_id_593_pl|灵 蜥 骑 手 
trp_id_594|冷 蜥 骑 兵 冠 军 
trp_id_594_pl|冷 蜥 骑 兵 冠 军 
trp_id_595|尊 崇 守 卫 
trp_id_595_pl|尊 崇 守 卫 
trp_id_596|灵 蜥 战 争 酋 长 
trp_id_596_pl|灵 蜥 战 争 酋 长 
trp_id_597|疤 痕 老 兵 
trp_id_597_pl|疤 痕 老 兵 
trp_id_598|巨 蜥 
trp_id_598_pl|巨 蜥 
trp_id_599|远 古 巨 蜥 
trp_id_599_pl|远 古 巨 蜥 
trp_id_600|奎 许 灵 蜥 祭 司 
trp_id_600_pl|奎 许 灵 蜥 祭 司 
trp_id_601|琥 珀 灵 蜥 祭 司 
trp_id_601_pl|琥 珀 灵 蜥 祭 司 
trp_id_602|天 空 灵 蜥 祭 司 
trp_id_602_pl|天 空 灵 蜥 祭 司 
trp_id_603|奎 许 灵 蜥 大 祭 司 
trp_id_603_pl|奎 许 灵 蜥 大 祭 司 
trp_id_604|琥 珀 灵 蜥 大 祭 司 
trp_id_604_pl|琥 珀 灵 蜥 大 祭 司 
trp_id_605|天 空 灵 蜥 大 祭 司 
trp_id_605_pl|天 空 灵 蜥 大 祭 司 
trp_id_606|奎 许 灵 蜥 星 象 祭 司 
trp_id_606_pl|奎 许 灵 蜥 星 象 祭 司 
trp_id_607|琥 珀 灵 蜥 星 象 祭 司 
trp_id_607_pl|琥 珀 灵 蜥 星 象 祭 司 
trp_id_608|天 空 灵 蜥 星 象 祭 司 
trp_id_608_pl|天 空 灵 蜥 星 象 祭 司 
trp_id_609|冷 蜥 掠 袭 者 
trp_id_609_pl|冷 蜥 掠 袭 者 
trp_id_610|蜥 人 逃 兵 
trp_id_610_pl|蜥 人 逃 兵 
trp_id_611|监 狱 守 卫 
trp_id_611_pl|监 狱 守 卫 
trp_id_612|监 狱 守 卫 
trp_id_612_pl|监 狱 守 卫 
trp_id_613|灵 蜥 三 角 龙 队 长 
trp_id_613_pl|灵 蜥 三 角 龙 队 长 
trp_id_614|灵 蜥 三 角 龙 乘 员 
trp_id_614_pl|灵 蜥 三 角 龙 乘 员 
trp_id_615|天 空 灵 蜥 星 象 祭 司 
trp_id_615_pl|天 空 灵 蜥 星 象 祭 司 
trp_id_616|夜 地 精 新 兵 
trp_id_616_pl|夜 地 精 新 兵 
trp_id_617|夜 地 精 矛 兵 
trp_id_617_pl|夜 地 精 矛 兵 
trp_id_618|夜 地 精 斥 候 
trp_id_618_pl|夜 地 精 斥 候 
trp_id_619|夜 地 精 资 深 矛 兵 
trp_id_619_pl|夜 地 精 资 深 矛 兵 
trp_id_620|夜 地 精 射 手 
trp_id_620_pl|夜 地 精 射 手 
trp_id_621|夜 地 精 战 士 
trp_id_621_pl|夜 地 精 战 士 
trp_id_622|夜 地 精 打 击 者 
trp_id_622_pl|夜 地 精 打 击 者 
trp_id_623|夜 地 精 神 射 手 
trp_id_623_pl|夜 地 精 神 射 手 
trp_id_624|夜 地 精 资 深 战 士 
trp_id_624_pl|夜 地 精 资 深 战 士 
trp_id_625|夜 地 精 狼 骑 兵 
trp_id_625_pl|夜 地 精 狼 骑 兵 
trp_id_626|夜 地 精 蜘 蛛 骑 手 
trp_id_626_pl|夜 地 精 蜘 蛛 骑 手 
trp_id_627|夜 地 精 重 装 打 击 者 
trp_id_627_pl|夜 地 精 重 装 打 击 者 
trp_id_628|夜 地 精 狂 热 者 
trp_id_628_pl|夜 地 精 狂 热 者 
trp_id_629|夜 地 精 酋 长 
trp_id_629_pl|夜 地 精 酋 长 
trp_id_630|夜 地 精 狼 骑 老 大 
trp_id_630_pl|夜 地 精 狼 骑 老 大 
trp_id_631|史 奎 格 骑 手 
trp_id_631_pl|史 奎 格 骑 手 
trp_id_632|河 巨 魔 
trp_id_632_pl|河 巨 魔 
trp_id_633|末 日 投 掷 手 河 巨 魔 
trp_id_633_pl|末 日 投 掷 手 河 巨 魔 
trp_id_634|夜 地 精 狼 战 车 队 长 
trp_id_634_pl|夜 地 精 狼 战 车 队 长 
trp_id_635|夜 地 精 真 菌 投 弹 手 
trp_id_635_pl|夜 地 精 真 菌 投 弹 手 
trp_id_636|夜 地 精 萨 满 
trp_id_636_pl|夜 地 精 萨 满 
trp_id_637|夜 地 精 萨 满 冠 军 
trp_id_637_pl|夜 地 精 萨 满 冠 军 
trp_id_638|夜 地 精 大 萨 满 
trp_id_638_pl|夜 地 精 大 萨 满 
trp_id_639|地 精 信 使 
trp_id_639_pl|地 精 信 使 
trp_id_640|地 精 逃 兵 
trp_id_640_pl|地 精 逃 兵 
trp_id_641|监 狱 守 卫 
trp_id_641_pl|监 狱 守 卫 
trp_id_642|地 精 卫 兵 
trp_id_642_pl|地 精 卫 兵 
trp_id_643|阿 拉 比 奴 隶 
trp_id_643_pl|阿 拉 比 奴 隶 
trp_id_644|阿 拉 比 长 矛 兵 
trp_id_644_pl|阿 拉 比 长 矛 兵 
trp_id_645|阿 拉 比 弓 箭 手 
trp_id_645_pl|阿 拉 比 弓 箭 手 
trp_id_646|阿 拉 比 战 士 
trp_id_646_pl|阿 拉 比 战 士 
trp_id_647|阿 拉 比 资 深 长 矛 兵 
trp_id_647_pl|阿 拉 比 资 深 长 矛 兵 
trp_id_648|阿 拉 比 神 射 手 
trp_id_648_pl|阿 拉 比 神 射 手 
trp_id_649|阿 拉 比 资 深 勇 士 
trp_id_649_pl|阿 拉 比 资 深 勇 士 
trp_id_650|阿 拉 比 长 枪 兵 
trp_id_650_pl|阿 拉 比 长 枪 兵 
trp_id_651|苏 丹 禁 卫 
trp_id_651_pl|苏 丹 禁 卫 
trp_id_652|沙 漠 骑 兵 
trp_id_652_pl|沙 漠 骑 兵 
trp_id_653|阿 拉 比 军 士 
trp_id_653_pl|阿 拉 比 军 士 
trp_id_654|苏 丹 禁 卫 军 官 
trp_id_654_pl|苏 丹 禁 卫 军 官 
trp_id_655|那 法 掷 弹 兵 
trp_id_655_pl|那 法 掷 弹 兵 
trp_id_656|马 穆 鲁 克 
trp_id_656_pl|马 穆 鲁 克 
trp_id_657|骆 驼 掠 夺 者 
trp_id_657_pl|骆 驼 掠 夺 者 
trp_id_658|苏 丹 卫 队 
trp_id_658_pl|苏 丹 卫 队 
trp_id_659|哈 萨 辛 
trp_id_659_pl|哈 萨 辛 
trp_id_660|哈 希 姆 卫 队
trp_id_660_pl|哈 希 姆 卫 队
trp_id_661|骆 驼 骑 兵 
trp_id_661_pl|骆 驼 骑 兵 
trp_id_662|阿 拉 比 刺 客 
trp_id_662_pl|阿 拉 比 刺 客 
trp_id_663|沙 漠 幽 灵 
trp_id_663_pl|沙 漠 幽 灵 
trp_id_664|战 象 队 长 
trp_id_664_pl|战 象 队 长 
trp_id_665|阿 拉 比 信 使 
trp_id_665_pl|阿 拉 比 信 使 
trp_id_666|阿 拉 比 逃 兵 
trp_id_666_pl|阿 拉 比 逃 兵 
trp_id_667|监 狱 守 卫 
trp_id_667_pl|监 狱 守 卫 
trp_id_668|城 堡 护 卫 
trp_id_668_pl|城 堡 护 卫 
trp_id_669|战 象 骑 士 
trp_id_669_pl|战 象 骑 士 
trp_id_670|阿 拉 比 海 盗 
trp_id_670_pl|阿 拉 比 海 盗 
trp_id_671|阿 拉 比 资 深 海 盗 
trp_id_671_pl|阿 拉 比 资 深 海 盗 
trp_id_672|阿 拉 比 海 盗 船 长 
trp_id_672_pl|阿 拉 比 海 盗 船 长 
trp_id_673|阿 拉 比 弓 骑 兵 
trp_id_673_pl|阿 拉 比 弓 骑 兵 
trp_id_674|阿 拉 比 资 深 弓 骑 兵 
trp_id_674_pl|阿 拉 比 资 深 弓 骑 兵 
trp_id_675|阿 拉 比 弓 骑 大 师 
trp_id_675_pl|阿 拉 比 弓 骑 大 师 
trp_id_676|阿 拉 比 马 术 大 师 
trp_id_676_pl|阿 拉 比 马 术 大 师 
trp_id_677|苏 丹 沙 漠 法 师 学 徒 
trp_id_677_pl|苏 丹 沙 漠 法 师 学 徒 
trp_id_678|苏 丹 光 明 法 师 学 徒 
trp_id_678_pl|苏 丹 光 明 法 师 学 徒 
trp_id_679|苏 丹 黄 金 法 师 学 徒 
trp_id_679_pl|苏 丹 黄 金 法 师 学 徒 
trp_id_680|苏 丹 炽 焰 法 师 学 徒 
trp_id_680_pl|苏 丹 炽 焰 法 师 学 徒 
trp_id_681|苏 丹 天 空 法 师 学 徒 
trp_id_681_pl|苏 丹 天 空 法 师 学 徒 
trp_id_682|苏 丹 沙 漠 法 师 
trp_id_682_pl|苏 丹 沙 漠 法 师 
trp_id_683|苏 丹 光 明 法 师 
trp_id_683_pl|苏 丹 光 明 法 师 
trp_id_684|黄 金 维 齐 尔 
trp_id_684_pl|黄 金 维 齐 尔 
trp_id_685|火 焰 维 齐 尔 
trp_id_685_pl|火 焰 维 齐 尔 
trp_id_686|天 空 维 齐 尔 
trp_id_686_pl|天 空 维 齐 尔 
trp_id_687|苏 丹 沙 漠 大 法 师 
trp_id_687_pl|苏 丹 沙 漠 大 法 师 
trp_id_688|苏 丹 光 明 大 法 师 
trp_id_688_pl|苏 丹 光 明 大 法 师 
trp_id_689|苏 丹 黄 金 大 法 师 
trp_id_689_pl|苏 丹 黄 金 大 法 师 
trp_id_690|苏 丹 炽 焰 大 法 师 
trp_id_690_pl|苏 丹 炽 焰 大 法 师 
trp_id_691|苏 丹 天 空 大 法 师 
trp_id_691_pl|苏 丹 天 空 大 法 师 
trp_id_692|兽 人 新 兵 
trp_id_692_pl|兽 人 新 兵 
trp_id_693|兽 人 小 子 
trp_id_693_pl|兽 人 小 子 
trp_id_694|兽 人 弓 箭 手 
trp_id_694_pl|兽 人 弓 箭 手 
trp_id_695|兽 人 砍 霸 
trp_id_695_pl|兽 人 砍 霸 
trp_id_696|兽 人 弓 箭 小 子 
trp_id_696_pl|兽 人 弓 箭 小 子 
trp_id_697|兽 人 大 只 佬 
trp_id_697_pl|兽 人 大 只 佬 
trp_id_698|兽 人 长 斧 勇 士 
trp_id_698_pl|兽 人 长 斧 勇 士 
trp_id_699|兽 人 弓 箭 大 只 佬 
trp_id_699_pl|兽 人 弓 箭 大 只 佬 
trp_id_700|兽 人 战 猪 掠 袭 者 
trp_id_700_pl|兽 人 战 猪 掠 袭 者 
trp_id_701|兽 人 狂 战 士 
trp_id_701_pl|兽 人 狂 战 士 
trp_id_702|黑 兽 人 
trp_id_702_pl|黑 兽 人 
trp_id_703|兽 人 战 猪 小 子 
trp_id_703_pl|兽 人 战 猪 小 子 
trp_id_704|黑 兽 人 大 只 佬 
trp_id_704_pl|黑 兽 人 大 只 佬 
trp_id_705|兽 人 战 猪 大 只 佬 
trp_id_705_pl|兽 人 战 猪 大 只 佬 
trp_id_706|兽 人 碎 颅 者 
trp_id_706_pl|兽 人 碎 颅 者 
trp_id_707|黑 兽 人 不 朽 者 
trp_id_707_pl|黑 兽 人 不 朽 者 
trp_id_708|石 巨 魔 
trp_id_708_pl|石 巨 魔 
trp_id_709|末 日 投 掷 手 石 巨 魔 
trp_id_709_pl|末 日 投 掷 手 石 巨 魔 
trp_id_710|兽 人 战 车 队 长 
trp_id_710_pl|兽 人 战 车 队 长 
trp_id_711|蛮 荒 兽 人 
trp_id_711_pl|蛮 荒 兽 人 
trp_id_712|蛮 荒 兽 人 狂 战 士 
trp_id_712_pl|蛮 荒 兽 人 狂 战 士 
trp_id_713|蛮 荒 兽 人 碎 骨 者 
trp_id_713_pl|蛮 荒 兽 人 碎 骨 者 
trp_id_714|蛮 荒 兽 人 战 猪 小 子 
trp_id_714_pl|蛮 荒 兽 人 战 猪 小 子 
trp_id_715|蛮 荒 兽 人 酋 长 
trp_id_715_pl|蛮 荒 兽 人 酋 长 
trp_id_716|蛮 荒 兽 人 弓 箭 小 子 
trp_id_716_pl|蛮 荒 兽 人 弓 箭 小 子 
trp_id_717|蛮 荒 兽 人 弓 箭 大 只 佬 
trp_id_717_pl|蛮 荒 兽 人 弓 箭 大 只 佬 
trp_id_718|兽 人 萨 满 
trp_id_718_pl|兽 人 萨 满 
trp_id_719|兽 人 萨 满 冠 军 
trp_id_719_pl|兽 人 萨 满 冠 军 
trp_id_720|兽 人 大 萨 满 
trp_id_720_pl|兽 人 大 萨 满 
trp_id_721|兽 人 战 车 大 只 佬 
trp_id_721_pl|兽 人 战 车 大 只 佬 
trp_id_722|兽 人 信 使 
trp_id_722_pl|兽 人 信 使 
trp_id_723|兽 人 逃 兵 
trp_id_723_pl|兽 人 逃 兵 
trp_id_724|监 狱 守 卫 
trp_id_724_pl|监 狱 守 卫 
trp_id_725|城 堡 守 卫 
trp_id_725_pl|城 堡 守 卫 
trp_id_726|巴 托 尼 亚 农 民 
trp_id_726_pl|巴 托 尼 亚 农 民 
trp_id_727|征 召 剑 士 
trp_id_727_pl|征 召 剑 士 
trp_id_728|征 召 射 手 
trp_id_728_pl|征 召 射 手 
trp_id_729|巴 托 尼 亚 军 士 
trp_id_729_pl|巴 托 尼 亚 军 士 
trp_id_730|战 斗 朝 圣 者 
trp_id_730_pl|战 斗 朝 圣 者 
trp_id_731|长 弓 手 
trp_id_731_pl|长 弓 手 
trp_id_732|巴 托 尼 亚 资 深 军 士 
trp_id_732_pl|巴 托 尼 亚 资 深 军 士 
trp_id_733|巴 托 尼 亚 领 主 猎 手 
trp_id_733_pl|巴 托 尼 亚 领 主 猎 手 
trp_id_734|巴 托 尼 亚 侍 从 
trp_id_734_pl|巴 托 尼 亚 侍 从 
trp_id_735|侠 义 骑 士 
trp_id_735_pl|侠 义 骑 士 
trp_id_736|圣 杯 朝 圣 者 
trp_id_736_pl|圣 杯 朝 圣 者 
trp_id_737|王 国 骑 士 
trp_id_737_pl|王 国 骑 士 
trp_id_738|步 战 侍 从 
trp_id_738_pl|步 战 侍 从 
trp_id_739|探 险 骑 士 
trp_id_739_pl|探 险 骑 士 
trp_id_740|圣 杯 骑 士 
trp_id_740_pl|圣 杯 骑 士 
trp_id_741|圣 骑 士 
trp_id_741_pl|圣 骑 士 
trp_id_742|巴 托 尼 亚 信 使 
trp_id_742_pl|巴 托 尼 亚 信 使 
trp_id_743|巴 托 尼 亚 逃 兵 
trp_id_743_pl|巴 托 尼 亚 逃 兵 
trp_id_744|监 狱 守 卫 
trp_id_744_pl|监 狱 守 卫 
trp_id_745|城 堡 守 卫 
trp_id_745_pl|城 堡 守 卫 
trp_id_746|琥 珀 少 女 法 师 
trp_id_746_pl|琥 珀 少 女 法 师 
trp_id_747|翡 翠 少 女 法 师 
trp_id_747_pl|翡 翠 少 女 法 师 
trp_id_748|琥 珀 圣 杯 少 女 法 师 
trp_id_748_pl|琥 珀 圣 杯 少 女 法 师 
trp_id_749|翡 翠 圣 杯 少 女 法 师 
trp_id_749_pl|翡 翠 圣 杯 少 女 法 师 
trp_id_750|琥 珀 先 知 法 师 
trp_id_750_pl|琥 珀 先 知 法 师 
trp_id_751|天 空 先 知 法 师 
trp_id_751_pl|天 空 先 知 法 师 
trp_id_752|翡 翠 先 知 法 师 
trp_id_752_pl|翡 翠 先 知 法 师 
trp_id_753|暗 精 灵 新 兵 
trp_id_753_pl|暗 精 灵 新 兵 
trp_id_754|暗 精 灵 斗 士 
trp_id_754_pl|暗 精 灵 斗 士 
trp_id_755|暗 精 灵 征 召 弩 手 
trp_id_755_pl|暗 精 灵 征 召 弩 手 
trp_id_756|精 灵 女 巫 学 徒 
trp_id_756_pl|精 灵 女 巫 学 徒 
trp_id_757|恐 惧 矛 手 
trp_id_757_pl|恐 惧 矛 手 
trp_id_758|暗 精 灵 弩 兵 
trp_id_758_pl|暗 精 灵 弩 兵 
trp_id_759|巫 灵 
trp_id_759_pl|巫 灵 
trp_id_760|黑 锐 连 弩 手 
trp_id_760_pl|黑 锐 连 弩 手 
trp_id_761|黯 然 剑 士 
trp_id_761_pl|黯 然 剑 士 
trp_id_762|黑 方 舟 海 盗 
trp_id_762_pl|黑 方 舟 海 盗 
trp_id_763|黑 暗 骑 手 
trp_id_763_pl|黑 暗 骑 手 
trp_id_764|魔 女 
trp_id_764_pl|魔 女 
trp_id_765|雷 矢 魔 鬼 
trp_id_765_pl|雷 矢 魔 鬼 
trp_id_766|黯 影 
trp_id_766_pl|黯 影 
trp_id_767|纳 迦 隆 德 黑 守 卫 
trp_id_767_pl|纳 迦 隆 德 黑 守 卫 
trp_id_768|冷 蜥 骑 士 
trp_id_768_pl|冷 蜥 骑 士 
trp_id_769|死 亡 魔 女 
trp_id_769_pl|死 亡 魔 女 
trp_id_770|血 刃 
trp_id_770_pl|血 刃 
trp_id_771|恐 惧 骑 士 
trp_id_771_pl|恐 惧 骑 士 
trp_id_772|恐 惧 女 巫 
trp_id_772_pl|恐 惧 女 巫 
trp_id_773|哈 尔·冈 西 刽 子 手 
trp_id_773_pl|哈 尔·冈 西 刽 子 手 
trp_id_774|暗 精 灵 刺 客 
trp_id_774_pl|暗 精 灵 刺 客 
trp_id_775|恐 惧 奴 主 
trp_id_775_pl|恐 惧 奴 主 
trp_id_776|暗 精 灵 冷 蜥 战 车 队 长 
trp_id_776_pl|暗 精 灵 冷 蜥 战 车 队 长 
trp_id_777|暗 精 灵 冷 蜥 战 车 队 员 
trp_id_777_pl|暗 精 灵 冷 蜥 战 车 队 员 
trp_id_778|达 尔 见 习 女 术 士 
trp_id_778_pl|达 尔 见 习 女 术 士 
trp_id_779|黄 金 见 习 女 术 士 
trp_id_779_pl|黄 金 见 习 女 术 士 
trp_id_780|炽 焰 见 习 女 术 士 
trp_id_780_pl|炽 焰 见 习 女 术 士 
trp_id_781|灰 袍 见 习 女 术 士 
trp_id_781_pl|灰 袍 见 习 女 术 士 
trp_id_782|紫 晶 见 习 女 术 士 
trp_id_782_pl|紫 晶 见 习 女 术 士 
trp_id_783|达 尔 女 术 士 
trp_id_783_pl|达 尔 女 术 士 
trp_id_784|黄 金 女 术 士 
trp_id_784_pl|黄 金 女 术 士 
trp_id_785|炽 焰 女 术 士 
trp_id_785_pl|炽 焰 女 术 士 
trp_id_786|灰 袍 女 术 士 
trp_id_786_pl|灰 袍 女 术 士 
trp_id_787|紫 晶 女 术 士 
trp_id_787_pl|紫 晶 女 术 士 
trp_id_788|达 尔 至 高 女 术 士 
trp_id_788_pl|达 尔 至 高 女 术 士 
trp_id_789|黄 金 至 高 女 术 士 
trp_id_789_pl|黄 金 至 高 女 术 士 
trp_id_790|炽 焰 至 高 女 术 士 
trp_id_790_pl|炽 焰 至 高 女 术 士 
trp_id_791|灰 袍 至 高 女 术 士 
trp_id_791_pl|灰 袍 至 高 女 术 士 
trp_id_792|紫 晶 至 高 女 术 士 
trp_id_792_pl|紫 晶 至 高 女 术 士 
trp_id_793|暗 精 灵 信 使 
trp_id_793_pl|暗 精 灵 信 使 
trp_id_794|暗 精 灵 逃 兵 
trp_id_794_pl|暗 精 灵 逃 兵 
trp_id_795|监 狱 守 卫 
trp_id_795_pl|监 狱 守 卫 
trp_id_796|城 堡 守 卫 
trp_id_796_pl|城 堡 守 卫 
trp_id_797|奴 隶 鼠 
trp_id_797_pl|奴 隶 鼠 
trp_id_798|氏 族 鼠 
trp_id_798_pl|氏 族 鼠 
trp_id_799|资 深 氏 族 鼠 
trp_id_799_pl|资 深 氏 族 鼠 
trp_id_800|史 库 里 散 兵 
trp_id_800_pl|史 库 里 散 兵 
trp_id_801|利 爪 鼠 
trp_id_801_pl|利 爪 鼠 
trp_id_802|莫 德 尔 驯 兽 师 
trp_id_802_pl|莫 德 尔 驯 兽 师 
trp_id_803|史 库 里 枪 手 
trp_id_803_pl|史 库 里 枪 手 
trp_id_804|夜 奔 鼠 
trp_id_804_pl|夜 奔 鼠 
trp_id_805|暴 风 鼠 
trp_id_805_pl|暴 风 鼠 
trp_id_806|大 师 级 莫 德 尔 驯 兽 师 
trp_id_806_pl|大 师 级 莫 德 尔 驯 兽 师 
trp_id_807|史 库 里 大 师 枪 手 
trp_id_807_pl|史 库 里 大 师 枪 手 
trp_id_808|毒 雾 投 掷 鼠 
trp_id_808_pl|毒 雾 投 掷 鼠 
trp_id_809|阴 沟 奔 行 鼠 
trp_id_809_pl|阴 沟 奔 行 鼠 
trp_id_810|瘟 疫 僧 
trp_id_810_pl|瘟 疫 僧 
trp_id_811|长 戟 暴 风 鼠 
trp_id_811_pl|长 戟 暴 风 鼠 
trp_id_812|莫 德 尔 鼠 骑 手 
trp_id_812_pl|莫 德 尔 鼠 骑 手 
trp_id_813|次 元 抬 枪 小 组 
trp_id_813_pl|次 元 抬 枪 小 组 
trp_id_814|次 元 术 士 工 程 师 
trp_id_814_pl|次 元 术 士 工 程 师 
trp_id_815|死 亡 奔 行 鼠 
trp_id_815_pl|死 亡 奔 行 鼠 
trp_id_816|瘟 疫 祭 司 
trp_id_816_pl|瘟 疫 祭 司 
trp_id_817|艾 辛 刺 客 
trp_id_817_pl|艾 辛 刺 客 
trp_id_818|鼠 特 林 枪 手 
trp_id_818_pl|鼠 特 林 枪 手 
trp_id_819|鼠 巨 魔 
trp_id_819_pl|鼠 巨 魔 
trp_id_820|碎 骨 者 
trp_id_820_pl|碎 骨 者 
trp_id_821|毁 灭 术 士 
trp_id_821_pl|毁 灭 术 士 
trp_id_822|瘟 疫 术 士 
trp_id_822_pl|瘟 疫 术 士 
trp_id_823|毁 灭 大 术 士 
trp_id_823_pl|毁 灭 大 术 士 
trp_id_824|瘟 疫 大 术 士 
trp_id_824_pl|瘟 疫 大 术 士 
trp_id_825|毁 灭 术 士 宗 师 
trp_id_825_pl|毁 灭 术 士 宗 师 
trp_id_826|瘟 疫 术 士 宗 师 
trp_id_826_pl|瘟 疫 术 士 宗 师 
trp_id_827|斯 卡 文 信 使 
trp_id_827_pl|斯 卡 文 信 使 
trp_id_828|斯 卡 文 逃 兵 
trp_id_828_pl|斯 卡 文 逃 兵 
trp_id_829|监 狱 守 卫 
trp_id_829_pl|监 狱 守 卫 
trp_id_830|城 堡 守 卫 
trp_id_830_pl|城 堡 守 卫 
trp_id_831|基 斯 里 夫 农 民 
trp_id_831_pl|基 斯 里 夫 农 民 
trp_id_832|基 斯 里 夫 斧 兵 
trp_id_832_pl|基 斯 里 夫 斧 兵 
trp_id_833|基 斯 里 夫 游 击 射 手 
trp_id_833_pl|基 斯 里 夫 游 击 射 手 
trp_id_834|基 斯 里 夫 猎 人 
trp_id_834_pl|基 斯 里 夫 猎 人 
trp_id_835|克 萨 弓 手 
trp_id_835_pl|克 萨 弓 手 
trp_id_836|乌 果 尔 马 弓 手 
trp_id_836_pl|乌 果 尔 马 弓 手 
trp_id_837|基 斯 里 夫 军 士 
trp_id_837_pl|基 斯 里 夫 军 士 
trp_id_838|克 萨 勇 士 
trp_id_838_pl|克 萨 勇 士 
trp_id_839|基 斯 里 夫 驭 马 大 师 
trp_id_839_pl|基 斯 里 夫 驭 马 大 师 
trp_id_840|波 卡 卫 队 
trp_id_840_pl|波 卡 卫 队 
trp_id_841|射 击 军 
trp_id_841_pl|射 击 军 
trp_id_842|翼 骑 兵 
trp_id_842_pl|翼 骑 兵 
trp_id_843|克 雷 姆 尔 卫 队 
trp_id_843_pl|克 雷 姆 尔 卫 队 
trp_id_844|枪 骑 兵 
trp_id_844_pl|枪 骑 兵 
trp_id_845|狮 鹫 军 团 兵 
trp_id_845_pl|狮 鹫 军 团 兵 
trp_id_846|波 耶 亲 卫 
trp_id_846_pl|波 耶 亲 卫 
trp_id_847|厄 孙 之 子 
trp_id_847_pl|厄 孙 之 子 
trp_id_848|寒 冰 守 卫 
trp_id_848_pl|寒 冰 守 卫 
trp_id_849|基 斯 里 夫 信 使 
trp_id_849_pl|基 斯 里 夫 信 使 
trp_id_850|基 斯 里 夫 逃 兵 
trp_id_850_pl|基 斯 里 夫 逃 兵 
trp_id_851|监 狱 守 卫 
trp_id_851_pl|监 狱 守 卫 
trp_id_852|城 堡 护 卫 
trp_id_852_pl|城 堡 护 卫 
trp_id_853|契 卡 新 兵 
trp_id_853_pl|契 卡 新 兵 
trp_id_854|契 卡 族 人 
trp_id_854_pl|契 卡 族 人 
trp_id_855|契 卡 战 士 
trp_id_855_pl|契 卡 战 士 
trp_id_856|契 卡 军 官 
trp_id_856_pl|契 卡 军 官 
trp_id_857|熊 神 兄 弟 会 
trp_id_857_pl|熊 神 兄 弟 会 
trp_id_858|冰 霜 少 女 
trp_id_858_pl|冰 霜 少 女 
trp_id_859|寒 冰 少 女 
trp_id_859_pl|寒 冰 少 女 
trp_id_860|寒 冰 女 巫 
trp_id_860_pl|寒 冰 女 巫 
trp_id_861|劣 角 兽 
trp_id_861_pl|劣 角 兽 
trp_id_862|劣 角 兽 战 士 
trp_id_862_pl|劣 角 兽 战 士 
trp_id_863|劣 角 兽 掠 袭 者 
trp_id_863_pl|劣 角 兽 掠 袭 者 
trp_id_864|断 角 兽 勇 士 
trp_id_864_pl|断 角 兽 勇 士 
trp_id_865|断 角 兽 掠 袭 者 
trp_id_865_pl|断 角 兽 掠 袭 者 
trp_id_866|角 兽 
trp_id_866_pl|角 兽 
trp_id_867|复 仇 角 兽 
trp_id_867_pl|复 仇 角 兽 
trp_id_868|冠 军 角 兽 
trp_id_868_pl|冠 军 角 兽 
trp_id_869|野 兽 人 掠 袭 者 
trp_id_869_pl|野 兽 人 掠 袭 者 
trp_id_870|狂 暴 角 兽 
trp_id_870_pl|狂 暴 角 兽 
trp_id_871|大 角 兽 
trp_id_871_pl|大 角 兽 
trp_id_872|恐 虐 野 兽 人 
trp_id_872_pl|恐 虐 野 兽 人 
trp_id_873|野 兽 人 精 锐 掠 袭 者 
trp_id_873_pl|野 兽 人 精 锐 掠 袭 者 
trp_id_874|獠 牙 兽 骑 兵 
trp_id_874_pl|獠 牙 兽 骑 兵 
trp_id_875|纳 垢 野 兽 人 
trp_id_875_pl|纳 垢 野 兽 人 
trp_id_876|色 孽 野 兽 人 
trp_id_876_pl|色 孽 野 兽 人 
trp_id_877|奸 奇 野 兽 人 
trp_id_877_pl|奸 奇 野 兽 人 
trp_id_878|恐 虐 野 兽 人 冠 军 
trp_id_878_pl|恐 虐 野 兽 人 冠 军 
trp_id_879|纳 垢 野 兽 人 冠 军 
trp_id_879_pl|纳 垢 野 兽 人 冠 军 
trp_id_880|战 角 兽 
trp_id_880_pl|战 角 兽 
trp_id_881|冲 击 獠 牙 兽 
trp_id_881_pl|冲 击 獠 牙 兽 
trp_id_882|色 孽 野 兽 人 冠 军 
trp_id_882_pl|色 孽 野 兽 人 冠 军 
trp_id_883|奸 奇 野 兽 人 冠 军 
trp_id_883_pl|奸 奇 野 兽 人 冠 军 
trp_id_884|雷 蹄 剃 刀 兽 
trp_id_884_pl|雷 蹄 剃 刀 兽 
trp_id_885|牛 头 人 
trp_id_885_pl|牛 头 人 
trp_id_886|毁 灭 公 牛 
trp_id_886_pl|毁 灭 公 牛 
trp_id_887|剃 刀 兽 战 车 队 长 
trp_id_887_pl|剃 刀 兽 战 车 队 长 
trp_id_888|狂 野 萨 满 
trp_id_888_pl|狂 野 萨 满 
trp_id_889|灰 袍 萨 满 
trp_id_889_pl|灰 袍 萨 满 
trp_id_890|紫 晶 萨 满 
trp_id_890_pl|紫 晶 萨 满 
trp_id_891|琥 珀 萨 满 
trp_id_891_pl|琥 珀 萨 满 
trp_id_892|奸 奇 萨 满 
trp_id_892_pl|奸 奇 萨 满 
trp_id_893|色 孽 萨 满 
trp_id_893_pl|色 孽 萨 满 
trp_id_894|纳 垢 萨 满 
trp_id_894_pl|纳 垢 萨 满 
trp_id_895|狂 野 萨 满 冠 军 
trp_id_895_pl|狂 野 萨 满 冠 军 
trp_id_896|琥 珀 萨 满 冠 军 
trp_id_896_pl|琥 珀 萨 满 冠 军 
trp_id_897|灰 袍 萨 满 冠 军 
trp_id_897_pl|灰 袍 萨 满 冠 军 
trp_id_898|紫 晶 萨 满 冠 军 
trp_id_898_pl|紫 晶 萨 满 冠 军 
trp_id_899|奸 奇 萨 满 冠 军 
trp_id_899_pl|奸 奇 萨 满 冠 军 
trp_id_900|色 孽 萨 满 冠 军 
trp_id_900_pl|色 孽 萨 满 冠 军 
trp_id_901|纳 垢 萨 满 冠 军 
trp_id_901_pl|纳 垢 萨 满 冠 军 
trp_id_902|狂 野 大 萨 满 
trp_id_902_pl|狂 野 大 萨 满 
trp_id_903|灰 袍 大 萨 满 
trp_id_903_pl|灰 袍 大 萨 满 
trp_id_904|紫 晶 大 萨 满 
trp_id_904_pl|紫 晶 大 萨 满 
trp_id_905|琥 珀 大 萨 满 
trp_id_905_pl|琥 珀 大 萨 满 
trp_id_906|奸 奇 大 萨 满 
trp_id_906_pl|奸 奇 大 萨 满 
trp_id_907|色 孽 大 萨 满 
trp_id_907_pl|色 孽 大 萨 满 
trp_id_908|纳 垢 大 萨 满 
trp_id_908_pl|纳 垢 大 萨 满 
trp_id_909|剃 刀 兽 战 车 队 员 
trp_id_909_pl|剃 刀 兽 战 车 队 员 
trp_id_910|野 兽 人 信 使 
trp_id_910_pl|野 兽 人 信 使 
trp_id_911|野 兽 人 逃 兵 
trp_id_911_pl|野 兽 人 逃 兵 
trp_id_912|监 狱 守 卫 
trp_id_912_pl|监 狱 守 卫 
trp_id_913|城 堡 护 卫 
trp_id_913_pl|城 堡 护 卫 
trp_id_914|农 民 
trp_id_914_pl|农 民 
trp_id_915|弓 箭 足 轻 
trp_id_915_pl|弓 箭 足 轻 
trp_id_916|长 枪 足 轻 
trp_id_916_pl|长 枪 足 轻 
trp_id_917|弓 箭 军 曹 
trp_id_917_pl|弓 箭 军 曹 
trp_id_918|勇 士 军 曹 
trp_id_918_pl|勇 士 军 曹 
trp_id_919|火 铳 军 曹 
trp_id_919_pl|火 铳 军 曹 
trp_id_920|弓 箭 武 士 
trp_id_920_pl|弓 箭 武 士 
trp_id_921|武 士 
trp_id_921_pl|武 士 
trp_id_922|新 盛 僧 侣 
trp_id_922_pl|新 盛 僧 侣 
trp_id_923|资 深 弓 箭 武 士 
trp_id_923_pl|资 深 弓 箭 武 士 
trp_id_924|弓 骑 武 士 
trp_id_924_pl|弓 骑 武 士 
trp_id_925|资 深 武 士 
trp_id_925_pl|资 深 武 士 
trp_id_926|相 扑 勇 士 
trp_id_926_pl|相 扑 勇 士 
trp_id_927|新 盛 大 僧 侣 
trp_id_927_pl|新 盛 大 僧 侣 
trp_id_928|骑 马 武 士 
trp_id_928_pl|骑 马 武 士 
trp_id_929|旗 本 
trp_id_929_pl|旗 本 
trp_id_930|横 纲 力 士 
trp_id_930_pl|横 纲 力 士 
trp_id_931|新 盛 大 师 
trp_id_931_pl|新 盛 大 师 
trp_id_932|资 深 骑 马 武 士 
trp_id_932_pl|资 深 骑 马 武 士 
trp_id_933|红 衣 赤 备 
trp_id_933_pl|红 衣 赤 备 
trp_id_934|幕 府 亲 卫 
trp_id_934_pl|幕 府 亲 卫 
trp_id_935|尼 朋 信 使 
trp_id_935_pl|尼 朋 信 使 
trp_id_936|尼 朋 逃 兵 
trp_id_936_pl|尼 朋 逃 兵 
trp_id_937|监 狱 守 卫 
trp_id_937_pl|监 狱 守 卫 
trp_id_938|城 堡 护 卫 
trp_id_938_pl|城 堡 护 卫 
trp_id_939|天 空 修 行 者 
trp_id_939_pl|天 空 修 行 者 
trp_id_940|炽 焰 修 行 者 
trp_id_940_pl|炽 焰 修 行 者 
trp_id_941|光 明 修 行 者 
trp_id_941_pl|光 明 修 行 者 
trp_id_942|灰 袍 修 行 者 
trp_id_942_pl|灰 袍 修 行 者 
trp_id_943|天 空 进 阶 修 行 者 
trp_id_943_pl|天 空 进 阶 修 行 者 
trp_id_944|炽 焰 进 阶 修 行 者 
trp_id_944_pl|炽 焰 进 阶 修 行 者 
trp_id_945|光 明 进 阶 修 行 者 
trp_id_945_pl|光 明 进 阶 修 行 者 
trp_id_946|灰 袍 进 阶 修 行 者 
trp_id_946_pl|灰 袍 进 阶 修 行 者 
trp_id_947|天 空 高 阶 修 行 者 
trp_id_947_pl|天 空 高 阶 修 行 者 
trp_id_948|炽 焰 高 阶 修 行 者 
trp_id_948_pl|炽 焰 高 阶 修 行 者 
trp_id_949|光 明 高 阶 修 行 者 
trp_id_949_pl|光 明 高 阶 修 行 者 
trp_id_950|灰 袍 高 阶 修 行 者 
trp_id_950_pl|灰 袍 高 阶 修 行 者 
trp_id_951|僵 尸 
trp_id_951_pl|僵 尸 
trp_id_952|食 尸 鬼 
trp_id_952_pl|食 尸 鬼 
trp_id_953|骷 髅 勇 士 
trp_id_953_pl|骷 髅 勇 士 
trp_id_954|鬼 魂 
trp_id_954_pl|鬼 魂 
trp_id_955|骷 髅 精 锐 战 士 
trp_id_955_pl|骷 髅 精 锐 战 士 
trp_id_956|女 妖 
trp_id_956_pl|女 妖 
trp_id_957|尸 妖 
trp_id_957_pl|尸 妖 
trp_id_958|幽 灵 
trp_id_958_pl|幽 灵 
trp_id_959|骷 髅 队 长 
trp_id_959_pl|骷 髅 队 长 
trp_id_960|复 生 骷 髅 队 长 
trp_id_960_pl|复 生 骷 髅 队 长 
trp_id_961|荒 坟 守 卫 
trp_id_961_pl|荒 坟 守 卫 
trp_id_962|石 冢 缚 灵 
trp_id_962_pl|石 冢 缚 灵 
trp_id_963|黑 骑 士 
trp_id_963_pl|黑 骑 士 
trp_id_964|步 行 黑 骑 士 
trp_id_964_pl|步 行 黑 骑 士 
trp_id_965|地 狱 骑 士 
trp_id_965_pl|地 狱 骑 士 
trp_id_966|步 行 地 狱 骑 士 
trp_id_966_pl|步 行 地 狱 骑 士 
trp_id_967|血 骑 士 
trp_id_967_pl|血 骑 士 
trp_id_968|步 行 血 骑 士 
trp_id_968_pl|步 行 血 骑 士 
trp_id_969|佣 人 
trp_id_969_pl|佣 人 
trp_id_970|男 仆 
trp_id_970_pl|男 仆 
trp_id_971|副 管 家 
trp_id_971_pl|副 管 家 
trp_id_972|马 车 夫 
trp_id_972_pl|马 车 夫 
trp_id_973|侍 者 
trp_id_973_pl|侍 者 
trp_id_974|管 家 
trp_id_974_pl|管 家 
trp_id_975|血 仆 
trp_id_975_pl|血 仆 
trp_id_976|血 族 卫 士 
trp_id_976_pl|血 族 卫 士 
trp_id_977|血 族 宗 主 
trp_id_977_pl|血 族 宗 主 
trp_id_978|午 夜 显 贵 
trp_id_978_pl|午 夜 显 贵 
trp_id_979|西 尔 凡 尼 亚 逃 兵 
trp_id_979_pl|西 尔 凡 尼 亚 逃 兵 
trp_id_980|死 灵 法 师 
trp_id_980_pl|死 灵 法 师 
trp_id_981|吸 血 鬼 法 师 
trp_id_981_pl|吸 血 鬼 法 师 
trp_id_982|吸 血 鬼 紫 晶 法 师 
trp_id_982_pl|吸 血 鬼 紫 晶 法 师 
trp_id_983|吸 血 鬼 阴 影 法 师 
trp_id_983_pl|吸 血 鬼 阴 影 法 师 
trp_id_984|死 灵 大 法 师 
trp_id_984_pl|死 灵 大 法 师 
trp_id_985|吸 血 鬼 大 法 师 
trp_id_985_pl|吸 血 鬼 大 法 师 
trp_id_986|吸 血 鬼 紫 晶 大 法 师 
trp_id_986_pl|吸 血 鬼 紫 晶 大 法 师 
trp_id_987|吸 血 鬼 阴 影 大 法 师 
trp_id_987_pl|吸 血 鬼 阴 影 大 法 师 
trp_id_988|死 灵 法 师 宗 师 
trp_id_988_pl|死 灵 法 师 宗 师 
trp_id_989|吸 血 鬼 宗 师 
trp_id_989_pl|吸 血 鬼 宗 师 
trp_id_990|吸 血 鬼 紫 晶 宗 师 
trp_id_990_pl|吸 血 鬼 紫 晶 宗 师 
trp_id_991|吸 血 鬼 阴 影 宗 师 
trp_id_991_pl|吸 血 鬼 阴 影 宗 师 
trp_id_992|尸 巫 
trp_id_992_pl|尸 巫 
trp_id_993|西 尔 凡 尼 亚 信 使 
trp_id_993_pl|西 尔 凡 尼 亚 信 使 
trp_id_994|监 狱 守 卫 
trp_id_994_pl|监 狱 守 卫 
trp_id_995|城 堡 护 卫 
trp_id_995_pl|城 堡 护 卫 
trp_id_996|虚 弱 的 召 唤 物 
trp_id_996_pl|虚 弱 的 召 唤 物 
trp_id_997|召 唤 物 
trp_id_997_pl|召 唤 物 
trp_id_998|强 壮 的 召 唤 物 
trp_id_998_pl|强 壮 的 召 唤 物 
trp_id_999|强 大 的 召 唤 物 
trp_id_999_pl|强 大 的 召 唤 物 
trp_id_1000|史 诗 的 召 唤 物 
trp_id_1000_pl|史 诗 的 召 唤 物 
trp_id_1001|木 精 灵 新 兵 
trp_id_1001_pl|木 精 灵 新 兵 
trp_id_1002|森 林 守 卫 
trp_id_1002_pl|森 林 守 卫 
trp_id_1003|木 精 灵 弓 箭 手 
trp_id_1003_pl|木 精 灵 弓 箭 手 
trp_id_1004|永 恒 守 卫 
trp_id_1004_pl|永 恒 守 卫 
trp_id_1005|林 地 守 卫 
trp_id_1005_pl|林 地 守 卫 
trp_id_1006|捍 卫 者 
trp_id_1006_pl|捍 卫 者 
trp_id_1007|巡 林 客 
trp_id_1007_pl|巡 林 客 
trp_id_1008|林 地 骑 兵 
trp_id_1008_pl|林 地 骑 兵 
trp_id_1009|荒 林 游 侠 
trp_id_1009_pl|荒 林 游 侠 
trp_id_1010|战 舞 者 
trp_id_1010_pl|战 舞 者 
trp_id_1011|暗 影 哨 兵 
trp_id_1011_pl|暗 影 哨 兵 
trp_id_1012|林 地 精 锐 骑 兵 
trp_id_1012_pl|林 地 精 锐 骑 兵 
trp_id_1013|剑 咏 者 
trp_id_1013_pl|剑 咏 者 
trp_id_1014|迷 踪 客 
trp_id_1014_pl|迷 踪 客 
trp_id_1015|狂 野 骑 兵 
trp_id_1015_pl|狂 野 骑 兵 
trp_id_1016|树 精 
trp_id_1016_pl|树 精 
trp_id_1017|狂 野 猎 手 
trp_id_1017_pl|狂 野 猎 手 
trp_id_1018|林 地 冠 军 
trp_id_1018_pl|林 地 冠 军 
trp_id_1019|树 人 
trp_id_1019_pl|树 人 
trp_id_1020|木 精 灵 信 使 
trp_id_1020_pl|木 精 灵 信 使 
trp_id_1021|木 精 灵 逃 兵 
trp_id_1021_pl|木 精 灵 逃 兵 
trp_id_1022|监 狱 守 卫 
trp_id_1022_pl|监 狱 守 卫 
trp_id_1023|城 堡 护 卫 
trp_id_1023_pl|城 堡 护 卫 
trp_id_1024|罗 伦 游 侠 
trp_id_1024_pl|罗 伦 游 侠 
trp_id_1025|罗 伦 资 深 游 侠 
trp_id_1025_pl|罗 伦 资 深 游 侠 
trp_id_1026|罗 伦 精 锐 游 侠 
trp_id_1026_pl|罗 伦 精 锐 游 侠 
trp_id_1027|游 侠 弓 手 
trp_id_1027_pl|游 侠 弓 手 
trp_id_1028|游 侠 资 深 弓 手 
trp_id_1028_pl|游 侠 资 深 弓 手 
trp_id_1029|艾 丽 尔 的 奎 许 女 仆 
trp_id_1029_pl|艾 丽 尔 的 奎 许 女 仆 
trp_id_1030|艾 丽 尔 的 光 明 女 仆 
trp_id_1030_pl|艾 丽 尔 的 光 明 女 仆 
trp_id_1031|艾 丽 尔 的 黄 金 女 仆 
trp_id_1031_pl|艾 丽 尔 的 黄 金 女 仆 
trp_id_1032|艾 丽 尔 的 炽 焰 女 仆 
trp_id_1032_pl|艾 丽 尔 的 炽 焰 女 仆 
trp_id_1033|艾 丽 尔 的 灰 袍 女 仆 
trp_id_1033_pl|艾 丽 尔 的 灰 袍 女 仆 
trp_id_1034|艾 丽 尔 的 琥 珀 女 仆 
trp_id_1034_pl|艾 丽 尔 的 琥 珀 女 仆 
trp_id_1035|艾 丽 尔 的 天 空 女 仆 
trp_id_1035_pl|艾 丽 尔 的 天 空 女 仆 
trp_id_1036|艾 丽 尔 的 翡 翠 女 仆 
trp_id_1036_pl|艾 丽 尔 的 翡 翠 女 仆 
trp_id_1037|艾 丽 尔 的 紫 晶 女 仆 
trp_id_1037_pl|艾 丽 尔 的 紫 晶 女 仆 
trp_id_1038|奎 许 咒 歌 者 
trp_id_1038_pl|奎 许 咒 歌 者 
trp_id_1039|光 明 咒 歌 者 
trp_id_1039_pl|光 明 咒 歌 者 
trp_id_1040|黄 金 咒 歌 者 
trp_id_1040_pl|黄 金 咒 歌 者 
trp_id_1041|炽 焰 咒 歌 者 
trp_id_1041_pl|炽 焰 咒 歌 者 
trp_id_1042|灰 袍 咒 歌 者 
trp_id_1042_pl|灰 袍 咒 歌 者 
trp_id_1043|琥 珀 咒 歌 者 
trp_id_1043_pl|琥 珀 咒 歌 者 
trp_id_1044|天 空 咒 歌 者 
trp_id_1044_pl|天 空 咒 歌 者 
trp_id_1045|翡 翠 咒 歌 者 
trp_id_1045_pl|翡 翠 咒 歌 者 
trp_id_1046|紫 晶 咒 歌 者 
trp_id_1046_pl|紫 晶 咒 歌 者 
trp_id_1047|奎 许 咒 织 者 
trp_id_1047_pl|奎 许 咒 织 者 
trp_id_1048|光 明 咒 织 者 
trp_id_1048_pl|光 明 咒 织 者 
trp_id_1049|黄 金 咒 织 者 
trp_id_1049_pl|黄 金 咒 织 者 
trp_id_1050|炽 焰 咒 织 者 
trp_id_1050_pl|炽 焰 咒 织 者 
trp_id_1051|灰 袍 咒 织 者 
trp_id_1051_pl|灰 袍 咒 织 者 
trp_id_1052|琥 珀 咒 织 者 
trp_id_1052_pl|琥 珀 咒 织 者 
trp_id_1053|天 空 咒 织 者 
trp_id_1053_pl|天 空 咒 织 者 
trp_id_1054|翡 翠 咒 织 者 
trp_id_1054_pl|翡 翠 咒 织 者 
trp_id_1055|紫 晶 咒 织 者 
trp_id_1055_pl|紫 晶 咒 织 者 
trp_id_1056|僵 尸 海 盗 水 手 
trp_id_1056_pl|僵 尸 海 盗 水 手 
trp_id_1057|僵 尸 甲 板 手 
trp_id_1057_pl|僵 尸 甲 板 手 
trp_id_1058|僵 尸 海 盗 流 氓 
trp_id_1058_pl|僵 尸 海 盗 流 氓 
trp_id_1059|僵 尸 老 练 水 手 
trp_id_1059_pl|僵 尸 老 练 水 手 
trp_id_1060|僵 尸 甲 板 长 枪 手 
trp_id_1060_pl|僵 尸 甲 板 长 枪 手 
trp_id_1061|跳 帮 队 
trp_id_1061_pl|跳 帮 队 
trp_id_1062|僵 尸 海 盗 二 副 
trp_id_1062_pl|僵 尸 海 盗 二 副 
trp_id_1063|僵 尸 资 深 甲 板 长 枪 手 
trp_id_1063_pl|僵 尸 资 深 甲 板 长 枪 手 
trp_id_1064|僵 尸 海 盗 火 枪 手 
trp_id_1064_pl|僵 尸 海 盗 火 枪 手 
trp_id_1065|僵 尸 海 盗 割 喉 者 
trp_id_1065_pl|僵 尸 海 盗 割 喉 者 
trp_id_1066|僵 尸 海 盗 大 副 
trp_id_1066_pl|僵 尸 海 盗 大 副 
trp_id_1067|僵 尸 海 盗 神 枪 手 
trp_id_1067_pl|僵 尸 海 盗 神 枪 手 
trp_id_1068|僵 尸 海 盗 甲 板 炮 手 
trp_id_1068_pl|僵 尸 海 盗 甲 板 炮 手 
trp_id_1069|僵 尸 海 盗 剑 客 
trp_id_1069_pl|僵 尸 海 盗 剑 客 
trp_id_1070|浮 肿 行 尸 
trp_id_1070_pl|浮 肿 行 尸 
trp_id_1071|僵 尸 海 盗 狙 击 手 
trp_id_1071_pl|僵 尸 海 盗 狙 击 手 
trp_id_1072|资 深 甲 板 炮 手 
trp_id_1072_pl|资 深 甲 板 炮 手 
trp_id_1073|僵 尸 海 盗 决 斗 者 
trp_id_1073_pl|僵 尸 海 盗 决 斗 者 
trp_id_1074|深 海 重 武 护 卫 
trp_id_1074_pl|深 海 重 武 护 卫 
trp_id_1075|深 海 护 卫 
trp_id_1075_pl|深 海 护 卫 
trp_id_1076|食 人 魔 僵 尸 船 工 
trp_id_1076_pl|食 人 魔 僵 尸 船 工 
trp_id_1077|僵 尸 海 盗 信 使 
trp_id_1077_pl|僵 尸 海 盗 信 使 
trp_id_1078|僵 尸 海 盗 逃 兵 
trp_id_1078_pl|僵 尸 海 盗 逃 兵 
trp_id_1079|监 狱 守 卫 
trp_id_1079_pl|监 狱 守 卫 
trp_id_1080|城 堡 护 卫 
trp_id_1080_pl|城 堡 护 卫 
trp_id_1081|亡 灵 海 盗 死 灵 法 师 
trp_id_1081_pl|亡 灵 海 盗 死 灵 法 师 
trp_id_1082|亡 灵 海 盗 巫 师 
trp_id_1082_pl|亡 灵 海 盗 巫 师 
trp_id_1083|亡 灵 海 盗 死 灵 大 法 师 
trp_id_1083_pl|亡 灵 海 盗 死 灵 大 法 师 
trp_id_1084|亡 灵 海 盗 大 巫 师 
trp_id_1084_pl|亡 灵 海 盗 大 巫 师 
trp_id_1085|亡 灵 海 盗 死 灵 法 师 领 主 
trp_id_1085_pl|亡 灵 海 盗 死 灵 法 师 领 主 
trp_id_1086|亡 灵 海 盗 巫 师 领 主 
trp_id_1086_pl|亡 灵 海 盗 巫 师 领 主 
trp_id_1087|半 身 人 民 兵 
trp_id_1087_pl|半 身 人 民 兵 
trp_id_1088|半 身 人 田 野 守 望 者 
trp_id_1088_pl|半 身 人 田 野 守 望 者 
trp_id_1089|半 身 人 斥 候 
trp_id_1089_pl|半 身 人 斥 候 
trp_id_1090|半 身 人 治 安 守 卫 
trp_id_1090_pl|半 身 人 治 安 守 卫 
trp_id_1091|半 身 人 食 品 储 藏 守 卫 
trp_id_1091_pl|半 身 人 食 品 储 藏 守 卫 
trp_id_1092|半 身 人 厨 师 
trp_id_1092_pl|半 身 人 厨 师 
trp_id_1093|半 身 人 主 厨 
trp_id_1093_pl|半 身 人 主 厨 
trp_id_1094|半 身 人 追 踪 者 
trp_id_1094_pl|半 身 人 追 踪 者 
trp_id_1095|半 身 人 游 侠 
trp_id_1095_pl|半 身 人 游 侠 
trp_id_1096|半 身 人 猎 犬 游 侠 
trp_id_1096_pl|半 身 人 猎 犬 游 侠 
trp_id_1097|半 身 人 猎 犬 骑 手 
trp_id_1097_pl|半 身 人 猎 犬 骑 手 
trp_id_1098|半 身 人 公 羊 骑 手 
trp_id_1098_pl|半 身 人 公 羊 骑 手 
trp_id_1099|半 身 人 穆 特 骑 士 
trp_id_1099_pl|半 身 人 穆 特 骑 士 
trp_id_1100|穆 特 食 人 魔 
trp_id_1100_pl|穆 特 食 人 魔 
trp_id_1101|半 身 人 旗 手 
trp_id_1101_pl|半 身 人 旗 手 
trp_id_1102|半 身 人 逃 兵 
trp_id_1102_pl|半 身 人 逃 兵 
trp_id_1103|监 狱 守 卫 
trp_id_1103_pl|监 狱 守 卫 
trp_id_1104|城 堡 护 卫 
trp_id_1104_pl|城 堡 护 卫 
trp_id_1105|混 沌 狂 热 者 
trp_id_1105_pl|混 沌 狂 热 者 
trp_id_1106|纳 垢 狂 热 者 
trp_id_1106_pl|纳 垢 狂 热 者 
trp_id_1107|恐 虐 狂 热 者 
trp_id_1107_pl|恐 虐 狂 热 者 
trp_id_1108|雇 佣 卫 兵 
trp_id_1108_pl|雇 佣 卫 兵 
trp_id_1109|夜 地 精 矛 兵 
trp_id_1109_pl|夜 地 精 矛 兵 
trp_id_1110|纳 垢 勇 士 
trp_id_1110_pl|纳 垢 勇 士 
trp_id_1111|纳 垢 碾 压 者 
trp_id_1111_pl|纳 垢 碾 压 者 
trp_id_1112|恐 虐 勇 士 
trp_id_1112_pl|恐 虐 勇 士 
trp_id_1113|恐 虐 骑 士 
trp_id_1113_pl|恐 虐 骑 士 
trp_id_1114|混 沌 巨 魔 
trp_id_1114_pl|混 沌 巨 魔 
trp_id_1115|强 盗 
trp_id_1115_pl|强 盗 
trp_id_1116|土 匪 
trp_id_1116_pl|土 匪 
trp_id_1117|不 法 之 徒 
trp_id_1117_pl|不 法 之 徒 
trp_id_1118|马 盗 
trp_id_1118_pl|马 盗 
trp_id_1119|逃 亡 大 地 精 战 士 
trp_id_1119_pl|逃 亡 大 地 精 战 士 
trp_id_1120|卡 拉 什 逃 亡 大 地 精 
trp_id_1120_pl|卡 拉 什 逃 亡 大 地 精 
trp_id_1121|地 精 狼 骑 兵 
trp_id_1121_pl|地 精 狼 骑 兵 
trp_id_1122|地 精 部 落 新 兵 
trp_id_1122_pl|地 精 部 落 新 兵 
trp_id_1123|地 精 战 士 
trp_id_1123_pl|地 精 战 士 
trp_id_1124|地 精 资 深 战 士 
trp_id_1124_pl|地 精 资 深 战 士 
trp_id_1125|地 精 勇 士 
trp_id_1125_pl|地 精 勇 士 
trp_id_1126|剥 颅 者 
trp_id_1126_pl|剥 颅 者 
trp_id_1127|酋 长 护 卫 
trp_id_1127_pl|酋 长 护 卫 
trp_id_1128|地 精 战 争 酋 长 
trp_id_1128_pl|地 精 战 争 酋 长 
trp_id_1129|地 精 掷 斧 手 
trp_id_1129_pl|地 精 掷 斧 手 
trp_id_1130|地 精 射 手 
trp_id_1130_pl|地 精 射 手 
trp_id_1131|地 精 哨 兵 
trp_id_1131_pl|地 精 哨 兵 
trp_id_1132|森 林 漫 步 者 
trp_id_1132_pl|森 林 漫 步 者 
trp_id_1133|蜘 蛛 骑 手 
trp_id_1133_pl|蜘 蛛 骑 手 
trp_id_1134|蜘 蛛 骑 兵 
trp_id_1134_pl|蜘 蛛 骑 兵 
trp_id_1135|蜘 蛛 骑 士 
trp_id_1135_pl|蜘 蛛 骑 士 
trp_id_1136|蜘 蛛 战 争 酋 长 
trp_id_1136_pl|蜘 蛛 战 争 酋 长 
trp_id_1137|僵 尸 海 盗 
trp_id_1137_pl|僵 尸 海 盗 
trp_id_1138|亡 灵 海 盗 
trp_id_1138_pl|亡 灵 海 盗 
trp_id_1139|亡 灵 海 盗 船 长 
trp_id_1139_pl|亡 灵 海 盗 船 长 
trp_id_1140|骷 髅 射 手 
trp_id_1140_pl|骷 髅 射 手 
trp_id_1141|骷 髅 战 士 
trp_id_1141_pl|骷 髅 战 士 
trp_id_1142|骷 髅 骑 兵 
trp_id_1142_pl|骷 髅 骑 兵 
trp_id_1143|骷 髅 骑 兵 
trp_id_1143_pl|骷 髅 骑 兵 
trp_id_1144|水 手 
trp_id_1144_pl|水 手 
trp_id_1145|甲 板 手 
trp_id_1145_pl|甲 板 手 
trp_id_1146|资 深 水 手 
trp_id_1146_pl|资 深 水 手 
trp_id_1147|水 手 长 
trp_id_1147_pl|水 手 长 
trp_id_1148|大 副 
trp_id_1148_pl|大 副 
trp_id_1149|甲 板 长 枪 兵 
trp_id_1149_pl|甲 板 长 枪 兵 
trp_id_1150|船 员 
trp_id_1150_pl|船 员 
trp_id_1151|流 氓 
trp_id_1151_pl|流 氓 
trp_id_1152|登 舰 者 
trp_id_1152_pl|登 舰 者 
trp_id_1153|海 盗 
trp_id_1153_pl|海 盗 
trp_id_1154|神 枪 手 
trp_id_1154_pl|神 枪 手 
trp_id_1155|狙 击 手 
trp_id_1155_pl|狙 击 手 
trp_id_1156|炮 手 
trp_id_1156_pl|炮 手 
trp_id_1157|资 深 炮 手 
trp_id_1157_pl|资 深 炮 手 
trp_id_1158|割 喉 者 
trp_id_1158_pl|割 喉 者 
trp_id_1159|暴 徒 
trp_id_1159_pl|暴 徒 
trp_id_1160|决 斗 者 
trp_id_1160_pl|决 斗 者 
trp_id_1161|军 需 官 
trp_id_1161_pl|军 需 官 
trp_id_1162|海 盗 食 人 魔 
trp_id_1162_pl|海 盗 食 人 魔 
trp_id_1163|决 斗 者 
trp_id_1163_pl|决 斗 者 
trp_id_1164|暴 徒 
trp_id_1164_pl|暴 徒 
trp_id_1165|海 盗 
trp_id_1165_pl|海 盗 
trp_id_1166|盗 墓 者 
trp_id_1166_pl|盗 墓 者 
trp_id_1167|北 方 强 盗 
trp_id_1167_pl|北 方 强 盗 
trp_id_1168|斯 卡 文 暴 徒 
trp_id_1168_pl|斯 卡 文 暴 徒 
trp_id_1169|斯 卡 文 海 盗 
trp_id_1169_pl|斯 卡 文 海 盗 
trp_id_1170|斯 卡 文 资 深 海 盗 
trp_id_1170_pl|斯 卡 文 资 深 海 盗 
trp_id_1171|斯 卡 文 海 盗 火 枪 手 
trp_id_1171_pl|斯 卡 文 海 盗 火 枪 手 
trp_id_1172|斯 卡 文 海 盗 火 枪 手 统 领 
trp_id_1172_pl|斯 卡 文 海 盗 火 枪 手 统 领 
trp_id_1173|斯 卡 文 海 盗 冠 军 
trp_id_1173_pl|斯 卡 文 海 盗 冠 军 
trp_id_1174|斯 卡 文 海 盗 船 长 
trp_id_1174_pl|斯 卡 文 海 盗 船 长 
trp_id_1175|亚 马 逊 袭 击 者 
trp_id_1175_pl|亚 马 逊 袭 击 者 
trp_id_1176|亚 马 逊 袭 击 者 弓 手 
trp_id_1176_pl|亚 马 逊 袭 击 者 弓 手 
trp_id_1177|亚 马 逊 袭 击 者 勇 士 
trp_id_1177_pl|亚 马 逊 袭 击 者 战 士 
trp_id_1178|美 洲 豹 袭 击 者 勇 士 
trp_id_1178_pl|美 洲 豹 袭 击 者 勇 士 
trp_id_1179|亚 马 逊 袭 击 者 女 猎 手 
trp_id_1179_pl|亚 马 逊 袭 击 者 女 猎 手 
trp_id_1180|亚 马 逊 袭 击 者 骑 马 女 猎 手 
trp_id_1180_pl|亚 马 逊 袭 击 者 骑 马 女 猎 手 
trp_id_1181|亚 马 逊 袭 击 者 图 腾 守 卫 
trp_id_1181_pl|亚 马 逊 袭 击 者 图 腾 守 卫 
trp_id_1182|亚 马 逊 袭 击 者 女 酋 长 
trp_id_1182_pl|亚 马 逊 袭 击 者 女 酋 长 
trp_id_1183|熊 
trp_id_1183_pl|熊 
trp_id_1184|冰 霜 熊 
trp_id_1184_pl|冰 霜 熊 
trp_id_1185|卡 顿 野 熊 
trp_id_1185_pl|卡 顿 野 熊 
trp_id_1186|黑 旗 库 吉 特 骑 手 
trp_id_1186_pl|黑 旗 库 吉 特 骑 手 
trp_id_1187|海 盗 船 长 
trp_id_1187_pl|海 盗 船 长 
trp_id_1188|海 盗 
trp_id_1188_pl|海 盗 
trp_id_1189|赏 金 猎 人 
trp_id_1189_pl|赏 金 猎 人 
trp_id_1190|奴 贩 押 解 
trp_id_1190_pl|奴 贩 押 解 
trp_id_1191|奴 贩 猎 手 
trp_id_1191_pl|奴 贩 猎 手 
trp_id_1192|奴 贩 打 手 
trp_id_1192_pl|奴 贩 打 手 
trp_id_1193|奴 贩 首 领 
trp_id_1193_pl|奴 贩 首 领 
trp_id_1194|随 营 妇 女 
trp_id_1194_pl|随 营 妇 女 
trp_id_1195|女 猎 手 
trp_id_1195_pl|女 猎 手 
trp_id_1196|女 护 卫 
trp_id_1196_pl|女 护 卫 
trp_id_1197|女 剑 士 
trp_id_1197_pl|女 剑 士 
trp_id_1198|见 习 水 手 
trp_id_1198_pl|见 习 水 手 
trp_id_1199|伯 格 曼 的 游 侠 
trp_id_1199_pl|伯 格 曼 的 游 侠 
trp_id_1200|灵 蜥 沼 泽 猎 人 
trp_id_1200_pl|灵 蜥 沼 泽 猎 人 
trp_id_1201|瑞 克 领 斗 士 
trp_id_1201_pl|瑞 克 领 斗 士 
trp_id_1202|帝 国 贵 族 
trp_id_1202_pl|帝 国 贵 族 
trp_id_1203|凤 凰 卫 队 长 
trp_id_1203_pl|凤 凰 卫 队 长 
trp_id_1204|阿 拉 比 奴 隶 斗 士 
trp_id_1204_pl|阿 拉 比 奴 隶 斗 士 
trp_id_1205|巴 托 尼 亚 扈 从 
trp_id_1205_pl|巴 托 尼 亚 扈 从 
trp_id_1206|熊 神 兄 弟 会 精 英 
trp_id_1206_pl|熊 神 兄 弟 会 精 英 
trp_id_1207|毒 蝎 忍 者 
trp_id_1207_pl|毒 蝎 忍 者 
trp_id_1208|毒 蝎 忍 者 大 师 
trp_id_1208_pl|毒 蝎 忍 者 大 师 
trp_id_1209|森 林 游 侠 
trp_id_1209_pl|森 林 游 侠 
trp_id_1210|穆 特 领 半 身 人 冠 军 
trp_id_1210_pl|穆 特 领 半 身 人 冠 军 
trp_id_1211|莫 斯 里 布 角 兽 
trp_id_1211_pl|莫 斯 里 布 角 兽 
trp_id_1212|waaagh 小 子 
trp_id_1212_pl|waaagh 小 子 
trp_id_1213|鲜 血 猎 手 
trp_id_1213_pl|鲜 血 猎 手 
trp_id_1214|深 坑 斗 士 
trp_id_1214_pl|深 坑 斗 士 
trp_id_1215|深 坑 斗 士 王 
trp_id_1215_pl|深 坑 斗 士 王 
trp_id_1216|骷 髅 斗 士 
trp_id_1216_pl|骷 髅 斗 士 
trp_id_1217|森 林 地 精 
trp_id_1217_pl|森 林 地 精 
trp_id_1218|潜 行 者 
trp_id_1218_pl|潜 行 者 
trp_id_1219|曼 吉 尔 的 剥 皮 者 
trp_id_1219_pl|曼 吉 尔 的 剥 皮 者 
trp_id_1220|女 术 士 
trp_id_1220_pl|女 术 士 
trp_id_1221|吸 血 鬼 
trp_id_1221_pl|吸 血 鬼 
trp_id_1222|艾 辛 氏 族 学 徒 
trp_id_1222_pl|艾 辛 氏 族 学 徒 
trp_id_1223|地 狱 深 坑 斗 士 
trp_id_1223_pl|地 狱 深 坑 斗 士 
trp_id_1224|难 民 
trp_id_1224_pl|难 民 
trp_id_1225|农 妇 
trp_id_1225_pl|农 妇 
trp_id_1226|商 队 头 领 
trp_id_1226_pl|商 队 头 领 
trp_id_1227|信 使 
trp_id_1227_pl|信 使 
trp_id_1228|侦 察 兵 
trp_id_1228_pl|侦 察 兵 
trp_id_1229|招 聘 者 
trp_id_1229_pl|招 聘 者 
trp_id_1230|被 绑 架 的 仆 人 
trp_id_1230_pl|被 绑 架 的 仆 人 
trp_id_1231|市 民 
trp_id_1231_pl|市 民 
trp_id_1232|市 民 
trp_id_1232_pl|市 民 
trp_id_1233|市 民 
trp_id_1233_pl|市 民 
trp_id_1234|市 民 
trp_id_1234_pl|市 民 
trp_id_1235|农 夫 
trp_id_1235_pl|农 夫 
trp_id_1236|农 妇 
trp_id_1236_pl|农 妇 
trp_id_1237|农 夫 
trp_id_1237_pl|农 夫 
trp_id_1238|农 妇 
trp_id_1238_pl|农 妇 
trp_id_1239|农 夫 
trp_id_1239_pl|农 夫 
trp_id_1240|农 妇 
trp_id_1240_pl|农 妇 
trp_id_1241|农 夫 
trp_id_1241_pl|农 夫 
trp_id_1242|农 夫 
trp_id_1242_pl|农 夫 
trp_id_1243|亡 灵 农 夫 
trp_id_1243_pl|亡 灵 农 夫 
trp_id_1244|亡 灵 农 夫 
trp_id_1244_pl|亡 灵 农 夫 
trp_id_1245|僵 尸 
trp_id_1245_pl|僵 尸 
trp_id_1246|骷 髅 
trp_id_1246_pl|骷 髅 
trp_id_1247|农 夫 
trp_id_1247_pl|农 夫 
trp_id_1248|农 夫 
trp_id_1248_pl|农 夫 
trp_id_1249|精 灵 
trp_id_1249_pl|精 灵 
trp_id_1250|精 灵 
trp_id_1250_pl|精 灵 
trp_id_1251|精 灵 农 夫 
trp_id_1251_pl|精 灵 农 夫 
trp_id_1252|精 灵 农 妇 
trp_id_1252_pl|精 灵 农 妇 
trp_id_1253|矮 人 
trp_id_1253_pl|矮 人 
trp_id_1254|矮 人 
trp_id_1254_pl|矮 人 
trp_id_1255|矮 人 
trp_id_1255_pl|矮 人 
trp_id_1256|矮 人 
trp_id_1256_pl|矮 人 
trp_id_1257|暗 精 灵 
trp_id_1257_pl|暗 精 灵 
trp_id_1258|暗 精 灵 
trp_id_1258_pl|暗 精 灵 
trp_id_1259|暗 精 灵 农 夫 
trp_id_1259_pl|暗 精 灵 农 夫 
trp_id_1260|暗 精 灵 农 妇 
trp_id_1260_pl|暗 精 灵 农 妇 
trp_id_1261|角 兽 农 夫 
trp_id_1261_pl|角 兽 农 夫 
trp_id_1262|劣 角 兽 农 夫 
trp_id_1262_pl|劣 角 兽 农 夫 
trp_id_1263|蜥 蜴 
trp_id_1263_pl|蜥 蜴 
trp_id_1264|灵 蜥 
trp_id_1264_pl|灵 蜥 
trp_id_1265|蜥 蜴 
trp_id_1265_pl|蜥 蜴 
trp_id_1266|灵 蜥 
trp_id_1266_pl|灵 蜥 
trp_id_1267|侏 儒 
trp_id_1267_pl|侏 儒 
trp_id_1268|诺 斯 卡 部 落 男 子 
trp_id_1268_pl|诺 斯 卡 部 落 男 子 
trp_id_1269|诺 斯 卡 部 落 女 子 
trp_id_1269_pl|诺 斯 卡 部 落 女 子 
trp_id_1270|骷 髅 
trp_id_1270_pl|骷 髅 
trp_id_1271|骷 髅 
trp_id_1271_pl|骷 髅 
trp_id_1272|骷 髅 
trp_id_1272_pl|骷 髅 
trp_id_1273|骷 髅 
trp_id_1273_pl|骷 髅 
trp_id_1274|混 沌 矮 人 
trp_id_1274_pl|混 沌 矮 人 
trp_id_1275|大 地 精 
trp_id_1275_pl|大 地 精 
trp_id_1276|混 沌 矮 人 
trp_id_1276_pl|混 沌 矮 人 
trp_id_1277|大 地 精 
trp_id_1277_pl|大 地 精 
trp_id_1278|兽 人 
trp_id_1278_pl|兽 人 
trp_id_1279|兽 人 
trp_id_1279_pl|兽 人 
trp_id_1280|骷 髅 海 盗 
trp_id_1280_pl|骷 髅 海 盗 
trp_id_1281|骷 髅 海 盗 
trp_id_1281_pl|骷 髅 海 盗 
trp_id_1282|鼠 人 
trp_id_1282_pl|鼠 人 
trp_id_1283|鼠 人 
trp_id_1283_pl|鼠 人 
trp_id_1284|地 精 
trp_id_1284_pl|地 精 
trp_id_1285|地 精 
trp_id_1285_pl|地 精 
trp_id_1286|地 精 
trp_id_1286_pl|地 精 
trp_id_1287|地 精 
trp_id_1287_pl|地 精 
trp_id_1288|亡 灵 农 夫 
trp_id_1288_pl|亡 灵 农 夫 
trp_id_1289|亡 灵 农 夫 
trp_id_1289_pl|亡 灵 农 夫 
trp_id_1290|亡 灵 海 盗 定 居 者 
trp_id_1290_pl|亡 灵 海 盗 定 居 者 
trp_id_1291|亡 灵 海 盗 定 居 者 
trp_id_1291_pl|亡 灵 海 盗 定 居 者 
trp_id_1292|市 民 
trp_id_1292_pl|市 民 
trp_id_1293|市 民 
trp_id_1293_pl|市 民 
trp_id_1294|角 兽 农 夫 
trp_id_1294_pl|角 兽 农 夫 
trp_id_1295|劣 角 兽 农 夫 
trp_id_1295_pl|劣 角 兽 农 夫 
trp_id_1296|村 民 
trp_id_1296_pl|村 民 
trp_id_1297|村 民 
trp_id_1297_pl|村 民 
trp_id_1298|市 民 
trp_id_1298_pl|市 民 
trp_id_1299|市 民 
trp_id_1299_pl|市 民 
trp_id_1300|竞 技 场 老 板 
trp_id_1300_pl|竞 技 场 老 板 
trp_id_1301|教 练 
trp_id_1301_pl|教 练 
trp_id_1302|治 安 官 哈 瑞 克 
trp_id_1302_pl|治 安 官 哈 瑞 克 
trp_id_1303|奴 隶 贩 子 拉 蒙 
trp_id_1303_pl|奴 隶 贩 子 拉 蒙 
trp_id_1304|机 灵 鬼 吉 米 
trp_id_1304_pl|机 灵 鬼 吉 米 
trp_id_1305|达 贡 
trp_id_1305_pl|达 贡 
trp_id_1306|夏 恩 -阿 伯 碎 膝 者 
trp_id_1306_pl|夏 恩 -阿 伯 碎 膝 者 
trp_id_1307|玛 萨 哈 塔 
trp_id_1307_pl|玛 萨 哈 塔 
trp_id_1308|卡 格 沃 特 
trp_id_1308_pl|卡 格 沃 特 
trp_id_1309|恐 惧 骑 士 
trp_id_1309_pl|恐 惧 骑 士 
trp_id_1310|斯 金 纳 船 长 
trp_id_1310_pl|斯 金 纳 船 长 
trp_id_1311|巨 魔 碾 压 者，法 拉 克 
trp_id_1311_pl|巨 魔 碾 压 者，法 拉 克 
trp_id_1312|马 恩 诺 
trp_id_1312_pl|马 恩 诺 
trp_id_1313|卡 尔·莱 因 哈 德 
trp_id_1313_pl|卡 尔·莱 因 哈 德 
trp_id_1314|马 维 佐 
trp_id_1314_pl|马 维 佐 
trp_id_1315|马 祖 克 
trp_id_1315_pl|马 祖 克 
trp_id_1316|弗 拉 迪 斯 拉 夫 王 子 
trp_id_1316_pl|弗 拉 迪 斯 拉 夫 王 子 
trp_id_1317|奥 鲁 库 乔 基 
trp_id_1317_pl|奥 鲁 库 乔 基 
trp_id_1318|法 尔 尼 尔 · 弗 纳 韦 尔 
trp_id_1318_pl|法 尔 尼 尔 · 弗 纳 韦 尔 
trp_id_1319|训 练 场 教 练 
trp_id_1319_pl|训 练 场 教 练 
trp_id_1324|伯 格 曼 的 游 侠 
trp_id_1324_pl|伯 格 曼 的 游 侠 
trp_id_1325|盖 阿 斯 
trp_id_1325_pl|盖 阿 斯 
trp_id_1326|农 民 
trp_id_1326_pl|农 民 
trp_id_1327|教 练 
trp_id_1327_pl|教 练 
trp_id_1328|教 练 
trp_id_1328_pl|教 练 
trp_id_1329|教 练 
trp_id_1329_pl|教 练 
trp_id_1330|教 练 
trp_id_1330_pl|教 练 
trp_id_1331|教 练 
trp_id_1331_pl|教 练 
trp_id_1332|奴 隶 贩 子 
trp_id_1332_pl|奴 隶 贩 子 
trp_id_1333|奴 隶 贩 子 
trp_id_1333_pl|奴 隶 贩 子 
trp_id_1334|奴 隶 贩 子 
trp_id_1334_pl|奴 隶 贩 子 
trp_id_1335|奴 隶 贩 子 
trp_id_1335_pl|奴 隶 贩 子 
trp_id_1336|奴 隶 贩 子 
trp_id_1336_pl|奴 隶 贩 子 
trp_id_1337|奴 隶 贩 子 
trp_id_1337_pl|奴 隶 贩 子 
trp_id_1338|奴 隶 贩 子 
trp_id_1338_pl|奴 隶 贩 子 
trp_id_1339|奴 隶 贩 子 
trp_id_1339_pl|奴 隶 贩 子 
trp_id_1340|奴 隶 贩 子 
trp_id_1340_pl|奴 隶 贩 子 
trp_id_1341|奴 隶 贩 子 
trp_id_1341_pl|奴 隶 贩 子 
trp_id_1342|奴 隶 贩 子 
trp_id_1342_pl|奴 隶 贩 子 
trp_id_1343|奴 隶 贩 子 
trp_id_1343_pl|奴 隶 贩 子 
trp_id_1344|奴 隶 贩 子 
trp_id_1344_pl|奴 隶 贩 子 
trp_id_1345|奴 隶 贩 子 
trp_id_1345_pl|奴 隶 贩 子 
trp_id_1346|旅 行 者 
trp_id_1346_pl|旅 行 者 
trp_id_1347|旅 行 者 
trp_id_1347_pl|旅 行 者 
trp_id_1348|旅 行 者 
trp_id_1348_pl|旅 行 者 
trp_id_1349|旅 行 者 
trp_id_1349_pl|旅 行 者 
trp_id_1350|旅 行 者 
trp_id_1350_pl|旅 行 者 
trp_id_1351|旅 行 者 
trp_id_1351_pl|旅 行 者 
trp_id_1352|旅 行 者 
trp_id_1352_pl|旅 行 者 
trp_id_1353|旅 行 者 
trp_id_1353_pl|旅 行 者 
trp_id_1354|旅 行 者 
trp_id_1354_pl|旅 行 者 
trp_id_1355|旅 行 者 
trp_id_1355_pl|旅 行 者 
trp_id_1356|旅 行 者 
trp_id_1356_pl|旅 行 者 
trp_id_1357|旅 行 者 
trp_id_1357_pl|旅 行 者 
trp_id_1358|书 籍 商 人 
trp_id_1358_pl|书 籍 商 人 
trp_id_1359|书 籍 商 人 
trp_id_1359_pl|书 籍 商 人 
trp_id_1360|大 流 士 的 学 徒 
trp_id_1360_pl|大 流 士 的 学 徒 
trp_id_1361|智 者 马 卡 斯 
trp_id_1361_pl|智 者 马 卡 斯 
trp_id_1362|光 明 使 者 赛 勒 斯 
trp_id_1362_pl|光 明 使 者 赛 勒 斯 
trp_id_1363|药 水 商 人 
trp_id_1363_pl|药 水 商 人 
trp_id_1364|药 水 商 人 
trp_id_1364_pl|药 水 商 人 
trp_id_1365|药 水 商 人 
trp_id_1365_pl|药 水 商 人 
trp_id_1366|药 水 商 人 
trp_id_1366_pl|药 水 商 人 
trp_id_1367|药 水 商 人 
trp_id_1367_pl|药 水 商 人 
trp_id_1368|慈 善 家 
trp_id_1368_pl|慈 善 家 
trp_id_1369|慈 善 家 
trp_id_1369_pl|慈 善 家 
trp_id_1370|慈 善 家 
trp_id_1370_pl|慈 善 家 
trp_id_1371|慈 善 家 
trp_id_1371_pl|慈 善 家 
trp_id_1372|慈 善 家 
trp_id_1372_pl|慈 善 家 
trp_id_1373|慈 善 家 
trp_id_1373_pl|慈 善 家 
trp_id_1374|慈 善 家 
trp_id_1374_pl|慈 善 家 
trp_id_1375|慈 善 家 
trp_id_1375_pl|慈 善 家 
trp_id_1376|慈 善 家 
trp_id_1376_pl|慈 善 家 
trp_id_1377|慈 善 家 
trp_id_1377_pl|慈 善 家 
trp_id_1378|邪 教 徒 
trp_id_1378_pl|邪 教 徒 
trp_id_1379|邪 教 徒 
trp_id_1379_pl|邪 教 徒 
trp_id_1380|邪 教 徒 
trp_id_1380_pl|邪 教 徒 
trp_id_1381|邪 教 徒 
trp_id_1381_pl|邪 教 徒 
trp_id_1382|邪 教 徒 
trp_id_1382_pl|邪 教 徒 
trp_id_1383|邪 教 徒 
trp_id_1383_pl|邪 教 徒 
trp_id_1384|邪 教 徒 
trp_id_1384_pl|邪 教 徒 
trp_id_1385|邪 教 徒 
trp_id_1385_pl|邪 教 徒 
trp_id_1386|邪 教 徒 
trp_id_1386_pl|邪 教 徒 
trp_id_1387|邪 教 徒 
trp_id_1387_pl|邪 教 徒 
trp_id_1388|包 括 玩 家 在 内 的 王 国 英 雄 开 始 
trp_id_1388_pl|包 括 玩 家 在 内 的 王 国 英 雄 开 始 
trp_id_1389|高 崔 克 
trp_id_1389_pl|高 崔 克 
trp_id_1390|菲 力 克 斯 
trp_id_1390_pl|菲 力 克 斯 
trp_id_1391|贾 利 勒 
trp_id_1391_pl|贾 利 勒 
trp_id_1392|奥 叽·波 叽·沃 基 昆 
trp_id_1392_pl|奥 叽·波 叽·沃 基 昆 
trp_id_1393|瑞 普 尼 吱 
trp_id_1393_pl|瑞 普 尼 吱 
trp_id_1394|马 提 亚 斯·图 尔 曼 
trp_id_1394_pl|马 提 亚 斯·图 尔 曼 
trp_id_1395|布 拉 甘 扎 
trp_id_1395_pl|布 拉 甘 扎 
trp_id_1396|兰 波·快 手 
trp_id_1396_pl|兰 波·快 手 
trp_id_1397|沃 兰 斯 
trp_id_1397_pl|沃 兰 斯 
trp_id_1398|贝 奥 尔·熊 击 
trp_id_1398_pl|贝 奥 尔·熊 击 
trp_id_1399|艾 凯 迪 
trp_id_1399_pl|艾 凯 迪 
trp_id_1400|臭 虫 
trp_id_1400_pl|臭 虫 
trp_id_1401|阿 里 斯 蒂 德 爵 士 
trp_id_1401_pl|阿 里 斯 蒂 德 爵 士 
trp_id_1402|梅 菲 林 
trp_id_1402_pl|梅 菲 林 
trp_id_1403|阿 卜 杜 勒·哈 利 克 
trp_id_1403_pl|阿 卜 杜 勒·哈 利 克 
trp_id_1404|史 基 佐 
trp_id_1404_pl|史 基 佐 
trp_id_1405|斯 卡 洛 克 
trp_id_1405_pl|斯 卡 洛 克 
trp_id_1406|埃 莉 诺 
trp_id_1406_pl|埃 莉 诺 
trp_id_1407|那 克 瓦 查 
trp_id_1407_pl|那 克 瓦 查 
trp_id_1408|弗 罗 林·达 陶 德 
trp_id_1408_pl|弗 罗 林·达 陶 德 
trp_id_1409|约 瑟 夫·巴 格 曼 
trp_id_1409_pl|约 瑟 夫·巴 格 曼 
trp_id_1410|金 席 查 
trp_id_1410_pl|金 席 查 
trp_id_1411|巴 斯 汀 
trp_id_1411_pl|巴 斯 汀 
trp_id_1412|艾 德 琳 
trp_id_1412_pl|艾 德 琳 
trp_id_1413|伊 拉 斯 谟 
trp_id_1413_pl|伊 拉 斯 谟 
trp_id_1414|阿 个 陋·大 龅 牙 
trp_id_1414_pl|阿 个 陋·大 龅 牙 
trp_id_1415|斯 露 德 
trp_id_1415_pl|斯 露 德 
trp_id_1416|阿 尔 伯 图 斯 男 爵 
trp_id_1416_pl|阿 尔 伯 图 斯 男 爵 
trp_id_1417|“冷 峻 潜 兵”芬 恩 
trp_id_1417_pl|芬 恩 
trp_id_1418|“龙 炎 隘 口 勇 士”古 姆 
trp_id_1418_pl|古 姆 
trp_id_1419|“絮 叨 老 兵”斯 柯 里 
trp_id_1419_pl|斯 柯 里 
trp_id_1420|“无 底 石 阶 矿 工”布 龙 
trp_id_1420_pl|布 龙 
trp_id_1421|“乌 尔 扎 突 击 者”格 罗 思 
trp_id_1421_pl|格 罗 思 
trp_id_1422|“玛 瑟 兰 之 嗣”埃 什 卡 斯 
trp_id_1422_pl|埃 什 卡 斯 
trp_id_1423|“纯 鬃 禁 卫”凯 德 龙 
trp_id_1423_pl|凯 德 龙 
trp_id_1424|“烈 风 先 驱”塔 拉 斯 
trp_id_1424_pl|塔 拉 斯 
trp_id_1425|“血 腥 女 王 之 刃”尼 尔 森 
trp_id_1425_pl|尼 尔 森 
trp_id_1426|“雷 矢 魔 鬼”柯 瓦 斯 
trp_id_1426_pl|柯 瓦 斯 
trp_id_1427|“部 落 之 兽”卢 斯 彻 
trp_id_1427_pl|卢 斯 彻 
trp_id_1428|“诺 斯 卡 冒 险 者”盎 塔 斯 
trp_id_1428_pl|盎 塔 斯 
trp_id_1429|“诺 斯 卡 冒 险 者”加 赛 克 
trp_id_1429_pl|加 赛 克 
trp_id_1430|“诺 斯 卡 冒 险 者”扎 哈 兹 
trp_id_1430_pl|扎 哈 兹 
trp_id_1431|“诺 斯 卡 冒 险 者”雷 默 特 
trp_id_1431_pl|雷 默 特 
trp_id_1432|“索 命 行 尸”扎 罗 斯 
trp_id_1432_pl|扎 罗 斯 
trp_id_1433|“柯 尼 斯 坦 潜 伏 者”拉 扎 勒 斯 
trp_id_1433_pl|拉 扎 勒 斯 
trp_id_1434|“肃 杀 战 士”波 默 
trp_id_1434_pl|波 默 
trp_id_1435|“涅 赫 什 蝎 子 军 团”特 兹 诺 尔 
trp_id_1435_pl|特 兹 诺 尔 
trp_id_1436|“乌 西 里 安 阴 间 军 团”弗 卡 斯 
trp_id_1436_pl|弗 卡 斯 
trp_id_1437|“库 查 阿 军 团 战 士”图 库 斯 
trp_id_1437_pl|图 库 斯 
trp_id_1438|“观 星 室 守 卫”佐 尔 扎 
trp_id_1438_pl|佐 尔 扎 
trp_id_1439|“冷 蜥 骑 兵 大 队 骑 手”里 斯 
trp_id_1439_pl|里 斯 
trp_id_1440|“老 兵 战 士”萨 马 克 
trp_id_1440_pl|萨 马 克 
trp_id_1441|“巨 角 冷 蜥 骑 手”迦 柯 
trp_id_1441_pl|迦 柯 
trp_id_1442|“军 阀 亲 兵 小 子”乌 璐 
trp_id_1442_pl|乌 璐 
trp_id_1443|“八 峰 山 狂 徒”咯 拉 克 
trp_id_1443_pl|咯 拉 克 
trp_id_1444|“锈 箭 射 手”嘶 拉 特 
trp_id_1444_pl|嘶 拉 特 
trp_id_1445|“月 下 嚎 叫 者”拽 格 兹 
trp_id_1445_pl|拽 格 兹 
trp_id_1446|“劫 牙 恶 匪”呆 布 喏 
trp_id_1446_pl|呆 布 喏 
trp_id_1447|“猩 红 杀 手”野 大 咖 
trp_id_1447_pl|野 大 咖 
trp_id_1448|“碎 獠 暴 徒”咬 古 塔 
trp_id_1448_pl|咬 古 塔 
trp_id_1449|“劫 道 小 子”大 苟 哥 
trp_id_1449_pl|大 苟 哥 
trp_id_1450|“弓 箭 小 子”葛 刷 兹 
trp_id_1450_pl|葛 刷 兹 
trp_id_1451|“战 猪 小 子”左 嗝 扎 
trp_id_1451_pl|左 嗝 扎 
trp_id_1452|斯 纳 茨 
trp_id_1452_pl|斯 纳 茨 
trp_id_1453|史 奎 兹 
trp_id_1453_pl|史 奎 兹 
trp_id_1454|布 格 拉 克 
trp_id_1454_pl|布 格 拉 克 
trp_id_1455|纳 格 拉 特 
trp_id_1455_pl|纳 格 拉 特 
trp_id_1456|米 祖 鲁 兹 
trp_id_1456_pl|米 祖 鲁 兹 
trp_id_1457|“邓 肯 瓦 尔 毁 灭 者”阿 祖 罗 克 
trp_id_1457_pl|阿 祖 罗 克 
trp_id_1458|“黑 角 蹂 躏 者”戴 文 绍 尔 
trp_id_1458_pl|戴 文 绍 尔 
trp_id_1459|“柯 罗 卡 肢 解 者”古 拉 西 
trp_id_1459_pl|古 拉 西 
trp_id_1460|“大 角 兽”卡 兹 东 
trp_id_1460_pl|卡 兹 东 
trp_id_1461|“隐 匿 恶 刺”福 杜 科 
trp_id_1461_pl|福 杜 科 
trp_id_1462|安 东 
trp_id_1462_pl|安 东 
trp_id_1463|爱 德 华 
trp_id_1463_pl|爱 德 华 
trp_id_1464|马 吕 斯 
trp_id_1464_pl|马 吕 斯 
trp_id_1465|斯 蒂 凡 
trp_id_1465_pl|斯 蒂 凡 
trp_id_1466|瓦 西 里 
trp_id_1466_pl|瓦 西 里 
trp_id_1467|斯 坦 尼 斯 拉 夫 
trp_id_1467_pl|斯 坦 尼 斯 拉 夫 
trp_id_1468|坚 志 
trp_id_1468_pl|坚 志 
trp_id_1469|光 雷 
trp_id_1469_pl|光 雷 
trp_id_1470|卡 娅 
trp_id_1470_pl|卡 娅 
trp_id_1471|伊 西 
trp_id_1471_pl|伊 西 
trp_id_1472|广 岛 
trp_id_1472_pl|广 岛 
trp_id_1473|戴 安 娜 
trp_id_1473_pl|戴 安 娜 
trp_id_1474|“白 矮 人”格 罗 姆·布 林 戴 尔 
trp_id_1474_pl|“白 矮 人”格 罗 姆·布 林 戴 尔 
trp_id_1475|“巨 魔 王”索 隆 格 
trp_id_1475_pl|“巨 魔 王”索 隆 格 
trp_id_1476|金 刚 
trp_id_1476_pl|金 刚 
trp_id_1477|欧 嗝 礼 
trp_id_1477_pl|欧 嗝 礼 
trp_id_1478|帝 国 皇 帝，卡 尔 · 弗 兰 茨 
trp_id_1478_pl|卡 尔 · 弗 兰 茨 
trp_id_1479|至 高 王 索 尔 葛 林 · 负 怨 者 
trp_id_1479_pl|索 尔 葛 林 · 负 怨 者 
trp_id_1480|凤 凰 王 芬 努 巴 
trp_id_1480_pl|芬 努 巴 
trp_id_1481|哈 苏 特 至 高 术 士，阿 斯 卓 格 斯·铁 手 
trp_id_1481_pl|阿 斯 卓 格 斯·铁 手 
trp_id_1482|永 世 神 选 · 艾 查 恩 
trp_id_1482_pl|艾 查 恩 
trp_id_1483|不 朽 大 帝，赛 特 拉 
trp_id_1483_pl|赛 特 拉 
trp_id_1484|最 后 守 卫 者·库·伽 
trp_id_1484_pl|库·伽 
trp_id_1485|八 峰 山 战 将，史 卡 斯 尼 克 
trp_id_1485_pl|史 卡 斯 尼 克 
trp_id_1486|邪 恶 苏 丹 · 贾 法 尔 
trp_id_1486_pl|贾 法 尔 
trp_id_1487|格 里 姆 格 · 铁 皮 
trp_id_1487_pl|格 里 姆 格 · 铁 皮 
trp_id_1488|巴 托 尼 亚 国 王，劳 恩·列 奥 康 沃 尔 
trp_id_1488_pl|劳 恩 · 列 奥 康 沃 尔 
trp_id_1489|巫 王 马 雷 基 斯 
trp_id_1489_pl|马 雷 基 斯 
trp_id_1490|十 三 议 会 之 首，灰 先 知 领 主 克 利 斯 提 里 克 
trp_id_1490_pl|克 利 斯 提 里 克 
trp_id_1491|红 沙 皇 鲍 里 斯 · 波 卡 
trp_id_1491_pl|鲍 里 斯 · 波 卡 
trp_id_1492|万 兽 之 王，戈 索 尔 
trp_id_1492_pl|万 兽 之 王，戈 索 尔 
trp_id_1493|幕 府 将 军，亚 子 奴·金 华 
trp_id_1493_pl|亚 子 奴·金 华 
trp_id_1494|阴 影 死 亡 大 君，弗 拉 德 · 冯 · 卡 斯 坦 因 
trp_id_1494_pl|弗 拉 德 · 冯 · 卡 斯 坦 因 
trp_id_1495|林 地 之 王 奥 莱 恩 
trp_id_1495_pl|奥 莱 恩 
trp_id_1496|深 渊 死 亡 大 君，卢 瑟 · 哈 肯 
trp_id_1496_pl|卢 瑟 · 哈 肯 
trp_id_1497|斯 提 尔 领 选 帝 侯，阿 尔 贝 里 希 · 豪 特 · 安 德 森 
trp_id_1497_pl|阿 尔 贝 里 希 · 豪 特 · 安 德 森 
trp_id_1498|米 登 领 选 帝 侯，鲍 里 斯 · 托 德 布 林 格 
trp_id_1498_pl|鲍 里 斯 · 托 德 布 林 格 
trp_id_1499|诺 德 领 选 帝 侯，狄 奥 多 里 克 · 高 瑟 
trp_id_1499_pl|狄 奥 多 里 克·高 瑟 
trp_id_1500|塔 拉 贝 克 领 选 帝 侯，赫 尔 穆 特 · 费 尔 巴 哈 
trp_id_1500_pl|赫 尔 穆 特 · 费 尔 巴 哈 
trp_id_1501|霍 克 领 选 帝 侯，艾 登 布 兰 德  ·  鲁 登 霍 夫 
trp_id_1501_pl|艾 登 布 兰 德  ·  鲁 登 霍 夫 
trp_id_1502|奥 斯 特 马 克 选 帝 侯，沃 尔 夫 勒 姆 · 赫 特 维 格 
trp_id_1502_pl|沃 尔 夫 勒 姆 · 赫 特 维 格 
trp_id_1503|奥 斯 特 领 选 帝 侯，沃 尔 米 尔 · 冯 · 劳 科 夫 
trp_id_1503_pl|沃 尔 米 尔 · 冯 · 劳 科 夫 
trp_id_1504|艾 维 领 选 帝 候，“疯 伯 爵”马 略·雷 道 夫 
trp_id_1504_pl|“疯 伯 爵”马 略·雷 道 夫 
trp_id_1505|火 焰 系 大 法 师，图 鲁 斯 · 戈 尔 曼 
trp_id_1505_pl|图 鲁 斯 · 戈 尔 曼 
trp_id_1506|紫 晶 学 院 魔 导 师，”墓 园 玫 瑰“埃 尔 斯 佩 斯 · 冯 · 德 拉 肯 
trp_id_1506_pl|埃 尔 斯 佩 斯 · 冯 · 德 拉 肯 
trp_id_1507|威 森 领 选 帝 侯，艾 曼 诺 莉 · 冯 · 勒 布 维 茨 
trp_id_1507_pl|艾 曼 诺 莉·冯·勒 布 维 茨 
trp_id_1508|皇 帝 冠 军，路 德 维 格 · 史 瓦 兹 海 默 
trp_id_1508_pl|路 德 维 格 · 史 瓦 兹 海 默 
trp_id_1509|魔 法 学 院 大 魔 导 使，拜 尔 沙 泽 · 盖 尔 特 
trp_id_1509_pl|拜 尔 沙 泽 · 盖 尔 特 
trp_id_1510|布 拉 凯 德 勋 爵 
trp_id_1510_pl|布 拉 凯 德 
trp_id_1511|瑞 克 元 帅，库 尔 特 · 海 尔 伯 格 
trp_id_1511_pl|库 尔 特 · 海 尔 伯 格 
trp_id_1512|无 情 者 沃 克 玛 
trp_id_1512_pl|沃 克 玛 
trp_id_1513|西 格 玛 先 知，卢 瑟 · 胡 斯 
trp_id_1513_pl|卢 瑟 · 胡 斯 
trp_id_1514|西 格 玛 神 选 冠 军，沃 腾 
trp_id_1514_pl|沃 腾 
trp_id_1515|尤 里 克 大 祭 司，埃 米 尔 · 法 戈 尔 
trp_id_1515_pl|埃 米 尔·法 戈 尔 
trp_id_1516|伯 恩 哈 特 将 军 
trp_id_1516_pl|伯 恩 哈 特 
trp_id_1517|卡 拉 克 - 铁 峰 堡 之 王，卡 扎 铎 尔 · 雷 霆 号 角 
trp_id_1517_pl|卡 扎 铎 尔 · 雷 霆 号 角 
trp_id_1518|屠 夫 王 阿 格 里 姆 · 铁 拳 
trp_id_1518_pl|阿 格 里 姆 · 铁 拳 
trp_id_1519|卡 拉 克 - 号 角 堡 之 王，阿 历 克 · 拉 恩 乌 尔 森 
trp_id_1519_pl|阿 历 克 · 拉 恩 乌 尔 森 
trp_id_1520|巴 拉 克 - 海 门 关 之 王，赞 尼 尔 · 古 迪 森 
trp_id_1520_pl|赞 尼 尔 · 古 迪 森 
trp_id_1521|卡 拉 克 - 荒 芜 堡 之 王，布 洛 克 · 铁 凿 
trp_id_1521_pl|布 洛 克 · 铁 凿 
trp_id_1522|卡 拉 克 - 铜 山 堡 之 王，卡 兹 拉 · 怒 眉 
trp_id_1522_pl|卡 兹 朗 · 怒 眉 
trp_id_1523|激 流 关 之 王，莫 格 里 姆 · 铁 炉 
trp_id_1523_pl|莫 格 瑞 姆 · 铁 炉 
trp_id_1524|八 峰 山 正 主，贝 勒 加·铁 锤 
trp_id_1524_pl|贝 勒 加 · 铁 锤 
trp_id_1525|达 尔 冈 · 酒 桶 族 长 
trp_id_1525_pl|达 尔 冈 · 酒 桶 
trp_id_1526|葛 拉 兹·费 利 尔 森 族 长 
trp_id_1526_pl|葛 拉 兹·费 利 尔 森 
trp_id_1527|“符 文 大 师”托 雷 克 · 铁 眉 
trp_id_1527_pl|托 雷 克 · 铁 眉 
trp_id_1528|拜 诺 挪 斯 · 贡 德 达 克 族 长 
trp_id_1528_pl|拜 诺 挪 斯·贡 德 达 克 
trp_id_1529|布 鲁 克 · 石 拳 族 长 
trp_id_1529_pl|布 鲁 克 · 石 拳 
trp_id_1530|“符 文 领 主”冷 酷 者 克 拉 格 
trp_id_1530_pl|冷 酷 者 克 拉 格 
trp_id_1531|工 程 大 师 布 洛 克 · 达 明 森 
trp_id_1531_pl|布 洛 克 · 达 明 森 
trp_id_1532|工 程 大 师 格 林 · 布 洛 克 森 
trp_id_1532_pl|格 林·布 洛 克 森 
trp_id_1533|“强 硬 者”道 格 族 长 
trp_id_1533_pl|“强 硬 者”道 格 
trp_id_1534|格 拉 格 里 姆 · 铁 拳 
trp_id_1534_pl|格 拉 格 里 姆 · 铁 拳 
trp_id_1535|桑 德 姆 族 长 
trp_id_1535_pl|桑 德 姆 
trp_id_1536|尤 里 族 长 
trp_id_1536_pl|尤 里 
trp_id_1537|艾 纳 瑞 欧 血 脉，泰 瑞 昂 王 子 
trp_id_1537_pl|泰 瑞 昂 
trp_id_1538|荷 斯 白 塔 至 高 大 法 师 , 泰 格 里 斯 
trp_id_1538_pl|泰 格 里 斯 
trp_id_1539|冷 酷 者 艾 萨 里 昂 
trp_id_1539_pl|艾 萨 里 昂 
trp_id_1540|“影 王”阿 里 斯 · 安 纳 尔 
trp_id_1540_pl|阿 里 斯 · 安 纳 尔 
trp_id_1541|白 狮 卫 队 长 柯 希 尔 
trp_id_1541_pl|柯 希 尔 
trp_id_1542|凤 凰 卫 队 长 卡 卓 焉 
trp_id_1542_pl|卡 卓 焉 
trp_id_1543|欧 拉 恩·安 纳 尔 王 子 
trp_id_1543_pl|欧 拉 恩·安 纳 尔 
trp_id_1544|艾 纳 瑞 欧 王 子 
trp_id_1544_pl|艾 纳 瑞 欧 
trp_id_1545|基 拉 迪 斯 王 子 
trp_id_1545_pl|基 拉 迪 斯 
trp_id_1546|凯 拉 丹 王 子 
trp_id_1546_pl|凯 拉 丹 
trp_id_1547|卡 勒 多 之 裔，伊 姆 瑞 克 亲 王 
trp_id_1547_pl|伊 姆 瑞 克 
trp_id_1548|乌 兰 诺 王 子 
trp_id_1548_pl|乌 兰 诺 
trp_id_1549|拉 瑞 尔 王 子 
trp_id_1549_pl|拉 瑞 尔 
trp_id_1550|查 瑞 斯 王 子 
trp_id_1550_pl|查 瑞 斯 王 子 
trp_id_1551|“学 者 之 君”埃 西 斯 
trp_id_1551_pl|埃 西 斯 
trp_id_1552|“莽 夫”莫 维 尔 
trp_id_1552_pl|莫 维 尔 
trp_id_1553|卡 勒 多 的 曼 希 优 斯 王 子 
trp_id_1553_pl|曼 希 优 斯 
trp_id_1554|沃 拉 尔 王 子 
trp_id_1554_pl|沃 拉 尔 
trp_id_1555|埃 尔 达 斯 王 子 
trp_id_1555_pl|埃 尔 达 斯 
trp_id_1556|“智 士 之 王”贝 尔 - 克 哈 迪 斯 
trp_id_1556_pl|贝 尔 - 克 哈 迪 斯 
trp_id_1557|不 破 者 · 里 尔 卡 斯 
trp_id_1557_pl|不 破 者 · 里 尔 卡 斯 
trp_id_1558|黑 色 扎 坦 
trp_id_1558_pl|黑 色 扎 坦 
trp_id_1559|残 酷 者 · 格 斯 
trp_id_1559_pl|残 酷 者 · 格 斯 
trp_id_1560|灰 烬·德 拉 兹 霍 斯 
trp_id_1560_pl|灰 烬·德 拉 兹 霍 斯 
trp_id_1561|瓦 兹 拉 克 · 血 召 
trp_id_1561_pl|瓦 兹 拉 克 · 血 召 
trp_id_1562|博 尔 扎 · 焦 炭 
trp_id_1562_pl|博 尔 扎 · 焦 炭 
trp_id_1563|雷 夫 拉 克·烬 足 
trp_id_1563_pl|雷 夫 拉 克·烬 足 
trp_id_1564|德 拉 卡 · 铜 牙 
trp_id_1564_pl|德 拉 卡 · 铜 牙 
trp_id_1565|扎 金 布 尔 · 颅 钉 
trp_id_1565_pl|扎 金 布 尔 · 颅 钉 
trp_id_1566|卡 尔 卡 德 · 雷 击 
trp_id_1566_pl|卡 尔 卡 德 · 雷 击 
trp_id_1567|瓦 日 - 库 尔 · 重 步 
trp_id_1567_pl|瓦 日 - 库 尔 · 重 步 
trp_id_1568|扎 克 - 霍 斯 · 金 斧 
trp_id_1568_pl|扎 克 - 霍 斯 · 金 斧 
trp_id_1569|阿 苏 - 鲁 斯 · 灭 窑 
trp_id_1569_pl|阿 苏 - 鲁 斯 · 灭 窑 
trp_id_1570|哈 克 特 · 熔 火 
trp_id_1570_pl|哈 克 特 · 熔 火 
trp_id_1571|贝 尔 佐 - 霍 斯 · 地 狱 先 知 
trp_id_1571_pl|贝 尔 佐 - 霍 斯 · 地 狱 先 知 
trp_id_1572|瑞 尔 姆 - 巴 尔 · 渴 求 者 
trp_id_1572_pl|瑞 尔 姆 - 巴 尔 · 渴 求 者 
trp_id_1573|阿 什 瓦 格 纳 克 · 颅 匠 
trp_id_1573_pl|阿 什 瓦 格 纳 克 · 颅 匠 
trp_id_1574|杜 兰 · 无 面 者 
trp_id_1574_pl|杜 兰 · 无 面 者 
trp_id_1575|布 克 - 哈 尔 · 炎 牛 
trp_id_1575_pl|布 克 - 哈 尔 · 炎 牛 
trp_id_1576|维 克 隆 德 · 爆 破 
trp_id_1576_pl|维 克 隆 德 · 爆 破 
trp_id_1577|“征 服 者”瓦 德 克 · 克 戎 
trp_id_1577_pl|瓦 德 克 · 克 戎 
trp_id_1578|黑 暗 之 主，先 驱 者 比 拉 克 
trp_id_1578_pl|比 拉 克 
trp_id_1579|亡 灵 颤 栗 者 · 哈 拉 尔 德 · 重 锤 风 暴 
trp_id_1579_pl|哈 拉 尔 德 · 重 锤 风 暴 
trp_id_1580|百 战 百 胜 · 阿 巴 尔 
trp_id_1580_pl|阿 巴 尔 
trp_id_1581|美 人 西 格 瓦 尔 德 
trp_id_1581_pl|西 格 瓦 尔 德 
trp_id_1582|埃 格 里 姆 · 冯 · 霍 斯 特 曼 
trp_id_1582_pl|埃 格 里 姆 · 冯 · 霍 斯 特 曼 
trp_id_1583|收 割 者 · 瓦 尔 尼 尔 
trp_id_1583_pl|收 割 者 · 瓦 尔 尼 尔 
trp_id_1584|血 腥 哈 格 罗 斯 
trp_id_1584_pl|哈 格 罗 斯 
trp_id_1585|婓 托 
trp_id_1585_pl|感 染 者 婓 托 
trp_id_1586|变 化 者 梅 列 克 
trp_id_1586_pl|梅 列 克 
trp_id_1587|流 浪 者 乌 弗 瑞 克 
trp_id_1587_pl|乌 弗 瑞 克 
trp_id_1588|色 孽 冠 军 斯 提 卡 
trp_id_1588_pl|斯 提 卡 
trp_id_1589|恐 虐 王 妃 瓦 尔 基 娅 
trp_id_1589_pl|瓦 尔 基 娅 
trp_id_1590|色 孽 假 面 舞 女 
trp_id_1590_pl|色 孽 假 面 舞 女 
trp_id_1591|奸 奇 冠 军 埃 考 德 - 哈 尔 博 思 
trp_id_1591_pl|埃 考 德 - 哈 尔 博 思 
trp_id_1592|阿 尔 夫·魔 爪 
trp_id_1592_pl|阿 尔 夫·魔 爪 
trp_id_1593|混 沌 领 主 罗 德 里 克 · 科 斯 蒂 尔 
trp_id_1593_pl|罗 德 里 克 · 科 斯 蒂 尔 
trp_id_1594|混 沌 领 主 伊 戈 尔 · 卢 珀 迪 斯 
trp_id_1594_pl|伊 戈 尔·吕 特 波 杜 斯 
trp_id_1595|混 沌 领 主 瑞 内 · 戴 波 希 厄 
trp_id_1595_pl|瑞 内 · 戴 波 希 厄 
trp_id_1596|嗜 血 者 阿 布 拉 克 斯 
trp_id_1596_pl|阿 布 拉 克 斯 
trp_id_1597|至 高 女 王 卡 丽 达 
trp_id_1597_pl|卡 丽 达 
trp_id_1598|古 墓 大 祭 司 卡 特 普 
trp_id_1598_pl|古 墓 大 祭 司 卡 特 普 
trp_id_1599|圣 甲 虫 王 子 阿 波 菲 斯 
trp_id_1599_pl|阿 波 菲 斯 
trp_id_1600|赛 特 拉 特 使，传 令 长 内 科 弗 
trp_id_1600_pl|内 科 弗 
trp_id_1601|圣 礼 死 亡 大 君，黑 色 阿 克 汉 
trp_id_1601_pl|阿 克 汉 
trp_id_1602|阿 卡 迪 扎 国 王 
trp_id_1602_pl|阿 卡 迪 扎 
trp_id_1603|太 阳 步 兵 团 长，因 穆 萨 皮 王 子 
trp_id_1603_pl|因 穆 萨 皮 
trp_id_1604|库 尔 - 阿 姆 - 霍 特 普 国 王 
trp_id_1604_pl|库 尔 - 阿 姆 - 霍 特 普 
trp_id_1605|拉 克 姆 国 王 
trp_id_1605_pl|拉 克 姆 
trp_id_1606|胡 拉 森 国 王 
trp_id_1606_pl|古 墓 国 王，胡 拉 森 
trp_id_1607|阿 扎 顿 国 王 
trp_id_1607_pl|阿 扎 顿 
trp_id_1608|库 鲁 阿 斯 国 王 
trp_id_1608_pl|库 鲁 阿 斯 
trp_id_1609|阿 玛 达 国 王 
trp_id_1609_pl|恩 达 
trp_id_1610|海 文 国 王 
trp_id_1610_pl|海 文 
trp_id_1611|穆 纳 国 王 
trp_id_1611_pl|穆 纳 
trp_id_1612|厄 恩 国 王 
trp_id_1612_pl|厄 恩 
trp_id_1613|雷 顿 国 王 
trp_id_1613_pl|雷 顿 
trp_id_1614|提 里 穆 萨 国 王 
trp_id_1614_pl|提 里 穆 萨 
trp_id_1615|狄 斯 瓦 国 王 
trp_id_1615_pl|狄 斯 瓦 
trp_id_1616|比 力 亚 国 王 
trp_id_1616_pl|比 力 亚 
trp_id_1617|尊 崇 古 血 战 士，因 扎 - 特 卡 
trp_id_1617_pl|因 扎 - 特 卡 
trp_id_1618|永 世 守 卫 查 卡 斯 
trp_id_1618_pl|查 卡 斯 
trp_id_1619|大 白 蜥 哥 罗 克 
trp_id_1619_pl|哥 罗 克 
trp_id_1620|漫 游 者 纳 卡 伊 
trp_id_1620_pl|纳 卡 伊 
trp_id_1621|古 血 战 士 阿 特 拉 兹 克 
trp_id_1621_pl|阿 特 拉 兹 克 
trp_id_1622|古 血 战 士 卡 鲁 
trp_id_1622_pl|卡 鲁 
trp_id_1623|古 血 战 士 汉 特 卡 
trp_id_1623_pl|汉 特 卡 
trp_id_1624|古 血 战 士 卡 伊 特 卡 
trp_id_1624_pl|卡 伊 特 卡 
trp_id_1625|古 血 战 士 欧 卢 托 
trp_id_1625_pl|欧 卢 托 
trp_id_1626|古 血 战 士 腾 奈 特 
trp_id_1626_pl|腾 奈 特 
trp_id_1627|古 血 战 士 特 修 罗 
trp_id_1627_pl|特 修 罗 
trp_id_1628|古 血 战 士 特 莱 瓜 利 
trp_id_1628_pl|特 莱 瓜 利 
trp_id_1629|古 血 战 士 提 兹 
trp_id_1629_pl|提 兹 
trp_id_1630|古 血 战 士 戈 嘎 兹 特 
trp_id_1630_pl|戈 嘎 兹 特 
trp_id_1631|古 血 战 士 迪 欧 
trp_id_1631_pl|迪 欧 
trp_id_1632|古 血 战 士 因 特 安 
trp_id_1632_pl|因 特 安 
trp_id_1633|古 血 战 士 阿 思 罗 托 
trp_id_1633_pl|阿 思 罗 托 
trp_id_1634|古 血 战 士 阿 特 嘎 
trp_id_1634_pl|阿 特 嘎 
trp_id_1635|古 血 战 士 奎 特 马 兹 
trp_id_1635_pl|奎 特 马 兹 
trp_id_1636|古 血 战 士 吉 兹 拉 
trp_id_1636_pl|吉 兹 拉 
trp_id_1637|迷 雾 山 大 肚 王 咕 噜 
trp_id_1637_pl|咕 噜 
trp_id_1638|斯 凯 克 斯 战 将 
trp_id_1638_pl|斯 凯 克 斯 
trp_id_1639|格 拉 特 · 斯 拉 格 战 将 
trp_id_1639_pl|格 拉 特 · 斯 拉 格 
trp_id_1640|弗 拉 纳 肯 战 将 
trp_id_1640_pl|弗 拉 纳 肯 
trp_id_1641|坎 阿 吱 战 将 
trp_id_1641_pl|坎 阿 吱 
trp_id_1642|葛 林 喏 瑟 叽 战 将 
trp_id_1642_pl|葛 林 喏 瑟 叽 
trp_id_1643|阿 葛 里 兰 战 将 
trp_id_1643_pl|阿 葛 里 兰 
trp_id_1644|贝 思 兰 战 将 
trp_id_1644_pl|贝 思 兰 
trp_id_1645|史 诺 法 战 将 
trp_id_1645_pl|史 诺 法 
trp_id_1646|格 夫 战 将 
trp_id_1646_pl|格 夫 
trp_id_1647|戈 尔 梅 格 战 将 
trp_id_1647_pl|戈 尔 梅 格 
trp_id_1648|瑞 叽 战 将 
trp_id_1648_pl|瑞 叽 
trp_id_1649|马 克 特 战 将 
trp_id_1649_pl|马 克 特 
trp_id_1650|贺 巴 慈 战 将 
trp_id_1650_pl|贺 巴 慈 
trp_id_1651|克 拉 贝 巴 腾 战 将 
trp_id_1651_pl|克 拉 贝 巴 腾 
trp_id_1652|维 斯 葛 战 将 
trp_id_1652_pl|维 斯 葛 
trp_id_1653|斯 盖 皮 葛 战 将 
trp_id_1653_pl|斯 盖 皮 葛 
trp_id_1654|塞 咖 战 将 
trp_id_1654_pl|塞 咖 
trp_id_1655|叭 斐 战 将 
trp_id_1655_pl|叭 斐 
trp_id_1656|斯 玛 叽 战 将 
trp_id_1656_pl|斯 玛 叽 
trp_id_1657|萨 拉 - 阿 - 丁 
trp_id_1657_pl|萨 拉 - 阿 - 丁 
trp_id_1658|“大 伟 主”阿 里 王 子 
trp_id_1658_pl|阿 里 王 子 
trp_id_1659|“银 色 面 纱”贾 斯 敏 
trp_id_1659_pl|贾 斯 敏 
trp_id_1660|纽 瓦 埃 米 尔 
trp_id_1660_pl|纽 瓦 
trp_id_1661|曼 德 哈 利 尔 埃 米 尔 
trp_id_1661_pl|曼 德 哈 利 尔 
trp_id_1662|戛 纳 瓦 埃 米 尔 
trp_id_1662_pl|戛 纳 瓦 
trp_id_1663|努 安 埃 米 尔 
trp_id_1663_pl|努 安 
trp_id_1664|狄 由 埃 米 尔 
trp_id_1664_pl|狄 由 
trp_id_1665|拉 根 埃 米 尔 
trp_id_1665_pl|拉 根 
trp_id_1666|库 拉 森 埃 米 尔 
trp_id_1666_pl|库 拉 森 
trp_id_1667|阿 扎 顿 埃 米 尔 
trp_id_1667_pl|阿 扎 顿 
trp_id_1668|库 亚 埃 米 尔 
trp_id_1668_pl|库 亚 
trp_id_1669|安 达 埃 米 尔 
trp_id_1669_pl|安 达 
trp_id_1670|海 瓦 埃 米 尔 
trp_id_1670_pl|海 瓦 
trp_id_1671|穆 讷 埃 米 尔 
trp_id_1671_pl|穆 讷 
trp_id_1672|埃 因 埃 米 尔 
trp_id_1672_pl|埃 因 
trp_id_1673|拉 多 埃 米 尔 
trp_id_1673_pl|拉 多 
trp_id_1674|提 林 马 沙 埃 米 尔 
trp_id_1674_pl|提 林 马 沙 
trp_id_1675|丹 斯 瓦 埃 米 尔 
trp_id_1675_pl|丹 斯 瓦 
trp_id_1676|比 利 亚 埃 米 尔 
trp_id_1676_pl|比 利 亚 
trp_id_1677|索 尔 领 毁 灭 者，哥 巴 德·铁 爪 
trp_id_1677_pl|哥 巴 德 · 铁 爪 
trp_id_1678|黑 牙 部 落 战 将，戈 古 特 
trp_id_1678_pl|戈 古 特 
trp_id_1679|乌 兹 老 大 
trp_id_1679_pl|乌 兹 
trp_id_1680|兽 人 老 大 波 嘎 特·打 脸 者 
trp_id_1680_pl|波 嘎 特·打 脸 者 
trp_id_1681|戈 尔 牙 · 恶 胆 
trp_id_1681_pl|戈 尔 牙 · 恶 胆 
trp_id_1682|勒 脖 者 莫 尔 格 卢 姆 
trp_id_1682_pl|莫 尔 格 卢 姆 
trp_id_1683|矮 人 克 星，巴 达 克·艾 德 斯 塔 
trp_id_1683_pl|巴 达 克·艾 德 斯 塔 
trp_id_1684|黑 兽 人 老 大，杜 克·剜 眼 者 
trp_id_1684_pl|杜 克·剜 眼 者 
trp_id_1685|加 比 老 大 
trp_id_1685_pl|加 比 
trp_id_1686|屠 灭 者 阿 兹 汗 
trp_id_1686_pl|阿 兹 汗 
trp_id_1687|兽 人 萨 满 斯 卡 布 罗 
trp_id_1687_pl|斯 卡 布 罗 
trp_id_1688|纳 思 嘎 老 大 
trp_id_1688_pl|纳 思 嘎 
trp_id_1689|巨 拳 老 大 
trp_id_1689_pl|巨 拳 
trp_id_1690|汉 嘎 老 大 
trp_id_1690_pl|汉 嘎 
trp_id_1691|塔 卡 尔 老 大 
trp_id_1691_pl|塔 卡 尔 
trp_id_1692|顿 巴 哥 老 大 
trp_id_1692_pl|顿 巴 哥 
trp_id_1693|厄 根 老 大 
trp_id_1693_pl|厄 根 
trp_id_1694|卡 本 老 大 
trp_id_1694_pl|卡 本 
trp_id_1695|刚 扎 老 大 
trp_id_1695_pl|刚 扎 纳 
trp_id_1696|戈 罗 芬 老 大 
trp_id_1696_pl|戈 罗 芬 
trp_id_1697|勒·安 古 朗 公 爵 陶 伯 特 
trp_id_1697_pl|陶 伯 特 
trp_id_1698|阿 奎 坦 公 爵 阿 尔 玛 德 
trp_id_1698_pl|阿 尔 玛 德 
trp_id_1699|阿 图 瓦 公 爵，高 大 的 丘 弗 伊 
trp_id_1699_pl|丘 弗 伊 
trp_id_1700|巴 斯 托 涅 公 爵，屠 兽 者 博 赫 蒙 德 
trp_id_1700_pl|博 赫 蒙 德 
trp_id_1701|蒙 特 福 特 公 爵 佛 卡 尔 德 
trp_id_1701_pl|佛 卡 尔 德 
trp_id_1702|卡 尔 卡 松 公 爵 赫 巴 德 
trp_id_1702_pl|赫 巴 德 
trp_id_1703|布 理 奥 涅 公 爵 西 奥 多 里 克 
trp_id_1703_pl|西 奥 多 里 克 
trp_id_1704|吉 索 莱 奥 公 爵 哈 根 
trp_id_1704_pl|哈 根 
trp_id_1705|奎 纳 利 斯 公 爵 坦 克 雷 德 二 世 
trp_id_1705_pl|坦 克 雷 德 二 世 
trp_id_1706|阿 曼 里 克·德·加 德 隆 爵 士 
trp_id_1706_pl|阿 曼 里 克·德·加 德 隆 
trp_id_1707|穆 席 隆 公 爵 曼 德 雷 德 
trp_id_1707_pl|曼 德 雷 德 
trp_id_1708|帕 拉 翁 公 爵，年 轻 的 卡 塞 昂 
trp_id_1708_pl|卡 塞 昂 
trp_id_1709|波 尔 德 罗 公 爵 艾 博 里 克 
trp_id_1709_pl|艾 博 里 克 
trp_id_1710|里 昂 尼 斯 公 爵 阿 达 尔 哈 德 
trp_id_1710_pl|阿 达 尔 哈 德 
trp_id_1711|湖 神 仙 女 莫 吉 亚 娜 
trp_id_1711_pl|莫 吉 亚 娜 
trp_id_1712|毕 林 科 男 爵 
trp_id_1712_pl|毕 林 科 
trp_id_1713|德 · 罗 邦 侯 爵 
trp_id_1713_pl|德 · 罗 邦 
trp_id_1714|瑞 纳 达 斯 男 爵 
trp_id_1714_pl|瑞 纳 达 斯 
trp_id_1715|多 鲁 斯 男 爵 
trp_id_1715_pl|多 鲁 斯 
trp_id_1716|维 伦 纽 夫 男 爵 
trp_id_1716_pl|维 伦 纽 夫 
trp_id_1717|海 格 · 格 雷 夫 恐 惧 领 主 马 鲁 斯 · 黑 刃 
trp_id_1717_pl|马 鲁 斯 · 黑 刃 
trp_id_1718|至 高 女 术 士 莫 拉 丝 
trp_id_1718_pl|莫 拉 西 
trp_id_1719|影 刃 
trp_id_1719_pl|影 刃 
trp_id_1720|克 拉 肯 之 主 洛 克 希 亚 · 堕 落 之 心 
trp_id_1720_pl|洛 克 希 亚·堕 落 之 心 
trp_id_1721|黑 守 卫 队 长 库 兰 · 黑 手 
trp_id_1721_pl|库 兰 · 黑 手 
trp_id_1722|“恐 惧 使 者”图 拉 瑞 斯 
trp_id_1722_pl|图 拉 瑞 斯 
trp_id_1723|妖 婆 赫 莉 本 
trp_id_1723_pl|赫 莉 本 
trp_id_1724|恐 惧 领 主，托 伦 迪 尔 
trp_id_1724_pl|托 伦 迪 尔 
trp_id_1725|梅 特 尔 
trp_id_1725_pl|梅 特 尔 
trp_id_1726|恐 惧 领 主，残 酷 者 卡 尔 多 
trp_id_1726_pl|卡 尔 多 
trp_id_1727|刺 客 大 师，黑 色 卡 达 斯 
trp_id_1727_pl|卡 达 斯 
trp_id_1728|野 兽 之 主 拉 卡 斯 
trp_id_1728_pl|拉 卡 斯 
trp_id_1729|恐 惧 领 主，沃 汉 
trp_id_1729_pl|沃 汉 
trp_id_1730|黑 色 方 舟 队 长，残 酷 者 莫 拉 尔 
trp_id_1730_pl|莫 拉 尔 
trp_id_1731|冷 蜥 骑 士 长，柯 弗 兰 
trp_id_1731_pl|柯 弗 兰 
trp_id_1732|“剥 皮 之 雄”曼 吉 尔 
trp_id_1732_pl|曼 吉 尔 
trp_id_1733|恐 惧 领 主，肯 摩 纱 
trp_id_1733_pl|肯 摩 纱 
trp_id_1734|恐 惧 领 主，维 利 辛 
trp_id_1734_pl|维 利 辛 
trp_id_1735|恐 惧 领 主，阿 扎 迪 斯 
trp_id_1735_pl|阿 扎 迪 斯 
trp_id_1736|恐 惧 领 主，纳 瑞 恩 
trp_id_1736_pl|纳 瑞 恩 
trp_id_1737|斯 卡 文 军 阀，维 斯 奎 特·黑 皮 
trp_id_1737_pl|维 斯 奎 特·黑 皮 
trp_id_1738|灰 先 知 阔 尔 戈 
trp_id_1738_pl|阔 尔 戈 
trp_id_1739|八 峰 山 战 神，奎 克·猎 头 者 
trp_id_1739_pl|奎 克·猎 头 者 
trp_id_1740|“不 洁 者”斯 洛 特 
trp_id_1740_pl|斯 洛 特 
trp_id_1741|死 亡 大 师 斯 尼 奇 
trp_id_1741_pl|斯 尼 奇 
trp_id_1742|史 库 里 首 席 工 程 术 士 伊 克 特 · 利 爪 
trp_id_1742_pl|伊 克 特 · 利 爪 
trp_id_1743|崔 特 思 · 畏 尾 
trp_id_1743_pl|崔 特 思 · 畏 尾 
trp_id_1744|摩 斯 氏 族 军 阀 格 诺 德 威 尔 
trp_id_1744_pl|斯 奎 尔·尖 牙 
trp_id_1745|“瘟 疫 领 主”司 库 克 
trp_id_1745_pl|司 库 克 
trp_id_1746|疫 病 氏 族 大 瘟 疫 领 主 纳 格 里 奇 
trp_id_1746_pl|奈 格 利 奇 
trp_id_1747|灰 先 知 川 奎 罗 
trp_id_1747_pl|川 奎 罗 
trp_id_1748|咧 嘴 氏 族 军 阀 克 拉 奇 · 毁 灭 爪 
trp_id_1748_pl|克 拉 奇·毁 灭 爪 
trp_id_1749|斯 卡 文 总 司 令 帕 斯 克 利 特 
trp_id_1749_pl|帕 斯 克 利 特 
trp_id_1750|坏 血 氏 族 军 阀，斯 卡 文 舰 队 统 领 伏 里 斯 科 · 铁 爪 
trp_id_1750_pl|伏 里 斯 科 · 铁 爪 
trp_id_1751|死 亡 大 师 拉 提 尼 
trp_id_1751_pl|拉 提 尼 
trp_id_1752|莫 德 尔 氏 族 兽 群 领 主 凡 米 金 
trp_id_1752_pl|沃 门 金 
trp_id_1753|史 库 里 氏 族 军 阀，工 程 术 士 大 师 莫 斯 基 塔 
trp_id_1753_pl|莫 斯 基 塔 
trp_id_1754|”鼠 害“斯 莱 丝 
trp_id_1754_pl|因 卡 
trp_id_1755|卡 提 · 尾 啮 军 阀 
trp_id_1755_pl|卡 提 · 尾 啮 
trp_id_1756|卡 丘 军 阀 
trp_id_1756_pl|卡 丘 
trp_id_1757|伊 万·拉 蒂 夫 王 子 
trp_id_1757_pl|拉 蒂 夫 
trp_id_1758|冰 雪 女 王 卡 塔 琳 
trp_id_1758_pl|卡 塔 琳 
trp_id_1759|斯 捷 潘·拉 辛 波 维 尔 
trp_id_1759_pl|拉 辛 
trp_id_1760|阿 列 克 西 波 维 尔 
trp_id_1760_pl|阿 列 克 西 
trp_id_1761|鲍 里 斯 拉 夫 波 维 尔 
trp_id_1761_pl|鲍 里 斯 拉 夫 
trp_id_1762|杜 赞 波 维 尔 
trp_id_1762_pl|杜 赞 
trp_id_1763|拉 兹 洛 波 维 尔 
trp_id_1763_pl|拉 兹 洛 
trp_id_1764|米 尔 科 波 维 尔 
trp_id_1764_pl|米 尔 科 
trp_id_1765|拉 多 瓦 波 维 尔 
trp_id_1765_pl|拉 多 瓦 
trp_id_1766|波 雅 尔 斯 坦 尼 斯 瓦 夫 
trp_id_1766_pl|斯 坦 尼 斯 瓦 夫 
trp_id_1767|凡 尼 斯 波 维 尔 
trp_id_1767_pl|凡 尼 斯 
trp_id_1768|斯 坦 尼 兹 波 维 尔 
trp_id_1768_pl|斯 坦 尼 兹 
trp_id_1769|奥 尔 蒂 斯 波 维 尔 
trp_id_1769_pl|奥 尔 蒂 斯 
trp_id_1770|布 巴 波 维 尔 
trp_id_1770_pl|布 巴 
trp_id_1771|雷 伊 科 波 维 尔 
trp_id_1771_pl|雷 伊 科 
trp_id_1772|狄 米 刚 波 维 尔 
trp_id_1772_pl|狄 米 刚 
trp_id_1773|马 尔 伊 利 波 维 尔 
trp_id_1773_pl|马 尔 伊 利 
trp_id_1774|吉 尔 斯 波 维 尔 
trp_id_1774_pl|吉 尔 斯 
trp_id_1775|索 顿 波 维 尔 
trp_id_1775_pl|索 顿 
trp_id_1776|杰 拉 尔 德 波 维 尔 
trp_id_1776_pl|杰 拉 尔 德 
trp_id_1777|独 眼 卡 扎 克 
trp_id_1777_pl|卡 扎 克 
trp_id_1778|“千 子 之 父”葛 罗 斯 · 战 蹄 
trp_id_1778_pl|葛 罗 斯 · 战 蹄 
trp_id_1779|”铜 牛“陶 诺 斯 
trp_id_1779_pl|铜 牛 
trp_id_1780|魔 古 尔·影 孽 
trp_id_1780_pl|魔 古 尔 
trp_id_1781|“唾 弃 者”昂 古 尔·四 角 
trp_id_1781_pl|昂 古 尔·四 角 
trp_id_1782|魔 洛 克·虫 舌 
trp_id_1782_pl|虫 舌 
trp_id_1783|兽 王 克 里 欧 文 · 血 角 
trp_id_1783_pl|克 里 欧 文 · 血 角 
trp_id_1784|月 爪·莫 斯 里 布 之 子 
trp_id_1784_pl|月 爪 
trp_id_1785|兽 王 奥 格 斯 
trp_id_1785_pl|奥 格 斯 
trp_id_1786|兽 王 格 尔 索 克 · 断 角 
trp_id_1786_pl|格 尔 索 克 · 断 角 
trp_id_1787|兽 王 拜 扎 德 
trp_id_1787_pl|拜 扎 德 
trp_id_1788|兽 王 格 兰 特 古 斯 
trp_id_1788_pl|格 兰 特 古 斯 
trp_id_1789|兽 王 马 尔 克 斯·瘟 疫 
trp_id_1789_pl|马 尔 克 斯·瘟 疫 
trp_id_1790|兽 王 沙 特 思 · 罗 斯 格 尔 
trp_id_1790_pl|沙 特 思 · 罗 斯 格 尔 
trp_id_1791|兽 王 柯 佳 科·裂 角 
trp_id_1791_pl|柯 佳 科·裂 角 
trp_id_1792|兽 王 泽 科 
trp_id_1792_pl|泽 科 
trp_id_1793|兽 王 巴 克 哈 
trp_id_1793_pl|巴 克 哈 
trp_id_1794|兽 王 乌 格 斯 · 黑 角 
trp_id_1794_pl|乌 格 斯 · 黑 角 
trp_id_1795|兽 王 恐 怖 之 角 
trp_id_1795_pl|恐 怖 之 角 
trp_id_1796|兽 王 扎 卡 尔 · 地 狱 之 角 
trp_id_1796_pl|扎 卡 尔 · 地 狱 之 角 
trp_id_1797|二 瓶 大 名 
trp_id_1797_pl|二 瓶 
trp_id_1798|松 本 大 名 
trp_id_1798_pl|松 本 
trp_id_1799|井 上 大 名 
trp_id_1799_pl|井 上 
trp_id_1800|大 友 大 名 
trp_id_1800_pl|大 友 
trp_id_1801|真 锅 大 名 
trp_id_1801_pl|真 锅 
trp_id_1802|古 谷 大 名 
trp_id_1802_pl|古 谷 
trp_id_1803|作 石 大 名 
trp_id_1803_pl|作 石 
trp_id_1804|士 郎 大 名 
trp_id_1804_pl|士 郎 
trp_id_1805|亮 子 大 名 
trp_id_1805_pl|亮 子 
trp_id_1806|远 藤 大 名 
trp_id_1806_pl|远 藤 
trp_id_1807|梅 泽 大 名 
trp_id_1807_pl|梅 泽 
trp_id_1808|若 杉 大 名 
trp_id_1808_pl|若 杉 
trp_id_1809|三 浦 大 名 
trp_id_1809_pl|三 浦 
trp_id_1810|祈 大 名 
trp_id_1810_pl|祈 
trp_id_1811|鸥 大 名 
trp_id_1811_pl|鸥 
trp_id_1812|稻 垣 大 名 
trp_id_1812_pl|稻 垣 
trp_id_1813|森 田 大 名 
trp_id_1813_pl|森 田 
trp_id_1814|矢 泽 大 名 
trp_id_1814_pl|矢 泽 
trp_id_1815|伊 藤 大 名 
trp_id_1815_pl|伊 藤 
trp_id_1816|奥 大 名 
trp_id_1816_pl|奥 
trp_id_1817|暗 夜 死 亡 大 君，曼 弗 雷 德·冯·卡 斯 坦 因 
trp_id_1817_pl|曼 弗 雷 德 · 冯 · 卡 斯 坦 因 
trp_id_1818|康 拉 德·冯·卡 斯 坦 因 
trp_id_1818_pl|康 拉 德 · 冯 · 卡 斯 坦 因 
trp_id_1819|血 龙 始 祖，鲜 血 之 王 艾 博 赫 拉 什 
trp_id_1819_pl|艾 博 赫 拉 什 
trp_id_1820|迪 奇·库 斯 曼 恩 伯 爵 
trp_id_1820_pl|迪 奇·库 斯 曼 恩 
trp_id_1821|瓦 拉 德 · 斯 赫 菲 德 尔 伯 爵 
trp_id_1821_pl|瓦 拉 德 · 斯 赫 菲 德 尔 
trp_id_1822|驭 生 者 扎 卡 利 亚 
trp_id_1822_pl|扎 卡 赖 亚 
trp_id_1823|“古 老 者”梅 尔 基 奥 
trp_id_1823_pl|梅 尔 基 奥 
trp_id_1824|血 龙 骑 士 团 大 团 长 瓦 拉 什 · 哈 肯 
trp_id_1824_pl|瓦 拉 什 · 哈 肯 
trp_id_1825|红 公 爵 
trp_id_1825_pl|红 公 爵 
trp_id_1826|海 因 里 希 · 凯 姆 勒 
trp_id_1826_pl|海 因 里 希 · 凯 姆 勒 
trp_id_1827|死 亡 大 君 迪 特 尔·海 尔 斯 尼 希 特 
trp_id_1827_pl|迪 特 尔 · 海 尔 斯 尼 希 特 
trp_id_1828|亡 灵 领 主，居 尔 
trp_id_1828_pl|亡 灵 领 主，居 尔 
trp_id_1829|沃 德 克 · 施 塔 姆 勒 伯 爵 
trp_id_1829_pl|沃 德 克 · 施 塔 姆 勒 
trp_id_1830|斯 蒂 芬 · 埃 萨 姆 伯 爵 
trp_id_1830_pl|斯 蒂 芬 · 埃 萨 姆 
trp_id_1831|埃 贝 哈 德 · 葛 兰 奇 伯 爵 
trp_id_1831_pl|埃 贝 哈 德 · 葛 兰 奇 
trp_id_1832|图 德 温 · 玛 蒙 伯 爵 
trp_id_1832_pl|图 德 温 · 玛 蒙 
trp_id_1833|奥 斯 恩 · 弗 辛 伯 爵 
trp_id_1833_pl|奥 斯 恩 · 弗 辛 
trp_id_1834|威 尔 玛 · 吉 斯 朗 伯 爵 
trp_id_1834_pl|威 尔 玛 · 吉 斯 朗 
trp_id_1835|瑞 迪 格 · 博 森 伯 爵 
trp_id_1835_pl|瑞 迪 格 · 博 森 
trp_id_1836|瑞 斯 汀 · 博 格 伯 爵 
trp_id_1836_pl|瑞 斯 汀 · 博 格 
trp_id_1837|林 地 领 主 泰 伦 多 
trp_id_1837_pl|泰 伦 多 
trp_id_1838|林 地 领 主 埃 瑟 文 
trp_id_1838_pl|埃 瑟 文 
trp_id_1839|林 地 领 主 达 桑 
trp_id_1839_pl|达 桑 
trp_id_1840|林 地 领 主 洛 克 希 尔 
trp_id_1840_pl|洛 克 希 尔 
trp_id_1841|林 地 领 主 卡 瑞 恩 
trp_id_1841_pl|卡 瑞 恩 
trp_id_1842|林 地 领 主 安 巴 尔 
trp_id_1842_pl|安 巴 尔 
trp_id_1843|林 地 领 主 弗 兰 
trp_id_1843_pl|弗 兰 
trp_id_1844|林 地 领 主 艾 瑞 德 
trp_id_1844_pl|爱 瑞 德 
trp_id_1845|林 地 领 主 兰 德 尔 
trp_id_1845_pl|兰 德 尔 
trp_id_1846|林 地 领 主 古 雷 文 
trp_id_1846_pl|古 雷 文 
trp_id_1847|林 地 领 主 艾 迪 诺 尔 
trp_id_1847_pl|艾 迪 诺 尔 
trp_id_1848|林 地 领 主 劳 伦 诺 
trp_id_1848_pl|劳 伦 诺 
trp_id_1849|林 地 领 主 阿 摩 司 
trp_id_1849_pl|阿 摩 司 
trp_id_1850|林 地 领 主 芬 朵 拉 斯 
trp_id_1850_pl|芬 朵 拉 斯 
trp_id_1851|林 地 领 主 伊 兰 德 
trp_id_1851_pl|伊 兰 德 
trp_id_1852|林 地 领 主 阿 杜 瓦 
trp_id_1852_pl|阿 杜 瓦 
trp_id_1853|林 地 领 主 奥 林 
trp_id_1853_pl|奥 林 
trp_id_1854|林 地 领 主 罗 蒙 林 
trp_id_1854_pl|罗 蒙 林 
trp_id_1855|林 地 领 主 达 文 
trp_id_1855_pl|达 文 
trp_id_1856|林 地 领 主 格 拉 温 
trp_id_1856_pl|格 拉 温 
trp_id_1857|摩 根 · 弗 林 特 船 长 
trp_id_1857_pl|摩 根 · 弗 林 特 
trp_id_1858|詹 姆 斯 · 韦 恩 船 长 
trp_id_1858_pl|詹 姆 斯 · 韦 恩 
trp_id_1859|汤 姆 · 雷 克 姆 船 长 
trp_id_1859_pl|汤 姆 · 雷 克 姆 
trp_id_1860|爱 德 华·西 尔 布 雷 船 长 
trp_id_1860_pl|爱 德 华·西 尔 布 雷 
trp_id_1861|乔 · 黑 心 · 吉 格 斯 船 长 
trp_id_1861_pl|乔 · 黑 心 · 吉 格 斯 
trp_id_1862|雷 蒙 德 · 索 尔 兹 伯 里 船 长 
trp_id_1862_pl|雷 蒙 德 · 索 尔 兹 伯 里 
trp_id_1863|比 尔 · 黑 胡 子 船 长 
trp_id_1863_pl|比 尔 · 黑 胡 子 
trp_id_1864|杰 克 · 克 劳 霍 克 船 长 
trp_id_1864_pl|杰 克 · 克 劳 霍 克 
trp_id_1865|乔 治·库 宾 船 长 
trp_id_1865_pl|乔 治·库 宾 
trp_id_1866|洛 根·德 克 布 拉 船 长 
trp_id_1866_pl|洛 根·德 克 布 拉 
trp_id_1867|皮 特 · 戴 德 伍 德 船 长 
trp_id_1867_pl|皮 特 · 戴 德 伍 德 
trp_id_1868|罗 杰 · 桑 格 雷 船 长 
trp_id_1868_pl|罗 杰 · 桑 格 雷 
trp_id_1869|比 利 · 布 拉 莱 恩 船 长 
trp_id_1869_pl|比 利 · 布 拉 莱 恩 
trp_id_1870|埃 罗 尔 · 弗 林 船 长 
trp_id_1870_pl|埃 罗 尔 · 弗 林 
trp_id_1871|内 森 · 霍 金 斯 船 长 
trp_id_1871_pl|内 森 · 霍 金 斯 
trp_id_1872|亨 利 · 德 · 贝 尔 维 尔 船 长 
trp_id_1872_pl|亨 利 · 德 · 贝 尔 维 尔 
trp_id_1873|红 牙 · 法 格 鲁 船 长 
trp_id_1873_pl|红 牙 · 法 格 鲁 
trp_id_1874|布 雷 特 · 瑞 文 布 莱 克 船 长 
trp_id_1874_pl|布 雷 特 · 瑞 文 布 莱 克 
trp_id_1875|约 翰 · 格 森 · 布 莱 克 船 长 
trp_id_1875_pl|约 翰 · 格 森 · 布 莱 克 
trp_id_1876|威 廉 · 希 尔 格 姆 船 长 
trp_id_1876_pl|威 廉 · 希 尔 格 姆 
trp_id_1877|战 争 大 酋 长，黑 爪 
trp_id_1877_pl|黑 爪 
trp_id_1878|错 误 - 骑 士 1 1妻 子 不 应 在 游 戏 中 出 现 
trp_id_1878_pl|骑 士 1 1妻 子 
trp_id_1879|安 娜 女 士 
trp_id_1879_pl|安 娜 
trp_id_1880|奈 尔 达 女 士 
trp_id_1880_pl|奈 尔 达 
trp_id_1881|卡 罗 丝 女 士 
trp_id_1881_pl|卡 罗 丝 
trp_id_1882|达 拉 娜 女 士 
trp_id_1882_pl|达 拉 娜 
trp_id_1883|布 瑞 娜 女 士 
trp_id_1883_pl|布 瑞 娜 
trp_id_1884|阿 琳 娜 女 士 
trp_id_1884_pl|阿 琳 娜 
trp_id_1885|蕾 玛 女 士 
trp_id_1885_pl|蕾 玛 
trp_id_1886|辛 娜 卡 女 士 
trp_id_1886_pl|辛 娜 卡 
trp_id_1887|吉 纳 维 芙 女 士 
trp_id_1887_pl|吉 纳 维 芙 
trp_id_1888|瑞 纳 塔 女 士 
trp_id_1888_pl|瑞 纳 塔 
trp_id_1889|恐 惧 女 巫 博 奇 
trp_id_1889_pl|博 奇 
trp_id_1890|恐 惧 女 巫 图 安 
trp_id_1890_pl|图 安 
trp_id_1891|博 奇 女 士 
trp_id_1891_pl|博 奇 
trp_id_1892|图 安 女 士 
trp_id_1892_pl|图 安 
trp_id_1893|爱 彩 女 士 
trp_id_1893_pl|爱 彩 
trp_id_1894|寺 尾 聪 女 士 
trp_id_1894_pl|寺 尾 聪 
trp_id_1895|卡 洛 丝 女 士 
trp_id_1895_pl|卡 洛 丝 
trp_id_1896|达 纳 娜 女 士 
trp_id_1896_pl|达 纳 娜 
trp_id_2074|竞 技 场 老 板 
trp_id_2075|竞 技 场 老 板 
trp_id_2076|竞 技 场 老 板 
trp_id_2077|竞 技 场 老 板 
trp_id_2078|竞 技 场 老 板 
trp_id_2079|竞 技 场 老 板 
trp_id_2080|竞 技 场 老 板 
trp_id_2081|竞 技 场 老 板 
trp_id_2082|竞 技 场 老 板 
trp_id_2083|竞 技 场 老 板 
trp_id_2084|竞 技 场 老 板 
trp_id_2085|竞 技 场 老 板 
trp_id_2086|竞 技 场 老 板 
trp_id_2087|竞 技 场 老 板 
trp_id_2088|竞 技 场 老 板 
trp_id_2089|竞 技 场 老 板 
trp_id_2090|竞 技 场 老 板 
trp_id_2091|竞 技 场 老 板 
trp_id_2092|竞 技 场 老 板 
trp_id_2093|竞 技 场 老 板 
trp_id_2094|竞 技 场 老 板 
trp_id_2095|竞 技 场 老 板 
trp_id_2096|竞 技 场 老 板 
trp_id_2097|竞 技 场 老 板 
trp_id_2098|竞 技 场 老 板 
trp_id_2099|竞 技 场 老 板 
trp_id_2100|竞 技 场 老 板 
trp_id_2101|竞 技 场 老 板 
trp_id_2102|竞 技 场 老 板 
trp_id_2103|竞 技 场 老 板 
trp_id_2104|竞 技 场 老 板 
trp_id_2105|竞 技 场 老 板 
trp_id_2106|竞 技 场 老 板 
trp_id_2107|竞 技 场 老 板 
trp_id_2108|竞 技 场 老 板 
trp_id_2109|竞 技 场 老 板 
trp_id_2110|竞 技 场 老 板 
trp_id_2111|竞 技 场 老 板 
trp_id_2112|竞 技 场 老 板 
trp_id_2113|竞 技 场 老 板 
trp_id_2114|竞 技 场 老 板 
trp_id_2115|竞 技 场 老 板 
trp_id_2116|竞 技 场 老 板 
trp_id_2117|竞 技 场 老 板 
trp_id_2118|竞 技 场 老 板 
trp_id_2119|竞 技 场 老 板 
trp_id_2120|竞 技 场 老 板 
trp_id_2121|竞 技 场 老 板 
trp_id_2122|竞 技 场 老 板 
trp_id_2123|竞 技 场 老 板 
trp_id_2124|竞 技 场 老 板 
trp_id_2125|竞 技 场 老 板 
trp_id_2126|竞 技 场 老 板 
trp_id_2127|竞 技 场 老 板 
trp_id_2128|竞 技 场 老 板 
trp_id_2129|竞 技 场 老 板 
trp_id_2130|防 具 商 人 
trp_id_2131|防 具 商 人 
trp_id_2132|防 具 商 人 
trp_id_2133|防 具 商 人 
trp_id_2134|防 具 商 人 
trp_id_2135|防 具 商 人 
trp_id_2136|防 具 商 人 
trp_id_2137|防 具 商 人 
trp_id_2138|防 具 商 人 
trp_id_2139|防 具 商 人 
trp_id_2140|防 具 商 人 
trp_id_2141|防 具 商 人 
trp_id_2142|防 具 商 人 
trp_id_2143|防 具 商 人 
trp_id_2144|防 具 商 人 
trp_id_2145|防 具 商 人 
trp_id_2146|防 具 商 人 
trp_id_2147|防 具 商 人 
trp_id_2148|防 具 商 人 
trp_id_2149|防 具 商 人 
trp_id_2150|防 具 商 人 
trp_id_2151|防 具 商 人 
trp_id_2152|防 具 商 人 
trp_id_2153|防 具 商 人 
trp_id_2154|防 具 商 人 
trp_id_2155|防 具 商 人 
trp_id_2156|防 具 商 人 
trp_id_2157|防 具 商 人 
trp_id_2158|防 具 商 人 
trp_id_2159|防 具 商 人 
trp_id_2160|防 具 商 人 
trp_id_2161|防 具 商 人 
trp_id_2162|防 具 商 人 
trp_id_2163|防 具 商 人 
trp_id_2164|防 具 商 人 
trp_id_2165|防 具 商 人 
trp_id_2166|防 具 商 人 
trp_id_2167|防 具 商 人 
trp_id_2168|防 具 商 人 
trp_id_2169|防 具 商 人 
trp_id_2170|防 具 商 人 
trp_id_2171|防 具 商 人 
trp_id_2172|防 具 商 人 
trp_id_2173|防 具 商 人 
trp_id_2174|防 具 商 人 
trp_id_2175|防 具 商 人 
trp_id_2176|防 具 商 人 
trp_id_2177|防 具 商 人 
trp_id_2178|防 具 商 人 
trp_id_2179|防 具 商 人 
trp_id_2180|防 具 商 人 
trp_id_2181|防 具 商 人 
trp_id_2182|防 具 商 人 
trp_id_2183|防 具 商 人 
trp_id_2184|防 具 商 人 
trp_id_2185|防 具 商 人 
trp_id_2186|武 器 商 人 
trp_id_2187|武 器 商 人 
trp_id_2188|武 器 商 人 
trp_id_2189|武 器 商 人 
trp_id_2190|武 器 商 人 
trp_id_2191|武 器 商 人 
trp_id_2192|武 器 商 人 
trp_id_2193|武 器 商 人 
trp_id_2194|武 器 商 人 
trp_id_2195|武 器 商 人 
trp_id_2196|武 器 商 人 
trp_id_2197|武 器 商 人 
trp_id_2198|武 器 商 人 
trp_id_2199|武 器 商 人 
trp_id_2200|武 器 商 人 
trp_id_2201|武 器 商 人 
trp_id_2202|武 器 商 人 
trp_id_2203|武 器 商 人 
trp_id_2204|武 器 商 人 
trp_id_2205|武 器 商 人 
trp_id_2206|武 器 商 人 
trp_id_2207|武 器 商 人 
trp_id_2208|武 器 商 人 
trp_id_2209|武 器 商 人 
trp_id_2210|武 器 商 人 
trp_id_2211|武 器 商 人 
trp_id_2212|武 器 商 人 
trp_id_2213|武 器 商 人 
trp_id_2214|武 器 商 人 
trp_id_2215|武 器 商 人 
trp_id_2216|武 器 商 人 
trp_id_2217|武 器 商 人 
trp_id_2218|武 器 商 人 
trp_id_2219|武 器 商 人 
trp_id_2220|武 器 商 人 
trp_id_2221|武 器 商 人 
trp_id_2222|武 器 商 人 
trp_id_2223|武 器 商 人 
trp_id_2224|武 器 商 人 
trp_id_2225|武 器 商 人 
trp_id_2226|武 器 商 人 
trp_id_2227|武 器 商 人 
trp_id_2228|武 器 商 人 
trp_id_2229|武 器 商 人 
trp_id_2230|武 器 商 人 
trp_id_2231|武 器 商 人 
trp_id_2232|武 器 商 人 
trp_id_2233|武 器 商 人 
trp_id_2234|武 器 商 人 
trp_id_2235|武 器 商 人 
trp_id_2236|武 器 商 人 
trp_id_2237|武 器 商 人 
trp_id_2238|武 器 商 人 
trp_id_2239|武 器 商 人 
trp_id_2240|武 器 商 人 
trp_id_2241|武 器 商 人 
trp_id_2242|酒 馆 老 板 
trp_id_2243|酒 馆 老 板 
trp_id_2244|酒 馆 老 板 
trp_id_2245|酒 馆 老 板 
trp_id_2246|酒 馆 老 板 
trp_id_2247|酒 馆 老 板 
trp_id_2248|酒 馆 老 板 
trp_id_2249|酒 馆 老 板 
trp_id_2250|酒 馆 老 板 
trp_id_2251|酒 馆 老 板 
trp_id_2252|酒 馆 老 板 
trp_id_2253|酒 馆 老 板 
trp_id_2254|酒 馆 老 板 
trp_id_2255|酒 馆 老 板 
trp_id_2256|酒 馆 老 板 
trp_id_2257|酒 馆 老 板 
trp_id_2258|酒 馆 老 板 
trp_id_2259|酒 馆 老 板 
trp_id_2260|酒 馆 老 板 
trp_id_2261|酒 馆 老 板 
trp_id_2262|酒 馆 老 板 
trp_id_2263|酒 馆 老 板 
trp_id_2264|酒 馆 老 板 
trp_id_2265|酒 馆 老 板 
trp_id_2266|酒 馆 老 板 
trp_id_2267|酒 馆 老 板 
trp_id_2268|酒 馆 老 板 
trp_id_2269|酒 馆 老 板 
trp_id_2270|酒 馆 老 板 
trp_id_2271|酒 馆 老 板 
trp_id_2272|酒 馆 老 板 
trp_id_2273|酒 馆 老 板 
trp_id_2274|酒 馆 老 板 
trp_id_2275|酒 馆 老 板 
trp_id_2276|酒 馆 老 板 
trp_id_2277|酒 馆 老 板 
trp_id_2278|酒 馆 老 板 
trp_id_2279|酒 馆 老 板 
trp_id_2280|酒 馆 老 板 
trp_id_2281|酒 馆 老 板 
trp_id_2282|酒 馆 老 板 
trp_id_2283|酒 馆 老 板 
trp_id_2284|酒 馆 老 板 
trp_id_2285|酒 馆 老 板 
trp_id_2286|酒 馆 老 板 
trp_id_2287|酒 馆 老 板 
trp_id_2288|酒 馆 老 板 
trp_id_2289|酒 馆 老 板 
trp_id_2290|酒 馆 老 板 
trp_id_2291|酒 馆 老 板 
trp_id_2292|酒 馆 老 板 
trp_id_2293|酒 馆 老 板 
trp_id_2294|酒 馆 老 板 
trp_id_2295|酒 馆 老 板 
trp_id_2296|酒 馆 老 板 
trp_id_2297|酒 馆 老 板 
trp_id_2298|杂 货 商 人 
trp_id_2299|杂 货 商 人 
trp_id_2300|杂 货 商 人 
trp_id_2301|杂 货 商 人 
trp_id_2302|杂 货 商 人 
trp_id_2303|杂 货 商 人 
trp_id_2304|杂 货 商 人 
trp_id_2305|杂 货 商 人 
trp_id_2306|杂 货 商 人 
trp_id_2307|杂 货 商 人 
trp_id_2308|杂 货 商 人 
trp_id_2309|杂 货 商 人 
trp_id_2310|杂 货 商 人 
trp_id_2311|杂 货 商 人 
trp_id_2312|杂 货 商 人 
trp_id_2313|杂 货 商 人 
trp_id_2314|杂 货 商 人 
trp_id_2315|杂 货 商 人 
trp_id_2316|杂 货 商 人 
trp_id_2317|杂 货 商 人 
trp_id_2318|杂 货 商 人 
trp_id_2319|杂 货 商 人 
trp_id_2320|杂 货 商 人 
trp_id_2321|杂 货 商 人 
trp_id_2322|杂 货 商 人 
trp_id_2323|杂 货 商 人 
trp_id_2324|杂 货 商 人 
trp_id_2325|杂 货 商 人 
trp_id_2326|杂 货 商 人 
trp_id_2327|杂 货 商 人 
trp_id_2328|杂 货 商 人 
trp_id_2329|杂 货 商 人 
trp_id_2330|杂 货 商 人 
trp_id_2331|杂 货 商 人 
trp_id_2332|杂 货 商 人 
trp_id_2333|杂 货 商 人 
trp_id_2334|杂 货 商 人 
trp_id_2335|杂 货 商 人 
trp_id_2336|杂 货 商 人 
trp_id_2337|杂 货 商 人 
trp_id_2338|杂 货 商 人 
trp_id_2339|杂 货 商 人 
trp_id_2340|杂 货 商 人 
trp_id_2341|杂 货 商 人 
trp_id_2342|杂 货 商 人 
trp_id_2343|杂 货 商 人 
trp_id_2344|杂 货 商 人 
trp_id_2345|杂 货 商 人 
trp_id_2346|杂 货 商 人 
trp_id_2347|杂 货 商 人 
trp_id_2348|杂 货 商 人 
trp_id_2349|杂 货 商 人 
trp_id_2350|杂 货 商 人 
trp_id_2351|杂 货 商 人 
trp_id_2352|杂 货 商 人 
trp_id_2353|杂 货 商 人 
trp_id_2354|巴 瑞 赞 
trp_id_2354_pl|巴 瑞 赞 
trp_id_2355|马 匹 贩 子 
trp_id_2356|马 匹 贩 子 
trp_id_2357|马 匹 贩 子 
trp_id_2358|马 匹 贩 子 
trp_id_2359|马 匹 贩 子 
trp_id_2360|马 匹 贩 子 
trp_id_2361|马 匹 贩 子 
trp_id_2362|马 匹 贩 子 
trp_id_2363|马 匹 贩 子 
trp_id_2364|马 匹 贩 子 
trp_id_2365|马 匹 贩 子 
trp_id_2366|马 匹 贩 子 
trp_id_2367|马 匹 贩 子 
trp_id_2368|马 匹 贩 子 
trp_id_2369|马 匹 贩 子 
trp_id_2370|马 匹 贩 子 
trp_id_2371|马 匹 贩 子 
trp_id_2372|马 匹 贩 子 
trp_id_2373|马 匹 贩 子 
trp_id_2374|马 匹 贩 子 
trp_id_2375|马 匹 贩 子 
trp_id_2376|马 匹 贩 子 
trp_id_2377|马 匹 贩 子 
trp_id_2378|马 匹 贩 子 
trp_id_2379|马 匹 贩 子 
trp_id_2380|马 匹 贩 子 
trp_id_2381|马 匹 贩 子 
trp_id_2382|马 匹 贩 子 
trp_id_2383|马 匹 贩 子 
trp_id_2384|马 匹 贩 子 
trp_id_2385|马 匹 贩 子 
trp_id_2386|马 匹 贩 子 
trp_id_2387|马 匹 贩 子 
trp_id_2388|马 匹 贩 子 
trp_id_2389|马 匹 贩 子 
trp_id_2390|马 匹 贩 子 
trp_id_2391|马 匹 贩 子 
trp_id_2392|马 匹 贩 子 
trp_id_2393|马 匹 贩 子 
trp_id_2394|马 匹 贩 子 
trp_id_2395|马 匹 贩 子 
trp_id_2396|马 匹 贩 子 
trp_id_2397|马 匹 贩 子 
trp_id_2398|马 匹 贩 子 
trp_id_2399|马 匹 贩 子 
trp_id_2400|马 匹 贩 子 
trp_id_2401|马 匹 贩 子 
trp_id_2402|马 匹 贩 子 
trp_id_2403|马 匹 贩 子 
trp_id_2404|马 匹 贩 子 
trp_id_2405|马 匹 贩 子 
trp_id_2406|马 匹 贩 子 
trp_id_2407|马 匹 贩 子 
trp_id_2408|马 匹 贩 子 
trp_id_2409|马 匹 贩 子 
trp_id_2410|马 匹 贩 子 
trp_id_2411|镇 长 
trp_id_2412|镇 长 
trp_id_2413|镇 长 
trp_id_2414|镇 长 
trp_id_2415|镇 长 
trp_id_2416|镇 长 
trp_id_2417|镇 长 
trp_id_2418|镇 长 
trp_id_2419|镇 长 
trp_id_2420|镇 长 
trp_id_2421|镇 长 
trp_id_2422|镇 长 
trp_id_2423|镇 长 
trp_id_2424|镇 长 
trp_id_2425|镇 长 
trp_id_2426|镇 长 
trp_id_2427|镇 长 
trp_id_2428|镇 长 
trp_id_2429|镇 长 
trp_id_2430|镇 长 
trp_id_2431|镇 长 
trp_id_2432|镇 长 
trp_id_2433|镇 长 
trp_id_2434|镇 长 
trp_id_2435|镇 长 
trp_id_2436|镇 长 
trp_id_2437|镇 长 
trp_id_2438|镇 长 
trp_id_2439|镇 长 
trp_id_2440|镇 长 
trp_id_2441|镇 长 
trp_id_2442|镇 长 
trp_id_2443|镇 长 
trp_id_2444|镇 长 
trp_id_2445|镇 长 
trp_id_2446|镇 长 
trp_id_2447|镇 长 
trp_id_2448|镇 长 
trp_id_2449|镇 长 
trp_id_2450|镇 长 
trp_id_2451|镇 长 
trp_id_2452|镇 长 
trp_id_2453|镇 长 
trp_id_2454|镇 长 
trp_id_2455|镇 长 
trp_id_2456|镇 长 
trp_id_2457|镇 长 
trp_id_2458|镇 长 
trp_id_2459|镇 长 
trp_id_2460|镇 长 
trp_id_2461|镇 长 
trp_id_2462|镇 长 
trp_id_2463|镇 长 
trp_id_2464|镇 长 
trp_id_2465|镇 长 
trp_id_2466|镇 长 
trp_id_2467|村 长 
trp_id_2468|村 长 
trp_id_2469|村 长 
trp_id_2470|村 长 
trp_id_2471|村 长 
trp_id_2472|村 长 
trp_id_2473|村 长 
trp_id_2474|村 长 
trp_id_2475|村 长 
trp_id_2476|村 长 
trp_id_2477|村 长 
trp_id_2478|村 长 
trp_id_2479|村 长 
trp_id_2480|村 长 
trp_id_2481|村 长 
trp_id_2482|村 长 
trp_id_2483|村 长 
trp_id_2484|村 长 
trp_id_2485|村 长 
trp_id_2486|村 长 
trp_id_2487|村 长 
trp_id_2488|村 长 
trp_id_2489|村 长 
trp_id_2490|村 长 
trp_id_2491|村 长 
trp_id_2492|村 长 
trp_id_2493|村 长 
trp_id_2494|村 长 
trp_id_2495|村 长 
trp_id_2496|村 长 
trp_id_2497|村 长 
trp_id_2498|村 长 
trp_id_2499|村 长 
trp_id_2500|村 长 
trp_id_2501|村 长 
trp_id_2502|村 长 
trp_id_2503|村 长 
trp_id_2504|村 长 
trp_id_2505|村 长 
trp_id_2506|村 长 
trp_id_2507|村 长 
trp_id_2508|村 长 
trp_id_2509|村 长 
trp_id_2510|村 长 
trp_id_2511|村 长 
trp_id_2512|村 长 
trp_id_2513|村 长 
trp_id_2514|村 长 
trp_id_2515|村 长 
trp_id_2516|村 长 
trp_id_2517|村 长 
trp_id_2518|村 长 
trp_id_2519|村 长 
trp_id_2520|村 长 
trp_id_2521|村 长 
trp_id_2522|村 长 
trp_id_2523|村 长 
trp_id_2524|村 长 
trp_id_2525|村 长 
trp_id_2526|村 长 
trp_id_2527|村 长 
trp_id_2528|村 长 
trp_id_2529|村 长 
trp_id_2530|村 长 
trp_id_2531|村 长 
trp_id_2532|村 长 
trp_id_2533|村 长 
trp_id_2534|村 长 
trp_id_2535|村 长 
trp_id_2536|村 长 
trp_id_2537|村 长 
trp_id_2538|村 长 
trp_id_2539|村 长 
trp_id_2540|村 长 
trp_id_2541|村 长 
trp_id_2542|村 长 
trp_id_2543|村 长 
trp_id_2544|村 长 
trp_id_2545|村 长 
trp_id_2546|村 长 
trp_id_2547|村 长 
trp_id_2548|村 长 
trp_id_2549|村 长 
trp_id_2550|村 长 
trp_id_2551|村 长 
trp_id_2552|村 长 
trp_id_2553|村 长 
trp_id_2554|村 长 
trp_id_2555|村 长 
trp_id_2556|村 长 
trp_id_2557|村 长 
trp_id_2558|村 长 
trp_id_2559|村 长 
trp_id_2560|村 长 
trp_id_2561|村 长 
trp_id_2562|村 长 
trp_id_2563|村 长 
trp_id_2564|村 长 
trp_id_2565|村 长 
trp_id_2566|村 长 
trp_id_2567|村 长 
trp_id_2568|村 长 
trp_id_2569|村 长 
trp_id_2570|村 长 
trp_id_2571|村 长 
trp_id_2572|村 长 
trp_id_2573|村 长 
trp_id_2574|村 长 
trp_id_2575|村 长 
trp_id_2576|村 长 
trp_id_2577|村 长 
trp_id_2578|村 长 
trp_id_2579|村 长 
trp_id_2580|村 长 
trp_id_2581|村 长 
trp_id_2582|村 长 
trp_id_2583|村 长 
trp_id_2584|村 长 
trp_id_2585|村 长 
trp_id_2586|村 长 
trp_id_2587|村 长 
trp_id_2588|村 长 
trp_id_2589|村 长 
trp_id_2590|村 长 
trp_id_2591|村 长 
trp_id_2592|村 长 
trp_id_2593|村 长 
trp_id_2594|村 长 
trp_id_2595|村 长 
trp_id_2596|村 长 
trp_id_2597|村 长 
trp_id_2598|村 长 
trp_id_2599|村 长 
trp_id_2600|村 长 
trp_id_2601|村 长 
trp_id_2602|村 长 
trp_id_2603|村 长 
trp_id_2604|村 长 
trp_id_2605|村 长 
trp_id_2606|村 长 
trp_id_2607|村 长 
trp_id_2608|村 长 
trp_id_2609|村 长 
trp_id_2610|村 长 
trp_id_2611|村 长 
trp_id_2612|村 长 
trp_id_2613|村 长 
trp_id_2614|村 长 
trp_id_2615|村 长 
trp_id_2616|村 长 
trp_id_2617|村 长 
trp_id_2618|村 长 
trp_id_2619|村 长 
trp_id_2620|村 长 
trp_id_2621|村 长 
trp_id_2622|村 长 
trp_id_2623|村 长 
trp_id_2624|村 长 
trp_id_2625|村 长 
trp_id_2626|村 长 
trp_id_2627|村 长 
trp_id_2628|村 长 
trp_id_2629|村 长 
trp_id_2630|村 长 
trp_id_2631|村 长 
trp_id_2632|村 长 
trp_id_2633|村 长 
trp_id_2634|村 长 
trp_id_2635|村 长 
trp_id_2636|村 长 
trp_id_2637|村 长 
trp_id_2638|村 长 
trp_id_2639|村 长 
trp_id_2640|村 长 
trp_id_2641|村 长 
trp_id_2642|村 长 
trp_id_2643|村 长 
trp_id_2644|村 长 
trp_id_2645|村 长 
trp_id_2646|村 长 
trp_id_2647|村 长 
trp_id_2648|村 长 
trp_id_2649|村 长 
trp_id_2650|村 长 
trp_id_2651|村 长 
trp_id_2652|村 长 
trp_id_2653|村 长 
trp_id_2654|村 长 
trp_id_2655|村 长 
trp_id_2656|村 长 
trp_id_2657|村 长 
trp_id_2658|村 长 
trp_id_2659|村 长 
trp_id_2660|村 长 
trp_id_2661|村 长 
trp_id_2662|村 长 
trp_id_2663|村 长 
trp_id_2664|村 长 
trp_id_2665|村 长 
trp_id_2666|村 长 
trp_id_2667|村 长 
trp_id_2668|村 长 
trp_id_2669|村 长 
trp_id_2670|村 长 
trp_id_2671|村 长 
trp_id_2672|村 长 
trp_id_2673|村 长 
trp_id_2674|村 长 
trp_id_2675|村 长 
trp_id_2676|村 长 
trp_id_2677|村 长 
trp_id_2678|村 长 
trp_id_2679|村 长 
trp_id_2680|村 长 
trp_id_2681|村 长 
trp_id_2682|村 长 
trp_id_2683|村 长 
trp_id_2684|村 长 
trp_id_2685|村 长 
trp_id_2686|村 长 
trp_id_2687|村 长 
trp_id_2688|村 长 
trp_id_2689|村 长 
trp_id_2690|村 长 
trp_id_2691|村 长 
trp_id_2692|村 长 
trp_id_2693|村 长 
trp_id_2694|村 长 
trp_id_2695|村 长 
trp_id_2696|村 长 
trp_id_2697|村 长 
trp_id_2698|村 长 
trp_id_2699|村 长 
trp_id_2700|村 长 
trp_id_2701|村 长 
trp_id_2702|村 长 
trp_id_2703|村 长 
trp_id_2704|村 长 
trp_id_2705|村 长 
trp_id_2706|村 长 
trp_id_2707|村 长 
trp_id_2708|村 长 
trp_id_2709|村 长 
trp_id_2710|村 长 
trp_id_2711|村 长 
trp_id_2712|村 长 
trp_id_2713|村 长 
trp_id_2714|村 长 
trp_id_2715|村 长 
trp_id_2716|村 长 
trp_id_2717|村 长 
trp_id_2718|村 长 
trp_id_2719|村 长 
trp_id_2720|村 长 
trp_id_2721|村 长 
trp_id_2722|村 长 
trp_id_2723|村 长 
trp_id_2724|村 长 
trp_id_2725|村 长 
trp_id_2726|村 长 
trp_id_2727|村 长 
trp_id_2728|村 长 
trp_id_2729|村 长 
trp_id_2730|村 长 
trp_id_2731|村 长 
trp_id_2732|村 长 
trp_id_2733|村 长 
trp_id_2734|村 长 
trp_id_2735|村 长 
trp_id_2736|村 长 
trp_id_2737|村 长 
trp_id_2738|商 人 结 束 标 记 
trp_id_2738_pl|商 人 结 束 标 记 
trp_id_2814|本 地 商 人 
trp_id_2814_pl|本 地 商 人 
trp_id_2815|紧 张 不 安 的 村 民 
trp_id_2815_pl|紧 张 不 安 的 村 民 
trp_id_2816|闹 事 的 酒 鬼 
trp_id_2816_pl|闹 事 的 酒 鬼 
trp_id_2817|闹 事 的 酒 鬼 
trp_id_2817_pl|闹 事 的 酒 鬼 
trp_id_2818|职 业 刺 客 
trp_id_2818_pl|职 业 刺 客 
trp_id_2819|相 貌 粗 野 的 人 
trp_id_2819_pl|相 貌 粗 野 的 人 
trp_id_2820|矮 人 商 人 
trp_id_2820_pl|矮 人 商 人 
trp_id_2821|约 瑟 夫 · 弗 莱 舍 
trp_id_2821_pl|约 瑟 夫 · 弗 莱 舍 
trp_id_2822|克 拉 斯 · 乔 根 森 
trp_id_2822_pl|克 拉 斯 · 乔 根 森 
trp_id_2823|普 通 的 市 民 
trp_id_2823_pl|普 通 的 市 民 
trp_id_2824|泰 格 里 姆 巫 师 
trp_id_2824_pl|泰 格 里 姆 巫 师 
trp_id_2825|巴 托 洛 缪 斯 · 谢 瓦 利 耶 爵 士 
trp_id_2825_pl|巴 托 洛 缪 斯 · 谢 瓦 利 耶 爵 士 
trp_id_2826|“先 驱 者”马 尔 德 雷 克 斯 
trp_id_2826_pl|“先 驱 者”马 尔 德 雷 克 斯 
trp_id_2827|莫 古 尔 · 勒 格 斯 纳 珀 
trp_id_2827_pl|莫 古 尔 
trp_id_2828|巨 人 
trp_id_2828_pl|巨 人 
trp_id_2829|不 起 眼 的 市 民 
trp_id_2829_pl|不 起 眼 的 市 民 
trp_id_2830|女 仆 
trp_id_2830_pl|女 仆 
trp_id_2831|首 席 大 臣 
trp_id_2831_pl|首 席 大 臣 
trp_id_2832|（最 多：9瓶 药 剂） 
trp_id_2832_pl|（最 多：9瓶 药 剂） 
trp_id_2833|帝 国 商 人 
trp_id_2833_pl|帝 国 商 人 
trp_id_2834|矮 人 商 人 
trp_id_2834_pl|矮 人 商 人 
trp_id_2835|高 精 灵 商 人 
trp_id_2835_pl|高 精 灵 商 人 
trp_id_2836|海 盗 商 人 
trp_id_2836_pl|海 盗 商 人 
trp_id_2837|混 沌 商 人 
trp_id_2837_pl|混 沌 商 人 
trp_id_2838|古 墓 商 人 
trp_id_2838_pl|古 墓 商 人 
trp_id_2839|蜥 蜴 人 商 人 
trp_id_2839_pl|蜥 蜴 人 商 人 
trp_id_2840|地 精 商 人 
trp_id_2840_pl|地 精 商 人 
trp_id_2841|兽 人 商 人 
trp_id_2841_pl|兽 人 商 人 
trp_id_2842|巴 托 尼 亚 商 人 
trp_id_2842_pl|巴 托 尼 亚 商 人 
trp_id_2843|暗 精 灵 商 人 
trp_id_2843_pl|暗 精 灵 商 人 
trp_id_2844|斯 卡 文 商 人 
trp_id_2844_pl|斯 卡 文 商 人 
trp_id_2845|基 斯 里 夫 商 人 
trp_id_2845_pl|基 斯 里 夫 商 人 
trp_id_2846|野 兽 人 商 人 
trp_id_2846_pl|野 兽 人 商 人 
trp_id_2847|佣 兵 商 人 
trp_id_2847_pl|佣 兵 商 人 
trp_id_2848|佣 兵 商 人 
trp_id_2848_pl|佣 兵 商 人 
trp_id_2849|佣 兵 商 人 
trp_id_2849_pl|佣 兵 商 人 
trp_id_2850|动 物 贩 子 
trp_id_2850_pl|动 物 贩 子 
trp_id_2851|动 物 贩 子 
trp_id_2851_pl|动 物 贩 子 
trp_id_2852|食 人 魔 商 人 
trp_id_2852_pl|食 人 魔 商 人 
trp_id_2853|半 身 人 商 人 
trp_id_2853_pl|半 身 人 商 人 
trp_id_2854|药 水 商 人 
trp_id_2854_pl|药 水 商 人 
trp_id_2855|光 明 魔 法 商 人 
trp_id_2855_pl|光 明 魔 法 商 人 
trp_id_2856|黄 金 魔 法 商 人 
trp_id_2856_pl|黄 金 魔 法 商 人 
trp_id_2857|翡 翠 魔 法 商 人 
trp_id_2857_pl|翡 翠 魔 法 商 人 
trp_id_2858|天 空 魔 法 商 人 
trp_id_2858_pl|天 空 魔 法 商 人 
trp_id_2859|灰 色 魔 法 商 人 
trp_id_2859_pl|灰 色 魔 法 商 人 
trp_id_2860|紫 晶 魔 法 商 人 
trp_id_2860_pl|紫 晶 魔 法 商 人 
trp_id_2861|炽 焰 魔 法 商 人 
trp_id_2861_pl|炽 焰 魔 法 商 人 
trp_id_2862|琥 珀 魔 法 商 人 
trp_id_2862_pl|琥 珀 魔 法 商 人 
trp_id_2863|奎 许 魔 法 商 人 
trp_id_2863_pl|奎 许 魔 法 商 人 
trp_id_2864|达 尔 魔 法 商 人 
trp_id_2864_pl|达 尔 魔 法 商 人 
trp_id_2865|亡 灵 魔 法 商 人 
trp_id_2865_pl|亡 灵 魔 法 商 人 
trp_id_2866|奸 奇 魔 法 商 人 
trp_id_2866_pl|奸 奇 魔 法 商 人 
trp_id_2867|色 孽 魔 法 商 人 
trp_id_2867_pl|色 孽 魔 法 商 人 
trp_id_2868|纳 垢 魔 法 商 人 
trp_id_2868_pl|纳 垢 魔 法 商 人 
trp_id_2869|大 瓦 格 魔 法 商 人 
trp_id_2869_pl|大 瓦 格 魔 法 商 人 
trp_id_2870|小 瓦 格 魔 法 商 人 
trp_id_2870_pl|小 瓦 格 魔 法 商 人 
trp_id_2871|毁 灭 魔 法 商 人 
trp_id_2871_pl|毁 灭 魔 法 商 人 
trp_id_2872|瘟 疫 魔 法 商 人 
trp_id_2872_pl|瘟 疫 魔 法 商 人 
trp_id_2873|尼 赫 喀 拉 魔 法 商 人 
trp_id_2873_pl|尼 赫 喀 拉 魔 法 商 人 
trp_id_2874|冰 魔 法 商 人 
trp_id_2874_pl|冰 魔 法 商 人 
trp_id_2875|沙 漠 魔 法 商 人 
trp_id_2875_pl|沙 漠 魔 法 商 人 
trp_id_2876|野 生 魔 法 商 人 
trp_id_2876_pl|野 生 魔 法 商 人 
trp_id_2877|法 术 书（仅 可 放 置 卷 轴） 
trp_id_2877_pl|法 术 书（仅 可 放 置 卷 轴） 
trp_id_2878|树 篱 魔 法 商 人 
trp_id_2878_pl|树 篱 魔 法 商 人 
trp_id_2879|吸 血 鬼 魔 法 商 人 
trp_id_2879_pl|吸 血 鬼 魔 法 商 人 
trp_id_2880|矮 人 符 文 商 人 
trp_id_2880_pl|矮 人 符 文 商 人 
trp_id_2881|神 殿 守 卫 领 事 
trp_id_2881_pl|神 殿 守 卫 领 事 
trp_id_2882|恐 虐 恩 赐 
trp_id_2882_pl|恐 虐 恩 赐 
trp_id_2885|护 士 
trp_id_2895|初 级 斗 士 
trp_id_2895_pl|初 级 斗 士 
trp_id_2896|初 级 斗 士 
trp_id_2896_pl|初 级 斗 士 
trp_id_2897|正 规 斗 士 
trp_id_2897_pl|初 级 斗 士 
trp_id_2898|资 深 斗 士 
trp_id_2898_pl|初 级 斗 士 
trp_id_2899|弓 箭 手 
trp_id_2899_pl|弓 箭 手 
trp_id_2900|弓 箭 教 练 
trp_id_2900_pl|弓 箭 教 练 
trp_id_2901|骑 手 
trp_id_2902|骑 射 手 
trp_id_2903|骑 术 教 练 
trp_id_2903_pl|骑 术 教 练 
trp_id_2904|强 盗 首 领 结 束 标 记 
trp_id_2904_pl|强 盗 首 领 结 束 标 记 
trp_id_2905|商 人 亲 属 结 束 标 记 
trp_id_2905_pl|商 人 亲 属 结 束 标 记 
trp_id_2908|- 
trp_id_2908_pl|- 
trp_id_2909|- 
trp_id_2909_pl|- 
trp_id_2910|- 
trp_id_2910_pl|- 
trp_id_2911|- 
trp_id_2911_pl|- 
trp_id_2912|- 
trp_id_2912_pl|- 
trp_id_2913|- 
trp_id_2913_pl|- 
trp_id_2914|- 
trp_id_2914_pl|- 
trp_id_2915|- 
trp_id_2915_pl|- 
trp_id_2916|- 
trp_id_2916_pl|- 
trp_id_2917|- 
trp_id_2917_pl|- 
trp_id_2918|- 
trp_id_2918_pl|- 
trp_id_2919|- 
trp_id_2919_pl|- 
trp_id_2920|- 
trp_id_2920_pl|- 
trp_id_2921|- 
trp_id_2921_pl|- 
trp_id_2922|- 
trp_id_2922_pl|- 
trp_id_2923|- 
trp_id_2923_pl|- 
trp_id_2924|- 
trp_id_2924_pl|- 
trp_id_2925|- 
trp_id_2925_pl|- 
trp_id_2926|- 
trp_id_2926_pl|- 
trp_id_2927|- 
trp_id_2927_pl|- 
trp_id_2928|- 
trp_id_2928_pl|- 
trp_id_2929|- 
trp_id_2929_pl|- 
trp_id_2930|- 
trp_id_2930_pl|- 
trp_id_2931|- 
trp_id_2931_pl|- 
trp_id_2932|- 
trp_id_2932_pl|- 
trp_id_2933|- 
trp_id_2933_pl|- 
trp_id_2934|- 
trp_id_2934_pl|- 
trp_id_2935|- 
trp_id_2935_pl|- 
trp_id_2936|- 
trp_id_2936_pl|- 
trp_id_2937|- 
trp_id_2937_pl|- 
trp_id_2938|- 
trp_id_2938_pl|- 
trp_id_2939|- 
trp_id_2939_pl|- 
trp_id_2940|- 
trp_id_2940_pl|- 
trp_id_2941|- 
trp_id_2941_pl|- 
trp_id_2942|- 
trp_id_2942_pl|- 
trp_id_2943|- 
trp_id_2943_pl|- 
trp_id_2944|- 
trp_id_2944_pl|- 
trp_id_2945|- 
trp_id_2945_pl|- 
trp_id_2946|- 
trp_id_2946_pl|- 
trp_id_2947|- 
trp_id_2947_pl|- 
trp_id_2948|- 
trp_id_2948_pl|- 
trp_id_2949|- 
trp_id_2949_pl|- 
trp_id_2950|- 
trp_id_2950_pl|- 
trp_id_2951|- 
trp_id_2951_pl|- 
trp_id_2952|- 
trp_id_2952_pl|- 
trp_id_2953|- 
trp_id_2953_pl|- 
trp_id_2954|- 
trp_id_2954_pl|- 
trp_id_2955|- 
trp_id_2955_pl|- 
trp_id_2956|按 键 设 置 
trp_id_2956_pl|按 键 设 置 
trp_id_2957|本 地 商 人 
trp_id_2957_pl|本 地 商 人 
trp_id_2958|本 地 商 人 
trp_id_2958_pl|本 地 商 人 
trp_id_2959|本 地 商 人 
trp_id_2959_pl|本 地 商 人 
trp_id_2960|本 地 商 人 
trp_id_2960_pl|本 地 商 人 
trp_id_2961|本 地 商 人 
trp_id_2961_pl|本 地 商 人 
trp_id_2962|本 地 商 人 
trp_id_2962_pl|本 地 商 人 
trp_id_2963|本 地 商 人 
trp_id_2963_pl|本 地 商 人 
trp_id_2964|本 地 商 人 
trp_id_2964_pl|本 地 商 人 
trp_id_2965|本 地 商 人 
trp_id_2965_pl|本 地 商 人 
trp_id_2966|本 地 商 人 
trp_id_2966_pl|本 地 商 人 
trp_id_2967|本 地 商 人 
trp_id_2967_pl|本 地 商 人 
trp_id_2968|本 地 商 人 
trp_id_2968_pl|本 地 商 人 
trp_id_2969|本 地 商 人 
trp_id_2969_pl|本 地 商 人 
trp_id_2970|本 地 商 人 
trp_id_2970_pl|本 地 商 人 
trp_id_2971|本 地 商 人 
trp_id_2971_pl|本 地 商 人 
trp_id_2972|本 地 商 人 
trp_id_2972_pl|本 地 商 人 
trp_id_2973|本 地 商 人 
trp_id_2973_pl|本 地 商 人 
trp_id_2974|本 地 商 人 
trp_id_2974_pl|本 地 商 人 
trp_id_2975|本 地 商 人 
trp_id_2975_pl|本 地 商 人 
trp_id_2976|本 地 商 人 
trp_id_2976_pl|本 地 商 人 
trp_id_2977|本 地 商 人 
trp_id_2977_pl|本 地 商 人 
trp_id_2984|奥 布 里·德 维 尔 管 家 
trp_id_2984_pl|管 家 
trp_id_2985|迈 尔 斯·德·格 洛 斯 特 巡 逻 官 
trp_id_2985_pl|巡 逻 官 
trp_id_2986|金 印 银 行 助 理 
trp_id_2986_pl|金 印 银 行 助 理 
trp_id_2987|赫 法 斯 特 大 臣 
trp_id_2987_pl|大 臣 
trp_id_2988|- 
trp_id_2988_pl|- 
